ISO-10303-21;
HEADER;
FILE_DESCRIPTION (( 'STEP AP203' ),
    '1' );
FILE_NAME ('90099A030_NO THREADS_18-8 Stainless Steel Heavy-Profile Nylon-Insert Locknut.STEP',
    '2026-01-08T05:03:23',
    ( 'McMaster Carr Supply' ),
    ( 'McMaster Carr Supply' ),
    'SwSTEP 2.0',
    'SolidWorks 2024',
    '' );
FILE_SCHEMA (( 'CONFIG_CONTROL_DESIGN' ));
ENDSEC;

DATA;
#1 = LINE ( 'NONE', #1423, #36 ) ;
#2 = DIRECTION ( 'NONE',  ( 1.000000000000000000, 1.238933330459982122E-16, 0.000000000000000000 ) ) ;
#3 = ORIENTED_EDGE ( 'NONE', *, *, #1171, .F. ) ;
#4 = EDGE_LOOP ( 'NONE', ( #395, #1167, #629, #1500 ) ) ;
#5 = DIRECTION ( 'NONE',  ( 1.000000000000000000, 1.238933330459982122E-16, 0.000000000000000000 ) ) ;
#6 = DIRECTION ( 'NONE',  ( -1.000000000000000000, 0.000000000000000000, 0.000000000000000000 ) ) ;
#7 = CARTESIAN_POINT ( 'NONE',  ( 0.0006193140592019899223, 0.1059768976492772297, -0.3242553972739682933 ) ) ;
#8 = ORIENTED_EDGE ( 'NONE', *, *, #513, .F. ) ;
#9 = DIRECTION ( 'NONE',  ( -1.000000000000000000, 0.000000000000000000, 0.000000000000000000 ) ) ;
#10 = ORIENTED_EDGE ( 'NONE', *, *, #22, .F. ) ;
#11 = VERTEX_POINT ( 'NONE', #1265 ) ;
#12 = CIRCLE ( 'NONE', #625, 0.02875810808309332486 ) ;
#13 = DIRECTION ( 'NONE',  ( 0.000000000000000000, -1.000000000000000000, 0.000000000000000000 ) ) ;
#14 = CARTESIAN_POINT ( 'NONE',  ( -0.2812500000000000555, -0.2135040388457563609, -6.176066813473717973E-21 ) ) ;
#15 = FACE_OUTER_BOUND ( 'NONE', #1653, .T. ) ;
#16 = CARTESIAN_POINT ( 'NONE',  ( -0.0002488014637943865683, 0.1059470094530910317, -0.3243134047103745088 ) ) ;
#17 = CARTESIAN_POINT ( 'NONE',  ( 0.0004176601564286530534, 0.1059534406467399770, -0.3243009189212799903 ) ) ;
#18 = VERTEX_POINT ( 'NONE', #1683 ) ;
#19 = CC_DESIGN_APPROVAL ( #919, ( #1238 ) ) ;
#20 = DIRECTION ( 'NONE',  ( -1.224646799147353207E-16, 1.000000000000000000, 0.000000000000000000 ) ) ;
#21 = LINE ( 'NONE', #871, #1472 ) ;
#22 = EDGE_CURVE ( 'NONE', #647, #223, #1187, .T. ) ;
#23 = CIRCLE ( 'NONE', #341, 0.1978124999999999745 ) ;
#24 = CIRCLE ( 'NONE', #666, 0.1978124999999999745 ) ;
#25 = EDGE_LOOP ( 'NONE', ( #1743, #281 ) ) ;
#26 = ORIENTED_EDGE ( 'NONE', *, *, #1377, .F. ) ;
#27 = AXIS2_PLACEMENT_3D ( 'NONE', #788, #1481, #1197 ) ;
#28 = CARTESIAN_POINT ( 'NONE',  ( 0.2812500000000000555, -0.1997094365749013667, -0.1343208384171964143 ) ) ;
#29 = DIRECTION ( 'NONE',  ( 1.000000000000000000, 1.643216838294293626E-16, 0.000000000000000000 ) ) ;
#30 = CARTESIAN_POINT ( 'NONE',  ( 0.0008970798137712285248, 0.1060092082166408378, -0.3241926940257748857 ) ) ;
#31 = EDGE_LOOP ( 'NONE', ( #1663, #1078, #1342, #1410 ) ) ;
#32 = LINE ( 'NONE', #1116, #119 ) ;
#33 = ORIENTED_EDGE ( 'NONE', *, *, #1629, .T. ) ;
#34 = EDGE_CURVE ( 'NONE', #1275, #525, #722, .T. ) ;
#35 = ORIENTED_EDGE ( 'NONE', *, *, #832, .F. ) ;
#36 = VECTOR ( 'NONE', #989, 39.37007874015748143 ) ;
#37 = CARTESIAN_POINT ( 'NONE',  ( -0.2812500000000000555, 0.1129084011106899488, -0.1344934108616368806 ) ) ;
#38 = DIRECTION ( 'NONE',  ( -1.224646799147353207E-16, 1.000000000000000000, 0.000000000000000000 ) ) ;
#39 = B_SPLINE_CURVE_WITH_KNOTS ( 'NONE', 3,
 ( #957, #1470, #240, #681, #250, #88, #376, #946, #650, #262, #1611, #798, #1338 ),
 .UNSPECIFIED., .F., .F.,
 ( 4, 3, 3, 3, 4 ),
 ( 2.025932059702786189E-07, 2.238746690292347000E-05, 4.482585497833465644E-05, 6.666705691915450645E-05, 7.528981654504031341E-05 ),
 .UNSPECIFIED. ) ;
#40 = CARTESIAN_POINT ( 'NONE',  ( 0.001160938761046888734, -0.1935268386210342306, 0.3240892581129616312 ) ) ;
#41 = DIRECTION ( 'NONE',  ( -0.000000000000000000, -1.000000000000000000, -0.000000000000000000 ) ) ;
#42 = CARTESIAN_POINT ( 'NONE',  ( 0.2812500000000000555, -0.1935923848279882675, -0.1607559655775015472 ) ) ;
#43 = PERSON_AND_ORGANIZATION ( #1701, #1290 ) ;
#44 = EDGE_CURVE ( 'NONE', #276, #438, #1279, .T. ) ;
#45 = DIRECTION ( 'NONE',  ( 1.000000000000000000, 1.224646799147352961E-16, 0.000000000000000000 ) ) ;
#46 = CARTESIAN_POINT ( 'NONE',  ( 0.2812500000000000555, 0.1129084011106900459, -0.1344934108616367696 ) ) ;
#47 = AXIS2_PLACEMENT_3D ( 'NONE', #526, #225, #1615 ) ;
#48 = DIRECTION ( 'NONE',  ( -1.224646799147353207E-16, 1.000000000000000000, -0.000000000000000000 ) ) ;
#49 = EDGE_CURVE ( 'NONE', #555, #814, #875, .T. ) ;
#50 = AXIS2_PLACEMENT_3D ( 'NONE', #1198, #1373, #539 ) ;
#51 = CARTESIAN_POINT ( 'NONE',  ( -0.0004070702313163114734, -0.1934284112123866861, -0.3243021268771792975 ) ) ;
#52 = DIRECTION ( 'NONE',  ( 1.224646799147352961E-16, -1.000000000000000000, -0.000000000000000000 ) ) ;
#53 = EDGE_CURVE ( 'NONE', #1284, #11, #333, .T. ) ;
#54 = CARTESIAN_POINT ( 'NONE',  ( 0.1516342790043748723, 0.1283458043576478913, -0.2372134346176141273 ) ) ;
#55 = B_SPLINE_CURVE_WITH_KNOTS ( 'NONE', 3,
 ( #998, #1514, #1522, #863, #425, #1416, #966, #707, #435, #1108 ),
 .UNSPECIFIED., .F., .F.,
 ( 4, 2, 2, 2, 4 ),
 ( 2.338843018213495965E-07, 0.002045015390588079962, 0.004089796896874338394, 0.006134578403160596827, 0.008179359909446855259 ),
 .UNSPECIFIED. ) ;
#56 = PLANE ( 'NONE',  #1501 ) ;
#57 = CARTESIAN_POINT ( 'NONE',  ( 0.2338877481682416493, -0.2047280639779136824, -0.1897243720540750522 ) ) ;
#58 = DIRECTION ( 'NONE',  ( 0.000000000000000000, -1.000000000000000000, 0.000000000000000000 ) ) ;
#59 = DIRECTION ( 'NONE',  ( 0.8660254037844389297, 0.000000000000000000, -0.4999999999999993894 ) ) ;
#60 = CARTESIAN_POINT ( 'NONE',  ( -0.2811227154079900536, 0.1059767630265527338, 0.1615924908088414436 ) ) ;
#61 = CARTESIAN_POINT ( 'NONE',  ( 0.2812500000000002220, -0.1935923848279730297, 0.1607559655774908058 ) ) ;
#62 = ORIENTED_EDGE ( 'NONE', *, *, #940, .T. ) ;
#63 = CARTESIAN_POINT ( 'NONE',  ( 0.04744884720954440499, 0.1185798601372912292, 0.2973649217099967879 ) ) ;
#64 =( CONVERSION_BASED_UNIT ( 'INCH', #1165 ) LENGTH_UNIT ( ) NAMED_UNIT ( #446 ) );
#65 = DIRECTION ( 'NONE',  ( 0.000000000000000000, -1.000000000000000000, 0.000000000000000000 ) ) ;
#66 = CARTESIAN_POINT ( 'NONE',  ( -5.373734122795935279E-17, 0.1940171953882645905, -0.1748060135335251786 ) ) ;
#67 = DIRECTION ( 'NONE',  ( 1.224646799147352961E-16, -1.000000000000000000, -0.000000000000000000 ) ) ;
#68 = EDGE_CURVE ( 'NONE', #568, #11, #1390, .T. ) ;
#69 = AXIS2_PLACEMENT_3D ( 'NONE', #1129, #1651, #836 ) ;
#70 = ORIENTED_EDGE ( 'NONE', *, *, #1795, .F. ) ;
#71 = CARTESIAN_POINT ( 'NONE',  ( 0.2340629340432050232, 0.1185071867774443038, 0.1896232284420066305 ) ) ;
#72 = AXIS2_PLACEMENT_3D ( 'NONE', #1428, #38, #1577 ) ;
#73 = VECTOR ( 'NONE', #1543, 39.37007874015748143 ) ;
#74 = CARTESIAN_POINT ( 'NONE',  ( -0.2812500000000000555, 0.1061355640142170181, -0.1607559655774867813 ) ) ;
#75 = ORIENTED_EDGE ( 'NONE', *, *, #1072, .F. ) ;
#76 = CYLINDRICAL_SURFACE ( 'NONE', #1262, 0.1201656081756480171 ) ;
#77 = DIRECTION ( 'NONE',  ( 1.224646799147352961E-16, -1.000000000000000000, -0.000000000000000000 ) ) ;
#78 = ADVANCED_FACE ( 'NONE', ( #1722 ), #1582, .F. ) ;
#79 = ADVANCED_FACE ( 'NONE', ( #900 ), #1309, .T. ) ;
#80 = AXIS2_PLACEMENT_3D ( 'NONE', #1588, #1580, #907 ) ;
#81 = EDGE_CURVE ( 'NONE', #1791, #1086, #1357, .T. ) ;
#82 = ORIENTED_EDGE ( 'NONE', *, *, #180, .F. ) ;
#83 = CARTESIAN_POINT ( 'NONE',  ( 0.08253629234921294744, 0.1243791060619485189, 0.2771071758134329155 ) ) ;
#84 = CARTESIAN_POINT ( 'NONE',  ( -0.2811178337574788411, -0.1934374330898054328, 0.1616548564704340663 ) ) ;
#85 = ORIENTED_EDGE ( 'NONE', *, *, #1595, .F. ) ;
#86 = DIRECTION ( 'NONE',  ( -1.000000000000000000, 0.000000000000000000, 0.000000000000000000 ) ) ;
#87 = DIRECTION ( 'NONE',  ( 1.000000000000000000, 2.255256266658463864E-16, 0.000000000000000000 ) ) ;
#88 = CARTESIAN_POINT ( 'NONE',  ( 0.2808937719073930639, -0.1934110390083475517, 0.1621571330615651230 ) ) ;
#89 = CARTESIAN_POINT ( 'NONE',  ( 0.001309332181330530092, -0.1935664887645658916, -0.3240035831318149318 ) ) ;
#90 = ORIENTED_EDGE ( 'NONE', *, *, #213, .F. ) ;
#91 = CARTESIAN_POINT ( 'NONE',  ( 0.1879071749311239659, 0.1261938892934655887, 0.2162712683900181454 ) ) ;
#92 = EDGE_CURVE ( 'NONE', #452, #1740, #512, .T. ) ;
#93 = CIRCLE ( 'NONE', #1052, 0.1201656081756478922 ) ;
#94 = CARTESIAN_POINT ( 'NONE',  ( -0.2812499999999998890, -0.1935664899294743668, 0.1608678716006766429 ) ) ;
#95 = ORIENTED_EDGE ( 'NONE', *, *, #1150, .T. ) ;
#96 = CARTESIAN_POINT ( 'NONE',  ( -5.108518543715378444E-17, 0.1983921953882645528, 0.000000000000000000 ) ) ;
#97 = B_SPLINE_CURVE_WITH_KNOTS ( 'NONE', 3,
 ( #1731, #40, #325, #211, #599, #194, #1012, #1038, #1457, #358, #762, #332, #1303 ),
 .UNSPECIFIED., .F., .F.,
 ( 4, 3, 3, 3, 4 ),
 ( 2.341667624383277896E-07, 2.238896213228256990E-05, 4.482893077681521942E-05, 6.667055082936749393E-05, 7.532155473097474404E-05 ),
 .UNSPECIFIED. ) ;
#98 = DIRECTION ( 'NONE',  ( 0.000000000000000000, -1.000000000000000000, 0.000000000000000000 ) ) ;
#99 = CARTESIAN_POINT ( 'NONE',  ( -0.1201656081756480310, -0.1874999999999999167, 1.662955336565798015E-17 ) ) ;
#100 = ORIENTED_EDGE ( 'NONE', *, *, #1401, .T. ) ;
#101 = CARTESIAN_POINT ( 'NONE',  ( -0.02443376267789025905, -0.1997452464650347204, 0.3106526869597693308 ) ) ;
#102 = APPROVAL_STATUS ( 'not_yet_approved' ) ;
#103 = AXIS2_PLACEMENT_3D ( 'NONE', #380, #961, #1624 ) ;
#104 = ADVANCED_FACE ( 'NONE', ( #1508 ), #1062, .F. ) ;
#105 = CARTESIAN_POINT ( 'NONE',  ( -4.912785638623781342E-17, 0.1824093907765288458, 0.000000000000000000 ) ) ;
#106 = EDGE_LOOP ( 'NONE', ( #519, #1672, #1246, #1490, #141 ) ) ;
#107 = FACE_OUTER_BOUND ( 'NONE', #720, .T. ) ;
#108 = CIRCLE ( 'NONE', #372, 0.02875810808309332486 ) ;
#109 = DIRECTION ( 'NONE',  ( 1.224646799147352961E-16, -1.000000000000000000, -0.000000000000000000 ) ) ;
#110 = DIRECTION ( 'NONE',  ( 0.000000000000000000, -1.000000000000000000, -0.000000000000000000 ) ) ;
#111 = AXIS2_PLACEMENT_3D ( 'NONE', #1718, #1453, #485 ) ;
#112 = CARTESIAN_POINT ( 'NONE',  ( 0.2756250000000002309, 0.1824093907765288736, 0.000000000000000000 ) ) ;
#113 = VERTEX_POINT ( 'NONE', #99 ) ;
#114 = CYLINDRICAL_SURFACE ( 'NONE', #459, 0.002812500000000012473 ) ;
#115 = AXIS2_PLACEMENT_3D ( 'NONE', #1168, #879, #1721 ) ;
#116 = DIRECTION ( 'NONE',  ( -1.000000000000000000, 0.000000000000000000, 0.000000000000000000 ) ) ;
#117 = CARTESIAN_POINT ( 'NONE',  ( -0.1748060135335252063, 0.1940171953882645628, 1.927330624950384286E-17 ) ) ;
#118 = LINE ( 'NONE', #154, #1793 ) ;
#119 = VECTOR ( 'NONE', #1549, 39.37007874015748143 ) ;
#120 = DIRECTION ( 'NONE',  ( 1.000000000000000000, 0.000000000000000000, 0.000000000000000000 ) ) ;
#121 = LINE ( 'NONE', #540, #663 ) ;
#122 = B_SPLINE_CURVE_WITH_KNOTS ( 'NONE', 3,
 ( #745, #1723, #908, #1411, #28, #493 ),
 .UNSPECIFIED., .F., .F.,
 ( 4, 2, 4 ),
 ( 0.01757874564744186727, 0.01962340383696233731, 0.02166806202648280735 ),
 .UNSPECIFIED. ) ;
#123 = CARTESIAN_POINT ( 'NONE',  ( -0.04718706595679358212, 0.1185071867774439430, 0.2975160611867412319 ) ) ;
#124 = CARTESIAN_POINT ( 'NONE',  ( 0.001062441433578181294, 0.1060487236681040141, 0.3241160383820695934 ) ) ;
#125 = CARTESIAN_POINT ( 'NONE',  ( -0.001406249999999835583, 0.2187500000000000278, 0.3239476276031167945 ) ) ;
#126 = ORIENTED_EDGE ( 'NONE', *, *, #185, .F. ) ;
#127 = CYLINDRICAL_SURFACE ( 'NONE', #1728, 0.1978124999999999745 ) ;
#128 = B_SPLINE_CURVE_WITH_KNOTS ( 'NONE', 3,
 ( #338, #1589, #891, #1443, #899, #1341, #1774, #206, #764, #1703, #1669, #1014, #429 ),
 .UNSPECIFIED., .F., .F.,
 ( 4, 3, 3, 3, 4 ),
 ( 2.025932061705266573E-07, 2.238746690292347000E-05, 4.482585497833471065E-05, 6.666705691915469619E-05, 7.528981654484563136E-05 ),
 .UNSPECIFIED. ) ;
#129 = ORIENTED_EDGE ( 'NONE', *, *, #1179, .T. ) ;
#130 = ORIENTED_EDGE ( 'NONE', *, *, #506, .F. ) ;
#131 = EDGE_CURVE ( 'NONE', #18, #1228, #1473, .T. ) ;
#132 = AXIS2_PLACEMENT_3D ( 'NONE', #955, #375, #537 ) ;
#133 = ADVANCED_FACE ( 'NONE', ( #406, #1209 ), #1515, .F. ) ;
#134 = DIRECTION ( 'NONE',  ( -1.224646799147353207E-16, 1.000000000000000000, 0.000000000000000000 ) ) ;
#135 = DIRECTION ( 'NONE',  ( 1.224646799147353207E-16, -1.000000000000000000, 0.000000000000000000 ) ) ;
#136 = VERTEX_POINT ( 'NONE', #1781 ) ;
#137 = CARTESIAN_POINT ( 'NONE',  ( 0.2812500000000002220, -0.1935923848279730297, 0.1607559655774908058 ) ) ;
#138 = ORIENTED_EDGE ( 'NONE', *, *, #1018, .F. ) ;
#139 = CARTESIAN_POINT ( 'NONE',  ( 0.2812500000000000555, 0.1184465843488255732, 0.1082592105712184422 ) ) ;
#140 = CIRCLE ( 'NONE', #843, 0.1978124999999999745 ) ;
#141 = ORIENTED_EDGE ( 'NONE', *, *, #1424, .T. ) ;
#142 = ORIENTED_EDGE ( 'NONE', *, *, #880, .F. ) ;
#143 = ORIENTED_EDGE ( 'NONE', *, *, #1060, .F. ) ;
#144 = EDGE_CURVE ( 'NONE', #651, #515, #1241, .T. ) ;
#145 = CARTESIAN_POINT ( 'NONE',  ( -0.2798437500000000022, 0.1061355640142169765, 0.1631916620256305406 ) ) ;
#146 = CARTESIAN_POINT ( 'NONE',  ( -0.2340629340432131555, 0.1185071867774424581, -0.1896232284420020786 ) ) ;
#147 = DIRECTION ( 'NONE',  ( 1.224646799147352961E-16, -1.000000000000000000, -0.000000000000000000 ) ) ;
#148 = ORIENTED_EDGE ( 'NONE', *, *, #1648, .T. ) ;
#149 = DIRECTION ( 'NONE',  ( 0.000000000000000000, -1.000000000000000000, 0.000000000000000000 ) ) ;
#150 = EDGE_LOOP ( 'NONE', ( #1314, #265, #35, #138 ) ) ;
#151 = ORIENTED_EDGE ( 'NONE', *, *, #904, .F. ) ;
#152 = ORIENTED_EDGE ( 'NONE', *, *, #498, .T. ) ;
#153 = DIRECTION ( 'NONE',  ( 1.224646799147352961E-16, -1.000000000000000000, -0.000000000000000000 ) ) ;
#154 = CARTESIAN_POINT ( 'NONE',  ( -0.001406249999999877433, 0.2187500000000000278, -0.3239476276031167945 ) ) ;
#155 = LINE ( 'NONE', #289, #542 ) ;
#156 = ADVANCED_FACE ( 'NONE', ( #958 ), #417, .T. ) ;
#157 = DIRECTION ( 'NONE',  ( -1.000000000000000000, 0.000000000000000000, 0.000000000000000000 ) ) ;
#158 = EDGE_CURVE ( 'NONE', #1251, #840, #521, .T. ) ;
#159 = EDGE_LOOP ( 'NONE', ( #415, #95, #1613, #82 ) ) ;
#160 = CARTESIAN_POINT ( 'NONE',  ( -0.2798437500000084399, 0.1061355640142144091, -0.1631916620256262385 ) ) ;
#161 = ORIENTED_EDGE ( 'NONE', *, *, #483, .F. ) ;
#162 = ORIENTED_EDGE ( 'NONE', *, *, #1560, .F. ) ;
#163 = DIRECTION ( 'NONE',  ( -0.000000000000000000, 1.000000000000000000, -0.000000000000000000 ) ) ;
#164 = CARTESIAN_POINT ( 'NONE',  ( -0.001165925345710394287, 0.1060639989023980517, 0.3240863791069636957 ) ) ;
#165 = DIRECTION ( 'NONE',  ( 1.224646799147352961E-16, -1.000000000000000000, -0.000000000000000000 ) ) ;
#166 = ADVANCED_FACE ( 'NONE', ( #284 ), #273, .F. ) ;
#167 = ORIENTED_EDGE ( 'NONE', *, *, #131, .F. ) ;
#168 = DIRECTION ( 'NONE',  ( 1.000000000000000000, 1.726286251920545799E-16, 0.000000000000000000 ) ) ;
#169 = CIRCLE ( 'NONE', #227, 0.1978124999999999745 ) ;
#170 = ORIENTED_EDGE ( 'NONE', *, *, #1130, .F. ) ;
#171 = CONICAL_SURFACE ( 'NONE', #611, 0.2756250000000002864, 1.091520049958276894 ) ;
#172 = CARTESIAN_POINT ( 'NONE',  ( -0.2812500000000000555, 0.1185499399771357820, -0.1077079962081770731 ) ) ;
#173 = VECTOR ( 'NONE', #990, 39.37007874015748143 ) ;
#174 = CIRCLE ( 'NONE', #1497, 0.1978124999999999745 ) ;
#175 = DIRECTION ( 'NONE',  ( 1.224646799147352961E-16, -1.000000000000000000, -0.000000000000000000 ) ) ;
#176 = PERSON_AND_ORGANIZATION_ROLE ( 'design_owner' ) ;
#177 = CARTESIAN_POINT ( 'NONE',  ( 0.001406250000000083648, 0.1061355640142170043, -0.3239476276031167945 ) ) ;
#178 = AXIS2_PLACEMENT_3D ( 'NONE', #754, #1017, #45 ) ;
#179 = CARTESIAN_POINT ( 'NONE',  ( -0.2812500000000000555, -0.1994147295306023526, 0.1343833154309680145 ) ) ;
#180 = EDGE_CURVE ( 'NONE', #991, #1174, #583, .T. ) ;
#181 = DIRECTION ( 'NONE',  ( -1.224646799147353207E-16, 1.000000000000000000, 0.000000000000000000 ) ) ;
#182 = CARTESIAN_POINT ( 'NONE',  ( 0.2811864722033616260, 0.1059949884073260601, 0.1614112934286877910 ) ) ;
#183 = DATE_TIME_ROLE ( 'creation_date' ) ;
#184 = EDGE_LOOP ( 'NONE', ( #1224, #1499, #1090, #851, #396, #1398 ) ) ;
#185 = EDGE_CURVE ( 'NONE', #466, #915, #637, .T. ) ;
#186 = LINE ( 'NONE', #1710, #326 ) ;
#187 = EDGE_CURVE ( 'NONE', #136, #823, #21, .T. ) ;
#188 = B_SPLINE_CURVE_WITH_KNOTS ( 'NONE', 3,
 ( #1296, #1450, #1442, #1571, #51, #767, #749 ),
 .UNSPECIFIED., .F., .F.,
 ( 4, 3, 4 ),
 ( 2.341667624383402569E-07, 2.238896213228267493E-05, 3.783562242871660634E-05 ),
 .UNSPECIFIED. ) ;
#189 = AXIS2_PLACEMENT_3D ( 'NONE', #797, #1639, #1215 ) ;
#190 = AXIS2_PLACEMENT_3D ( 'NONE', #529, #261, #819 ) ;
#191 = CARTESIAN_POINT ( 'NONE',  ( 0.2805142365255731129, -0.1934484584467343893, -0.1626526262359468122 ) ) ;
#192 = CARTESIAN_POINT ( 'NONE',  ( -0.02875810808309330058, 0.1940171953882645905, 0.1748060135335251786 ) ) ;
#193 = ORIENTED_EDGE ( 'NONE', *, *, #92, .F. ) ;
#194 = CARTESIAN_POINT ( 'NONE',  ( 1.585577206551772907E-05, -0.1934110408330234065, 0.3243397048302529284 ) ) ;
#195 = CARTESIAN_POINT ( 'NONE',  ( -0.2812500000000000555, -0.1966332291429661316, 0.1476148136848545733 ) ) ;
#196 = CIRCLE ( 'NONE', #1269, 0.02875810808309333874 ) ;
#197 = CIRCLE ( 'NONE', #1704, 0.1201656081756480310 ) ;
#198 = CARTESIAN_POINT ( 'NONE',  ( 0.02875810808309326935, 0.1940171953882645905, -0.1748060135335251786 ) ) ;
#199 =( LENGTH_UNIT ( ) NAMED_UNIT ( * ) SI_UNIT ( $, .METRE. ) );
#200 = EDGE_CURVE ( 'NONE', #1740, #1430, #128, .T. ) ;
#201 = CONICAL_SURFACE ( 'NONE', #895, 0.3247595264191646680, 1.134464013796312676 ) ;
#202 = ORIENTED_EDGE ( 'NONE', *, *, #935, .T. ) ;
#203 = DIRECTION ( 'NONE',  ( 1.224646799147352961E-16, -1.000000000000000000, -0.000000000000000000 ) ) ;
#204 = CARTESIAN_POINT ( 'NONE',  ( 0.09334282506887614517, 0.1261938892934655887, -0.2708680212387288844 ) ) ;
#205 = VERTEX_POINT ( 'NONE', #1402 ) ;
#206 = CARTESIAN_POINT ( 'NONE',  ( -0.2805553867112955957, -0.1934375364400230390, -0.1626285962206737712 ) ) ;
#207 = CIRCLE ( 'NONE', #267, 0.1514156081756480865 ) ;
#208 = CARTESIAN_POINT ( 'NONE',  ( 0.2570026363171506456, 0.1129373083446763015, 0.1763789851590143176 ) ) ;
#209 = APPROVAL_ROLE ( '' ) ;
#210 = ADVANCED_FACE ( 'NONE', ( #15 ), #201, .T. ) ;
#211 = CARTESIAN_POINT ( 'NONE',  ( 0.0006042041898511173615, -0.1934484600881835603, 0.3242587645221371995 ) ) ;
#212 = CARTESIAN_POINT ( 'NONE',  ( -0.2812500000000000555, 0.1184465843488255316, 0.1082592105712186920 ) ) ;
#213 = EDGE_CURVE ( 'NONE', #532, #1524, #1764, .T. ) ;
#214 = DIRECTION ( 'NONE',  ( 0.000000000000000000, 0.000000000000000000, -1.000000000000000000 ) ) ;
#215 = CARTESIAN_POINT ( 'NONE',  ( -0.2798437500000000022, -0.1935923848279741399, 0.1631916620256305406 ) ) ;
#216 = FACE_OUTER_BOUND ( 'NONE', #311, .T. ) ;
#217 = ORIENTED_EDGE ( 'NONE', *, *, #602, .T. ) ;
#218 = CARTESIAN_POINT ( 'NONE',  ( 0.02875810808309335262, 0.1940171953882645905, 0.1748060135335251786 ) ) ;
#219 = EDGE_CURVE ( 'NONE', #1075, #1592, #626, .T. ) ;
#220 = CARTESIAN_POINT ( 'NONE',  ( 0.2078125000000000111, -0.2187499999999999167, 0.000000000000000000 ) ) ;
#221 = EDGE_CURVE ( 'NONE', #1065, #991, #1712, .T. ) ;
#222 = EDGE_CURVE ( 'NONE', #568, #1551, #1461, .T. ) ;
#223 = VERTEX_POINT ( 'NONE', #1189 ) ;
#224 = EDGE_LOOP ( 'NONE', ( #941, #1482, #1009, #676, #1709, #1769, #594, #833, #1347, #1406 ) ) ;
#225 = DIRECTION ( 'NONE',  ( 1.224646799147352961E-16, -1.000000000000000000, -0.000000000000000000 ) ) ;
#226 = VECTOR ( 'NONE', #353, 39.37007874015748143 ) ;
#227 = AXIS2_PLACEMENT_3D ( 'NONE', #1545, #1178, #1136 ) ;
#228 = LINE ( 'NONE', #1739, #1576 ) ;
#229 = ORIENTED_EDGE ( 'NONE', *, *, #657, .F. ) ;
#230 = CARTESIAN_POINT ( 'NONE',  ( 0.01833548151368322165, 0.1962046953882645994, -0.1969608978297758828 ) ) ;
#231 = AXIS2_PLACEMENT_3D ( 'NONE', #977, #708, #1408 ) ;
#232 = DIRECTION ( 'NONE',  ( 1.000000000000000000, 0.000000000000000000, 0.000000000000000000 ) ) ;
#233 = ADVANCED_FACE ( 'NONE', ( #922, #1474 ), #56, .F. ) ;
#234 = LINE ( 'NONE', #830, #949 ) ;
#235 = VERTEX_POINT ( 'NONE', #1799 ) ;
#236 = CARTESIAN_POINT ( 'NONE',  ( -0.1876959091238140920, -0.2116130641117282274, 0.2163932427607390963 ) ) ;
#237 = CARTESIAN_POINT ( 'NONE',  ( -0.2798437500000000022, -0.1935923848279741399, 0.1631916620256305406 ) ) ;
#238 = ORIENTED_EDGE ( 'NONE', *, *, #287, .F. ) ;
#239 = FACE_OUTER_BOUND ( 'NONE', #1058, .T. ) ;
#240 = CARTESIAN_POINT ( 'NONE',  ( 0.2812057619537244313, -0.1934770630707962624, 0.1613311349559330421 ) ) ;
#241 = CARTESIAN_POINT ( 'NONE',  ( 0.2812500000000000555, 0.2187500000000000278, -0.1623797632095824173 ) ) ;
#242 = ORIENTED_EDGE ( 'NONE', *, *, #283, .F. ) ;
#243 = ADVANCED_FACE ( 'NONE', ( #846 ), #1321, .F. ) ;
#244 = ORIENTED_EDGE ( 'NONE', *, *, #187, .F. ) ;
#245 = FACE_OUTER_BOUND ( 'NONE', #184, .T. ) ;
#246 = PERSON_AND_ORGANIZATION_ROLE ( 'creator' ) ;
#247 = DIRECTION ( 'NONE',  ( 1.224646799147352961E-16, -1.000000000000000000, -0.000000000000000000 ) ) ;
#248 = ORIENTED_EDGE ( 'NONE', *, *, #222, .F. ) ;
#249 = CARTESIAN_POINT ( 'NONE',  ( 0.01833548151368345064, 0.1940171953882645905, 0.1969608978297757718 ) ) ;
#250 = CARTESIAN_POINT ( 'NONE',  ( 0.2810294467073077840, -0.1934193161511418568, 0.1618863159164148358 ) ) ;
#251 = APPROVAL_PERSON_ORGANIZATION ( #1706, #919, #209 ) ;
#252 = DIRECTION ( 'NONE',  ( -0.5000000000000001110, 0.000000000000000000, 0.8660254037844385966 ) ) ;
#253 = AXIS2_PLACEMENT_3D ( 'NONE', #96, #1348, #648 ) ;
#254 = ORIENTED_EDGE ( 'NONE', *, *, #760, .T. ) ;
#255 = CC_DESIGN_APPROVAL ( #285, ( #430 ) ) ;
#256 = CARTESIAN_POINT ( 'NONE',  ( -0.001406249999999876783, -0.1935923848279740567, -0.3239476276031167945 ) ) ;
#257 = CALENDAR_DATE ( 2026, 7, 1 ) ;
#258 = VECTOR ( 'NONE', #391, 39.37007874015748143 ) ;
#259 = CARTESIAN_POINT ( 'NONE',  ( -0.2812297568740761977, -0.1935225711414727823, 0.1610928005506921112 ) ) ;
#260 = ORIENTED_EDGE ( 'NONE', *, *, #533, .T. ) ;
#261 = DIRECTION ( 'NONE',  ( 1.224646799147352961E-16, -1.000000000000000000, -0.000000000000000000 ) ) ;
#262 = CARTESIAN_POINT ( 'NONE',  ( 0.2801244644517740245, -0.1935227691375498993, 0.1630063671390863667 ) ) ;
#263 = AXIS2_PLACEMENT_3D ( 'NONE', #386, #590, #2 ) ;
#264 = CARTESIAN_POINT ( 'NONE',  ( -0.2798437500000000022, -0.1935923848279741399, 0.1631916620256305406 ) ) ;
#265 = ORIENTED_EDGE ( 'NONE', *, *, #287, .T. ) ;
#266 = DIRECTION ( 'NONE',  ( 1.000000000000000000, 1.420876590200770917E-16, 0.000000000000000000 ) ) ;
#267 = AXIS2_PLACEMENT_3D ( 'NONE', #1161, #203, #1307 ) ;
#268 = CARTESIAN_POINT ( 'NONE',  ( -0.04744884720955258595, 0.1185798601372930750, -0.2973649217099920694 ) ) ;
#269 = CARTESIAN_POINT ( 'NONE',  ( -0.3247595264191646680, -0.1932152134738025495, 0.000000000000000000 ) ) ;
#270 = EDGE_CURVE ( 'NONE', #857, #791, #118, .T. ) ;
#271 = ORIENTED_EDGE ( 'NONE', *, *, #674, .T. ) ;
#272 = DIRECTION ( 'NONE',  ( 1.000000000000000000, 1.238933330459982122E-16, 0.000000000000000000 ) ) ;
#273 = CYLINDRICAL_SURFACE ( 'NONE', #1581, 0.02875810808309332486 ) ;
#274 = DIRECTION ( 'NONE',  ( 0.000000000000000000, -1.000000000000000000, 0.000000000000000000 ) ) ;
#275 = APPLICATION_CONTEXT ( 'configuration controlled 3d designs of mechanical parts and assemblies' ) ;
#276 = VERTEX_POINT ( 'NONE', #14 ) ;
#277 = CYLINDRICAL_SURFACE ( 'NONE', #1386, 0.02875810808309332486 ) ;
#278 = DIRECTION ( 'NONE',  ( -1.224646799147353207E-16, 1.000000000000000000, -0.000000000000000000 ) ) ;
#279 = LINE ( 'NONE', #1250, #827 ) ;
#280 = B_SPLINE_CURVE_WITH_KNOTS ( 'NONE', 3,
 ( #1519, #1272, #30, #7, #17, #1004, #587 ),
 .UNSPECIFIED., .F., .F.,
 ( 4, 3, 4 ),
 ( 2.356526876019753062E-07, 2.207319946605111190E-05, 3.792397717371276454E-05 ),
 .UNSPECIFIED. ) ;
#281 = ORIENTED_EDGE ( 'NONE', *, *, #327, .T. ) ;
#282 = DIRECTION ( 'NONE',  ( 1.224646799147352961E-16, -1.000000000000000000, -0.000000000000000000 ) ) ;
#283 = EDGE_CURVE ( 'NONE', #1740, #276, #1400, .T. ) ;
#284 = FACE_OUTER_BOUND ( 'NONE', #1623, .T. ) ;
#285 = APPROVAL ( #605, 'UNSPECIFIED' ) ;
#286 = EDGE_LOOP ( 'NONE', ( #1181, #1235 ) ) ;
#287 = EDGE_CURVE ( 'NONE', #1466, #959, #948, .T. ) ;
#288 = CARTESIAN_POINT ( 'NONE',  ( -5.054940246252682014E-17, 0.1940171953882645628, 0.000000000000000000 ) ) ;
#289 = CARTESIAN_POINT ( 'NONE',  ( 0.1969608978297758828, 0.1962046953882646272, 0.01833548151368329104 ) ) ;
#290 = PLANE ( 'NONE',  #451 ) ;
#291 = VERTEX_POINT ( 'NONE', #112 ) ;
#292 = CARTESIAN_POINT ( 'NONE',  ( 0.001406249999992110209, 0.1061355640142144230, 0.3239476276031219015 ) ) ;
#293 = VECTOR ( 'NONE', #1280, 39.37007874015748143 ) ;
#294 = CARTESIAN_POINT ( 'NONE',  ( 0.02875810808309335262, 0.1940171953882645905, 0.1748060135335251786 ) ) ;
#295 = ORIENTED_EDGE ( 'NONE', *, *, #1094, .F. ) ;
#296 = VERTEX_POINT ( 'NONE', #264 ) ;
#297 = EDGE_CURVE ( 'NONE', #1264, #1478, #121, .T. ) ;
#298 = CARTESIAN_POINT ( 'NONE',  ( 0.2812500000000000555, -0.1935923848279882675, -0.1607559655775015472 ) ) ;
#299 = LINE ( 'NONE', #431, #1008 ) ;
#300 = CARTESIAN_POINT ( 'NONE',  ( 0.2812500000000000555, -0.1994147295306022971, 0.1343833154309677647 ) ) ;
#301 = ORIENTED_EDGE ( 'NONE', *, *, #411, .F. ) ;
#302 = DIRECTION ( 'NONE',  ( 1.000000000000000000, 0.000000000000000000, 0.000000000000000000 ) ) ;
#303 = ORIENTED_EDGE ( 'NONE', *, *, #607, .T. ) ;
#304 = CARTESIAN_POINT ( 'NONE',  ( 0.2392843907765290767, 0.1824093907765288736, 0.000000000000000000 ) ) ;
#305 = CARTESIAN_POINT ( 'NONE',  ( -0.2812500000000000555, 0.1262036853929842939, 0.05458229119667364765 ) ) ;
#306 = EDGE_CURVE ( 'NONE', #555, #1665, #1656, .T. ) ;
#307 = CARTESIAN_POINT ( 'NONE',  ( 0.001181366866817027111, 0.1060737363681085177, 0.3240675183724231467 ) ) ;
#308 = DIRECTION ( 'NONE',  ( 0.4999999999999994449, 0.000000000000000000, -0.8660254037844390407 ) ) ;
#309 = ORIENTED_EDGE ( 'NONE', *, *, #1492, .T. ) ;
#310 = CARTESIAN_POINT ( 'NONE',  ( -0.02875810808309338037, 0.1940171953882645905, -0.1748060135335251786 ) ) ;
#311 = EDGE_LOOP ( 'NONE', ( #636, #1766, #909, #167 ) ) ;
#312 = VERTEX_POINT ( 'NONE', #350 ) ;
#313 = DIRECTION ( 'NONE',  ( 1.000000000000000000, 1.264744441511231739E-16, 0.000000000000000000 ) ) ;
#314 = AXIS2_PLACEMENT_3D ( 'NONE', #1608, #1225, #392 ) ;
#315 = LINE ( 'NONE', #1293, #1419 ) ;
#316 = DIRECTION ( 'NONE',  ( 1.000000000000000000, 0.000000000000000000, 0.000000000000000000 ) ) ;
#317 = ADVANCED_FACE ( 'NONE', ( #1452 ), #1735, .F. ) ;
#318 = CARTESIAN_POINT ( 'NONE',  ( -0.02875810808309330058, 0.1983921953882646083, 0.1748060135335251786 ) ) ;
#319 = AXIS2_PLACEMENT_3D ( 'NONE', #815, #1677, #711 ) ;
#320 = VERTEX_POINT ( 'NONE', #1315 ) ;
#321 = CIRCLE ( 'NONE', #1318, 0.02875810808309332486 ) ;
#322 = CARTESIAN_POINT ( 'NONE',  ( -0.2812500000000000555, 0.1283267363669178263, 3.444319122246548518E-17 ) ) ;
#323 = B_SPLINE_CURVE_WITH_KNOTS ( 'NONE', 3,
 ( #137, #1232, #300, #1392, #560, #565, #1106, #1413 ),
 .UNSPECIFIED., .F., .F.,
 ( 4, 2, 2, 4 ),
 ( 0.01349135944459257941, 0.01451320599530490051, 0.01553505254601722334, 0.01757874564744186727 ),
 .UNSPECIFIED. ) ;
#324 = CARTESIAN_POINT ( 'NONE',  ( 0.2811064066878810608, 0.1059598105136622254, 0.1616865373373148340 ) ) ;
#325 = CARTESIAN_POINT ( 'NONE',  ( 0.0008867711335080159058, -0.1934771976512082159, 0.3241966099941953616 ) ) ;
#326 = VECTOR ( 'NONE', #467, 39.37007874015748143 ) ;
#327 = EDGE_CURVE ( 'NONE', #1494, #1460, #23, .T. ) ;
#328 = CARTESIAN_POINT ( 'NONE',  ( -0.2809052659611604441, 0.1059337906766963655, 0.1621359315752983754 ) ) ;
#329 = FACE_OUTER_BOUND ( 'NONE', #419, .T. ) ;
#330 = AXIS2_PLACEMENT_3D ( 'NONE', #861, #165, #845 ) ;
#331 = CARTESIAN_POINT ( 'NONE',  ( -0.2811064066878810608, 0.1059598105136621421, -0.1616865373373150283 ) ) ;
#332 = CARTESIAN_POINT ( 'NONE',  ( -0.001309332181325705393, -0.1935664887645648369, 0.3240035831318172077 ) ) ;
#333 = LINE ( 'NONE', #631, #731 ) ;
#334 = EDGE_CURVE ( 'NONE', #320, #568, #725, .T. ) ;
#335 = CARTESIAN_POINT ( 'NONE',  ( 0.1876959091238209476, -0.2116130641117274502, -0.2163932427607351272 ) ) ;
#336 = MECHANICAL_CONTEXT ( 'NONE', #743, 'mechanical' ) ;
#337 = CARTESIAN_POINT ( 'NONE',  ( 0.1201656081756479200, 0.1983921953882646361, 0.000000000000000000 ) ) ;
#338 = CARTESIAN_POINT ( 'NONE',  ( -0.2812500000000000555, -0.1935923848279882953, -0.1607559655775017138 ) ) ;
#339 = LOCAL_TIME ( 23, 3, 23.00000000000000000, #1422 ) ;
#340 = EDGE_LOOP ( 'NONE', ( #394, #1730, #534, #248, #508 ) ) ;
#341 = AXIS2_PLACEMENT_3D ( 'NONE', #478, #346, #1449 ) ;
#342 = CIRCLE ( 'NONE', #319, 0.1978124999999999745 ) ;
#343 = EDGE_CURVE ( 'NONE', #874, #532, #234, .T. ) ;
#344 = DIRECTION ( 'NONE',  ( 1.224646799147352961E-16, -1.000000000000000000, -0.000000000000000000 ) ) ;
#345 = CARTESIAN_POINT ( 'NONE',  ( -0.2812500000000000555, 0.1061028882280848767, -0.1608826701783732660 ) ) ;
#346 = DIRECTION ( 'NONE',  ( 1.224646799147352961E-16, -1.000000000000000000, -0.000000000000000000 ) ) ;
#347 = CARTESIAN_POINT ( 'NONE',  ( 1.024442997624098707E-16, 0.2187500000000000278, -0.3247595264191646680 ) ) ;
#348 = DIRECTION ( 'NONE',  ( -1.000000000000000000, 0.000000000000000000, 0.000000000000000000 ) ) ;
#349 = FACE_OUTER_BOUND ( 'NONE', #1107, .T. ) ;
#350 = CARTESIAN_POINT ( 'NONE',  ( 0.2798437500000000577, -0.1935923848279740567, 0.1631916620256302908 ) ) ;
#351 = VECTOR ( 'NONE', #898, 39.37007874015748143 ) ;
#352 = CARTESIAN_POINT ( 'NONE',  ( -0.2756250000000002864, -0.2187500000000000000, 3.375432740149896051E-17 ) ) ;
#353 = DIRECTION ( 'NONE',  ( 0.000000000000000000, -1.000000000000000000, 0.000000000000000000 ) ) ;
#354 = ADVANCED_FACE ( 'NONE', ( #216 ), #518, .T. ) ;
#355 = PERSON_AND_ORGANIZATION ( #1701, #1290 ) ;
#356 = CARTESIAN_POINT ( 'NONE',  ( -0.1514156081756480865, -0.2187500000000000000, 1.854306398932572300E-17 ) ) ;
#357 = DIRECTION ( 'NONE',  ( -1.000000000000000000, 0.000000000000000000, 0.000000000000000000 ) ) ;
#358 = CARTESIAN_POINT ( 'NONE',  ( -0.001104406737828877690, -0.1935225683653272466, 0.3240985200298114322 ) ) ;
#359 = CARTESIAN_POINT ( 'NONE',  ( 0.2798437500000000577, 0.1061355640142170736, 0.1631916620256302908 ) ) ;
#360 = ORIENTED_EDGE ( 'NONE', *, *, #802, .T. ) ;
#361 = EDGE_LOOP ( 'NONE', ( #683, #364, #1800, #664, #271, #1753, #1211, #309, #744, #1053, #1190, #1244 ) ) ;
#362 = DIRECTION ( 'NONE',  ( 1.000000000000000000, 0.000000000000000000, 0.000000000000000000 ) ) ;
#363 = CARTESIAN_POINT ( 'NONE',  ( -0.2805142365255731129, -0.1934484584467344448, 0.1626526262359470343 ) ) ;
#364 = ORIENTED_EDGE ( 'NONE', *, *, #366, .F. ) ;
#365 = DIRECTION ( 'NONE',  ( -1.224646799147353207E-16, 1.000000000000000000, -0.000000000000000000 ) ) ;
#366 = EDGE_CURVE ( 'NONE', #874, #651, #174, .T. ) ;
#367 = CARTESIAN_POINT ( 'NONE',  ( -3.827021247335483395E-18, -0.1874999999999999167, 0.000000000000000000 ) ) ;
#368 = ORIENTED_EDGE ( 'NONE', *, *, #1104, .F. ) ;
#369 = DIRECTION ( 'NONE',  ( -1.224646799147353207E-16, 1.000000000000000000, -0.000000000000000000 ) ) ;
#370 = EDGE_LOOP ( 'NONE', ( #1253, #170 ) ) ;
#371 = CARTESIAN_POINT ( 'NONE',  ( 0.2812500000000002776, 0.1061355640142156304, 0.1607559655774918328 ) ) ;
#372 = AXIS2_PLACEMENT_3D ( 'NONE', #1440, #737, #455 ) ;
#373 = CARTESIAN_POINT ( 'NONE',  ( 0.2809052659611604441, 0.1059337906766964488, -0.1621359315752981256 ) ) ;
#374 = ORIENTED_EDGE ( 'NONE', *, *, #1046, .F. ) ;
#375 = DIRECTION ( 'NONE',  ( 1.224646799147352961E-16, -1.000000000000000000, -0.000000000000000000 ) ) ;
#376 = CARTESIAN_POINT ( 'NONE',  ( 0.2807223927734394664, -0.1934244589420352767, 0.1623959110838629760 ) ) ;
#377 = ADVANCED_FACE ( 'NONE', ( #818 ), #905, .F. ) ;
#378 = CARTESIAN_POINT ( 'NONE',  ( -5.054940246252682014E-17, 0.1940171953882645628, 0.000000000000000000 ) ) ;
#379 = ORIENTED_EDGE ( 'NONE', *, *, #1433, .T. ) ;
#380 = CARTESIAN_POINT ( 'NONE',  ( -3.827021247335483395E-18, -0.1874999999999999167, 0.000000000000000000 ) ) ;
#381 = DIRECTION ( 'NONE',  ( -1.224646799147353207E-16, 1.000000000000000000, 0.000000000000000000 ) ) ;
#382 = CARTESIAN_POINT ( 'NONE',  ( 0.2805771330999507485, 0.1059599170301352006, -0.1626028526036342181 ) ) ;
#383 = EDGE_LOOP ( 'NONE', ( #965, #360, #1360, #792 ) ) ;
#384 = CARTESIAN_POINT ( 'NONE',  ( -4.018372309702250747E-17, 0.1093749999999999029, 0.000000000000000000 ) ) ;
#385 = DIRECTION ( 'NONE',  ( 1.000000000000000000, 2.255256266658463864E-16, 0.000000000000000000 ) ) ;
#386 = CARTESIAN_POINT ( 'NONE',  ( -4.286263797015734130E-17, 0.1312499999999999223, 0.000000000000000000 ) ) ;
#387 = PRODUCT_RELATED_PRODUCT_CATEGORY ( 'detail', '', ( #399 ) ) ;
#388 = ORIENTED_EDGE ( 'NONE', *, *, #1377, .T. ) ;
#389 = FACE_OUTER_BOUND ( 'NONE', #150, .T. ) ;
#390 = B_SPLINE_CURVE_WITH_KNOTS ( 'NONE', 3,
 ( #617, #1447, #448, #191, #1138, #1015, #747, #723, #752, #1271, #878, #1421, #42 ),
 .UNSPECIFIED., .F., .F.,
 ( 4, 3, 3, 3, 4 ),
 ( 2.337299242933169529E-07, 2.238894143024053681E-05, 4.482888819219403988E-05, 6.667050244448094248E-05, 7.532098839918872500E-05 ),
 .UNSPECIFIED. ) ;
#391 = DIRECTION ( 'NONE',  ( -0.7071067811865473507, -0.7071067811865476838, 8.659560562354931626E-17 ) ) ;
#392 = DIRECTION ( 'NONE',  ( -1.000000000000000000, 0.000000000000000000, 0.000000000000000000 ) ) ;
#393 = CARTESIAN_POINT ( 'NONE',  ( 0.000000000000000000, -0.2187499999999999445, 0.000000000000000000 ) ) ;
#394 = ORIENTED_EDGE ( 'NONE', *, *, #1117, .F. ) ;
#395 = ORIENTED_EDGE ( 'NONE', *, *, #880, .T. ) ;
#396 = ORIENTED_EDGE ( 'NONE', *, *, #283, .T. ) ;
#397 = DIRECTION ( 'NONE',  ( 1.000000000000000000, 1.643216838294293626E-16, 0.000000000000000000 ) ) ;
#398 = EDGE_CURVE ( 'NONE', #1618, #1460, #1746, .T. ) ;
#399 = PRODUCT ( '90099A030_NO THREADS_18-8 Stainless Steel Heavy-Profile Nylon-Insert Locknut', '90099A030_NO THREADS_18-8 Stainless Steel Heavy-Profile Nylon-Insert Locknut', '', ( #336 ) ) ;
#400 = CARTESIAN_POINT ( 'NONE',  ( -0.001406249999999876783, -0.1935923848279740567, -0.3239476276031167945 ) ) ;
#401 = ORIENTED_EDGE ( 'NONE', *, *, #1060, .T. ) ;
#402 = CYLINDRICAL_SURFACE ( 'NONE', #770, 0.02875810808309333874 ) ;
#403 = AXIS2_PLACEMENT_3D ( 'NONE', #1572, #1169, #894 ) ;
#404 = VERTEX_POINT ( 'NONE', #489 ) ;
#405 = CARTESIAN_POINT ( 'NONE',  ( 0.000000000000000000, -0.2187499999999999445, 0.000000000000000000 ) ) ;
#406 = FACE_OUTER_BOUND ( 'NONE', #453, .T. ) ;
#407 = AXIS2_PLACEMENT_3D ( 'NONE', #761, #357, #619 ) ;
#408 = ORIENTED_EDGE ( 'NONE', *, *, #343, .F. ) ;
#409 = DIRECTION ( 'NONE',  ( 1.224646799147352961E-16, -1.000000000000000000, -0.000000000000000000 ) ) ;
#410 = EDGE_CURVE ( 'NONE', #1737, #1397, #956, .T. ) ;
#411 = EDGE_CURVE ( 'NONE', #1284, #1134, #576, .T. ) ;
#412 = CARTESIAN_POINT ( 'NONE',  ( -0.0006193140592017529157, 0.1059768976492772297, 0.3242553972739682933 ) ) ;
#413 = CYLINDRICAL_SURFACE ( 'NONE', #1436, 0.02875810808309332486 ) ;
#414 = DIRECTION ( 'NONE',  ( 1.000000000000000000, 1.224646799147352961E-16, 0.000000000000000000 ) ) ;
#415 = ORIENTED_EDGE ( 'NONE', *, *, #221, .F. ) ;
#416 = CARTESIAN_POINT ( 'NONE',  ( -5.054940246252682630E-17, 0.1940171953882646183, 0.000000000000000000 ) ) ;
#417 = CYLINDRICAL_SURFACE ( 'NONE', #698, 0.2756250000000002864 ) ;
#418 = ORIENTED_EDGE ( 'NONE', *, *, #334, .T. ) ;
#419 = EDGE_LOOP ( 'NONE', ( #1552, #1110, #927, #374 ) ) ;
#420 = ORIENTED_EDGE ( 'NONE', *, *, #674, .F. ) ;
#421 = CARTESIAN_POINT ( 'NONE',  ( -0.1869101793690358670, 0.1258756040607434123, 0.2168468840461707792 ) ) ;
#422 = CARTESIAN_POINT ( 'NONE',  ( -0.001406249999999835583, 0.1061355640142170320, 0.3239476276031167945 ) ) ;
#423 = CARTESIAN_POINT ( 'NONE',  ( 2.762439626015643300E-17, 0.1940171953882645905, 0.1748060135335251786 ) ) ;
#424 = ORIENTED_EDGE ( 'NONE', *, *, #158, .T. ) ;
#425 = CARTESIAN_POINT ( 'NONE',  ( 0.1167378339225862011, -0.2134726519350359508, 0.2573609065793456829 ) ) ;
#426 = EDGE_CURVE ( 'NONE', #1381, #445, #228, .T. ) ;
#427 = VERTEX_POINT ( 'NONE', #646 ) ;
#428 = FACE_OUTER_BOUND ( 'NONE', #1475, .T. ) ;
#429 = CARTESIAN_POINT ( 'NONE',  ( -0.2798437500000067746, -0.1935923848279722526, -0.1631916620256269879 ) ) ;
#430 = PRODUCT_DEFINITION_FORMATION_WITH_SPECIFIED_SOURCE ( 'ANY', '', #399, .NOT_KNOWN. ) ;
#431 = CARTESIAN_POINT ( 'NONE',  ( -0.1969608978297759105, 0.1962046953882645717, 0.01833548151368329798 ) ) ;
#432 = ORIENTED_EDGE ( 'NONE', *, *, #751, .T. ) ;
#433 = CARTESIAN_POINT ( 'NONE',  ( -0.2812500000000000555, 0.2187500000000000278, 0.1623797632095826116 ) ) ;
#434 = ORIENTED_EDGE ( 'NONE', *, *, #607, .F. ) ;
#435 = CARTESIAN_POINT ( 'NONE',  ( 0.2568162373221035688, -0.1997452464650361637, 0.1764866026689814460 ) ) ;
#436 = CIRCLE ( 'NONE', #1788, 0.02875810808309332486 ) ;
#437 = ORIENTED_EDGE ( 'NONE', *, *, #1249, .F. ) ;
#438 = VERTEX_POINT ( 'NONE', #773 ) ;
#439 = EDGE_CURVE ( 'NONE', #647, #525, #1523, .T. ) ;
#440 = CYLINDRICAL_SURFACE ( 'NONE', #1210, 0.2078125000000000111 ) ;
#441 = CYLINDRICAL_SURFACE ( 'NONE', #1724, 0.02875810808309335609 ) ;
#442 = DIRECTION ( 'NONE',  ( 1.000000000000000000, 8.631431259602728995E-17, 0.000000000000000000 ) ) ;
#443 = ORIENTED_EDGE ( 'NONE', *, *, #1260, .F. ) ;
#444 = CARTESIAN_POINT ( 'NONE',  ( -3.127109458621864772E-18, -0.1932152134738025218, 0.000000000000000000 ) ) ;
#445 = VERTEX_POINT ( 'NONE', #1477 ) ;
#446 = DIMENSIONAL_EXPONENTS ( 1.000000000000000000, 0.000000000000000000, 0.000000000000000000, 0.000000000000000000, 0.000000000000000000, 0.000000000000000000, 0.000000000000000000 ) ;
#447 = DIRECTION ( 'NONE',  ( -0.000000000000000000, 1.000000000000000000, -0.000000000000000000 ) ) ;
#448 = CARTESIAN_POINT ( 'NONE',  ( 0.2803191231942568917, -0.1934771957888913041, -0.1628662643371871499 ) ) ;
#449 = LINE ( 'NONE', #269, #1365 ) ;
#450 = CYLINDRICAL_SURFACE ( 'NONE', #960, 0.002812500000000012473 ) ;
#451 = AXIS2_PLACEMENT_3D ( 'NONE', #433, #308, #1681 ) ;
#452 = VERTEX_POINT ( 'NONE', #74 ) ;
#453 = EDGE_LOOP ( 'NONE', ( #126, #162 ) ) ;
#454 = CARTESIAN_POINT ( 'NONE',  ( 0.000000000000000000, -0.2187499999999999445, 0.000000000000000000 ) ) ;
#455 = DIRECTION ( 'NONE',  ( -1.000000000000000000, 0.000000000000000000, 0.000000000000000000 ) ) ;
#456 = EDGE_CURVE ( 'NONE', #113, #1261, #1484, .T. ) ;
#457 = DATE_AND_TIME ( #597, #339 ) ;
#458 = CARTESIAN_POINT ( 'NONE',  ( 1.085802864669292094E-16, 0.2187500000000000278, 0.3215119311549730075 ) ) ;
#459 = AXIS2_PLACEMENT_3D ( 'NONE', #1102, #13, #1378 ) ;
#460 = CARTESIAN_POINT ( 'NONE',  ( 0.2569175399440328245, 0.1129626487804130247, -0.1764281155729409689 ) ) ;
#461 = AXIS2_PLACEMENT_3D ( 'NONE', #1227, #1621, #968 ) ;
#462 = CARTESIAN_POINT ( 'NONE',  ( 0.02443376267789720141, -0.1997452464650362469, -0.3106526869597654450 ) ) ;
#463 = COORDINATED_UNIVERSAL_TIME_OFFSET ( 6, 0, .BEHIND. ) ;
#464 = EDGE_CURVE ( 'NONE', #291, #1065, #812, .T. ) ;
#465 = EDGE_CURVE ( 'NONE', #296, #438, #1324, .T. ) ;
#466 = VERTEX_POINT ( 'NONE', #943 ) ;
#467 = DIRECTION ( 'NONE',  ( 0.000000000000000000, -1.000000000000000000, 0.000000000000000000 ) ) ;
#468 = CARTESIAN_POINT ( 'NONE',  ( -0.2812500000000000555, -0.2135040388457563609, -6.176066813473717973E-21 ) ) ;
#469 = CARTESIAN_POINT ( 'NONE',  ( -0.001406249999999882204, 0.1061355640142170043, -0.3239476276031167945 ) ) ;
#470 = CARTESIAN_POINT ( 'NONE',  ( -0.2811864722033616260, 0.1059949884073259907, -0.1614112934286880130 ) ) ;
#471 = FACE_OUTER_BOUND ( 'NONE', #1322, .T. ) ;
#472 = ADVANCED_FACE ( 'NONE', ( #1493 ), #564, .F. ) ;
#473 = CARTESIAN_POINT ( 'NONE',  ( 0.1514156081756480865, -0.2187499999999999167, 0.000000000000000000 ) ) ;
#474 = MANIFOLD_SOLID_BREP ( 'Cut-Revolve2', #733 ) ;
#475 = DIRECTION ( 'NONE',  ( 1.000000000000000000, 0.000000000000000000, 0.000000000000000000 ) ) ;
#476 = APPROVAL_STATUS ( 'not_yet_approved' ) ;
#477 = CIRCLE ( 'NONE', #314, 0.02875810808309335609 ) ;
#478 = CARTESIAN_POINT ( 'NONE',  ( -4.018372309702248898E-17, 0.1093749999999998473, 0.000000000000000000 ) ) ;
#479 = FACE_OUTER_BOUND ( 'NONE', #4, .T. ) ;
#480 = CARTESIAN_POINT ( 'NONE',  ( -0.2807386034227041249, 0.1059470605588064968, 0.1623730862557354604 ) ) ;
#481 = LINE ( 'NONE', #220, #1726 ) ;
#482 = AXIS2_PLACEMENT_3D ( 'NONE', #1010, #67, #632 ) ;
#483 = EDGE_CURVE ( 'NONE', #1375, #857, #606, .T. ) ;
#484 = AXIS2_PLACEMENT_3D ( 'NONE', #1780, #1750, #385 ) ;
#485 = DIRECTION ( 'NONE',  ( 1.000000000000000000, 1.726286251920545799E-16, 0.000000000000000000 ) ) ;
#486 = CARTESIAN_POINT ( 'NONE',  ( 0.02433246005596726921, 0.1129626487804129970, 0.3107111740558062274 ) ) ;
#487 = CARTESIAN_POINT ( 'NONE',  ( -0.2809880545215593939, 0.1059470101585213153, -0.1619412199310131251 ) ) ;
#488 = VECTOR ( 'NONE', #910, 39.37007874015748143 ) ;
#489 = CARTESIAN_POINT ( 'NONE',  ( 0.1969608978297757163, 0.1940171953882646183, 0.01833548151368347146 ) ) ;
#490 = ORIENTED_EDGE ( 'NONE', *, *, #68, .T. ) ;
#491 = CYLINDRICAL_SURFACE ( 'NONE', #736, 0.002812500000000012473 ) ;
#492 = CARTESIAN_POINT ( 'NONE',  ( -0.2801606500965777569, 0.1060489337803410259, 0.1629787813581272393 ) ) ;
#493 = CARTESIAN_POINT ( 'NONE',  ( 0.2812500000000000555, -0.1935923848279882675, -0.1607559655775015472 ) ) ;
#494 = ORIENTED_EDGE ( 'NONE', *, *, #964, .T. ) ;
#495 = EDGE_LOOP ( 'NONE', ( #70, #295, #1550, #193 ) ) ;
#496 = CARTESIAN_POINT ( 'NONE',  ( 0.09433982063095858184, 0.1258756040607427462, 0.2702924055825797756 ) ) ;
#497 = ADVANCED_FACE ( 'NONE', ( #1518 ), #441, .F. ) ;
#498 = EDGE_CURVE ( 'NONE', #850, #515, #299, .T. ) ;
#499 = DIRECTION ( 'NONE',  ( 1.224646799147352961E-16, -1.000000000000000000, -0.000000000000000000 ) ) ;
#500 = DIRECTION ( 'NONE',  ( 1.224646799147352961E-16, -1.000000000000000000, -0.000000000000000000 ) ) ;
#501 = DIRECTION ( 'NONE',  ( -1.000000000000000000, 0.000000000000000000, 0.000000000000000000 ) ) ;
#502 = ORIENTED_EDGE ( 'NONE', *, *, #34, .T. ) ;
#503 = ORIENTED_EDGE ( 'NONE', *, *, #200, .T. ) ;
#504 = CARTESIAN_POINT ( 'NONE',  ( -5.427312420258631709E-17, 0.1983921953882646083, -0.1748060135335251786 ) ) ;
#505 = COORDINATED_UNIVERSAL_TIME_OFFSET ( 6, 0, .BEHIND. ) ;
#506 = EDGE_CURVE ( 'NONE', #1542, #1264, #1616, .T. ) ;
#507 = CARTESIAN_POINT ( 'NONE',  ( -5.427312420258631709E-17, 0.1983921953882646083, -0.1748060135335251786 ) ) ;
#508 = ORIENTED_EDGE ( 'NONE', *, *, #334, .F. ) ;
#509 = DIRECTION ( 'NONE',  ( -1.000000000000000000, -1.224646799147353207E-16, 0.000000000000000000 ) ) ;
#510 = CARTESIAN_POINT ( 'NONE',  ( -0.2812500000000000555, -0.1997094365749014222, -0.1343208384171966085 ) ) ;
#511 = CARTESIAN_POINT ( 'NONE',  ( -4.912785638623781342E-17, 0.1824093907765288458, 0.000000000000000000 ) ) ;
#512 = LINE ( 'NONE', #1089, #671 ) ;
#513 = EDGE_CURVE ( 'NONE', #791, #1430, #1031, .T. ) ;
#514 = VECTOR ( 'NONE', #1786, 39.37007874015748143 ) ;
#515 = VERTEX_POINT ( 'NONE', #1660 ) ;
#516 = CARTESIAN_POINT ( 'NONE',  ( -0.2784375000000000044, 0.2187500000000000278, -0.1607559655774867813 ) ) ;
#517 = AXIS2_PLACEMENT_3D ( 'NONE', #1625, #1333, #1201 ) ;
#518 = CYLINDRICAL_SURFACE ( 'NONE', #1180, 0.002812500000000012473 ) ;
#519 = ORIENTED_EDGE ( 'NONE', *, *, #456, .F. ) ;
#520 = CARTESIAN_POINT ( 'NONE',  ( -0.001406249999999835583, 0.1061355640142170320, 0.3239476276031167945 ) ) ;
#521 = CIRCLE ( 'NONE', #1678, 0.2078125000000000111 ) ;
#522 = CARTESIAN_POINT ( 'NONE',  ( -4.286263797015734130E-17, 0.1312499999999999223, 0.000000000000000000 ) ) ;
#523 = DIRECTION ( 'NONE',  ( 1.224646799147352961E-16, -1.000000000000000000, -0.000000000000000000 ) ) ;
#524 = CC_DESIGN_PERSON_AND_ORGANIZATION_ASSIGNMENT ( #1300, #176, ( #399 ) ) ;
#525 = VERTEX_POINT ( 'NONE', #1379 ) ;
#526 = CARTESIAN_POINT ( 'NONE',  ( -4.018372309702250747E-17, 0.1093749999999999029, 0.000000000000000000 ) ) ;
#527 = DIRECTION ( 'NONE',  ( -1.000000000000000000, -1.726286251920545799E-16, 0.000000000000000000 ) ) ;
#528 = ORIENTED_EDGE ( 'NONE', *, *, #634, .F. ) ;
#529 = CARTESIAN_POINT ( 'NONE',  ( -4.018372309702248898E-17, 0.1093749999999998473, 0.000000000000000000 ) ) ;
#530 = DIRECTION ( 'NONE',  ( 1.224646799147352961E-16, -1.000000000000000000, -0.000000000000000000 ) ) ;
#531 = CARTESIAN_POINT ( 'NONE',  ( 0.2812500000000000555, 0.2187500000000000278, 0.1607559655774865592 ) ) ;
#532 = VERTEX_POINT ( 'NONE', #1096 ) ;
#533 = EDGE_CURVE ( 'NONE', #404, #1597, #155, .T. ) ;
#534 = ORIENTED_EDGE ( 'NONE', *, *, #1130, .T. ) ;
#535 = CARTESIAN_POINT ( 'NONE',  ( -4.286263797015734130E-17, 0.1312499999999999223, 0.000000000000000000 ) ) ;
#536 = CARTESIAN_POINT ( 'NONE',  ( -6.093697065171787412E-16, 0.1059413287027302503, -0.3243244311549794978 ) ) ;
#537 = DIRECTION ( 'NONE',  ( 1.000000000000000000, 2.255256266658463864E-16, 0.000000000000000000 ) ) ;
#538 = DIRECTION ( 'NONE',  ( 1.000000000000000000, 1.726286251920545799E-16, 0.000000000000000000 ) ) ;
#539 = DIRECTION ( 'NONE',  ( -1.000000000000000000, 0.000000000000000000, 0.000000000000000000 ) ) ;
#540 = CARTESIAN_POINT ( 'NONE',  ( 0.001406250000000099911, 0.2187500000000000278, 0.3239476276031167945 ) ) ;
#541 = EDGE_LOOP ( 'NONE', ( #1195, #1109, #1199, #10, #1757, #1142, #1376, #709, #161, #656, #75 ) ) ;
#542 = VECTOR ( 'NONE', #278, 39.37007874015748143 ) ;
#543 = EDGE_CURVE ( 'NONE', #1174, #223, #859, .T. ) ;
#544 = ORIENTED_EDGE ( 'NONE', *, *, #1433, .F. ) ;
#545 = CARTESIAN_POINT ( 'NONE',  ( -0.1969608978297757718, 0.1940171953882645628, -0.01833548151368342635 ) ) ;
#546 = EDGE_CURVE ( 'NONE', #758, #857, #981, .T. ) ;
#547 = VECTOR ( 'NONE', #163, 39.37007874015748143 ) ;
#548 = CARTESIAN_POINT ( 'NONE',  ( -0.2798437500000084399, 0.1061355640142144091, -0.1631916620256262385 ) ) ;
#549 = FACE_OUTER_BOUND ( 'NONE', #1143, .T. ) ;
#550 = ORIENTED_EDGE ( 'NONE', *, *, #931, .F. ) ;
#551 = DIRECTION ( 'NONE',  ( 0.000000000000000000, 0.000000000000000000, -1.000000000000000000 ) ) ;
#552 = CARTESIAN_POINT ( 'NONE',  ( 0.001406250000000085817, -0.1935923848279740567, -0.3239476276031167945 ) ) ;
#553 = ORIENTED_EDGE ( 'NONE', *, *, #602, .F. ) ;
#554 = EDGE_LOOP ( 'NONE', ( #437, #1356, #420, #847 ) ) ;
#555 = VERTEX_POINT ( 'NONE', #1434 ) ;
#556 = CARTESIAN_POINT ( 'NONE',  ( -0.1633660719593612587, 0.1278577767001870535, 0.2304400807969757548 ) ) ;
#557 = CARTESIAN_POINT ( 'NONE',  ( -0.001406249999999882204, 0.1061355640142170043, -0.3239476276031167945 ) ) ;
#558 = ORIENTED_EDGE ( 'NONE', *, *, #1094, .T. ) ;
#559 = ADVANCED_FACE ( 'NONE', ( #329 ), #1713, .F. ) ;
#560 = CARTESIAN_POINT ( 'NONE',  ( 0.2812500000000000555, -0.2064753124225684466, 0.09419897979272320865 ) ) ;
#561 = CARTESIAN_POINT ( 'NONE',  ( 0.2784375000000000044, 0.2187500000000000278, 0.1607559655774865592 ) ) ;
#562 = EDGE_LOOP ( 'NONE', ( #1336, #862, #1544, #571 ) ) ;
#563 = DIRECTION ( 'NONE',  ( -1.000000000000000000, 0.000000000000000000, 0.000000000000000000 ) ) ;
#564 = CYLINDRICAL_SURFACE ( 'NONE', #1520, 0.1201656081756480171 ) ;
#565 = CARTESIAN_POINT ( 'NONE',  ( 0.2812500000000000555, -0.2116737604139604934, 0.05379258409692337650 ) ) ;
#566 = EDGE_CURVE ( 'NONE', #840, #1065, #1575, .T. ) ;
#567 = CIRCLE ( 'NONE', #1720, 0.02875810808309332486 ) ;
#568 = VERTEX_POINT ( 'NONE', #1020 ) ;
#569 = LINE ( 'NONE', #310, #73 ) ;
#570 = EDGE_LOOP ( 'NONE', ( #143, #494, #1714, #691, #1385, #379, #800, #690, #776, #923 ) ) ;
#571 = ORIENTED_EDGE ( 'NONE', *, *, #410, .F. ) ;
#572 = FACE_OUTER_BOUND ( 'NONE', #159, .T. ) ;
#573 = CARTESIAN_POINT ( 'NONE',  ( -0.2812500000000000555, -0.2047776509628738972, -0.1074353390255734370 ) ) ;
#574 = CARTESIAN_POINT ( 'NONE',  ( -0.1633082298402242782, -0.2135346246964293093, -0.2304734759600300109 ) ) ;
#575 = CARTESIAN_POINT ( 'NONE',  ( 0.2798437500000000577, 0.2187500000000000278, 0.1631916620256302908 ) ) ;
#576 = CIRCLE ( 'NONE', #1674, 0.1201656081756480310 ) ;
#577 = CIRCLE ( 'NONE', #1578, 0.02875810808309335609 ) ;
#578 = EDGE_LOOP ( 'NONE', ( #424, #1754, #822, #828 ) ) ;
#579 = CARTESIAN_POINT ( 'NONE',  ( 0.2078124999999999556, 0.2005796953882645339, 0.000000000000000000 ) ) ;
#580 = AXIS2_PLACEMENT_3D ( 'NONE', #1084, #1502, #266 ) ;
#581 = CARTESIAN_POINT ( 'NONE',  ( 0.2812500000000000555, 0.1061355640142170875, -0.1607559655774866147 ) ) ;
#582 = ORIENTED_EDGE ( 'NONE', *, *, #483, .T. ) ;
#583 = CIRCLE ( 'NONE', #263, 0.2756250000000002864 ) ;
#584 = CARTESIAN_POINT ( 'NONE',  ( -0.2756250000000003419, 0.1312499999999998945, 3.375432740149896051E-17 ) ) ;
#585 = CONICAL_SURFACE ( 'NONE', #1395, 0.3247595264191646680, 1.134464013796312676 ) ;
#586 = CARTESIAN_POINT ( 'NONE',  ( 0.1179417701597824664, -0.2135346246964295869, -0.2566658136687133829 ) ) ;
#587 = CARTESIAN_POINT ( 'NONE',  ( -6.093697065171787412E-16, 0.1059413287027302503, -0.3243244311549794978 ) ) ;
#588 = ORIENTED_EDGE ( 'NONE', *, *, #219, .F. ) ;
#589 = CARTESIAN_POINT ( 'NONE',  ( 0.001406250000000085817, -0.1935923848279740567, -0.3239476276031167945 ) ) ;
#590 = DIRECTION ( 'NONE',  ( 1.224646799147352961E-16, -1.000000000000000000, -0.000000000000000000 ) ) ;
#591 = ORIENTED_EDGE ( 'NONE', *, *, #187, .T. ) ;
#592 = ORIENTED_EDGE ( 'NONE', *, *, #789, .F. ) ;
#593 = EDGE_CURVE ( 'NONE', #1592, #1561, #1350, .T. ) ;
#594 = ORIENTED_EDGE ( 'NONE', *, *, #673, .F. ) ;
#595 = CARTESIAN_POINT ( 'NONE',  ( -0.2812500000000000555, 0.1061355640142170181, -0.1607559655774867813 ) ) ;
#596 = CARTESIAN_POINT ( 'NONE',  ( 0.2798437500000000577, 0.1061355640142170736, 0.1631916620256302908 ) ) ;
#597 = CALENDAR_DATE ( 2026, 7, 1 ) ;
#598 = ORIENTED_EDGE ( 'NONE', *, *, #270, .T. ) ;
#599 = CARTESIAN_POINT ( 'NONE',  ( 0.0003182403432817312362, -0.1934193770540635904, 0.3243216662461035904 ) ) ;
#600 = CARTESIAN_POINT ( 'NONE',  ( -5.373734122795935279E-17, 0.1940171953882645905, -0.1748060135335251786 ) ) ;
#601 = CARTESIAN_POINT ( 'NONE',  ( 4.181936126497572395E-33, 0.1983921953882646083, 0.1201656081756479616 ) ) ;
#602 = EDGE_CURVE ( 'NONE', #1441, #811, #390, .T. ) ;
#603 = CC_DESIGN_DATE_AND_TIME_ASSIGNMENT ( #457, #183, ( #1238 ) ) ;
#604 = CARTESIAN_POINT ( 'NONE',  ( 0.2812500000000000555, 0.1061355640142170875, -0.1607559655774866147 ) ) ;
#605 = APPROVAL_STATUS ( 'not_yet_approved' ) ;
#606 = B_SPLINE_CURVE_WITH_KNOTS ( 'NONE', 3,
 ( #548, #973, #146, #1391, #1248, #954, #1670, #704, #695, #268, #1680, #557 ),
 .UNSPECIFIED., .F., .F.,
 ( 4, 2, 2, 2, 2, 4 ),
 ( 2.354408504171572238E-07, 0.002049150024997622044, 0.004098064609144826814, 0.005122521901218429416, 0.006146979193292032018, 0.008195893777439233752 ),
 .UNSPECIFIED. ) ;
#607 = EDGE_CURVE ( 'NONE', #1441, #1228, #1095, .T. ) ;
#608 = VECTOR ( 'NONE', #147, 39.37007874015748143 ) ;
#609 = DIRECTION ( 'NONE',  ( 0.4999999999999994449, -0.000000000000000000, 0.8660254037844390407 ) ) ;
#610 = AXIS2_PLACEMENT_3D ( 'NONE', #1221, #409, #1529 ) ;
#611 = AXIS2_PLACEMENT_3D ( 'NONE', #522, #109, #272 ) ;
#612 = CARTESIAN_POINT ( 'NONE',  ( 0.2800840792127327616, 0.1060639975449614580, 0.1630529078899649043 ) ) ;
#613 = EDGE_CURVE ( 'NONE', #651, #1494, #315, .T. ) ;
#614 = CARTESIAN_POINT ( 'NONE',  ( -5.135307692446726043E-17, 0.2005796953882645062, 0.000000000000000000 ) ) ;
#615 = AXIS2_PLACEMENT_3D ( 'NONE', #614, #1026, #1148 ) ;
#616 = CARTESIAN_POINT ( 'NONE',  ( 0.2812500000000000555, 0.1262571902444557803, -0.05404471572984898692 ) ) ;
#617 = CARTESIAN_POINT ( 'NONE',  ( 0.2798437500000067746, -0.1935923848279722248, -0.1631916620256268213 ) ) ;
#618 = APPLICATION_PROTOCOL_DEFINITION ( 'international standard', 'config_control_design', 1994, #275 ) ;
#619 = DIRECTION ( 'NONE',  ( 0.000000000000000000, 0.000000000000000000, 1.000000000000000000 ) ) ;
#620 = DIRECTION ( 'NONE',  ( 0.000000000000000000, 0.000000000000000000, -1.000000000000000000 ) ) ;
#621 = EDGE_CURVE ( 'NONE', #1782, #205, #108, .T. ) ;
#622 = CARTESIAN_POINT ( 'NONE',  ( 0.1165607891723732109, 0.1282868820679365085, -0.2574631234135397739 ) ) ;
#623 = CARTESIAN_POINT ( 'NONE',  ( 0.2700000000000002398, -0.2187499999999999167, 3.641276707832948139E-17 ) ) ;
#624 = B_SPLINE_CURVE_WITH_KNOTS ( 'NONE', 3,
 ( #596, #612, #1145, #1158, #1151, #1557, #759, #324, #182, #903, #1323, #1067, #371 ),
 .UNSPECIFIED., .F., .F.,
 ( 4, 3, 3, 3, 4 ),
 ( 2.352130622639679612E-07, 2.207317417790057441E-05, 4.420867048686892093E-05, 6.562455247799668125E-05, 7.548643737442420993E-05 ),
 .UNSPECIFIED. ) ;
#625 = AXIS2_PLACEMENT_3D ( 'NONE', #1079, #500, #1749 ) ;
#626 = LINE ( 'NONE', #1602, #1274 ) ;
#627 = DIRECTION ( 'NONE',  ( 1.224646799147353207E-16, -1.000000000000000000, 0.000000000000000000 ) ) ;
#628 = DATE_AND_TIME ( #1697, #692 ) ;
#629 = ORIENTED_EDGE ( 'NONE', *, *, #1745, .T. ) ;
#630 = FACE_OUTER_BOUND ( 'NONE', #383, .T. ) ;
#631 = CARTESIAN_POINT ( 'NONE',  ( 1.471604274199023421E-17, 0.2187500000000000278, 0.1201656081756480171 ) ) ;
#632 = DIRECTION ( 'NONE',  ( 1.000000000000000000, 0.000000000000000000, 0.000000000000000000 ) ) ;
#633 = CIRCLE ( 'NONE', #1063, 0.1978124999999999745 ) ;
#634 = EDGE_CURVE ( 'NONE', #837, #1603, #1011, .T. ) ;
#635 = CIRCLE ( 'NONE', #1389, 0.1201656081756479616 ) ;
#636 = ORIENTED_EDGE ( 'NONE', *, *, #1471, .F. ) ;
#637 = CIRCLE ( 'NONE', #231, 0.2078125000000000111 ) ;
#638 = CARTESIAN_POINT ( 'NONE',  ( -0.04763260291392184403, -0.2047965161069018880, 0.2972588303046093117 ) ) ;
#639 = CARTESIAN_POINT ( 'NONE',  ( 0.2812075286155593656, 0.1060090581130116311, -0.1613202435134458435 ) ) ;
#640 = EDGE_LOOP ( 'NONE', ( #1101, #550, #1409, #796 ) ) ;
#641 = CARTESIAN_POINT ( 'NONE',  ( -0.1748060135335252063, 0.1940171953882645628, 1.927330624950384286E-17 ) ) ;
#642 = CARTESIAN_POINT ( 'NONE',  ( 0.02875810808309335262, 0.1983921953882646083, 0.1748060135335251786 ) ) ;
#643 = EDGE_CURVE ( 'NONE', #1782, #1737, #1705, .T. ) ;
#644 = ORIENTED_EDGE ( 'NONE', *, *, #513, .T. ) ;
#645 = CYLINDRICAL_SURFACE ( 'NONE', #1468, 0.002812500000000012473 ) ;
#646 = CARTESIAN_POINT ( 'NONE',  ( 0.2812500000000000555, -0.2135040388457562777, 3.443701516123848496E-17 ) ) ;
#647 = VERTEX_POINT ( 'NONE', #604 ) ;
#648 = DIRECTION ( 'NONE',  ( 1.000000000000000000, 1.726286251920545799E-16, 0.000000000000000000 ) ) ;
#649 = CARTESIAN_POINT ( 'NONE',  ( -0.2812500000000000555, -0.1935923848279882953, -0.1607559655775017138 ) ) ;
#650 = CARTESIAN_POINT ( 'NONE',  ( 0.2803501756442794424, -0.1934714815701106538, 0.1628371676661471701 ) ) ;
#651 = VERTEX_POINT ( 'NONE', #1024 ) ;
#652 = ORIENTED_EDGE ( 'NONE', *, *, #53, .F. ) ;
#653 = CARTESIAN_POINT ( 'NONE',  ( 0.1296157209956253220, 0.1283458043576478635, 0.2499258550111329302 ) ) ;
#654 = EDGE_CURVE ( 'NONE', #850, #532, #726, .T. ) ;
#655 = CARTESIAN_POINT ( 'NONE',  ( -0.2812500000000002220, -0.1935923848279730852, 0.1607559655774910834 ) ) ;
#656 = ORIENTED_EDGE ( 'NONE', *, *, #1795, .T. ) ;
#657 = EDGE_CURVE ( 'NONE', #944, #1383, #624, .T. ) ;
#658 = PLANE ( 'NONE',  #1636 ) ;
#659 = DIRECTION ( 'NONE',  ( -1.224646799147353207E-16, 1.000000000000000000, 0.000000000000000000 ) ) ;
#660 = CARTESIAN_POINT ( 'NONE',  ( 2.048546796241645680E-15, -0.1934181017275146963, -0.3243244311549889347 ) ) ;
#661 = LOCAL_TIME ( 23, 3, 23.00000000000000000, #1045 ) ;
#662 = AXIS2_PLACEMENT_3D ( 'NONE', #896, #1286, #866 ) ;
#663 = VECTOR ( 'NONE', #274, 39.37007874015748143 ) ;
#664 = ORIENTED_EDGE ( 'NONE', *, *, #213, .T. ) ;
#665 = DIRECTION ( 'NONE',  ( 0.000000000000000000, 0.000000000000000000, -1.000000000000000000 ) ) ;
#666 = AXIS2_PLACEMENT_3D ( 'NONE', #288, #134, #824 ) ;
#667 = DATE_TIME_ROLE ( 'classification_date' ) ;
#668 = CARTESIAN_POINT ( 'NONE',  ( -0.2803191231942551154, -0.1934771957888915817, 0.1628662643371892316 ) ) ;
#669 = ORIENTED_EDGE ( 'NONE', *, *, #904, .T. ) ;
#670 = CARTESIAN_POINT ( 'NONE',  ( -0.01833548151368321472, 0.1983921953882646083, -0.1969608978297757440 ) ) ;
#671 = VECTOR ( 'NONE', #110, 39.37007874015748143 ) ;
#672 = CARTESIAN_POINT ( 'NONE',  ( 0.000000000000000000, -0.2187499999999999445, 0.000000000000000000 ) ) ;
#673 = EDGE_CURVE ( 'NONE', #944, #1264, #1118, .T. ) ;
#674 = EDGE_CURVE ( 'NONE', #1524, #1635, #1172, .T. ) ;
#675 = CARTESIAN_POINT ( 'NONE',  ( -5.108518543715379060E-17, 0.1983921953882646361, 0.000000000000000000 ) ) ;
#676 = ORIENTED_EDGE ( 'NONE', *, *, #49, .T. ) ;
#677 = ORIENTED_EDGE ( 'NONE', *, *, #464, .T. ) ;
#678 = CARTESIAN_POINT ( 'NONE',  ( -4.912785638623781342E-17, 0.1824093907765288458, 0.000000000000000000 ) ) ;
#679 = CARTESIAN_POINT ( 'NONE',  ( 1.272550286111185022E-16, 0.2187500000000000278, -0.3215119311549730075 ) ) ;
#680 = DIRECTION ( 'NONE',  ( 1.000000000000000000, 1.420876590200770917E-16, 0.000000000000000000 ) ) ;
#681 = CARTESIAN_POINT ( 'NONE',  ( 0.2811180682416706267, -0.1934483415515454441, 0.1616072646740131513 ) ) ;
#682 = EDGE_CURVE ( 'NONE', #1134, #1284, #921, .T. ) ;
#683 = ORIENTED_EDGE ( 'NONE', *, *, #613, .F. ) ;
#684 = CARTESIAN_POINT ( 'NONE',  ( -0.2569175399440252749, 0.1129626487804148843, 0.1764281155729454653 ) ) ;
#685 = CIRCLE ( 'NONE', #69, 0.2700000000000002398 ) ;
#686 = CARTESIAN_POINT ( 'NONE',  ( -0.09355409087618565822, -0.2116130641117282274, -0.2707460468680082388 ) ) ;
#687 = DIRECTION ( 'NONE',  ( 1.224646799147353207E-16, -1.000000000000000000, 0.000000000000000000 ) ) ;
#688 = LINE ( 'NONE', #1620, #757 ) ;
#689 = CARTESIAN_POINT ( 'NONE',  ( 0.0005616891293476374003, -0.1934374316414345374, -0.3242826168589925673 ) ) ;
#690 = ORIENTED_EDGE ( 'NONE', *, *, #465, .T. ) ;
#691 = ORIENTED_EDGE ( 'NONE', *, *, #1171, .T. ) ;
#692 = LOCAL_TIME ( 23, 3, 23.00000000000000000, #1429 ) ;
#693 = CARTESIAN_POINT ( 'NONE',  ( -5.373734122795935279E-17, 0.1940171953882645905, -0.1748060135335251786 ) ) ;
#694 = AXIS2_PLACEMENT_3D ( 'NONE', #1725, #1476, #1344 ) ;
#695 = CARTESIAN_POINT ( 'NONE',  ( -0.08253629234922126023, 0.1243791060619496985, -0.2771071758134281970 ) ) ;
#696 = CARTESIAN_POINT ( 'NONE',  ( -0.2078125000000000111, -0.2187500000000000000, 2.544969129478093680E-17 ) ) ;
#697 = CIRCLE ( 'NONE', #1761, 0.1201656081756479616 ) ;
#698 = AXIS2_PLACEMENT_3D ( 'NONE', #930, #1487, #1763 ) ;
#699 = DIRECTION ( 'NONE',  ( 1.000000000000000000, 0.000000000000000000, 0.000000000000000000 ) ) ;
#700 = ORIENTED_EDGE ( 'NONE', *, *, #1260, .T. ) ;
#701 = VERTEX_POINT ( 'NONE', #1454 ) ;
#702 = CARTESIAN_POINT ( 'NONE',  ( -0.1165607891723695611, 0.1282868820679362309, 0.2574631234135419389 ) ) ;
#703 = ADVANCED_FACE ( 'NONE', ( #772 ), #1483, .F. ) ;
#704 = CARTESIAN_POINT ( 'NONE',  ( -0.09433982063096688075, 0.1258756040607436621, -0.2702924055825750016 ) ) ;
#705 = FACE_OUTER_BOUND ( 'NONE', #1326, .T. ) ;
#706 = ORIENTED_EDGE ( 'NONE', *, *, #1662, .T. ) ;
#707 = CARTESIAN_POINT ( 'NONE',  ( 0.2336173970860724591, -0.2047965161069029150, 0.1898804593241410488 ) ) ;
#708 = DIRECTION ( 'NONE',  ( 1.224646799147352961E-16, -1.000000000000000000, -0.000000000000000000 ) ) ;
#709 = ORIENTED_EDGE ( 'NONE', *, *, #546, .T. ) ;
#710 = ORIENTED_EDGE ( 'NONE', *, *, #993, .T. ) ;
#711 = DIRECTION ( 'NONE',  ( -1.000000000000000000, -1.726286251920545799E-16, 0.000000000000000000 ) ) ;
#712 = CARTESIAN_POINT ( 'NONE',  ( -3.127109458621864772E-18, -0.1932152134738025218, 0.000000000000000000 ) ) ;
#713 = DIRECTION ( 'NONE',  ( 0.8873288907428468208, -0.4611371158918665669, 0.000000000000000000 ) ) ;
#714 = CARTESIAN_POINT ( 'NONE',  ( 0.2798437500000000577, 0.2187500000000000278, -0.1631916620256303463 ) ) ;
#715 = ADVANCED_FACE ( 'NONE', ( #389 ), #1212, .F. ) ;
#716 = ORIENTED_EDGE ( 'NONE', *, *, #498, .F. ) ;
#717 = LINE ( 'NONE', #1715, #351 ) ;
#718 = ORIENTED_EDGE ( 'NONE', *, *, #1760, .T. ) ;
#719 = ORIENTED_EDGE ( 'NONE', *, *, #1018, .T. ) ;
#720 = EDGE_LOOP ( 'NONE', ( #151, #716, #1115, #408 ) ) ;
#721 = DIRECTION ( 'NONE',  ( -1.224646799147353207E-16, 1.000000000000000000, 0.000000000000000000 ) ) ;
#722 = B_SPLINE_CURVE_WITH_KNOTS ( 'NONE', 3,
 ( #1163, #1445, #1157, #204, #622, #54, #1437, #1711, #755, #1425, #460, #1177 ),
 .UNSPECIFIED., .F., .F.,
 ( 4, 2, 2, 2, 2, 4 ),
 ( 2.354408506601145693E-07, 0.002049150024997865339, 0.004098064609145070543, 0.005122521901218672277, 0.006146979193292274012, 0.008195893777439474878 ),
 .UNSPECIFIED. ) ;
#723 = CARTESIAN_POINT ( 'NONE',  ( 0.2811178337574788411, -0.1934374330898054051, -0.1616548564704338720 ) ) ;
#724 = CARTESIAN_POINT ( 'NONE',  ( -0.01833548151368347146, 0.1940171953882645905, -0.1969608978297757718 ) ) ;
#725 = CIRCLE ( 'NONE', #103, 0.1201656081756480310 ) ;
#726 = CIRCLE ( 'NONE', #72, 0.02875810808309333874 ) ;
#727 = ORIENTED_EDGE ( 'NONE', *, *, #1117, .T. ) ;
#728 = CARTESIAN_POINT ( 'NONE',  ( 0.1748060135335251508, 0.1940171953882646183, 2.134256245050205639E-18 ) ) ;
#729 = VECTOR ( 'NONE', #98, 39.37007874015748143 ) ;
#730 = EDGE_CURVE ( 'NONE', #814, #296, #1034, .T. ) ;
#731 = VECTOR ( 'NONE', #41, 39.37007874015748143 ) ;
#732 = ORIENTED_EDGE ( 'NONE', *, *, #1103, .F. ) ;
#733 = CLOSED_SHELL ( 'NONE', ( #1503, #1559, #1374, #1573, #1283, #559, #156, #1432, #841, #790, #804, #133, #1193, #354, #741, #1192, #1439, #1308, #817, #317, #1033, #1650, #753, #1448, #104, #210, #1122, #243, #472 ) ) ;
#734 = ORIENTED_EDGE ( 'NONE', *, *, #634, .T. ) ;
#735 = DIRECTION ( 'NONE',  ( 1.000000000000000000, 1.726286251920545799E-16, 0.000000000000000000 ) ) ;
#736 = AXIS2_PLACEMENT_3D ( 'NONE', #458, #65, #620 ) ;
#737 = DIRECTION ( 'NONE',  ( -1.224646799147353207E-16, 1.000000000000000000, 0.000000000000000000 ) ) ;
#738 = CARTESIAN_POINT ( 'NONE',  ( -0.2800840792127378132, 0.1060639975449600980, -0.1630529078899611573 ) ) ;
#739 = DIRECTION ( 'NONE',  ( 1.224646799147352961E-16, -1.000000000000000000, -0.000000000000000000 ) ) ;
#740 = CARTESIAN_POINT ( 'NONE',  ( -0.2800594244699964874, 0.1060738992755449334, 0.1630572525250763016 ) ) ;
#741 = ADVANCED_FACE ( 'NONE', ( #942 ), #645, .T. ) ;
#742 = EDGE_CURVE ( 'NONE', #1635, #701, #436, .T. ) ;
#743 = APPLICATION_CONTEXT ( 'configuration controlled 3d designs of mechanical parts and assemblies' ) ;
#744 = ORIENTED_EDGE ( 'NONE', *, *, #1716, .T. ) ;
#745 = CARTESIAN_POINT ( 'NONE',  ( 0.2812500000000000555, -0.2135040388457562777, 3.443701516123848496E-17 ) ) ;
#746 = CARTESIAN_POINT ( 'NONE',  ( -0.2812500000000000555, 0.1283267363669178540, 0.02714124555394980751 ) ) ;
#747 = CARTESIAN_POINT ( 'NONE',  ( 0.2809997184016412852, -0.1934244078190511806, -0.1619157901815931611 ) ) ;
#748 = ORIENTED_EDGE ( 'NONE', *, *, #654, .F. ) ;
#749 = CARTESIAN_POINT ( 'NONE',  ( 2.048546796241645680E-15, -0.1934181017275146963, -0.3243244311549889347 ) ) ;
#750 = CARTESIAN_POINT ( 'NONE',  ( 0.2812500000000000555, 0.1283267363669178540, -3.556085576685269775E-27 ) ) ;
#751 = EDGE_CURVE ( 'NONE', #296, #1366, #1273, .T. ) ;
#752 = CARTESIAN_POINT ( 'NONE',  ( 0.2811959713653637283, -0.1934713277411400367, -0.1613728718807233842 ) ) ;
#753 = ADVANCED_FACE ( 'NONE', ( #245 ), #793, .F. ) ;
#754 = CARTESIAN_POINT ( 'NONE',  ( -4.912785638623781342E-17, 0.1824093907765288458, 0.000000000000000000 ) ) ;
#755 = CARTESIAN_POINT ( 'NONE',  ( 0.1987137076507871913, 0.1243791060619485883, -0.2100321138153142531 ) ) ;
#756 = ORIENTED_EDGE ( 'NONE', *, *, #1103, .T. ) ;
#757 = VECTOR ( 'NONE', #1630, 39.37007874015748143 ) ;
#758 = VERTEX_POINT ( 'NONE', #1463 ) ;
#759 = CARTESIAN_POINT ( 'NONE',  ( 0.2809880545215593939, 0.1059470101585213986, 0.1619412199310129308 ) ) ;
#760 = EDGE_CURVE ( 'NONE', #992, #1737, #1528, .T. ) ;
#761 = CARTESIAN_POINT ( 'NONE',  ( 0.2812500000000000555, 0.2187500000000000278, 0.1623797632095824173 ) ) ;
#762 = CARTESIAN_POINT ( 'NONE',  ( -0.001208347355613802101, -0.1935430978008708114, 0.3240541400667904526 ) ) ;
#763 = CARTESIAN_POINT ( 'NONE',  ( -0.2798437500000000022, 0.1061355640142169765, 0.1631916620256305406 ) ) ;
#764 = CARTESIAN_POINT ( 'NONE',  ( -0.2803501756442794424, -0.1934714815701106816, -0.1628371676661474199 ) ) ;
#765 = DIRECTION ( 'NONE',  ( 0.000000000000000000, -1.000000000000000000, -0.000000000000000000 ) ) ;
#766 = CARTESIAN_POINT ( 'NONE',  ( -0.2798437500000084399, 0.1061355640142144091, -0.1631916620256262385 ) ) ;
#767 = CARTESIAN_POINT ( 'NONE',  ( -0.0002028399587402279823, -0.1934181017275219683, -0.3243244311549732251 ) ) ;
#768 = CARTESIAN_POINT ( 'NONE',  ( -0.2812500000000000555, -0.2135040388457563609, 0.02688147142213407476 ) ) ;
#769 = CARTESIAN_POINT ( 'NONE',  ( 0.3247595264191646680, -0.1932152134738024940, 3.977157145218403088E-17 ) ) ;
#770 = AXIS2_PLACEMENT_3D ( 'NONE', #117, #365, #86 ) ;
#771 = DIRECTION ( 'NONE',  ( 1.224646799147352961E-16, -1.000000000000000000, -0.000000000000000000 ) ) ;
#772 = FACE_OUTER_BOUND ( 'NONE', #932, .T. ) ;
#773 = CARTESIAN_POINT ( 'NONE',  ( -0.2812500000000002220, -0.1935923848279730852, 0.1607559655774910834 ) ) ;
#774 = ORIENTED_EDGE ( 'NONE', *, *, #1331, .T. ) ;
#775 = DIRECTION ( 'NONE',  ( 0.000000000000000000, 0.000000000000000000, -1.000000000000000000 ) ) ;
#776 = ORIENTED_EDGE ( 'NONE', *, *, #44, .F. ) ;
#777 = CARTESIAN_POINT ( 'NONE',  ( -0.01833548151368324594, 0.1983921953882646083, 0.1969608978297758828 ) ) ;
#778 = ADVANCED_FACE ( 'NONE', ( #924 ), #277, .F. ) ;
#779 = VECTOR ( 'NONE', #48, 39.37007874015748143 ) ;
#780 = ORIENTED_EDGE ( 'NONE', *, *, #1002, .F. ) ;
#781 = CIRCLE ( 'NONE', #1207, 0.02875810808309332486 ) ;
#782 = ORIENTED_EDGE ( 'NONE', *, *, #221, .T. ) ;
#783 = AXIS2_PLACEMENT_3D ( 'NONE', #672, #530, #87 ) ;
#784 = CARTESIAN_POINT ( 'NONE',  ( -0.2798437500000000022, 0.2187500000000000278, 0.1631916620256305406 ) ) ;
#785 = CARTESIAN_POINT ( 'NONE',  ( -0.2808785040713779879, -0.1934110408062714170, 0.1621835699704024525 ) ) ;
#786 = ORIENTED_EDGE ( 'NONE', *, *, #760, .F. ) ;
#787 = DIRECTION ( 'NONE',  ( -1.224646799147353207E-16, 1.000000000000000000, -0.000000000000000000 ) ) ;
#788 = CARTESIAN_POINT ( 'NONE',  ( 0.000000000000000000, -0.2187499999999999445, 0.000000000000000000 ) ) ;
#789 = EDGE_CURVE ( 'NONE', #1086, #1041, #1510, .T. ) ;
#790 = ADVANCED_FACE ( 'NONE', ( #572 ), #1637, .T. ) ;
#791 = VERTEX_POINT ( 'NONE', #256 ) ;
#792 = ORIENTED_EDGE ( 'NONE', *, *, #1539, .T. ) ;
#793 = PLANE ( 'NONE',  #893 ) ;
#794 = DATE_AND_TIME ( #1183, #805 ) ;
#795 = CARTESIAN_POINT ( 'NONE',  ( -0.2811959713653637283, -0.1934713277411400367, 0.1613728718807235785 ) ) ;
#796 = ORIENTED_EDGE ( 'NONE', *, *, #730, .F. ) ;
#797 = CARTESIAN_POINT ( 'NONE',  ( 1.272550286111185022E-16, 0.2187500000000000278, -0.3215119311549730075 ) ) ;
#798 = CARTESIAN_POINT ( 'NONE',  ( 0.2799403526556459298, -0.1935665729748974884, 0.1631358884563886558 ) ) ;
#799 = EDGE_LOOP ( 'NONE', ( #1302, #997 ) ) ;
#800 = ORIENTED_EDGE ( 'NONE', *, *, #751, .F. ) ;
#801 = CARTESIAN_POINT ( 'NONE',  ( -0.09452337121770293393, -0.2117286278525143950, 0.2701864326019129958 ) ) ;
#802 = EDGE_CURVE ( 'NONE', #1618, #235, #342, .T. ) ;
#803 = PERSON_AND_ORGANIZATION_ROLE ( 'classification_officer' ) ;
#804 = ADVANCED_FACE ( 'NONE', ( #971 ), #440, .F. ) ;
#805 = LOCAL_TIME ( 23, 3, 23.00000000000000000, #505 ) ;
#806 = CARTESIAN_POINT ( 'NONE',  ( -0.2800890658452907522, -0.1935268373902388206, 0.1630500288563154487 ) ) ;
#807 = ORIENTED_EDGE ( 'NONE', *, *, #940, .F. ) ;
#808 = DIRECTION ( 'NONE',  ( 1.224646799147352961E-16, -1.000000000000000000, -0.000000000000000000 ) ) ;
#809 = CYLINDRICAL_SURFACE ( 'NONE', #1176, 0.002812500000000012473 ) ;
#810 = CARTESIAN_POINT ( 'NONE',  ( 0.0002766559676917642848, -0.1934244071033567602, -0.3243107912310648211 ) ) ;
#811 = VERTEX_POINT ( 'NONE', #298 ) ;
#812 = CIRCLE ( 'NONE', #1027, 0.2756250000000002864 ) ;
#813 = VECTOR ( 'NONE', #1170, 39.37007874015748143 ) ;
#814 = VERTEX_POINT ( 'NONE', #145 ) ;
#815 = CARTESIAN_POINT ( 'NONE',  ( -5.054940246252682630E-17, 0.1940171953882646183, 0.000000000000000000 ) ) ;
#816 = AXIS2_PLACEMENT_3D ( 'NONE', #454, #1686, #313 ) ;
#817 = ADVANCED_FACE ( 'NONE', ( #428 ), #114, .T. ) ;
#818 = FACE_OUTER_BOUND ( 'NONE', #1131, .T. ) ;
#819 = DIRECTION ( 'NONE',  ( 1.000000000000000000, 8.216084191471468132E-17, 0.000000000000000000 ) ) ;
#820 = CARTESIAN_POINT ( 'NONE',  ( -0.01833548151368338125, 0.1940171953882645905, 0.1969608978297757718 ) ) ;
#821 = DIRECTION ( 'NONE',  ( 1.000000000000000000, 1.643216838294293626E-16, 0.000000000000000000 ) ) ;
#822 = ORIENTED_EDGE ( 'NONE', *, *, #464, .F. ) ;
#823 = VERTEX_POINT ( 'NONE', #852 ) ;
#824 = DIRECTION ( 'NONE',  ( -1.000000000000000000, -1.726286251920545799E-16, 0.000000000000000000 ) ) ;
#825 = CARTESIAN_POINT ( 'NONE',  ( -0.02435299000453310797, -0.1997236643215272722, -0.3106993210844751774 ) ) ;
#826 = DIRECTION ( 'NONE',  ( -0.9063077870366492705, 0.4226182617407007180, 0.000000000000000000 ) ) ;
#827 = VECTOR ( 'NONE', #687, 39.37007874015748143 ) ;
#828 = ORIENTED_EDGE ( 'NONE', *, *, #918, .F. ) ;
#829 = DIRECTION ( 'NONE',  ( 1.000000000000000000, 0.000000000000000000, 0.000000000000000000 ) ) ;
#830 = CARTESIAN_POINT ( 'NONE',  ( -0.1969608978297759105, 0.1962046953882645717, -0.01833548151368325982 ) ) ;
#831 = DIRECTION ( 'NONE',  ( -1.224646799147353207E-16, 1.000000000000000000, -0.000000000000000000 ) ) ;
#832 = EDGE_CURVE ( 'NONE', #1370, #959, #1555, .T. ) ;
#833 = ORIENTED_EDGE ( 'NONE', *, *, #657, .T. ) ;
#834 = DIRECTION ( 'NONE',  ( 1.224646799147352961E-16, -1.000000000000000000, -0.000000000000000000 ) ) ;
#835 = CARTESIAN_POINT ( 'NONE',  ( -8.303682034193658810E-05, 0.1059413287027336226, -0.3243244311549729475 ) ) ;
#836 = DIRECTION ( 'NONE',  ( 1.000000000000000000, 1.264744441511231739E-16, 0.000000000000000000 ) ) ;
#837 = VERTEX_POINT ( 'NONE', #1125 ) ;
#838 = DIRECTION ( 'NONE',  ( -1.224646799147353207E-16, 1.000000000000000000, -0.000000000000000000 ) ) ;
#839 = ORIENTED_EDGE ( 'NONE', *, *, #1492, .F. ) ;
#840 = VERTEX_POINT ( 'NONE', #1239 ) ;
#841 = ADVANCED_FACE ( 'NONE', ( #1230 ), #1759, .T. ) ;
#842 = CARTESIAN_POINT ( 'NONE',  ( -0.02424736368284869173, 0.1129373083446760240, 0.3107603044697330730 ) ) ;
#843 = AXIS2_PLACEMENT_3D ( 'NONE', #1427, #181, #1451 ) ;
#844 = CARTESIAN_POINT ( 'NONE',  ( 0.2756250000000002309, 0.1312499999999999778, 0.000000000000000000 ) ) ;
#845 = DIRECTION ( 'NONE',  ( 1.000000000000000000, 0.000000000000000000, 0.000000000000000000 ) ) ;
#846 = FACE_OUTER_BOUND ( 'NONE', #106, .T. ) ;
#847 = ORIENTED_EDGE ( 'NONE', *, *, #1574, .F. ) ;
#848 = CYLINDRICAL_SURFACE ( 'NONE', #1587, 0.02875810808309335609 ) ;
#849 = ORIENTED_EDGE ( 'NONE', *, *, #1783, .T. ) ;
#850 = VERTEX_POINT ( 'NONE', #1255 ) ;
#851 = ORIENTED_EDGE ( 'NONE', *, *, #92, .T. ) ;
#852 = CARTESIAN_POINT ( 'NONE',  ( -0.1201656081756479338, 0.1093749999999998890, 1.471604274199022497E-17 ) ) ;
#853 = CC_DESIGN_PERSON_AND_ORGANIZATION_ASSIGNMENT ( #1464, #1035, ( #430 ) ) ;
#854 = CARTESIAN_POINT ( 'NONE',  ( 0.0002488014637946237917, 0.1059470094530910317, 0.3243134047103745088 ) ) ;
#855 = DIRECTION ( 'NONE',  ( 1.224646799147352961E-16, -1.000000000000000000, -0.000000000000000000 ) ) ;
#856 = DIRECTION ( 'NONE',  ( -1.224646799147352961E-16, 1.000000000000000000, 0.000000000000000000 ) ) ;
#857 = VERTEX_POINT ( 'NONE', #1388 ) ;
#858 = LINE ( 'NONE', #1734, #1702 ) ;
#859 = LINE ( 'NONE', #844, #1601 ) ;
#860 = EDGE_CURVE ( 'NONE', #1174, #991, #984, .T. ) ;
#861 = CARTESIAN_POINT ( 'NONE',  ( 0.000000000000000000, -0.2187499999999999445, 0.000000000000000000 ) ) ;
#862 = ORIENTED_EDGE ( 'NONE', *, *, #1751, .F. ) ;
#863 = CARTESIAN_POINT ( 'NONE',  ( 0.09355409087618367370, -0.2116130641117279498, 0.2707460468680093491 ) ) ;
#864 = EDGE_LOOP ( 'NONE', ( #718, #1069, #1133, #432 ) ) ;
#865 = CARTESIAN_POINT ( 'NONE',  ( -0.2812500000000000555, 0.1283267363669178263, -0.02709236844241074554 ) ) ;
#866 = DIRECTION ( 'NONE',  ( 1.000000000000000000, 0.000000000000000000, -1.224646799147353700E-16 ) ) ;
#867 = PERSON_AND_ORGANIZATION_ROLE ( 'creator' ) ;
#868 = EDGE_CURVE ( 'NONE', #445, #823, #1498, .T. ) ;
#869 = CARTESIAN_POINT ( 'NONE',  ( 2.708861328552946562E-17, 0.1983921953882646083, 0.1748060135335251786 ) ) ;
#870 = CIRCLE ( 'NONE', #1645, 0.1978124999999999745 ) ;
#871 = CARTESIAN_POINT ( 'NONE',  ( -0.1201656081756479338, -0.2187499999999999445, 1.471604274199022497E-17 ) ) ;
#872 = CC_DESIGN_PERSON_AND_ORGANIZATION_ASSIGNMENT ( #1334, #246, ( #430 ) ) ;
#873 = CARTESIAN_POINT ( 'NONE',  ( 0.2812500000000000555, 0.1283267363669178540, -0.02709236844241067615 ) ) ;
#874 = VERTEX_POINT ( 'NONE', #545 ) ;
#875 = B_SPLINE_CURVE_WITH_KNOTS ( 'NONE', 3,
 ( #1733, #885, #1297, #60, #1304, #328, #480, #1013, #1590, #492, #740, #1282, #763 ),
 .UNSPECIFIED., .F., .F.,
 ( 4, 3, 3, 3, 4 ),
 ( 2.038778377214853915E-07, 2.207137301539753731E-05, 4.420496684320487479E-05, 6.562030145135136060E-05, 7.545506322257760625E-05 ),
 .UNSPECIFIED. ) ;
#876 = DIRECTION ( 'NONE',  ( -1.224646799147353207E-16, 1.000000000000000000, 0.000000000000000000 ) ) ;
#877 = AXIS2_PLACEMENT_3D ( 'NONE', #347, #609, #59 ) ;
#878 = CARTESIAN_POINT ( 'NONE',  ( 0.2812432917834568058, -0.1935430999068010471, -0.1609806003732630053 ) ) ;
#879 = DIRECTION ( 'NONE',  ( -1.224646799147353207E-16, 1.000000000000000000, 0.000000000000000000 ) ) ;
#880 = EDGE_CURVE ( 'NONE', #1086, #1603, #24, .T. ) ;
#881 = CARTESIAN_POINT ( 'NONE',  ( -0.001296516359830872725, 0.1061028869663618451, -0.3240109823498075192 ) ) ;
#882 = EDGE_LOOP ( 'NONE', ( #301, #1666, #1426, #727, #26 ) ) ;
#883 = CARTESIAN_POINT ( 'NONE',  ( 0.001406250000000099911, -0.1935923848279740567, 0.3239476276031167945 ) ) ;
#884 = B_SPLINE_CURVE_WITH_KNOTS ( 'NONE', 3,
 ( #322, #865, #1418, #172, #37, #595 ),
 .UNSPECIFIED., .F., .F.,
 ( 4, 2, 4 ),
 ( 0.007983391259790589486, 0.01003352725014406213, 0.01208366324049753304 ),
 .UNSPECIFIED. ) ;
#885 = CARTESIAN_POINT ( 'NONE',  ( -0.2812499999999995004, 0.1060639007845804588, 0.1610338490497514596 ) ) ;
#886 = EDGE_CURVE ( 'NONE', #1542, #814, #902, .T. ) ;
#887 = CARTESIAN_POINT ( 'NONE',  ( 0.04763260291392881762, -0.2047965161069032203, -0.2972588303046054814 ) ) ;
#888 = CARTESIAN_POINT ( 'NONE',  ( 0.000000000000000000, 0.000000000000000000, 0.000000000000000000 ) ) ;
#889 = AXIS2_PLACEMENT_3D ( 'NONE', #888, #1146, #316 ) ;
#890 = FACE_OUTER_BOUND ( 'NONE', #578, .T. ) ;
#891 = CARTESIAN_POINT ( 'NONE',  ( -0.2812057619537236541, -0.1934770630707960404, -0.1613311349559357899 ) ) ;
#892 = AXIS2_PLACEMENT_3D ( 'NONE', #1204, #1077, #116 ) ;
#893 = AXIS2_PLACEMENT_3D ( 'NONE', #1593, #362, #913 ) ;
#894 = DIRECTION ( 'NONE',  ( 1.000000000000000000, 0.000000000000000000, 0.000000000000000000 ) ) ;
#895 = AXIS2_PLACEMENT_3D ( 'NONE', #712, #1257, #1679 ) ;
#896 = CARTESIAN_POINT ( 'NONE',  ( -0.2392843907765291322, 0.1824093907765287903, 2.930388632504007882E-17 ) ) ;
#897 = CARTESIAN_POINT ( 'NONE',  ( -0.2806993802080492428, 0.1059441795611335696, -0.1624521945762803232 ) ) ;
#898 = DIRECTION ( 'NONE',  ( -0.000000000000000000, -1.000000000000000000, -0.000000000000000000 ) ) ;
#899 = CARTESIAN_POINT ( 'NONE',  ( -0.2810294467073077840, -0.1934193161511418568, -0.1618863159164150856 ) ) ;
#900 = FACE_OUTER_BOUND ( 'NONE', #951, .T. ) ;
#901 = DIRECTION ( 'NONE',  ( -0.5000000000000001110, 0.000000000000000000, -0.8660254037844385966 ) ) ;
#902 = B_SPLINE_CURVE_WITH_KNOTS ( 'NONE', 3,
 ( #1367, #842, #123, #1784, #702, #1794, #556, #421, #1659, #1247, #684, #1667 ),
 .UNSPECIFIED., .F., .F.,
 ( 4, 2, 2, 2, 2, 4 ),
 ( 2.354408506601964138E-07, 0.002049150024997802022, 0.004098064609144943908, 0.005122521901218515285, 0.006146979193292085794, 0.008195893777439232017 ),
 .UNSPECIFIED. ) ;
#903 = CARTESIAN_POINT ( 'NONE',  ( 0.2812239457555871791, 0.1060487265733057599, 0.1611379031393608274 ) ) ;
#904 = EDGE_CURVE ( 'NONE', #515, #874, #196, .T. ) ;
#905 = CYLINDRICAL_SURFACE ( 'NONE', #892, 0.02875810808309332486 ) ;
#906 = ORIENTED_EDGE ( 'NONE', *, *, #613, .T. ) ;
#907 = DIRECTION ( 'NONE',  ( -1.000000000000000000, -1.224646799147353207E-16, 0.000000000000000000 ) ) ;
#908 = CARTESIAN_POINT ( 'NONE',  ( 0.2812500000000000555, -0.2116728465583722074, -0.05375867513217650467 ) ) ;
#909 = ORIENTED_EDGE ( 'NONE', *, *, #993, .F. ) ;
#910 = DIRECTION ( 'NONE',  ( 0.7071067811865475727, -0.7071067811865474617, 0.000000000000000000 ) ) ;
#911 = ORIENTED_EDGE ( 'NONE', *, *, #918, .T. ) ;
#912 = CONICAL_SURFACE ( 'NONE', #132, 0.1514156081756480865, 0.7853981633974482790 ) ;
#913 = DIRECTION ( 'NONE',  ( 0.000000000000000000, 0.000000000000000000, -1.000000000000000000 ) ) ;
#914 = CARTESIAN_POINT ( 'NONE',  ( 0.2812500000000000555, 0.1060639007845812221, -0.1610338490497476571 ) ) ;
#915 = VERTEX_POINT ( 'NONE', #1693 ) ;
#916 = DIRECTION ( 'NONE',  ( 1.000000000000000000, 0.000000000000000000, 0.000000000000000000 ) ) ;
#917 = LOCAL_TIME ( 23, 3, 23.00000000000000000, #463 ) ;
#918 = EDGE_CURVE ( 'NONE', #1251, #291, #1236, .T. ) ;
#919 = APPROVAL ( #476, 'UNSPECIFIED' ) ;
#920 = DIRECTION ( 'NONE',  ( 1.000000000000000000, 1.238933330459982122E-16, 0.000000000000000000 ) ) ;
#921 = CIRCLE ( 'NONE', #47, 0.1201656081756480310 ) ;
#922 = FACE_OUTER_BOUND ( 'NONE', #1535, .T. ) ;
#923 = ORIENTED_EDGE ( 'NONE', *, *, #1748, .F. ) ;
#924 = FACE_OUTER_BOUND ( 'NONE', #554, .T. ) ;
#925 = SHAPE_DEFINITION_REPRESENTATION ( #1527, #1074 ) ;
#926 = DIRECTION ( 'NONE',  ( 1.224646799147352961E-16, -1.000000000000000000, -0.000000000000000000 ) ) ;
#927 = ORIENTED_EDGE ( 'NONE', *, *, #1560, .T. ) ;
#928 = DIRECTION ( 'NONE',  ( -1.000000000000000000, -1.224646799147352961E-16, 0.000000000000000000 ) ) ;
#929 = DIRECTION ( 'NONE',  ( 1.224646799147352961E-16, -1.000000000000000000, -0.000000000000000000 ) ) ;
#930 = CARTESIAN_POINT ( 'NONE',  ( 0.000000000000000000, -0.2187499999999999445, 0.000000000000000000 ) ) ;
#931 = EDGE_CURVE ( 'NONE', #438, #555, #858, .T. ) ;
#932 = EDGE_LOOP ( 'NONE', ( #1219, #591, #1054, #1082 ) ) ;
#933 = CARTESIAN_POINT ( 'NONE',  ( -0.2338877481682348769, -0.2047280639779149591, 0.1897243720540790768 ) ) ;
#934 = APPROVAL_DATE_TIME ( #1565, #285 ) ;
#935 = EDGE_CURVE ( 'NONE', #205, #1635, #140, .T. ) ;
#936 = CARTESIAN_POINT ( 'NONE',  ( 0.2807386034227041804, 0.1059470605588065523, -0.1623730862557352383 ) ) ;
#937 = ORIENTED_EDGE ( 'NONE', *, *, #868, .T. ) ;
#938 = FACE_OUTER_BOUND ( 'NONE', #882, .T. ) ;
#939 = CARTESIAN_POINT ( 'NONE',  ( 0.2756250000000002309, 0.1312499999999999778, 0.000000000000000000 ) ) ;
#940 = EDGE_CURVE ( 'NONE', #1597, #837, #633, .T. ) ;
#941 = ORIENTED_EDGE ( 'NONE', *, *, #860, .T. ) ;
#942 = FACE_OUTER_BOUND ( 'NONE', #495, .T. ) ;
#943 = CARTESIAN_POINT ( 'NONE',  ( 0.2078124999999999833, 0.1093749999999998612, 0.000000000000000000 ) ) ;
#944 = VERTEX_POINT ( 'NONE', #359 ) ;
#945 = FACE_OUTER_BOUND ( 'NONE', #1384, .T. ) ;
#946 = CARTESIAN_POINT ( 'NONE',  ( 0.2805553867112955957, -0.1934375364400230113, 0.1626285962206735214 ) ) ;
#947 = CARTESIAN_POINT ( 'NONE',  ( 2.762439626015643300E-17, 0.1940171953882645905, 0.1748060135335251786 ) ) ;
#948 = LINE ( 'NONE', #294, #173 ) ;
#949 = VECTOR ( 'NONE', #967, 39.37007874015748143 ) ;
#950 = CIRCLE ( 'NONE', #482, 0.1201656081756480310 ) ;
#951 = EDGE_LOOP ( 'NONE', ( #202, #1340, #1113, #1537 ) ) ;
#952 = DIRECTION ( 'NONE',  ( 1.224646799147352961E-16, -1.000000000000000000, -0.000000000000000000 ) ) ;
#953 = EDGE_CURVE ( 'NONE', #427, #811, #122, .T. ) ;
#954 = CARTESIAN_POINT ( 'NONE',  ( -0.1296157209956336209, 0.1283458043576479746, -0.2499258550111282395 ) ) ;
#955 = CARTESIAN_POINT ( 'NONE',  ( 0.000000000000000000, -0.2187499999999999445, 0.000000000000000000 ) ) ;
#956 = CIRCLE ( 'NONE', #1126, 0.02875810808309332486 ) ;
#957 = CARTESIAN_POINT ( 'NONE',  ( 0.2812500000000002220, -0.1935923848279730297, 0.1607559655774908058 ) ) ;
#958 = FACE_OUTER_BOUND ( 'NONE', #1364, .T. ) ;
#959 = VERTEX_POINT ( 'NONE', #642 ) ;
#960 = AXIS2_PLACEMENT_3D ( 'NONE', #561, #149, #551 ) ;
#961 = DIRECTION ( 'NONE',  ( 1.224646799147352961E-16, -1.000000000000000000, -0.000000000000000000 ) ) ;
#962 = CARTESIAN_POINT ( 'NONE',  ( 0.0008069409613730367569, 0.1059949861580674474, 0.3242202792079253437 ) ) ;
#963 = CARTESIAN_POINT ( 'NONE',  ( -4.018372309702248898E-17, 0.1093749999999998473, 0.000000000000000000 ) ) ;
#964 = EDGE_CURVE ( 'NONE', #1006, #427, #1285, .T. ) ;
#965 = ORIENTED_EDGE ( 'NONE', *, *, #1237, .T. ) ;
#966 = CARTESIAN_POINT ( 'NONE',  ( 0.1867266287822925697, -0.2117286278525148113, 0.2169528570268368095 ) ) ;
#967 = DIRECTION ( 'NONE',  ( -1.224646799147353207E-16, 1.000000000000000000, -0.000000000000000000 ) ) ;
#968 = DIRECTION ( 'NONE',  ( 1.000000000000000000, 1.224646799147352961E-16, 0.000000000000000000 ) ) ;
#969 = ORIENTED_EDGE ( 'NONE', *, *, #832, .T. ) ;
#970 = VERTEX_POINT ( 'NONE', #61 ) ;
#971 = FACE_OUTER_BOUND ( 'NONE', #31, .T. ) ;
#972 = B_SPLINE_CURVE_WITH_KNOTS ( 'NONE', 3,
 ( #1276, #1664, #1132, #139, #1394, #1682 ),
 .UNSPECIFIED., .F., .F.,
 ( 4, 2, 4 ),
 ( 0.01136676906760582771, 0.01343007983936278169, 0.01549339061111973739 ),
 .UNSPECIFIED. ) ;
#973 = CARTESIAN_POINT ( 'NONE',  ( -0.2570026363171587502, 0.1129373083446740950, -0.1763789851590098767 ) ) ;
#974 = CYLINDRICAL_SURFACE ( 'NONE', #330, 0.1201656081756479338 ) ;
#975 = ORIENTED_EDGE ( 'NONE', *, *, #682, .F. ) ;
#976 = DIRECTION ( 'NONE',  ( 1.224646799147352961E-16, -1.000000000000000000, -0.000000000000000000 ) ) ;
#977 = CARTESIAN_POINT ( 'NONE',  ( -4.018372309702248898E-17, 0.1093749999999998473, 0.000000000000000000 ) ) ;
#978 = CARTESIAN_POINT ( 'NONE',  ( -0.2812500000000000555, -0.2135040388457563609, -6.176066813473717973E-21 ) ) ;
#979 = ORIENTED_EDGE ( 'NONE', *, *, #1574, .T. ) ;
#980 = ORIENTED_EDGE ( 'NONE', *, *, #1372, .F. ) ;
#981 = B_SPLINE_CURVE_WITH_KNOTS ( 'NONE', 3,
 ( #536, #835, #1258, #16, #1128, #1777, #1085, #1638, #881, #469 ),
 .UNSPECIFIED., .F., .F.,
 ( 4, 3, 3, 4 ),
 ( 3.792397717371276454E-05, 4.420872248444765581E-05, 6.562461217365540291E-05, 7.548704908547955450E-05 ),
 .UNSPECIFIED. ) ;
#982 = CC_DESIGN_APPROVAL ( #1162, ( #1349 ) ) ;
#983 = DIRECTION ( 'NONE',  ( -1.224646799147353207E-16, 1.000000000000000000, -0.000000000000000000 ) ) ;
#984 = CIRCLE ( 'NONE', #1354, 0.2756250000000002864 ) ;
#985 = CARTESIAN_POINT ( 'NONE',  ( -0.0008970798137709910846, 0.1060092082166408378, 0.3241926940257748857 ) ) ;
#986 = DIRECTION ( 'NONE',  ( -1.000000000000000000, 0.000000000000000000, 0.000000000000000000 ) ) ;
#987 = AXIS2_PLACEMENT_3D ( 'NONE', #66, #1700, #1563 ) ;
#988 = EDGE_LOOP ( 'NONE', ( #1200, #85 ) ) ;
#989 = DIRECTION ( 'NONE',  ( -0.000000000000000000, 1.000000000000000000, -0.000000000000000000 ) ) ;
#990 = DIRECTION ( 'NONE',  ( -1.224646799147353207E-16, 1.000000000000000000, -0.000000000000000000 ) ) ;
#991 = VERTEX_POINT ( 'NONE', #584 ) ;
#992 = VERTEX_POINT ( 'NONE', #1001 ) ;
#993 = EDGE_CURVE ( 'NONE', #1228, #1275, #1144, .T. ) ;
#994 = LINE ( 'NONE', #1267, #813 ) ;
#995 = CARTESIAN_POINT ( 'NONE',  ( -0.04736225183176497044, -0.2047280639779149869, -0.2974149175746683693 ) ) ;
#996 = CARTESIAN_POINT ( 'NONE',  ( -0.2812500000000000555, -0.1935923848279882953, -0.1607559655775017138 ) ) ;
#997 = ORIENTED_EDGE ( 'NONE', *, *, #411, .T. ) ;
#998 = CARTESIAN_POINT ( 'NONE',  ( 0.001406250000000099911, -0.1935923848279740567, 0.3239476276031167945 ) ) ;
#999 = ORIENTED_EDGE ( 'NONE', *, *, #1401, .F. ) ;
#1000 = ORIENTED_EDGE ( 'NONE', *, *, #673, .T. ) ;
#1001 = CARTESIAN_POINT ( 'NONE',  ( 0.01833548151368322512, 0.1983921953882646083, -0.1969608978297758828 ) ) ;
#1002 = EDGE_CURVE ( 'NONE', #235, #1075, #577, .T. ) ;
#1003 = DIRECTION ( 'NONE',  ( 1.224646799147352961E-16, -1.000000000000000000, -0.000000000000000000 ) ) ;
#1004 = CARTESIAN_POINT ( 'NONE',  ( 0.0002080546751342984802, 0.1059413287027335532, -0.3243244311549731140 ) ) ;
#1005 = DIRECTION ( 'NONE',  ( 1.000000000000000000, 1.238933330459982122E-16, 0.000000000000000000 ) ) ;
#1006 = VERTEX_POINT ( 'NONE', #623 ) ;
#1007 = ORIENTED_EDGE ( 'NONE', *, *, #270, .F. ) ;
#1008 = VECTOR ( 'NONE', #135, 39.37007874015748143 ) ;
#1009 = ORIENTED_EDGE ( 'NONE', *, *, #306, .F. ) ;
#1010 = CARTESIAN_POINT ( 'NONE',  ( -3.827021247335483395E-18, -0.1874999999999999167, 0.000000000000000000 ) ) ;
#1011 = LINE ( 'NONE', #1719, #293 ) ;
#1012 = CARTESIAN_POINT ( 'NONE',  ( -0.0002766559676915365481, -0.1934244071033567602, 0.3243107912310648211 ) ) ;
#1013 = CARTESIAN_POINT ( 'NONE',  ( -0.2805771330999506930, 0.1059599170301351312, 0.1626028526036344679 ) ) ;
#1014 = CARTESIAN_POINT ( 'NONE',  ( -0.2799403526556502042, -0.1935665729748963781, -0.1631358884563861023 ) ) ;
#1015 = CARTESIAN_POINT ( 'NONE',  ( 0.2808785040713779879, -0.1934110408062713893, -0.1621835699704022304 ) ) ;
#1016 = CALENDAR_DATE ( 2026, 7, 1 ) ;
#1017 = DIRECTION ( 'NONE',  ( 1.224646799147352961E-16, -1.000000000000000000, -0.000000000000000000 ) ) ;
#1018 = EDGE_CURVE ( 'NONE', #1791, #1370, #994, .T. ) ;
#1019 = CARTESIAN_POINT ( 'NONE',  ( -0.2812500000000000000, -0.2116737604139605211, 0.05379258409692342507 ) ) ;
#1020 = CARTESIAN_POINT ( 'NONE',  ( 0.1201656081756480310, -0.1874999999999999167, 0.000000000000000000 ) ) ;
#1021 = CARTESIAN_POINT ( 'NONE',  ( -0.2805037654696767024, 0.1059768957851423693, -0.1626640282753092914 ) ) ;
#1022 = FACE_OUTER_BOUND ( 'NONE', #1037, .T. ) ;
#1023 = CC_DESIGN_DATE_AND_TIME_ASSIGNMENT ( #794, #667, ( #1349 ) ) ;
#1024 = CARTESIAN_POINT ( 'NONE',  ( -0.1978125000000000022, 0.1940171953882645350, 2.422504449563358014E-17 ) ) ;
#1025 = CARTESIAN_POINT ( 'NONE',  ( -0.2812413875544909625, 0.1060737386212384920, -0.1610106555696617647 ) ) ;
#1026 = DIRECTION ( 'NONE',  ( 1.224646799147352961E-16, -1.000000000000000000, -0.000000000000000000 ) ) ;
#1027 = AXIS2_PLACEMENT_3D ( 'NONE', #105, #247, #1596 ) ;
#1028 = AXIS2_PLACEMENT_3D ( 'NONE', #1320, #901, #1310 ) ;
#1029 = CARTESIAN_POINT ( 'NONE',  ( 0.2812500000000000555, 0.1185499399771358514, -0.1077079962081769204 ) ) ;
#1030 = DIRECTION ( 'NONE',  ( 0.9063077870366492705, 0.4226182617407008846, 1.109906930436753466E-16 ) ) ;
#1031 = B_SPLINE_CURVE_WITH_KNOTS ( 'NONE', 3,
 ( #400, #825, #995, #686, #1403, #574, #1412, #1223, #1796, #1785 ),
 .UNSPECIFIED., .F., .F.,
 ( 4, 2, 2, 2, 4 ),
 ( 2.338843018211797664E-07, 0.002045015390588128534, 0.004089796896874436406, 0.006134578403160744278, 0.008179359909447051283 ),
 .UNSPECIFIED. ) ;
#1032 = CLOSED_SHELL ( 'NONE', ( #1301, #715, #1772, #377, #78, #1135, #703, #1708, #1568, #1203, #233, #79, #778, #1547, #1622, #1458, #166, #1387, #497 ) ) ;
#1033 = ADVANCED_FACE ( 'NONE', ( #349 ), #1040, .F. ) ;
#1034 = LINE ( 'NONE', #784, #226 ) ;
#1035 = PERSON_AND_ORGANIZATION_ROLE ( 'design_supplier' ) ;
#1036 = CARTESIAN_POINT ( 'NONE',  ( 0.2799531773413829749, 0.1061029781775901515, -0.1631284841206256941 ) ) ;
#1037 = EDGE_LOOP ( 'NONE', ( #558, #582, #598, #644 ) ) ;
#1038 = CARTESIAN_POINT ( 'NONE',  ( -0.0005616891293474104768, -0.1934374316414345374, 0.3242826168589925673 ) ) ;
#1039 = CARTESIAN_POINT ( 'NONE',  ( -0.2812500000000000555, -0.2043341370854372396, 0.1076961135362233535 ) ) ;
#1040 = PLANE ( 'NONE',  #1028 ) ;
#1041 = VERTEX_POINT ( 'NONE', #777 ) ;
#1042 = ORIENTED_EDGE ( 'NONE', *, *, #366, .T. ) ;
#1043 = CARTESIAN_POINT ( 'NONE',  ( -0.1645121660774109817, -0.2134726519350361729, 0.2297783830494031510 ) ) ;
#1044 = EDGE_CURVE ( 'NONE', #11, #113, #950, .T. ) ;
#1045 = COORDINATED_UNIVERSAL_TIME_OFFSET ( 6, 0, .BEHIND. ) ;
#1046 = EDGE_CURVE ( 'NONE', #1251, #466, #481, .T. ) ;
#1047 = CARTESIAN_POINT ( 'NONE',  ( 0.2803787275901544196, 0.1059951488564651878, -0.1628097253988384230 ) ) ;
#1048 = ORIENTED_EDGE ( 'NONE', *, *, #1049, .F. ) ;
#1049 = EDGE_CURVE ( 'NONE', #1041, #850, #169, .T. ) ;
#1050 = DIRECTION ( 'NONE',  ( -1.224646799147353207E-16, 1.000000000000000000, 0.000000000000000000 ) ) ;
#1051 = DIRECTION ( 'NONE',  ( 1.224646799147352961E-16, -1.000000000000000000, -0.000000000000000000 ) ) ;
#1052 = AXIS2_PLACEMENT_3D ( 'NONE', #384, #1087, #680 ) ;
#1053 = ORIENTED_EDGE ( 'NONE', *, *, #802, .F. ) ;
#1054 = ORIENTED_EDGE ( 'NONE', *, *, #1595, .T. ) ;
#1055 = DIRECTION ( 'NONE',  ( 1.224646799147352961E-16, -1.000000000000000000, -0.000000000000000000 ) ) ;
#1056 = APPROVAL_ROLE ( '' ) ;
#1057 = DIRECTION ( 'NONE',  ( 1.224646799147352961E-16, -1.000000000000000000, -0.000000000000000000 ) ) ;
#1058 = EDGE_LOOP ( 'NONE', ( #1140, #1765, #999, #1007 ) ) ;
#1059 = CARTESIAN_POINT ( 'NONE',  ( 4.181936126497572395E-33, 0.1093749999999998751, 0.1201656081756478922 ) ) ;
#1060 = EDGE_CURVE ( 'NONE', #1006, #1553, #1093, .T. ) ;
#1061 = CARTESIAN_POINT ( 'NONE',  ( 2.762439626015643300E-17, 0.1940171953882645905, 0.1748060135335251786 ) ) ;
#1062 = PLANE ( 'NONE',  #1066 ) ;
#1063 = AXIS2_PLACEMENT_3D ( 'NONE', #1583, #1742, #735 ) ;
#1064 = ORIENTED_EDGE ( 'NONE', *, *, #1648, .F. ) ;
#1065 = VERTEX_POINT ( 'NONE', #1554 ) ;
#1066 = AXIS2_PLACEMENT_3D ( 'NONE', #241, #252, #1339 ) ;
#1067 = CARTESIAN_POINT ( 'NONE',  ( 0.2812499999999997780, 0.1061028882280841829, 0.1608826701783765967 ) ) ;
#1068 = DIRECTION ( 'NONE',  ( 0.000000000000000000, 0.000000000000000000, -1.000000000000000000 ) ) ;
#1069 = ORIENTED_EDGE ( 'NONE', *, *, #886, .T. ) ;
#1070 = DIRECTION ( 'NONE',  ( -1.224646799147352961E-16, 1.000000000000000000, 0.000000000000000000 ) ) ;
#1071 = FACE_BOUND ( 'NONE', #370, .T. ) ;
#1072 = EDGE_CURVE ( 'NONE', #1665, #452, #884, .T. ) ;
#1073 = DIRECTION ( 'NONE',  ( -1.000000000000000000, 0.000000000000000000, 0.000000000000000000 ) ) ;
#1074 = ADVANCED_BREP_SHAPE_REPRESENTATION ( '90099A030_NO THREADS_18-8 Stainless Steel Heavy-Profile Nylon-Insert Locknut', ( #474, #1652, #889 ), #1123 ) ;
#1075 = VERTEX_POINT ( 'NONE', #1599 ) ;
#1076 = CARTESIAN_POINT ( 'NONE',  ( 0.1178839280406338702, 0.1278577767001868315, 0.2566992088317743281 ) ) ;
#1077 = DIRECTION ( 'NONE',  ( -1.224646799147353207E-16, 1.000000000000000000, -0.000000000000000000 ) ) ;
#1078 = ORIENTED_EDGE ( 'NONE', *, *, #158, .F. ) ;
#1079 = CARTESIAN_POINT ( 'NONE',  ( -5.427312420258631709E-17, 0.1983921953882646083, -0.1748060135335251786 ) ) ;
#1080 = CYLINDRICAL_SURFACE ( 'NONE', #1420, 0.1978124999999999745 ) ;
#1081 = DIRECTION ( 'NONE',  ( -1.000000000000000000, -1.726286251920545799E-16, 0.000000000000000000 ) ) ;
#1082 = ORIENTED_EDGE ( 'NONE', *, *, #426, .F. ) ;
#1083 = ORIENTED_EDGE ( 'NONE', *, *, #1150, .F. ) ;
#1084 = CARTESIAN_POINT ( 'NONE',  ( -4.018372309702250747E-17, 0.1093749999999999029, 0.000000000000000000 ) ) ;
#1085 = CARTESIAN_POINT ( 'NONE',  ( -0.001062441433577944504, 0.1060487236681040141, -0.3241160383820695934 ) ) ;
#1086 = VERTEX_POINT ( 'NONE', #820 ) ;
#1087 = DIRECTION ( 'NONE',  ( 1.224646799147352961E-16, -1.000000000000000000, -0.000000000000000000 ) ) ;
#1088 = DIRECTION ( 'NONE',  ( 1.224646799147352961E-16, -1.000000000000000000, -0.000000000000000000 ) ) ;
#1089 = CARTESIAN_POINT ( 'NONE',  ( -0.2812500000000000555, 0.2187500000000000278, -0.1607559655774867813 ) ) ;
#1090 = ORIENTED_EDGE ( 'NONE', *, *, #1072, .T. ) ;
#1091 = AXIS2_PLACEMENT_3D ( 'NONE', #1647, #952, #1399 ) ;
#1092 = CARTESIAN_POINT ( 'NONE',  ( -0.1748060135335252063, 0.1940171953882645628, 1.927330624950384286E-17 ) ) ;
#1093 = CIRCLE ( 'NONE', #816, 0.2700000000000002398 ) ;
#1094 = EDGE_CURVE ( 'NONE', #1430, #1375, #688, .T. ) ;
#1095 = B_SPLINE_CURVE_WITH_KNOTS ( 'NONE', 3,
 ( #1564, #1569, #57, #335, #1164, #586, #1696, #887, #462, #1546 ),
 .UNSPECIFIED., .F., .F.,
 ( 4, 2, 2, 2, 4 ),
 ( 2.338843016251044769E-07, 0.002045015390587931643, 0.004089796896874238648, 0.006134578403160544785, 0.008179359909446851790 ),
 .UNSPECIFIED. ) ;
#1096 = CARTESIAN_POINT ( 'NONE',  ( -0.1969608978297759105, 0.1983921953882645528, -0.01833548151368326329 ) ) ;
#1097 = LINE ( 'NONE', #696, #608 ) ;
#1098 = ORIENTED_EDGE ( 'NONE', *, *, #1634, .F. ) ;
#1099 = FACE_OUTER_BOUND ( 'NONE', #224, .T. ) ;
#1100 = ORIENTED_EDGE ( 'NONE', *, *, #144, .T. ) ;
#1101 = ORIENTED_EDGE ( 'NONE', *, *, #49, .F. ) ;
#1102 = CARTESIAN_POINT ( 'NONE',  ( 0.2784375000000000044, 0.2187500000000000278, -0.1607559655774866147 ) ) ;
#1103 = EDGE_CURVE ( 'NONE', #1597, #1592, #1579, .T. ) ;
#1104 = EDGE_CURVE ( 'NONE', #1603, #1466, #1355, .T. ) ;
#1105 = CARTESIAN_POINT ( 'NONE',  ( 0.001406249999992110209, 0.1061355640142144230, 0.3239476276031219015 ) ) ;
#1106 = CARTESIAN_POINT ( 'NONE',  ( 0.2812499999999999445, -0.2135040388457562777, 0.02688147142213399496 ) ) ;
#1107 = EDGE_LOOP ( 'NONE', ( #148, #1000, #1614, #1600 ) ) ;
#1108 = CARTESIAN_POINT ( 'NONE',  ( 0.2798437500000000577, -0.1935923848279740567, 0.1631916620256302908 ) ) ;
#1109 = ORIENTED_EDGE ( 'NONE', *, *, #180, .T. ) ;
#1110 = ORIENTED_EDGE ( 'NONE', *, *, #1694, .T. ) ;
#1111 = DIRECTION ( 'NONE',  ( 1.224646799147352961E-16, -1.000000000000000000, -0.000000000000000000 ) ) ;
#1112 = CARTESIAN_POINT ( 'NONE',  ( 0.000000000000000000, 0.2187500000000000278, 0.000000000000000000 ) ) ;
#1113 = ORIENTED_EDGE ( 'NONE', *, *, #1751, .T. ) ;
#1114 = DIRECTION ( 'NONE',  ( -1.224646799147353207E-16, 1.000000000000000000, 0.000000000000000000 ) ) ;
#1115 = ORIENTED_EDGE ( 'NONE', *, *, #654, .T. ) ;
#1116 = CARTESIAN_POINT ( 'NONE',  ( -0.2756250000000003419, 0.1312499999999998945, 3.375432740149896051E-17 ) ) ;
#1117 = EDGE_CURVE ( 'NONE', #113, #320, #197, .T. ) ;
#1118 = B_SPLINE_CURVE_WITH_KNOTS ( 'NONE', 3,
 ( #1744, #208, #71, #91, #1585, #653, #1076, #496, #83, #63, #486, #1738 ),
 .UNSPECIFIED., .F., .F.,
 ( 4, 2, 2, 2, 2, 4 ),
 ( 2.354408506595191580E-07, 0.002049150024997866207, 0.004098064609145072278, 0.005122521901218674012, 0.006146979193292274879, 0.008195893777439476613 ),
 .UNSPECIFIED. ) ;
#1119 = ORIENTED_EDGE ( 'NONE', *, *, #953, .F. ) ;
#1120 = ORIENTED_EDGE ( 'NONE', *, *, #593, .F. ) ;
#1121 = EDGE_LOOP ( 'NONE', ( #706, #401 ) ) ;
#1122 = ADVANCED_FACE ( 'NONE', ( #1351, #1071 ), #1496, .F. ) ;
#1123 =( GEOMETRIC_REPRESENTATION_CONTEXT ( 3 ) GLOBAL_UNCERTAINTY_ASSIGNED_CONTEXT ( ( #1655 ) ) GLOBAL_UNIT_ASSIGNED_CONTEXT ( ( #64, #1558, #1287 ) ) REPRESENTATION_CONTEXT ( 'NONE', 'WORKASPACE' ) );
#1124 = AXIS2_PLACEMENT_3D ( 'NONE', #1299, #344, #29 ) ;
#1125 = CARTESIAN_POINT ( 'NONE',  ( 0.01833548151368319737, 0.1983921953882646083, 0.1969608978297757440 ) ) ;
#1126 = AXIS2_PLACEMENT_3D ( 'NONE', #507, #926, #1729 ) ;
#1127 = AXIS2_PLACEMENT_3D ( 'NONE', #504, #1055, #1605 ) ;
#1128 = CARTESIAN_POINT ( 'NONE',  ( -0.0005285394097346136043, 0.1059598090210072258, -0.3242885609240411804 ) ) ;
#1129 = CARTESIAN_POINT ( 'NONE',  ( 0.000000000000000000, -0.2187499999999999445, 0.000000000000000000 ) ) ;
#1130 = EDGE_CURVE ( 'NONE', #1261, #1551, #1240, .T. ) ;
#1131 = EDGE_LOOP ( 'NONE', ( #1646, #1295, #786, #1098 ) ) ;
#1132 = CARTESIAN_POINT ( 'NONE',  ( 0.2812500000000000555, 0.1262036853929843494, 0.05458229119667353663 ) ) ;
#1133 = ORIENTED_EDGE ( 'NONE', *, *, #730, .T. ) ;
#1134 = VERTEX_POINT ( 'NONE', #1329 ) ;
#1135 = ADVANCED_FACE ( 'NONE', ( #1771 ), #127, .T. ) ;
#1136 = DIRECTION ( 'NONE',  ( 1.000000000000000000, 1.726286251920545799E-16, 0.000000000000000000 ) ) ;
#1137 = CIRCLE ( 'NONE', #615, 0.2078125000000000111 ) ;
#1138 = CARTESIAN_POINT ( 'NONE',  ( 0.2807116915326511863, -0.1934193762099609415, -0.1624364241317237112 ) ) ;
#1139 = CARTESIAN_POINT ( 'NONE',  ( 0.02875810808309326935, 0.1983921953882646083, -0.1748060135335251786 ) ) ;
#1140 = ORIENTED_EDGE ( 'NONE', *, *, #546, .F. ) ;
#1141 = CARTESIAN_POINT ( 'NONE',  ( 1.471604274199025270E-17, 0.1093749999999999029, 0.1201656081756480587 ) ) ;
#1142 = ORIENTED_EDGE ( 'NONE', *, *, #34, .F. ) ;
#1143 = EDGE_LOOP ( 'NONE', ( #1607, #719, #443, #592 ) ) ;
#1144 = LINE ( 'NONE', #1278, #547 ) ;
#1145 = CARTESIAN_POINT ( 'NONE',  ( 0.2803105774807240214, 0.1060092061395409707, 0.1628732340163912551 ) ) ;
#1146 = DIRECTION ( 'NONE',  ( 0.000000000000000000, 0.000000000000000000, 1.000000000000000000 ) ) ;
#1147 = ORIENTED_EDGE ( 'NONE', *, *, #1049, .T. ) ;
#1148 = DIRECTION ( 'NONE',  ( 1.000000000000000000, 1.643216838294293626E-16, 0.000000000000000000 ) ) ;
#1149 = DIRECTION ( 'NONE',  ( -1.224646799147353207E-16, 1.000000000000000000, -0.000000000000000000 ) ) ;
#1150 = EDGE_CURVE ( 'NONE', #1065, #291, #1530, .T. ) ;
#1151 = CARTESIAN_POINT ( 'NONE',  ( 0.2806993802080492428, 0.1059441795611336806, 0.1624521945762801567 ) ) ;
#1152 = EDGE_CURVE ( 'NONE', #1381, #136, #697, .T. ) ;
#1153 = APPROVAL_ROLE ( '' ) ;
#1154 = AXIS2_PLACEMENT_3D ( 'NONE', #678, #153, #1776 ) ;
#1155 = EDGE_LOOP ( 'NONE', ( #652, #975, #388, #418, #490 ) ) ;
#1156 = PLANE ( 'NONE',  #115 ) ;
#1157 = CARTESIAN_POINT ( 'NONE',  ( 0.04718706595679515031, 0.1185071867774442900, -0.2975160611867403437 ) ) ;
#1158 = CARTESIAN_POINT ( 'NONE',  ( 0.2805037654696767024, 0.1059768957851424664, 0.1626640282753091249 ) ) ;
#1159 = APPLICATION_PROTOCOL_DEFINITION ( 'international standard', 'config_control_design', 1994, #743 ) ;
#1160 = ORIENTED_EDGE ( 'NONE', *, *, #297, .F. ) ;
#1161 = CARTESIAN_POINT ( 'NONE',  ( 0.000000000000000000, -0.2187499999999999445, 0.000000000000000000 ) ) ;
#1162 = APPROVAL ( #102, 'UNSPECIFIED' ) ;
#1163 = CARTESIAN_POINT ( 'NONE',  ( 0.001406250000000083648, 0.1061355640142170043, -0.3239476276031167945 ) ) ;
#1164 = CARTESIAN_POINT ( 'NONE',  ( 0.1645121660774178374, -0.2134726519350357843, -0.2297783830493991264 ) ) ;
#1165 = LENGTH_MEASURE_WITH_UNIT ( LENGTH_MEASURE( 0.02539999999999999897 ), #199 );
#1166 = VECTOR ( 'NONE', #787, 39.37007874015748143 ) ;
#1167 = ORIENTED_EDGE ( 'NONE', *, *, #1104, .T. ) ;
#1168 = CARTESIAN_POINT ( 'NONE',  ( 0.1748060135335251508, 0.1940171953882646183, 2.134256245050205639E-18 ) ) ;
#1169 = DIRECTION ( 'NONE',  ( 1.224646799147352961E-16, -1.000000000000000000, -0.000000000000000000 ) ) ;
#1170 = DIRECTION ( 'NONE',  ( -1.224646799147353207E-16, 1.000000000000000000, -0.000000000000000000 ) ) ;
#1171 = EDGE_CURVE ( 'NONE', #970, #312, #39, .T. ) ;
#1172 = LINE ( 'NONE', #1755, #1610 ) ;
#1173 = PERSON_AND_ORGANIZATION ( #1701, #1290 ) ;
#1174 = VERTEX_POINT ( 'NONE', #939 ) ;
#1175 = CARTESIAN_POINT ( 'NONE',  ( -0.02875810808309338037, 0.1983921953882646083, -0.1748060135335251786 ) ) ;
#1176 = AXIS2_PLACEMENT_3D ( 'NONE', #1762, #1641, #1226 ) ;
#1177 = CARTESIAN_POINT ( 'NONE',  ( 0.2798437500000084399, 0.1061355640142144646, -0.1631916620256260442 ) ) ;
#1178 = DIRECTION ( 'NONE',  ( 1.224646799147352961E-16, -1.000000000000000000, -0.000000000000000000 ) ) ;
#1179 = EDGE_CURVE ( 'NONE', #1383, #970, #1507, .T. ) ;
#1180 = AXIS2_PLACEMENT_3D ( 'NONE', #679, #1465, #1068 ) ;
#1181 = ORIENTED_EDGE ( 'NONE', *, *, #1152, .T. ) ;
#1182 = CARTESIAN_POINT ( 'NONE',  ( -0.001406249999993362679, -0.1935923848279721970, 0.3239476276031209023 ) ) ;
#1183 = CALENDAR_DATE ( 2026, 7, 1 ) ;
#1184 = CARTESIAN_POINT ( 'NONE',  ( 0.1978124999999999745, -0.2187499999999999167, 0.000000000000000000 ) ) ;
#1185 = EDGE_LOOP ( 'NONE', ( #588, #780, #1417, #1120 ) ) ;
#1186 = CARTESIAN_POINT ( 'NONE',  ( 0.1969608978297758828, 0.1983921953882646361, 0.01833548151368328757 ) ) ;
#1187 = B_SPLINE_CURVE_WITH_KNOTS ( 'NONE', 3,
 ( #581, #46, #1029, #616, #873, #750 ),
 .UNSPECIFIED., .F., .F.,
 ( 4, 2, 4 ),
 ( 0.007247578920011490781, 0.009307173993808658813, 0.01136676906760582771 ),
 .UNSPECIFIED. ) ;
#1188 = CARTESIAN_POINT ( 'NONE',  ( 0.1748060135335251508, 0.1940171953882646183, 2.134256245050205639E-18 ) ) ;
#1189 = CARTESIAN_POINT ( 'NONE',  ( 0.2812500000000000555, 0.1283267363669178540, -3.556085576685269775E-27 ) ) ;
#1190 = ORIENTED_EDGE ( 'NONE', *, *, #398, .T. ) ;
#1191 = CARTESIAN_POINT ( 'NONE',  ( -5.373734122795935279E-17, 0.1940171953882645905, -0.1748060135335251786 ) ) ;
#1192 = ADVANCED_FACE ( 'NONE', ( #1486 ), #809, .T. ) ;
#1193 = ADVANCED_FACE ( 'NONE', ( #1363 ), #171, .T. ) ;
#1194 = DIRECTION ( 'NONE',  ( -1.224646799147353207E-16, 1.000000000000000000, 0.000000000000000000 ) ) ;
#1195 = ORIENTED_EDGE ( 'NONE', *, *, #1362, .F. ) ;
#1196 = LINE ( 'NONE', #1485, #1343 ) ;
#1197 = DIRECTION ( 'NONE',  ( 0.000000000000000000, -0.000000000000000000, 1.000000000000000000 ) ) ;
#1198 = CARTESIAN_POINT ( 'NONE',  ( 2.762439626015643300E-17, 0.1940171953882645905, 0.1748060135335251786 ) ) ;
#1199 = ORIENTED_EDGE ( 'NONE', *, *, #543, .T. ) ;
#1200 = ORIENTED_EDGE ( 'NONE', *, *, #868, .F. ) ;
#1201 = DIRECTION ( 'NONE',  ( 1.000000000000000000, 0.000000000000000000, 0.000000000000000000 ) ) ;
#1202 = DATE_AND_TIME ( #257, #661 ) ;
#1203 = ADVANCED_FACE ( 'NONE', ( #1216 ), #1080, .T. ) ;
#1204 = CARTESIAN_POINT ( 'NONE',  ( -5.373734122795935279E-17, 0.1940171953882645905, -0.1748060135335251786 ) ) ;
#1205 = ORIENTED_EDGE ( 'NONE', *, *, #1629, .F. ) ;
#1206 = PLANE ( 'NONE',  #1668 ) ;
#1207 = AXIS2_PLACEMENT_3D ( 'NONE', #1661, #1369, #157 ) ;
#1208 = DIRECTION ( 'NONE',  ( 1.224646799147352961E-16, -1.000000000000000000, -0.000000000000000000 ) ) ;
#1209 = FACE_BOUND ( 'NONE', #799, .T. ) ;
#1210 = AXIS2_PLACEMENT_3D ( 'NONE', #1358, #834, #397 ) ;
#1211 = ORIENTED_EDGE ( 'NONE', *, *, #1634, .T. ) ;
#1212 = CYLINDRICAL_SURFACE ( 'NONE', #694, 0.02875810808309332486 ) ;
#1213 = CARTESIAN_POINT ( 'NONE',  ( -0.2807116915326511863, -0.1934193762099609692, 0.1624364241317239055 ) ) ;
#1214 = ORIENTED_EDGE ( 'NONE', *, *, #1783, .F. ) ;
#1215 = DIRECTION ( 'NONE',  ( 0.000000000000000000, 0.000000000000000000, -1.000000000000000000 ) ) ;
#1216 = FACE_OUTER_BOUND ( 'NONE', #361, .T. ) ;
#1217 = CARTESIAN_POINT ( 'NONE',  ( 0.001104406737829102337, -0.1935225683653272466, -0.3240985200298114322 ) ) ;
#1218 = EDGE_CURVE ( 'NONE', #1478, #312, #55, .T. ) ;
#1219 = ORIENTED_EDGE ( 'NONE', *, *, #1229, .F. ) ;
#1220 = ORIENTED_EDGE ( 'NONE', *, *, #131, .T. ) ;
#1221 = CARTESIAN_POINT ( 'NONE',  ( 2.708861328552946562E-17, 0.1983921953882646083, 0.1748060135335251786 ) ) ;
#1222 = PERSON_AND_ORGANIZATION ( #1701, #1290 ) ;
#1223 = CARTESIAN_POINT ( 'NONE',  ( -0.2336173970860779825, -0.2047965161069019158, -0.1898804593241380234 ) ) ;
#1224 = ORIENTED_EDGE ( 'NONE', *, *, #931, .T. ) ;
#1225 = DIRECTION ( 'NONE',  ( -1.224646799147353207E-16, 1.000000000000000000, 0.000000000000000000 ) ) ;
#1226 = DIRECTION ( 'NONE',  ( 0.000000000000000000, 0.000000000000000000, -1.000000000000000000 ) ) ;
#1227 = CARTESIAN_POINT ( 'NONE',  ( 4.181936126497572395E-33, 0.1093749999999998751, -0.1201656081756480310 ) ) ;
#1228 = VERTEX_POINT ( 'NONE', #589 ) ;
#1229 = EDGE_CURVE ( 'NONE', #136, #1381, #635, .T. ) ;
#1230 = FACE_OUTER_BOUND ( 'NONE', #1277, .T. ) ;
#1231 = DIRECTION ( 'NONE',  ( -0.000000000000000000, -1.000000000000000000, -0.000000000000000000 ) ) ;
#1232 = CARTESIAN_POINT ( 'NONE',  ( 0.2812500000000001665, -0.1966332291429661039, 0.1476148136848543790 ) ) ;
#1233 = DIRECTION ( 'NONE',  ( 1.224646799147352961E-16, -1.000000000000000000, -0.000000000000000000 ) ) ;
#1234 = CARTESIAN_POINT ( 'NONE',  ( -0.2812500000000002776, 0.1061355640142155332, 0.1607559655774921104 ) ) ;
#1235 = ORIENTED_EDGE ( 'NONE', *, *, #1229, .T. ) ;
#1236 = CIRCLE ( 'NONE', #1317, 0.03634060922347118194 ) ;
#1237 = EDGE_CURVE ( 'NONE', #404, #1618, #870, .T. ) ;
#1238 = PRODUCT_DEFINITION ( 'UNKNOWN', '', #430, #1488 ) ;
#1239 = CARTESIAN_POINT ( 'NONE',  ( -0.2078125000000000666, 0.2005796953882644784, 2.960200934813995019E-17 ) ) ;
#1240 = CIRCLE ( 'NONE', #484, 0.1514156081756480865 ) ;
#1241 = CIRCLE ( 'NONE', #1707, 0.1978124999999999745 ) ;
#1242 = CARTESIAN_POINT ( 'NONE',  ( 0.001296516359825351968, 0.1061028869663603741, 0.3240109823498103503 ) ) ;
#1243 = LINE ( 'NONE', #125, #514 ) ;
#1244 = ORIENTED_EDGE ( 'NONE', *, *, #327, .F. ) ;
#1245 = CARTESIAN_POINT ( 'NONE',  ( -0.1514156081756480587, -0.2187500000000000000, 1.854306398932571992E-17 ) ) ;
#1246 = ORIENTED_EDGE ( 'NONE', *, *, #68, .F. ) ;
#1247 = CARTESIAN_POINT ( 'NONE',  ( -0.2338011527904487186, 0.1185798601372927003, 0.1897743679187544885 ) ) ;
#1248 = CARTESIAN_POINT ( 'NONE',  ( -0.1646892108276351852, 0.1282868820679359534, -0.2296761662152025374 ) ) ;
#1249 = EDGE_CURVE ( 'NONE', #701, #1397, #569, .T. ) ;
#1250 = CARTESIAN_POINT ( 'NONE',  ( 0.1969608978297758828, 0.1962046953882646272, -0.01833548151368328757 ) ) ;
#1251 = VERTEX_POINT ( 'NONE', #579 ) ;
#1252 = DIRECTION ( 'NONE',  ( -1.000000000000000000, -1.726286251920545799E-16, 0.000000000000000000 ) ) ;
#1253 = ORIENTED_EDGE ( 'NONE', *, *, #1424, .F. ) ;
#1254 = ORIENTED_EDGE ( 'NONE', *, *, #426, .T. ) ;
#1255 = CARTESIAN_POINT ( 'NONE',  ( -0.1969608978297757718, 0.1983921953882645528, 0.01833548151368318002 ) ) ;
#1256 = DIRECTION ( 'NONE',  ( 0.000000000000000000, -1.000000000000000000, 0.000000000000000000 ) ) ;
#1257 = DIRECTION ( 'NONE',  ( -1.224646799147352961E-16, 1.000000000000000000, 0.000000000000000000 ) ) ;
#1258 = CARTESIAN_POINT ( 'NONE',  ( -0.0001661759602836014572, 0.1059432288764508429, -0.3243207427579461455 ) ) ;
#1259 = DIRECTION ( 'NONE',  ( -1.000000000000000000, 0.000000000000000000, 0.000000000000000000 ) ) ;
#1260 = EDGE_CURVE ( 'NONE', #1041, #1370, #321, .T. ) ;
#1261 = VERTEX_POINT ( 'NONE', #1245 ) ;
#1262 = AXIS2_PLACEMENT_3D ( 'NONE', #1337, #1758, #775 ) ;
#1263 = CARTESIAN_POINT ( 'NONE',  ( -5.108518543715379060E-17, 0.1983921953882646361, 0.000000000000000000 ) ) ;
#1264 = VERTEX_POINT ( 'NONE', #292 ) ;
#1265 = CARTESIAN_POINT ( 'NONE',  ( 1.471604274199024037E-17, -0.1874999999999999167, 0.1201656081756480587 ) ) ;
#1266 = ORIENTED_EDGE ( 'NONE', *, *, #144, .F. ) ;
#1267 = CARTESIAN_POINT ( 'NONE',  ( -0.02875810808309330058, 0.1940171953882645905, 0.1748060135335251786 ) ) ;
#1268 = VECTOR ( 'NONE', #1335, 39.37007874015748143 ) ;
#1269 = AXIS2_PLACEMENT_3D ( 'NONE', #1092, #876, #1538 ) ;
#1270 = AXIS2_PLACEMENT_3D ( 'NONE', #1061, #659, #501 ) ;
#1271 = CARTESIAN_POINT ( 'NONE',  ( 0.2812297568740761977, -0.1935225711414727823, -0.1610928005506918892 ) ) ;
#1272 = CARTESIAN_POINT ( 'NONE',  ( 0.001165925345710632378, 0.1060639989023980517, -0.3240863791069636957 ) ) ;
#1273 = B_SPLINE_CURVE_WITH_KNOTS ( 'NONE', 3,
 ( #215, #1767, #933, #236, #1043, #1312, #801, #638, #101, #1182 ),
 .UNSPECIFIED., .F., .F.,
 ( 4, 2, 2, 2, 4 ),
 ( 2.338843018217121266E-07, 0.002045015390588129402, 0.004089796896874437274, 0.006134578403160745146, 0.008179359909447053018 ),
 .UNSPECIFIED. ) ;
#1274 = VECTOR ( 'NONE', #369, 39.37007874015748143 ) ;
#1275 = VERTEX_POINT ( 'NONE', #177 ) ;
#1276 = CARTESIAN_POINT ( 'NONE',  ( 0.2812500000000000555, 0.1283267363669178540, -3.556085576685269775E-27 ) ) ;
#1277 = EDGE_LOOP ( 'NONE', ( #1298, #1462, #911, #1083 ) ) ;
#1278 = CARTESIAN_POINT ( 'NONE',  ( 0.001406250000000074541, 0.2187500000000000278, -0.3239476276031167945 ) ) ;
#1279 = B_SPLINE_CURVE_WITH_KNOTS ( 'NONE', 3,
 ( #468, #768, #1019, #1567, #1039, #179, #195, #1717 ),
 .UNSPECIFIED., .F., .F.,
 ( 4, 2, 2, 4 ),
 ( 0.01127536904242810133, 0.01333609988572492105, 0.01436646530737333179, 0.01539683072902174252 ),
 .UNSPECIFIED. ) ;
#1280 = DIRECTION ( 'NONE',  ( 1.224646799147353207E-16, -1.000000000000000000, 0.000000000000000000 ) ) ;
#1281 = CARTESIAN_POINT ( 'NONE',  ( -0.2803105774807261863, 0.1060092061395405127, -0.1628732340163891457 ) ) ;
#1282 = CARTESIAN_POINT ( 'NONE',  ( -0.2799531773413776459, 0.1061029781775915393, 0.1631284841206294689 ) ) ;
#1283 = ADVANCED_FACE ( 'NONE', ( #1099 ), #1790, .T. ) ;
#1284 = VERTEX_POINT ( 'NONE', #1141 ) ;
#1285 = LINE ( 'NONE', #769, #1352 ) ;
#1286 = DIRECTION ( 'NONE',  ( 1.224646799147353207E-16, 1.499759782661857334E-32, 1.000000000000000000 ) ) ;
#1287 =( NAMED_UNIT ( * ) SI_UNIT ( $, .STERADIAN. ) SOLID_ANGLE_UNIT ( ) );
#1288 = ORIENTED_EDGE ( 'NONE', *, *, #789, .T. ) ;
#1289 = CARTESIAN_POINT ( 'NONE',  ( 0.2798437500000067746, -0.1935923848279722248, -0.1631916620256268213 ) ) ;
#1290 = ORGANIZATION ( 'UNSPECIFIED', 'UNSPECIFIED', '' ) ;
#1291 = AXIS2_PLACEMENT_3D ( 'NONE', #963, #855, #442 ) ;
#1292 = CC_DESIGN_PERSON_AND_ORGANIZATION_ASSIGNMENT ( #355, #803, ( #1349 ) ) ;
#1293 = CARTESIAN_POINT ( 'NONE',  ( -0.1978124999999999745, -0.2187500000000000000, 2.422504449563358014E-17 ) ) ;
#1294 = CC_DESIGN_PERSON_AND_ORGANIZATION_ASSIGNMENT ( #1173, #867, ( #1238 ) ) ;
#1295 = ORIENTED_EDGE ( 'NONE', *, *, #643, .T. ) ;
#1296 = CARTESIAN_POINT ( 'NONE',  ( -0.001406249999999876783, -0.1935923848279740567, -0.3239476276031167945 ) ) ;
#1297 = CARTESIAN_POINT ( 'NONE',  ( -0.2812075286155588660, 0.1060090581130113674, 0.1613202435134477586 ) ) ;
#1298 = ORIENTED_EDGE ( 'NONE', *, *, #566, .F. ) ;
#1299 = CARTESIAN_POINT ( 'NONE',  ( 0.000000000000000000, -0.2187499999999999445, 0.000000000000000000 ) ) ;
#1300 = PERSON_AND_ORGANIZATION ( #1701, #1290 ) ;
#1301 = ADVANCED_FACE ( 'NONE', ( #1689 ), #848, .F. ) ;
#1302 = ORIENTED_EDGE ( 'NONE', *, *, #682, .T. ) ;
#1303 = CARTESIAN_POINT ( 'NONE',  ( -0.001406249999993362679, -0.1935923848279721970, 0.3239476276031209023 ) ) ;
#1304 = CARTESIAN_POINT ( 'NONE',  ( -0.2810369599758592574, 0.1059441091607887797, 0.1618677626106298784 ) ) ;
#1305 = DIRECTION ( 'NONE',  ( -1.000000000000000000, 0.000000000000000000, 0.000000000000000000 ) ) ;
#1306 = APPROVAL_DATE_TIME ( #628, #919 ) ;
#1307 = DIRECTION ( 'NONE',  ( 1.000000000000000000, 2.255256266658463864E-16, 0.000000000000000000 ) ) ;
#1308 = ADVANCED_FACE ( 'NONE', ( #1382 ), #450, .T. ) ;
#1309 = PLANE ( 'NONE',  #987 ) ;
#1310 = DIRECTION ( 'NONE',  ( -0.8660254037844385966, 0.000000000000000000, 0.5000000000000001110 ) ) ;
#1311 = CIRCLE ( 'NONE', #190, 0.2078125000000000111 ) ;
#1312 = CARTESIAN_POINT ( 'NONE',  ( -0.1179417701597755136, -0.2135346246964292261, 0.2566658136687173242 ) ) ;
#1313 = CARTESIAN_POINT ( 'NONE',  ( 0.2800594244699990965, 0.1060738992755443644, -0.1630572525250741645 ) ) ;
#1314 = ORIENTED_EDGE ( 'NONE', *, *, #1745, .F. ) ;
#1315 = CARTESIAN_POINT ( 'NONE',  ( 9.478001694819074349E-34, -0.1874999999999999167, -0.1201656081756480587 ) ) ;
#1316 = CARTESIAN_POINT ( 'NONE',  ( 0.1969608978297757163, 0.1983921953882646361, -0.01833548151368315920 ) ) ;
#1317 = AXIS2_PLACEMENT_3D ( 'NONE', #304, #214, #1591 ) ;
#1318 = AXIS2_PLACEMENT_3D ( 'NONE', #869, #282, #302 ) ;
#1319 = AXIS2_PLACEMENT_3D ( 'NONE', #1687, #1003, #475 ) ;
#1320 = CARTESIAN_POINT ( 'NONE',  ( 1.024442997624098707E-16, 0.2187500000000000278, 0.3247595264191646680 ) ) ;
#1321 = CONICAL_SURFACE ( 'NONE', #783, 0.1514156081756480865, 0.7853981633974482790 ) ;
#1322 = EDGE_LOOP ( 'NONE', ( #130, #1658, #544, #1160 ) ) ;
#1323 = CARTESIAN_POINT ( 'NONE',  ( 0.2812413875544907405, 0.1060737386212382144, 0.1610106555696633468 ) ) ;
#1324 = B_SPLINE_CURVE_WITH_KNOTS ( 'NONE', 3,
 ( #237, #806, #668, #363, #1213, #785, #1325, #84, #795, #259, #1768, #94, #655 ),
 .UNSPECIFIED., .F., .F.,
 ( 4, 3, 3, 3, 4 ),
 ( 2.337299240978961288E-07, 2.238894143024120428E-05, 4.482888819219462263E-05, 6.667050244448129485E-05, 7.532098839937320200E-05 ),
 .UNSPECIFIED. ) ;
#1325 = CARTESIAN_POINT ( 'NONE',  ( -0.2809997184016412852, -0.1934244078190512084, 0.1619157901815933831 ) ) ;
#1326 = EDGE_LOOP ( 'NONE', ( #244, #1509, #1254, #937 ) ) ;
#1327 = CARTESIAN_POINT ( 'NONE',  ( -0.1978125000000000022, 0.1093749999999998196, 2.422504449563358014E-17 ) ) ;
#1328 = AXIS2_PLACEMENT_3D ( 'NONE', #1654, #739, #1005 ) ;
#1329 = CARTESIAN_POINT ( 'NONE',  ( 7.582401355855259480E-33, 0.1093749999999999029, -0.1201656081756480587 ) ) ;
#1330 = CIRCLE ( 'NONE', #1414, 0.02875810808309332486 ) ;
#1331 = EDGE_CURVE ( 'NONE', #223, #1383, #972, .T. ) ;
#1332 = ORIENTED_EDGE ( 'NONE', *, *, #1695, .F. ) ;
#1333 = DIRECTION ( 'NONE',  ( 1.224646799147352961E-16, -1.000000000000000000, -0.000000000000000000 ) ) ;
#1334 = PERSON_AND_ORGANIZATION ( #1701, #1290 ) ;
#1335 = DIRECTION ( 'NONE',  ( 1.224646799147352961E-16, -1.000000000000000000, -0.000000000000000000 ) ) ;
#1336 = ORIENTED_EDGE ( 'NONE', *, *, #643, .F. ) ;
#1337 = CARTESIAN_POINT ( 'NONE',  ( 0.000000000000000000, 0.2187500000000000278, 0.000000000000000000 ) ) ;
#1338 = CARTESIAN_POINT ( 'NONE',  ( 0.2798437500000000577, -0.1935923848279740567, 0.1631916620256302908 ) ) ;
#1339 = DIRECTION ( 'NONE',  ( 0.8660254037844385966, 0.000000000000000000, 0.5000000000000001110 ) ) ;
#1340 = ORIENTED_EDGE ( 'NONE', *, *, #742, .T. ) ;
#1341 = CARTESIAN_POINT ( 'NONE',  ( -0.2808937719073930639, -0.1934110390083476072, -0.1621571330615653728 ) ) ;
#1342 = ORIENTED_EDGE ( 'NONE', *, *, #1046, .T. ) ;
#1343 = VECTOR ( 'NONE', #808, 39.37007874015748143 ) ;
#1344 = DIRECTION ( 'NONE',  ( -1.000000000000000000, 0.000000000000000000, 0.000000000000000000 ) ) ;
#1345 = SECURITY_CLASSIFICATION_LEVEL ( 'unclassified' ) ;
#1346 = CARTESIAN_POINT ( 'NONE',  ( 0.2801606500965778124, 0.1060489337803410953, -0.1629787813581270173 ) ) ;
#1347 = ORIENTED_EDGE ( 'NONE', *, *, #1331, .F. ) ;
#1348 = DIRECTION ( 'NONE',  ( 1.224646799147352961E-16, -1.000000000000000000, -0.000000000000000000 ) ) ;
#1349 = SECURITY_CLASSIFICATION ( '', '', #1345 ) ;
#1350 = CIRCLE ( 'NONE', #1319, 0.02875810808309333874 ) ;
#1351 = FACE_OUTER_BOUND ( 'NONE', #1121, .T. ) ;
#1352 = VECTOR ( 'NONE', #1030, 39.37007874015748143 ) ;
#1353 = CARTESIAN_POINT ( 'NONE',  ( 9.235458825853996021E-05, -0.1934181017275221071, -0.3243244311549729475 ) ) ;
#1354 = AXIS2_PLACEMENT_3D ( 'NONE', #535, #1111, #5 ) ;
#1355 = CIRCLE ( 'NONE', #1270, 0.02875810808309332486 ) ;
#1356 = ORIENTED_EDGE ( 'NONE', *, *, #742, .F. ) ;
#1357 = CIRCLE ( 'NONE', #50, 0.02875810808309332486 ) ;
#1358 = CARTESIAN_POINT ( 'NONE',  ( 0.000000000000000000, -0.2187499999999999445, 0.000000000000000000 ) ) ;
#1359 = CARTESIAN_POINT ( 'NONE',  ( 0.2811227154079900536, 0.1059767630265527893, -0.1615924908088412493 ) ) ;
#1360 = ORIENTED_EDGE ( 'NONE', *, *, #1002, .T. ) ;
#1361 = CARTESIAN_POINT ( 'NONE',  ( 0.1978124999999999467, 0.1940171953882646738, 0.000000000000000000 ) ) ;
#1362 = EDGE_CURVE ( 'NONE', #991, #1665, #32, .T. ) ;
#1363 = FACE_OUTER_BOUND ( 'NONE', #541, .T. ) ;
#1364 = EDGE_LOOP ( 'NONE', ( #677, #782, #1516, #1675 ) ) ;
#1365 = VECTOR ( 'NONE', #826, 39.37007874015748854 ) ;
#1366 = VERTEX_POINT ( 'NONE', #1673 ) ;
#1367 = CARTESIAN_POINT ( 'NONE',  ( -0.001406249999999835583, 0.1061355640142170320, 0.3239476276031167945 ) ) ;
#1368 = CARTESIAN_POINT ( 'NONE',  ( 0.1748060135335251508, 0.1940171953882646183, 2.134256245050205639E-18 ) ) ;
#1369 = DIRECTION ( 'NONE',  ( -1.224646799147353207E-16, 1.000000000000000000, 0.000000000000000000 ) ) ;
#1370 = VERTEX_POINT ( 'NONE', #318 ) ;
#1371 = CARTESIAN_POINT ( 'NONE',  ( 0.1748060135335251508, 0.1983921953882646361, 2.134256245050205639E-18 ) ) ;
#1372 = EDGE_CURVE ( 'NONE', #811, #647, #1, .T. ) ;
#1373 = DIRECTION ( 'NONE',  ( -1.224646799147353207E-16, 1.000000000000000000, 0.000000000000000000 ) ) ;
#1374 = ADVANCED_FACE ( 'NONE', ( #1534 ), #585, .T. ) ;
#1375 = VERTEX_POINT ( 'NONE', #160 ) ;
#1376 = ORIENTED_EDGE ( 'NONE', *, *, #1736, .T. ) ;
#1377 = EDGE_CURVE ( 'NONE', #1134, #320, #717, .T. ) ;
#1378 = DIRECTION ( 'NONE',  ( 0.000000000000000000, 0.000000000000000000, -1.000000000000000000 ) ) ;
#1379 = CARTESIAN_POINT ( 'NONE',  ( 0.2798437500000084399, 0.1061355640142144646, -0.1631916620256260442 ) ) ;
#1380 = CARTESIAN_POINT ( 'NONE',  ( -0.2812500000000000555, 0.1283267363669178263, 3.444319122246548518E-17 ) ) ;
#1381 = VERTEX_POINT ( 'NONE', #337 ) ;
#1382 = FACE_OUTER_BOUND ( 'NONE', #1797, .T. ) ;
#1383 = VERTEX_POINT ( 'NONE', #1435 ) ;
#1384 = EDGE_LOOP ( 'NONE', ( #1042, #1100, #669 ) ) ;
#1385 = ORIENTED_EDGE ( 'NONE', *, *, #1218, .F. ) ;
#1386 = AXIS2_PLACEMENT_3D ( 'NONE', #693, #1491, #563 ) ;
#1387 = ADVANCED_FACE ( 'NONE', ( #630 ), #1156, .T. ) ;
#1388 = CARTESIAN_POINT ( 'NONE',  ( -0.001406249999999882204, 0.1061355640142170043, -0.3239476276031167945 ) ) ;
#1389 = AXIS2_PLACEMENT_3D ( 'NONE', #1263, #1787, #699 ) ;
#1390 = CIRCLE ( 'NONE', #403, 0.1201656081756480310 ) ;
#1391 = CARTESIAN_POINT ( 'NONE',  ( -0.1879071749311321815, 0.1261938892934645617, -0.2162712683900134825 ) ) ;
#1392 = CARTESIAN_POINT ( 'NONE',  ( 0.2812500000000000555, -0.2043341370854371564, 0.1076961135362230898 ) ) ;
#1393 = ORIENTED_EDGE ( 'NONE', *, *, #533, .F. ) ;
#1394 = CARTESIAN_POINT ( 'NONE',  ( 0.2812500000000000555, 0.1128663008441492255, 0.1346566601082705705 ) ) ;
#1395 = AXIS2_PLACEMENT_3D ( 'NONE', #444, #856, #1407 ) ;
#1396 = ORIENTED_EDGE ( 'NONE', *, *, #22, .T. ) ;
#1397 = VERTEX_POINT ( 'NONE', #1175 ) ;
#1398 = ORIENTED_EDGE ( 'NONE', *, *, #44, .T. ) ;
#1399 = DIRECTION ( 'NONE',  ( 1.000000000000000000, 1.238933330459982122E-16, 0.000000000000000000 ) ) ;
#1400 = B_SPLINE_CURVE_WITH_KNOTS ( 'NONE', 3,
 ( #649, #510, #573, #1609, #1480, #978 ),
 .UNSPECIFIED., .F., .F.,
 ( 4, 2, 4 ),
 ( 0.007151961088262109509, 0.009213665065345105418, 0.01127536904242810133 ),
 .UNSPECIFIED. ) ;
#1401 = EDGE_CURVE ( 'NONE', #791, #18, #188, .T. ) ;
#1402 = CARTESIAN_POINT ( 'NONE',  ( 0.01833548151368336390, 0.1940171953882645905, -0.1969608978297757718 ) ) ;
#1403 = CARTESIAN_POINT ( 'NONE',  ( -0.1167378339225888795, -0.2134726519350361729, -0.2573609065793441841 ) ) ;
#1404 = EDGE_CURVE ( 'NONE', #840, #1251, #1137, .T. ) ;
#1405 = DIRECTION ( 'NONE',  ( -0.000000000000000000, 1.000000000000000000, -0.000000000000000000 ) ) ;
#1406 = ORIENTED_EDGE ( 'NONE', *, *, #543, .F. ) ;
#1407 = DIRECTION ( 'NONE',  ( -1.000000000000000000, -1.051488783018133704E-16, 0.000000000000000000 ) ) ;
#1408 = DIRECTION ( 'NONE',  ( 1.000000000000000000, 8.216084191471468132E-17, 0.000000000000000000 ) ) ;
#1409 = ORIENTED_EDGE ( 'NONE', *, *, #465, .F. ) ;
#1410 = ORIENTED_EDGE ( 'NONE', *, *, #185, .T. ) ;
#1411 = CARTESIAN_POINT ( 'NONE',  ( 0.2812500000000000555, -0.2047776509628738417, -0.1074353390255732843 ) ) ;
#1412 = CARTESIAN_POINT ( 'NONE',  ( -0.1867266287822970106, -0.2117286278525144227, -0.2169528570268343115 ) ) ;
#1413 = CARTESIAN_POINT ( 'NONE',  ( 0.2812500000000000555, -0.2135040388457562777, 3.443701516123848496E-17 ) ) ;
#1414 = AXIS2_PLACEMENT_3D ( 'NONE', #1688, #1114, #1259 ) ;
#1415 = ORIENTED_EDGE ( 'NONE', *, *, #1179, .F. ) ;
#1416 = CARTESIAN_POINT ( 'NONE',  ( 0.1633082298402204757, -0.2135346246964294203, 0.2304734759600321758 ) ) ;
#1417 = ORIENTED_EDGE ( 'NONE', *, *, #1716, .F. ) ;
#1418 = CARTESIAN_POINT ( 'NONE',  ( -0.2812500000000000555, 0.1262571902444557526, -0.05404471572984913263 ) ) ;
#1419 = VECTOR ( 'NONE', #175, 39.37007874015748143 ) ;
#1420 = AXIS2_PLACEMENT_3D ( 'NONE', #405, #976, #168 ) ;
#1421 = CARTESIAN_POINT ( 'NONE',  ( 0.2812499999999996114, -0.1935664899294733399, -0.1608678716006812504 ) ) ;
#1422 = COORDINATED_UNIVERSAL_TIME_OFFSET ( 6, 0, .BEHIND. ) ;
#1423 = CARTESIAN_POINT ( 'NONE',  ( 0.2812500000000000555, 0.2187500000000000278, -0.1607559655774866147 ) ) ;
#1424 = EDGE_CURVE ( 'NONE', #1551, #1261, #207, .T. ) ;
#1425 = CARTESIAN_POINT ( 'NONE',  ( 0.2338011527904557962, 0.1185798601372913125, -0.1897743679187502697 ) ) ;
#1426 = ORIENTED_EDGE ( 'NONE', *, *, #1044, .T. ) ;
#1427 = CARTESIAN_POINT ( 'NONE',  ( -5.054940246252682014E-17, 0.1940171953882645628, 0.000000000000000000 ) ) ;
#1428 = CARTESIAN_POINT ( 'NONE',  ( -0.1748060135335252063, 0.1983921953882645528, 1.927330624950384286E-17 ) ) ;
#1429 = COORDINATED_UNIVERSAL_TIME_OFFSET ( 6, 0, .BEHIND. ) ;
#1430 = VERTEX_POINT ( 'NONE', #1566 ) ;
#1431 = CARTESIAN_POINT ( 'NONE',  ( 0.1978124999999999467, 0.1093749999999998612, 0.000000000000000000 ) ) ;
#1432 = ADVANCED_FACE ( 'NONE', ( #890 ), #1506, .T. ) ;
#1433 = EDGE_CURVE ( 'NONE', #1478, #1366, #97, .T. ) ;
#1434 = CARTESIAN_POINT ( 'NONE',  ( -0.2812500000000002776, 0.1061355640142155332, 0.1607559655774921104 ) ) ;
#1435 = CARTESIAN_POINT ( 'NONE',  ( 0.2812500000000002776, 0.1061355640142156304, 0.1607559655774918328 ) ) ;
#1436 = AXIS2_PLACEMENT_3D ( 'NONE', #423, #1671, #986 ) ;
#1437 = CARTESIAN_POINT ( 'NONE',  ( 0.1633660719593662825, 0.1278577767001868037, -0.2304400807969728682 ) ) ;
#1438 = APPROVAL_PERSON_ORGANIZATION ( #1222, #1162, #1056 ) ;
#1439 = ADVANCED_FACE ( 'NONE', ( #471 ), #491, .T. ) ;
#1440 = CARTESIAN_POINT ( 'NONE',  ( -5.373734122795935279E-17, 0.1940171953882645905, -0.1748060135335251786 ) ) ;
#1441 = VERTEX_POINT ( 'NONE', #1289 ) ;
#1442 = CARTESIAN_POINT ( 'NONE',  ( -0.0008867711335077882234, -0.1934771976512082159, -0.3241966099941953616 ) ) ;
#1443 = CARTESIAN_POINT ( 'NONE',  ( -0.2811180682416706267, -0.1934483415515454441, -0.1616072646740134011 ) ) ;
#1444 = AXIS2_PLACEMENT_3D ( 'NONE', #600, #1149, #348 ) ;
#1445 = CARTESIAN_POINT ( 'NONE',  ( 0.02424736368284961460, 0.1129373083446762183, -0.3107603044697327399 ) ) ;
#1446 = DIRECTION ( 'NONE',  ( 1.224646799147352961E-16, -1.000000000000000000, -0.000000000000000000 ) ) ;
#1447 = CARTESIAN_POINT ( 'NONE',  ( 0.2800890658452948601, -0.1935268373902379047, -0.1630500288563120070 ) ) ;
#1448 = ADVANCED_FACE ( 'NONE', ( #1022 ), #1698, .F. ) ;
#1449 = DIRECTION ( 'NONE',  ( 1.000000000000000000, 8.631431259602728995E-17, 0.000000000000000000 ) ) ;
#1450 = CARTESIAN_POINT ( 'NONE',  ( -0.001160938761046661702, -0.1935268386210342306, -0.3240892581129616312 ) ) ;
#1451 = DIRECTION ( 'NONE',  ( -1.000000000000000000, -1.726286251920545799E-16, 0.000000000000000000 ) ) ;
#1452 = FACE_OUTER_BOUND ( 'NONE', #1775, .T. ) ;
#1453 = DIRECTION ( 'NONE',  ( 1.224646799147352961E-16, -1.000000000000000000, -0.000000000000000000 ) ) ;
#1454 = CARTESIAN_POINT ( 'NONE',  ( -0.02875810808309338037, 0.1940171953882645905, -0.1748060135335251786 ) ) ;
#1455 = CARTESIAN_POINT ( 'NONE',  ( 0.2812500000000000555, 0.1061355640142170875, -0.1607559655774866147 ) ) ;
#1456 = ORIENTED_EDGE ( 'NONE', *, *, #1748, .T. ) ;
#1457 = CARTESIAN_POINT ( 'NONE',  ( -0.0008449643253172016942, -0.1934713255846084168, 0.3242092952485730595 ) ) ;
#1458 = ADVANCED_FACE ( 'NONE', ( #479 ), #1562, .T. ) ;
#1459 = DIRECTION ( 'NONE',  ( -1.000000000000000000, 0.000000000000000000, 0.000000000000000000 ) ) ;
#1460 = VERTEX_POINT ( 'NONE', #1431 ) ;
#1461 = LINE ( 'NONE', #473, #488 ) ;
#1462 = ORIENTED_EDGE ( 'NONE', *, *, #1404, .T. ) ;
#1463 = CARTESIAN_POINT ( 'NONE',  ( -6.093697065171787412E-16, 0.1059413287027302503, -0.3243244311549794978 ) ) ;
#1464 = PERSON_AND_ORGANIZATION ( #1701, #1290 ) ;
#1465 = DIRECTION ( 'NONE',  ( 0.000000000000000000, -1.000000000000000000, 0.000000000000000000 ) ) ;
#1466 = VERTEX_POINT ( 'NONE', #218 ) ;
#1467 = LINE ( 'NONE', #230, #1166 ) ;
#1468 = AXIS2_PLACEMENT_3D ( 'NONE', #516, #765, #665 ) ;
#1469 = AXIS2_PLACEMENT_3D ( 'NONE', #511, #929, #920 ) ;
#1470 = CARTESIAN_POINT ( 'NONE',  ( 0.2812499999999996114, -0.1935267496574220591, 0.1610396110576162165 ) ) ;
#1471 = EDGE_CURVE ( 'NONE', #758, #18, #186, .T. ) ;
#1472 = VECTOR ( 'NONE', #52, 39.37007874015748143 ) ;
#1473 = B_SPLINE_CURVE_WITH_KNOTS ( 'NONE', 3,
 ( #660, #1353, #1612, #810, #689, #1789, #1217, #1644, #89, #552 ),
 .UNSPECIFIED., .F., .F.,
 ( 4, 3, 3, 4 ),
 ( 3.783562242871660634E-05, 4.482893077681537528E-05, 6.667055082936765656E-05, 7.532155473117208239E-05 ),
 .UNSPECIFIED. ) ;
#1474 = FACE_BOUND ( 'NONE', #286, .T. ) ;
#1475 = EDGE_LOOP ( 'NONE', ( #1778, #980, #553, #1214 ) ) ;
#1476 = DIRECTION ( 'NONE',  ( -1.224646799147353207E-16, 1.000000000000000000, -0.000000000000000000 ) ) ;
#1477 = CARTESIAN_POINT ( 'NONE',  ( 0.1201656081756478645, 0.1093749999999999306, 0.000000000000000000 ) ) ;
#1478 = VERTEX_POINT ( 'NONE', #883 ) ;
#1479 = FACE_OUTER_BOUND ( 'NONE', #25, .T. ) ;
#1480 = CARTESIAN_POINT ( 'NONE',  ( -0.2812500000000000555, -0.2135040388457563054, -0.02689416559233495305 ) ) ;
#1481 = DIRECTION ( 'NONE',  ( 0.000000000000000000, 1.000000000000000000, 0.000000000000000000 ) ) ;
#1482 = ORIENTED_EDGE ( 'NONE', *, *, #1362, .T. ) ;
#1483 = CYLINDRICAL_SURFACE ( 'NONE', #517, 0.1201656081756479338 ) ;
#1484 = LINE ( 'NONE', #356, #258 ) ;
#1485 = CARTESIAN_POINT ( 'NONE',  ( 0.2756250000000002864, -0.2187499999999999167, 0.000000000000000000 ) ) ;
#1486 = FACE_OUTER_BOUND ( 'NONE', #640, .T. ) ;
#1487 = DIRECTION ( 'NONE',  ( 1.224646799147352961E-16, -1.000000000000000000, -0.000000000000000000 ) ) ;
#1488 = DESIGN_CONTEXT ( 'detailed design', #275, 'design' ) ;
#1489 = VECTOR ( 'NONE', #58, 39.37007874015748143 ) ;
#1490 = ORIENTED_EDGE ( 'NONE', *, *, #222, .T. ) ;
#1491 = DIRECTION ( 'NONE',  ( -1.224646799147353207E-16, 1.000000000000000000, -0.000000000000000000 ) ) ;
#1492 = EDGE_CURVE ( 'NONE', #992, #1561, #1752, .T. ) ;
#1493 = FACE_OUTER_BOUND ( 'NONE', #1155, .T. ) ;
#1494 = VERTEX_POINT ( 'NONE', #1327 ) ;
#1495 = CARTESIAN_POINT ( 'NONE',  ( 0.1514156081756480865, -0.2187499999999999167, 0.000000000000000000 ) ) ;
#1496 = PLANE ( 'NONE',  #27 ) ;
#1497 = AXIS2_PLACEMENT_3D ( 'NONE', #1756, #1194, #527 ) ;
#1498 = CIRCLE ( 'NONE', #580, 0.1201656081756478922 ) ;
#1499 = ORIENTED_EDGE ( 'NONE', *, *, #306, .T. ) ;
#1500 = ORIENTED_EDGE ( 'NONE', *, *, #81, .T. ) ;
#1501 = AXIS2_PLACEMENT_3D ( 'NONE', #601, #1446, #414 ) ;
#1502 = DIRECTION ( 'NONE',  ( 1.224646799147352961E-16, -1.000000000000000000, -0.000000000000000000 ) ) ;
#1503 = ADVANCED_FACE ( 'NONE', ( #938 ), #76, .F. ) ;
#1504 = CARTESIAN_POINT ( 'NONE',  ( 0.0005285394097348508277, 0.1059598090210072258, 0.3242885609240411804 ) ) ;
#1505 = DIRECTION ( 'NONE',  ( 1.224646799147352961E-16, -1.000000000000000000, -0.000000000000000000 ) ) ;
#1506 = TOROIDAL_SURFACE ( 'NONE', #178, 0.2392843907765291045, 0.03634060922347118194 ) ;
#1507 = LINE ( 'NONE', #531, #729 ) ;
#1508 = FACE_OUTER_BOUND ( 'NONE', #1657, .T. ) ;
#1509 = ORIENTED_EDGE ( 'NONE', *, *, #1152, .F. ) ;
#1510 = LINE ( 'NONE', #1517, #1643 ) ;
#1511 = DIRECTION ( 'NONE',  ( -1.224646799147353207E-16, 1.000000000000000000, -0.000000000000000000 ) ) ;
#1512 = CARTESIAN_POINT ( 'NONE',  ( 0.02875810808309326935, 0.1940171953882645905, -0.1748060135335251786 ) ) ;
#1513 = ORIENTED_EDGE ( 'NONE', *, *, #964, .F. ) ;
#1514 = CARTESIAN_POINT ( 'NONE',  ( 0.02435299000453277490, -0.1997236643215270779, 0.3106993210844753994 ) ) ;
#1515 = PLANE ( 'NONE',  #461 ) ;
#1516 = ORIENTED_EDGE ( 'NONE', *, *, #860, .F. ) ;
#1517 = CARTESIAN_POINT ( 'NONE',  ( -0.01833548151368324247, 0.1962046953882645994, 0.1969608978297758828 ) ) ;
#1518 = FACE_OUTER_BOUND ( 'NONE', #1185, .T. ) ;
#1519 = CARTESIAN_POINT ( 'NONE',  ( 0.001406250000000083648, 0.1061355640142170043, -0.3239476276031167945 ) ) ;
#1520 = AXIS2_PLACEMENT_3D ( 'NONE', #1112, #1231, #1649 ) ;
#1521 = CC_DESIGN_SECURITY_CLASSIFICATION ( #1349, ( #430 ) ) ;
#1522 = CARTESIAN_POINT ( 'NONE',  ( 0.04736225183176408227, -0.2047280639779147093, 0.2974149175746689799 ) ) ;
#1523 = B_SPLINE_CURVE_WITH_KNOTS ( 'NONE', 3,
 ( #1455, #914, #639, #1359, #1606, #373, #936, #382, #1047, #1346, #1313, #1036, #1586 ),
 .UNSPECIFIED., .F., .F.,
 ( 4, 3, 3, 3, 4 ),
 ( 2.038778375849510655E-07, 2.207137301539769994E-05, 4.420496684320373638E-05, 6.562030145134949036E-05, 7.545506322233229196E-05 ),
 .UNSPECIFIED. ) ;
#1524 = VERTEX_POINT ( 'NONE', #670 ) ;
#1525 = ORIENTED_EDGE ( 'NONE', *, *, #1372, .T. ) ;
#1526 = EDGE_CURVE ( 'NONE', #291, #1174, #1196, .T. ) ;
#1527 = PRODUCT_DEFINITION_SHAPE ( 'NONE', 'NONE',  #1238 ) ;
#1528 = CIRCLE ( 'NONE', #1127, 0.02875810808309332486 ) ;
#1529 = DIRECTION ( 'NONE',  ( 1.000000000000000000, 0.000000000000000000, 0.000000000000000000 ) ) ;
#1530 = CIRCLE ( 'NONE', #1469, 0.2756250000000002864 ) ;
#1531 = CARTESIAN_POINT ( 'NONE',  ( -0.0003380534567142852030, 0.1059441805504487966, 0.3243188894542485823 ) ) ;
#1532 = LINE ( 'NONE', #714, #1489 ) ;
#1533 = ORIENTED_EDGE ( 'NONE', *, *, #398, .F. ) ;
#1534 = FACE_OUTER_BOUND ( 'NONE', #570, .T. ) ;
#1535 = EDGE_LOOP ( 'NONE', ( #807, #756, #1684, #839, #254, #1633, #979, #90, #748, #1048, #700, #969, #33 ) ) ;
#1536 = ORIENTED_EDGE ( 'NONE', *, *, #219, .T. ) ;
#1537 = ORIENTED_EDGE ( 'NONE', *, *, #621, .T. ) ;
#1538 = DIRECTION ( 'NONE',  ( -1.000000000000000000, 0.000000000000000000, 0.000000000000000000 ) ) ;
#1539 = EDGE_CURVE ( 'NONE', #1075, #404, #477, .T. ) ;
#1540 = CARTESIAN_POINT ( 'NONE',  ( -3.994931117002754992E-05, 0.1059337974980858188, 0.3243390489344095684 ) ) ;
#1541 = LINE ( 'NONE', #575, #1692 ) ;
#1542 = VERTEX_POINT ( 'NONE', #520 ) ;
#1543 = DIRECTION ( 'NONE',  ( -1.224646799147353207E-16, 1.000000000000000000, -0.000000000000000000 ) ) ;
#1544 = ORIENTED_EDGE ( 'NONE', *, *, #1249, .T. ) ;
#1545 = CARTESIAN_POINT ( 'NONE',  ( -5.108518543715378444E-17, 0.1983921953882645528, 0.000000000000000000 ) ) ;
#1546 = CARTESIAN_POINT ( 'NONE',  ( 0.001406250000000085817, -0.1935923848279740567, -0.3239476276031167945 ) ) ;
#1547 = ADVANCED_FACE ( 'NONE', ( #945 ), #658, .T. ) ;
#1548 = CARTESIAN_POINT ( 'NONE',  ( -0.2812239457555871791, 0.1060487265733056905, -0.1611379031393609940 ) ) ;
#1549 = DIRECTION ( 'NONE',  ( -0.8873288907428468208, -0.4611371158918668445, 1.086664485839199029E-16 ) ) ;
#1550 = ORIENTED_EDGE ( 'NONE', *, *, #200, .F. ) ;
#1551 = VERTEX_POINT ( 'NONE', #1495 ) ;
#1552 = ORIENTED_EDGE ( 'NONE', *, *, #1404, .F. ) ;
#1553 = VERTEX_POINT ( 'NONE', #1779 ) ;
#1554 = CARTESIAN_POINT ( 'NONE',  ( -0.2756250000000003419, 0.1824093907765287903, 3.375432740149896051E-17 ) ) ;
#1555 = CIRCLE ( 'NONE', #610, 0.02875810808309332486 ) ;
#1556 = AXIS2_PLACEMENT_3D ( 'NONE', #1371, #1233, #829 ) ;
#1557 = CARTESIAN_POINT ( 'NONE',  ( 0.2808658892901547133, 0.1059337974020806705, 0.1622041078777304024 ) ) ;
#1558 =( NAMED_UNIT ( * ) PLANE_ANGLE_UNIT ( ) SI_UNIT ( $, .RADIAN. ) );
#1559 = ADVANCED_FACE ( 'NONE', ( #1741 ), #912, .F. ) ;
#1560 = EDGE_CURVE ( 'NONE', #915, #466, #1311, .T. ) ;
#1561 = VERTEX_POINT ( 'NONE', #1316 ) ;
#1562 = PLANE ( 'NONE',  #80 ) ;
#1563 = DIRECTION ( 'NONE',  ( -1.000000000000000000, -1.224646799147353207E-16, 0.000000000000000000 ) ) ;
#1564 = CARTESIAN_POINT ( 'NONE',  ( 0.2798437500000067746, -0.1935923848279722248, -0.1631916620256268213 ) ) ;
#1565 = DATE_AND_TIME ( #1016, #917 ) ;
#1566 = CARTESIAN_POINT ( 'NONE',  ( -0.2798437500000067746, -0.1935923848279722526, -0.1631916620256269879 ) ) ;
#1567 = CARTESIAN_POINT ( 'NONE',  ( -0.2812500000000000555, -0.2064753124225684744, 0.09419897979272333355 ) ) ;
#1568 = ADVANCED_FACE ( 'NONE', ( #1628, #1479 ), #1206, .F. ) ;
#1569 = CARTESIAN_POINT ( 'NONE',  ( 0.2568970099954733799, -0.1997236643215257457, -0.1764399685442681609 ) ) ;
#1570 = CARTESIAN_POINT ( 'NONE',  ( -0.2812500000000000555, 0.1061355640142170181, -0.1607559655774867813 ) ) ;
#1571 = CARTESIAN_POINT ( 'NONE',  ( -0.0006042041898508901127, -0.1934484600881835603, -0.3242587645221371995 ) ) ;
#1572 = CARTESIAN_POINT ( 'NONE',  ( -3.827021247335483395E-18, -0.1874999999999999167, 0.000000000000000000 ) ) ;
#1573 = ADVANCED_FACE ( 'NONE', ( #239 ), #1598, .T. ) ;
#1574 = EDGE_CURVE ( 'NONE', #1397, #1524, #12, .T. ) ;
#1575 = CIRCLE ( 'NONE', #662, 0.03634060922347118194 ) ;
#1576 = VECTOR ( 'NONE', #499, 39.37007874015748143 ) ;
#1577 = DIRECTION ( 'NONE',  ( -1.000000000000000000, 0.000000000000000000, 0.000000000000000000 ) ) ;
#1578 = AXIS2_PLACEMENT_3D ( 'NONE', #1188, #721, #1459 ) ;
#1579 = CIRCLE ( 'NONE', #1556, 0.02875810808309333874 ) ;
#1580 = DIRECTION ( 'NONE',  ( -1.224646799147353207E-16, 1.000000000000000000, 0.000000000000000000 ) ) ;
#1581 = AXIS2_PLACEMENT_3D ( 'NONE', #947, #831, #1073 ) ;
#1582 = CYLINDRICAL_SURFACE ( 'NONE', #1444, 0.02875810808309332486 ) ;
#1583 = CARTESIAN_POINT ( 'NONE',  ( -5.108518543715378444E-17, 0.1983921953882645528, 0.000000000000000000 ) ) ;
#1584 = CARTESIAN_POINT ( 'NONE',  ( -0.2812500000000000555, 0.1283267363669178263, 3.444319122246548518E-17 ) ) ;
#1585 = CARTESIAN_POINT ( 'NONE',  ( 0.1646892108276269417, 0.1282868820679365363, 0.2296761662152072836 ) ) ;
#1586 = CARTESIAN_POINT ( 'NONE',  ( 0.2798437500000084399, 0.1061355640142144646, -0.1631916620256260442 ) ) ;
#1587 = AXIS2_PLACEMENT_3D ( 'NONE', #728, #838, #9 ) ;
#1588 = CARTESIAN_POINT ( 'NONE',  ( 2.762439626015643300E-17, 0.1940171953882645905, 0.1748060135335251786 ) ) ;
#1589 = CARTESIAN_POINT ( 'NONE',  ( -0.2812499999999988343, -0.1935267496574211710, -0.1610396110576217399 ) ) ;
#1590 = CARTESIAN_POINT ( 'NONE',  ( -0.2803787275901543641, 0.1059951488564651184, 0.1628097253988386728 ) ) ;
#1591 = DIRECTION ( 'NONE',  ( -1.000000000000000000, 0.000000000000000000, 0.000000000000000000 ) ) ;
#1592 = VERTEX_POINT ( 'NONE', #1619 ) ;
#1593 = CARTESIAN_POINT ( 'NONE',  ( -0.2812500000000000555, 0.2187500000000000278, -0.1623797632095826116 ) ) ;
#1594 = APPROVAL_DATE_TIME ( #1202, #1162 ) ;
#1595 = EDGE_CURVE ( 'NONE', #823, #445, #93, .T. ) ;
#1596 = DIRECTION ( 'NONE',  ( 1.000000000000000000, 1.238933330459982122E-16, 0.000000000000000000 ) ) ;
#1597 = VERTEX_POINT ( 'NONE', #1186 ) ;
#1598 = CYLINDRICAL_SURFACE ( 'NONE', #189, 0.002812500000000012473 ) ;
#1599 = CARTESIAN_POINT ( 'NONE',  ( 0.1460479054504317808, 0.1940171953882646183, 2.134256245050205639E-18 ) ) ;
#1600 = ORIENTED_EDGE ( 'NONE', *, *, #1218, .T. ) ;
#1601 = VECTOR ( 'NONE', #713, 39.37007874015748854 ) ;
#1602 = CARTESIAN_POINT ( 'NONE',  ( 0.1460479054504317808, 0.1940171953882646183, 2.134256245050205639E-18 ) ) ;
#1603 = VERTEX_POINT ( 'NONE', #249 ) ;
#1604 = CIRCLE ( 'NONE', #1291, 0.1978124999999999745 ) ;
#1605 = DIRECTION ( 'NONE',  ( 1.000000000000000000, 0.000000000000000000, 0.000000000000000000 ) ) ;
#1606 = CARTESIAN_POINT ( 'NONE',  ( 0.2810369599758592574, 0.1059441091607888491, -0.1618677626106296841 ) ) ;
#1607 = ORIENTED_EDGE ( 'NONE', *, *, #81, .F. ) ;
#1608 = CARTESIAN_POINT ( 'NONE',  ( 0.1748060135335251508, 0.1940171953882646183, 2.134256245050205639E-18 ) ) ;
#1609 = CARTESIAN_POINT ( 'NONE',  ( -0.2812500000000000555, -0.2116728465583721241, -0.05375867513217653243 ) ) ;
#1610 = VECTOR ( 'NONE', #627, 39.37007874015748143 ) ;
#1611 = CARTESIAN_POINT ( 'NONE',  ( 0.2800343300545674041, -0.1935432500624168217, 0.1630739344242163325 ) ) ;
#1612 = CARTESIAN_POINT ( 'NONE',  ( 0.0001848441519643460353, -0.1934202117792653830, -0.3243198664567049083 ) ) ;
#1613 = ORIENTED_EDGE ( 'NONE', *, *, #1526, .T. ) ;
#1614 = ORIENTED_EDGE ( 'NONE', *, *, #297, .T. ) ;
#1615 = DIRECTION ( 'NONE',  ( 1.000000000000000000, 1.420876590200769192E-16, 0.000000000000000000 ) ) ;
#1616 = B_SPLINE_CURVE_WITH_KNOTS ( 'NONE', 3,
 ( #422, #164, #985, #412, #1531, #1540, #854, #1504, #962, #124, #307, #1242, #1105 ),
 .UNSPECIFIED., .F., .F.,
 ( 4, 3, 3, 3, 4 ),
 ( 2.356526876020372985E-07, 2.207319946605108479E-05, 4.420872248444762193E-05, 6.562461217365534870E-05, 7.548704908523342705E-05 ),
 .UNSPECIFIED. ) ;
#1617 = CARTESIAN_POINT ( 'NONE',  ( -4.018372309702250747E-17, 0.1093749999999999029, 0.000000000000000000 ) ) ;
#1618 = VERTEX_POINT ( 'NONE', #1361 ) ;
#1619 = CARTESIAN_POINT ( 'NONE',  ( 0.1460479054504317808, 0.1983921953882646361, 2.134256245050205639E-18 ) ) ;
#1620 = CARTESIAN_POINT ( 'NONE',  ( -0.2798437500000000577, 0.2187500000000000278, -0.1631916620256305406 ) ) ;
#1621 = DIRECTION ( 'NONE',  ( 1.224646799147352961E-16, -1.000000000000000000, -0.000000000000000000 ) ) ;
#1622 = ADVANCED_FACE ( 'NONE', ( #107 ), #402, .F. ) ;
#1623 = EDGE_LOOP ( 'NONE', ( #238, #368, #528, #1205 ) ) ;
#1624 = DIRECTION ( 'NONE',  ( 1.000000000000000000, 0.000000000000000000, 0.000000000000000000 ) ) ;
#1625 = CARTESIAN_POINT ( 'NONE',  ( 0.000000000000000000, -0.2187499999999999445, 0.000000000000000000 ) ) ;
#1626 = DIRECTION ( 'NONE',  ( 1.000000000000000000, 1.420876590200769192E-16, 0.000000000000000000 ) ) ;
#1627 = ORIENTED_EDGE ( 'NONE', *, *, #1662, .F. ) ;
#1628 = FACE_BOUND ( 'NONE', #988, .T. ) ;
#1629 = EDGE_CURVE ( 'NONE', #959, #837, #567, .T. ) ;
#1630 = DIRECTION ( 'NONE',  ( -0.000000000000000000, 1.000000000000000000, 0.000000000000000000 ) ) ;
#1631 = CARTESIAN_POINT ( 'NONE',  ( -5.135307692446726043E-17, 0.2005796953882645062, 0.000000000000000000 ) ) ;
#1632 = B_SPLINE_CURVE_WITH_KNOTS ( 'NONE', 3,
 ( #766, #738, #1281, #1021, #897, #1727, #487, #331, #470, #1548, #1025, #345, #1570 ),
 .UNSPECIFIED., .F., .F.,
 ( 4, 3, 3, 3, 4 ),
 ( 2.352130625051944742E-07, 2.207317417790097082E-05, 4.420867048686869053E-05, 6.562455247799737243E-05, 7.548643737455968099E-05 ),
 .UNSPECIFIED. ) ;
#1633 = ORIENTED_EDGE ( 'NONE', *, *, #410, .T. ) ;
#1634 = EDGE_CURVE ( 'NONE', #205, #992, #1467, .T. ) ;
#1635 = VERTEX_POINT ( 'NONE', #724 ) ;
#1636 = AXIS2_PLACEMENT_3D ( 'NONE', #641, #1050, #509 ) ;
#1637 = CYLINDRICAL_SURFACE ( 'NONE', #1091, 0.2756250000000002864 ) ;
#1638 = CARTESIAN_POINT ( 'NONE',  ( -0.001181366866819765805, 0.1060737363681091422, -0.3240675183724219255 ) ) ;
#1639 = DIRECTION ( 'NONE',  ( 0.000000000000000000, -1.000000000000000000, 0.000000000000000000 ) ) ;
#1640 = ORIENTED_EDGE ( 'NONE', *, *, #953, .T. ) ;
#1641 = DIRECTION ( 'NONE',  ( 0.000000000000000000, -1.000000000000000000, 0.000000000000000000 ) ) ;
#1642 = CARTESIAN_POINT ( 'NONE',  ( -0.2812500000000000555, 0.1128663008441491283, 0.1346566601082707926 ) ) ;
#1643 = VECTOR ( 'NONE', #983, 39.37007874015748143 ) ;
#1644 = CARTESIAN_POINT ( 'NONE',  ( 0.001208347355616392260, -0.1935430978008713110, -0.3240541400667893979 ) ) ;
#1645 = AXIS2_PLACEMENT_3D ( 'NONE', #416, #20, #1252 ) ;
#1646 = ORIENTED_EDGE ( 'NONE', *, *, #621, .F. ) ;
#1647 = CARTESIAN_POINT ( 'NONE',  ( 0.000000000000000000, -0.2187499999999999445, 0.000000000000000000 ) ) ;
#1648 = EDGE_CURVE ( 'NONE', #312, #944, #1541, .T. ) ;
#1649 = DIRECTION ( 'NONE',  ( 0.000000000000000000, 0.000000000000000000, -1.000000000000000000 ) ) ;
#1650 = ADVANCED_FACE ( 'NONE', ( #1798 ), #290, .F. ) ;
#1651 = DIRECTION ( 'NONE',  ( 1.224646799147352961E-16, -1.000000000000000000, -0.000000000000000000 ) ) ;
#1652 = MANIFOLD_SOLID_BREP ( 'Cut-Extrude1', #1032 ) ;
#1653 = EDGE_LOOP ( 'NONE', ( #1513, #1627, #1456, #242, #503, #8, #100, #1220, #434, #217, #1119 ) ) ;
#1654 = CARTESIAN_POINT ( 'NONE',  ( -4.286263797015734130E-17, 0.1312499999999999223, 0.000000000000000000 ) ) ;
#1655 = UNCERTAINTY_MEASURE_WITH_UNIT (LENGTH_MEASURE( 1.000000000000000082E-05 ), #64, 'distance_accuracy_value', 'NONE');
#1656 = B_SPLINE_CURVE_WITH_KNOTS ( 'NONE', 3,
 ( #1234, #1642, #212, #305, #746, #1584 ),
 .UNSPECIFIED., .F., .F.,
 ( 4, 2, 4 ),
 ( 0.003875722013268088299, 0.005929556636529338676, 0.007983391259790589486 ),
 .UNSPECIFIED. ) ;
#1657 = EDGE_LOOP ( 'NONE', ( #710, #502, #849, #303 ) ) ;
#1658 = ORIENTED_EDGE ( 'NONE', *, *, #1760, .F. ) ;
#1659 = CARTESIAN_POINT ( 'NONE',  ( -0.1987137076507811129, 0.1243791060619493377, 0.2100321138153177225 ) ) ;
#1660 = CARTESIAN_POINT ( 'NONE',  ( -0.1969608978297757718, 0.1940171953882645628, 0.01833548151368346452 ) ) ;
#1661 = CARTESIAN_POINT ( 'NONE',  ( -5.373734122795935279E-17, 0.1940171953882645905, -0.1748060135335251786 ) ) ;
#1662 = EDGE_CURVE ( 'NONE', #1553, #1006, #685, .T. ) ;
#1663 = ORIENTED_EDGE ( 'NONE', *, *, #1694, .F. ) ;
#1664 = CARTESIAN_POINT ( 'NONE',  ( 0.2812500000000000555, 0.1283267363669178263, 0.02714124555394978322 ) ) ;
#1665 = VERTEX_POINT ( 'NONE', #1380 ) ;
#1666 = ORIENTED_EDGE ( 'NONE', *, *, #53, .T. ) ;
#1667 = CARTESIAN_POINT ( 'NONE',  ( -0.2798437500000000022, 0.1061355640142169765, 0.1631916620256305406 ) ) ;
#1668 = AXIS2_PLACEMENT_3D ( 'NONE', #1059, #1070, #928 ) ;
#1669 = CARTESIAN_POINT ( 'NONE',  ( -0.2800343300545694580, -0.1935432500624164054, -0.1630739344242150279 ) ) ;
#1670 = CARTESIAN_POINT ( 'NONE',  ( -0.1178839280406421552, 0.1278577767001872756, -0.2566992088317696097 ) ) ;
#1671 = DIRECTION ( 'NONE',  ( -1.224646799147353207E-16, 1.000000000000000000, -0.000000000000000000 ) ) ;
#1672 = ORIENTED_EDGE ( 'NONE', *, *, #1044, .F. ) ;
#1673 = CARTESIAN_POINT ( 'NONE',  ( -0.001406249999993362679, -0.1935923848279721970, 0.3239476276031209023 ) ) ;
#1674 = AXIS2_PLACEMENT_3D ( 'NONE', #1617, #1057, #1626 ) ;
#1675 = ORIENTED_EDGE ( 'NONE', *, *, #1526, .F. ) ;
#1676 = ORIENTED_EDGE ( 'NONE', *, *, #1237, .F. ) ;
#1677 = DIRECTION ( 'NONE',  ( -1.224646799147353207E-16, 1.000000000000000000, 0.000000000000000000 ) ) ;
#1678 = AXIS2_PLACEMENT_3D ( 'NONE', #1631, #523, #821 ) ;
#1679 = DIRECTION ( 'NONE',  ( -1.000000000000000000, -1.051488783018133704E-16, 0.000000000000000000 ) ) ;
#1680 = CARTESIAN_POINT ( 'NONE',  ( -0.02433246005597532874, 0.1129626487804151203, -0.3107111740558014534 ) ) ;
#1681 = DIRECTION ( 'NONE',  ( -0.8660254037844389297, 0.000000000000000000, -0.4999999999999993894 ) ) ;
#1682 = CARTESIAN_POINT ( 'NONE',  ( 0.2812500000000002776, 0.1061355640142156304, 0.1607559655774918328 ) ) ;
#1683 = CARTESIAN_POINT ( 'NONE',  ( 2.048546796241645680E-15, -0.1934181017275146963, -0.3243244311549889347 ) ) ;
#1684 = ORIENTED_EDGE ( 'NONE', *, *, #593, .T. ) ;
#1685 = EDGE_CURVE ( 'NONE', #970, #427, #323, .T. ) ;
#1686 = DIRECTION ( 'NONE',  ( 1.224646799147352961E-16, -1.000000000000000000, -0.000000000000000000 ) ) ;
#1687 = CARTESIAN_POINT ( 'NONE',  ( 0.1748060135335251508, 0.1983921953882646361, 2.134256245050205639E-18 ) ) ;
#1688 = CARTESIAN_POINT ( 'NONE',  ( 2.762439626015643300E-17, 0.1940171953882645905, 0.1748060135335251786 ) ) ;
#1689 = FACE_OUTER_BOUND ( 'NONE', #1690, .T. ) ;
#1690 = EDGE_LOOP ( 'NONE', ( #1792, #1536, #732, #1393 ) ) ;
#1691 = EDGE_LOOP ( 'NONE', ( #1266, #906, #1332, #1533, #1676, #260, #62, #734, #142, #1288, #1147, #152 ) ) ;
#1692 = VECTOR ( 'NONE', #1405, 39.37007874015748143 ) ;
#1693 = CARTESIAN_POINT ( 'NONE',  ( -0.2078125000000000389, 0.1093749999999998196, 2.544969129478093680E-17 ) ) ;
#1694 = EDGE_CURVE ( 'NONE', #840, #915, #1097, .T. ) ;
#1695 = EDGE_CURVE ( 'NONE', #1460, #1494, #1604, .T. ) ;
#1696 = CARTESIAN_POINT ( 'NONE',  ( 0.09452337121770995609, -0.2117286278525151166, -0.2701864326019089435 ) ) ;
#1697 = CALENDAR_DATE ( 2026, 7, 1 ) ;
#1698 = PLANE ( 'NONE',  #877 ) ;
#1699 = APPROVAL_PERSON_ORGANIZATION ( #43, #285, #1153 ) ;
#1700 = DIRECTION ( 'NONE',  ( -1.224646799147353207E-16, 1.000000000000000000, 0.000000000000000000 ) ) ;
#1701 = PERSON ( 'UNSPECIFIED', 'UNSPECIFIED', 'UNSPECIFIED', ('UNSPECIFIED'), ('UNSPECIFIED'), ('UNSPECIFIED') ) ;
#1702 = VECTOR ( 'NONE', #447, 39.37007874015748143 ) ;
#1703 = CARTESIAN_POINT ( 'NONE',  ( -0.2801244644517740245, -0.1935227691375499270, -0.1630063671390865887 ) ) ;
#1704 = AXIS2_PLACEMENT_3D ( 'NONE', #367, #1208, #232 ) ;
#1705 = LINE ( 'NONE', #198, #779 ) ;
#1706 = PERSON_AND_ORGANIZATION ( #1701, #1290 ) ;
#1707 = AXIS2_PLACEMENT_3D ( 'NONE', #378, #1773, #1081 ) ;
#1708 = ADVANCED_FACE ( 'NONE', ( #705 ), #974, .F. ) ;
#1709 = ORIENTED_EDGE ( 'NONE', *, *, #886, .F. ) ;
#1710 = CARTESIAN_POINT ( 'NONE',  ( 1.272550286111185022E-16, 0.2187500000000000278, -0.3243244311549730585 ) ) ;
#1711 = CARTESIAN_POINT ( 'NONE',  ( 0.1869101793690415014, 0.1258756040607427740, -0.2168468840461673652 ) ) ;
#1712 = LINE ( 'NONE', #352, #1732 ) ;
#1713 = CYLINDRICAL_SURFACE ( 'NONE', #1124, 0.2078125000000000111 ) ;
#1714 = ORIENTED_EDGE ( 'NONE', *, *, #1685, .F. ) ;
#1715 = CARTESIAN_POINT ( 'NONE',  ( 0.000000000000000000, 0.2187500000000000278, -0.1201656081756480171 ) ) ;
#1716 = EDGE_CURVE ( 'NONE', #1561, #235, #279, .T. ) ;
#1717 = CARTESIAN_POINT ( 'NONE',  ( -0.2812500000000002220, -0.1935923848279730852, 0.1607559655774910834 ) ) ;
#1718 = CARTESIAN_POINT ( 'NONE',  ( -5.108518543715378444E-17, 0.1983921953882645528, 0.000000000000000000 ) ) ;
#1719 = CARTESIAN_POINT ( 'NONE',  ( 0.01833548151368330839, 0.1962046953882645994, 0.1969608978297758828 ) ) ;
#1720 = AXIS2_PLACEMENT_3D ( 'NONE', #1770, #1505, #916 ) ;
#1721 = DIRECTION ( 'NONE',  ( -1.000000000000000000, -1.224646799147353207E-16, 0.000000000000000000 ) ) ;
#1722 = FACE_OUTER_BOUND ( 'NONE', #562, .T. ) ;
#1723 = CARTESIAN_POINT ( 'NONE',  ( 0.2812500000000000555, -0.2135040388457562777, -0.02689416559233496692 ) ) ;
#1724 = AXIS2_PLACEMENT_3D ( 'NONE', #1368, #1511, #6 ) ;
#1725 = CARTESIAN_POINT ( 'NONE',  ( 2.762439626015643300E-17, 0.1940171953882645905, 0.1748060135335251786 ) ) ;
#1726 = VECTOR ( 'NONE', #77, 39.37007874015748143 ) ;
#1727 = CARTESIAN_POINT ( 'NONE',  ( -0.2808658892901547133, 0.1059337974020805873, -0.1622041078777305689 ) ) ;
#1728 = AXIS2_PLACEMENT_3D ( 'NONE', #393, #1051, #538 ) ;
#1729 = DIRECTION ( 'NONE',  ( 1.000000000000000000, 0.000000000000000000, 0.000000000000000000 ) ) ;
#1730 = ORIENTED_EDGE ( 'NONE', *, *, #456, .T. ) ;
#1731 = CARTESIAN_POINT ( 'NONE',  ( 0.001406250000000099911, -0.1935923848279740567, 0.3239476276031167945 ) ) ;
#1732 = VECTOR ( 'NONE', #771, 39.37007874015748143 ) ;
#1733 = CARTESIAN_POINT ( 'NONE',  ( -0.2812500000000002776, 0.1061355640142155332, 0.1607559655774921104 ) ) ;
#1734 = CARTESIAN_POINT ( 'NONE',  ( -0.2812500000000000555, 0.2187500000000000278, 0.1607559655774868090 ) ) ;
#1735 = PLANE ( 'NONE',  #407 ) ;
#1736 = EDGE_CURVE ( 'NONE', #1275, #758, #280, .T. ) ;
#1737 = VERTEX_POINT ( 'NONE', #1139 ) ;
#1738 = CARTESIAN_POINT ( 'NONE',  ( 0.001406249999992110209, 0.1061355640142144230, 0.3239476276031219015 ) ) ;
#1739 = CARTESIAN_POINT ( 'NONE',  ( 0.1201656081756479338, -0.2187499999999999445, 0.000000000000000000 ) ) ;
#1740 = VERTEX_POINT ( 'NONE', #996 ) ;
#1741 = FACE_OUTER_BOUND ( 'NONE', #340, .T. ) ;
#1742 = DIRECTION ( 'NONE',  ( 1.224646799147352961E-16, -1.000000000000000000, -0.000000000000000000 ) ) ;
#1743 = ORIENTED_EDGE ( 'NONE', *, *, #1695, .T. ) ;
#1744 = CARTESIAN_POINT ( 'NONE',  ( 0.2798437500000000577, 0.1061355640142170736, 0.1631916620256302908 ) ) ;
#1745 = EDGE_CURVE ( 'NONE', #1466, #1791, #1330, .T. ) ;
#1746 = LINE ( 'NONE', #1184, #1268 ) ;
#1747 = ORIENTED_EDGE ( 'NONE', *, *, #1685, .T. ) ;
#1748 = EDGE_CURVE ( 'NONE', #1553, #276, #449, .T. ) ;
#1749 = DIRECTION ( 'NONE',  ( 1.000000000000000000, 0.000000000000000000, 0.000000000000000000 ) ) ;
#1750 = DIRECTION ( 'NONE',  ( 1.224646799147352961E-16, -1.000000000000000000, -0.000000000000000000 ) ) ;
#1751 = EDGE_CURVE ( 'NONE', #701, #1782, #781, .T. ) ;
#1752 = CIRCLE ( 'NONE', #253, 0.1978124999999999745 ) ;
#1753 = ORIENTED_EDGE ( 'NONE', *, *, #935, .F. ) ;
#1754 = ORIENTED_EDGE ( 'NONE', *, *, #566, .T. ) ;
#1755 = CARTESIAN_POINT ( 'NONE',  ( -0.01833548151368332574, 0.1962046953882645994, -0.1969608978297758828 ) ) ;
#1756 = CARTESIAN_POINT ( 'NONE',  ( -5.054940246252682014E-17, 0.1940171953882645628, 0.000000000000000000 ) ) ;
#1757 = ORIENTED_EDGE ( 'NONE', *, *, #439, .T. ) ;
#1758 = DIRECTION ( 'NONE',  ( -0.000000000000000000, -1.000000000000000000, -0.000000000000000000 ) ) ;
#1759 = TOROIDAL_SURFACE ( 'NONE', #1154, 0.2392843907765291045, 0.03634060922347118194 ) ;
#1760 = EDGE_CURVE ( 'NONE', #1366, #1542, #1243, .T. ) ;
#1761 = AXIS2_PLACEMENT_3D ( 'NONE', #675, #1088, #120 ) ;
#1762 = CARTESIAN_POINT ( 'NONE',  ( -0.2784375000000000044, 0.2187500000000000278, 0.1607559655774868090 ) ) ;
#1763 = DIRECTION ( 'NONE',  ( 1.000000000000000000, 1.238933330459982122E-16, 0.000000000000000000 ) ) ;
#1764 = CIRCLE ( 'NONE', #111, 0.1978124999999999745 ) ;
#1765 = ORIENTED_EDGE ( 'NONE', *, *, #1471, .T. ) ;
#1766 = ORIENTED_EDGE ( 'NONE', *, *, #1736, .F. ) ;
#1767 = CARTESIAN_POINT ( 'NONE',  ( -0.2568970099954666075, -0.1997236643215273277, 0.1764399685442721299 ) ) ;
#1768 = CARTESIAN_POINT ( 'NONE',  ( -0.2812432917834570834, -0.1935430999068014912, 0.1609806003732608404 ) ) ;
#1769 = ORIENTED_EDGE ( 'NONE', *, *, #506, .T. ) ;
#1770 = CARTESIAN_POINT ( 'NONE',  ( 2.708861328552946562E-17, 0.1983921953882646083, 0.1748060135335251786 ) ) ;
#1771 = FACE_OUTER_BOUND ( 'NONE', #1691, .T. ) ;
#1772 = ADVANCED_FACE ( 'NONE', ( #549 ), #413, .F. ) ;
#1773 = DIRECTION ( 'NONE',  ( -1.224646799147353207E-16, 1.000000000000000000, 0.000000000000000000 ) ) ;
#1774 = CARTESIAN_POINT ( 'NONE',  ( -0.2807223927734394664, -0.1934244589420353322, -0.1623959110838632258 ) ) ;
#1775 = EDGE_LOOP ( 'NONE', ( #1525, #1396, #774, #129, #1747, #1640 ) ) ;
#1776 = DIRECTION ( 'NONE',  ( 1.000000000000000000, 1.224646799147352961E-16, 0.000000000000000000 ) ) ;
#1777 = CARTESIAN_POINT ( 'NONE',  ( -0.0008069409613727996419, 0.1059949861580674474, -0.3242202792079253437 ) ) ;
#1778 = ORIENTED_EDGE ( 'NONE', *, *, #439, .F. ) ;
#1779 = CARTESIAN_POINT ( 'NONE',  ( -0.2700000000000002398, -0.2187500000000000000, 0.000000000000000000 ) ) ;
#1780 = CARTESIAN_POINT ( 'NONE',  ( 0.000000000000000000, -0.2187499999999999445, 0.000000000000000000 ) ) ;
#1781 = CARTESIAN_POINT ( 'NONE',  ( -0.1201656081756480171, 0.1983921953882646361, 1.471604274199023113E-17 ) ) ;
#1782 = VERTEX_POINT ( 'NONE', #1512 ) ;
#1783 = EDGE_CURVE ( 'NONE', #525, #1441, #1532, .T. ) ;
#1784 = CARTESIAN_POINT ( 'NONE',  ( -0.09334282506887318920, 0.1261938892934651724, 0.2708680212387305497 ) ) ;
#1785 = CARTESIAN_POINT ( 'NONE',  ( -0.2798437500000067746, -0.1935923848279722526, -0.1631916620256269879 ) ) ;
#1786 = DIRECTION ( 'NONE',  ( -0.000000000000000000, 1.000000000000000000, -0.000000000000000000 ) ) ;
#1787 = DIRECTION ( 'NONE',  ( 1.224646799147352961E-16, -1.000000000000000000, -0.000000000000000000 ) ) ;
#1788 = AXIS2_PLACEMENT_3D ( 'NONE', #1191, #381, #1305 ) ;
#1789 = CARTESIAN_POINT ( 'NONE',  ( 0.0008449643253174268830, -0.1934713255846084168, -0.3242092952485730040 ) ) ;
#1790 = CONICAL_SURFACE ( 'NONE', #1328, 0.2756250000000002864, 1.091520049958276894 ) ;
#1791 = VERTEX_POINT ( 'NONE', #192 ) ;
#1792 = ORIENTED_EDGE ( 'NONE', *, *, #1539, .F. ) ;
#1793 = VECTOR ( 'NONE', #1256, 39.37007874015748143 ) ;
#1794 = CARTESIAN_POINT ( 'NONE',  ( -0.1516342790043700706, 0.1283458043576479191, 0.2372134346176169306 ) ) ;
#1795 = EDGE_CURVE ( 'NONE', #1375, #452, #1632, .T. ) ;
#1796 = CARTESIAN_POINT ( 'NONE',  ( -0.2568162373221096750, -0.1997452464650347204, -0.1764866026689780876 ) ) ;
#1797 = EDGE_LOOP ( 'NONE', ( #229, #1064, #3, #1415 ) ) ;
#1798 = FACE_OUTER_BOUND ( 'NONE', #864, .T. ) ;
#1799 = CARTESIAN_POINT ( 'NONE',  ( 0.1969608978297757163, 0.1940171953882646183, -0.01833548151368346799 ) ) ;
#1800 = ORIENTED_EDGE ( 'NONE', *, *, #343, .T. ) ;
ENDSEC;
END-ISO-10303-21;
