ISO-10303-21;
HEADER;
FILE_DESCRIPTION (( 'STEP AP203' ),
    '1' );
FILE_NAME ('92290A242_NO THREADS_Super-Corrosion-Resistant 316 Stainless Steel Socket Head Screw.STEP',
    '2026-01-08T20:15:10',
    ( 'McMaster Carr Supply' ),
    ( 'McMaster Carr Supply' ),
    'SwSTEP 2.0',
    'SolidWorks 2024',
    '' );
FILE_SCHEMA (( 'CONFIG_CONTROL_DESIGN' ));
ENDSEC;

DATA;
#1 = CARTESIAN_POINT ( 'NONE',  ( 0.000000000000000000, 2.000000000000000000, 10.00000000000000178 ) ) ;
#2 = CARTESIAN_POINT ( 'NONE',  ( -0.2411794382185354912, -2.170156063180026518, 12.36931856105898220 ) ) ;
#3 = CARTESIAN_POINT ( 'NONE',  ( 2.000000000000000000, 1.039230484541326271, 10.00000000000000178 ) ) ;
#4 = EDGE_CURVE ( 'NONE', #99, #18, #544, .T. ) ;
#5 = ORIENTED_EDGE ( 'NONE', *, *, #794, .T. ) ;
#6 = EDGE_LOOP ( 'NONE', ( #572, #245 ) ) ;
#7 = DIRECTION ( 'NONE',  ( 0.000000000000000000, -1.540743955509788682E-32, -1.000000000000000000 ) ) ;
#8 = CARTESIAN_POINT ( 'NONE',  ( 1.999999999999999556, 0.1816448168043612033, 12.19059892324150063 ) ) ;
#9 = CARTESIAN_POINT ( 'NONE',  ( -0.09999999999997005729, -2.251666049839556205, 12.44448445715835483 ) ) ;
#10 = ORIENTED_EDGE ( 'NONE', *, *, #780, .T. ) ;
#11 = EDGE_LOOP ( 'NONE', ( #1033, #104, #657, #1161 ) ) ;
#12 = FACE_OUTER_BOUND ( 'NONE', #1154, .T. ) ;
#13 = CARTESIAN_POINT ( 'NONE',  ( -1.758820561781463621, 1.293945551957726314, 12.36931856105898220 ) ) ;
#14 = AXIS2_PLACEMENT_3D ( 'NONE', #1202, #1006, #283 ) ;
#15 = AXIS2_PLACEMENT_3D ( 'NONE', #643, #1244, #332 ) ;
#16 = B_SPLINE_CURVE_WITH_KNOTS ( 'NONE', 3,
 ( #558, #164, #1258, #340, #749, #1164 ),
 .UNSPECIFIED., .F., .F.,
 ( 4, 2, 4 ),
 ( 1.213030838244287068E-15, 0.0001080138242831055548, 0.0002160276485649980770 ),
 .UNSPECIFIED. ) ;
#17 = DIRECTION ( 'NONE',  ( 0.000000000000000000, 0.000000000000000000, -1.000000000000000000 ) ) ;
#18 = VERTEX_POINT ( 'NONE', #159 ) ;
#19 = ORIENTED_EDGE ( 'NONE', *, *, #560, .T. ) ;
#20 = CARTESIAN_POINT ( 'NONE',  ( 0.000000000000000000, 1.791095138393782505E-15, 7.500000000000000000 ) ) ;
#21 = AXIS2_PLACEMENT_3D ( 'NONE', #907, #1316, #1187 ) ;
#22 = FACE_OUTER_BOUND ( 'NONE', #46, .T. ) ;
#23 = EDGE_CURVE ( 'NONE', #741, #477, #888, .T. ) ;
#24 = CARTESIAN_POINT ( 'NONE',  ( -1.999999999999999556, -1.154700538379249908, 10.00000000000000178 ) ) ;
#25 = ORIENTED_EDGE ( 'NONE', *, *, #1135, .F. ) ;
#26 = FACE_OUTER_BOUND ( 'NONE', #141, .T. ) ;
#27 = FACE_OUTER_BOUND ( 'NONE', #1203, .T. ) ;
#28 = FACE_OUTER_BOUND ( 'NONE', #756, .T. ) ;
#29 = ORIENTED_EDGE ( 'NONE', *, *, #943, .T. ) ;
#30 = CARTESIAN_POINT ( 'NONE',  ( -0.2424084962205910465, 2.169446466211690794, 12.36866419348791979 ) ) ;
#31 = CARTESIAN_POINT ( 'NONE',  ( 0.09999999999999924227, -2.251666049839538442, 12.50000000000000000 ) ) ;
#32 = EDGE_CURVE ( 'NONE', #829, #849, #76, .T. ) ;
#33 = ADVANCED_FACE ( 'NONE', ( #751 ), #762, .T. ) ;
#34 = AXIS2_PLACEMENT_3D ( 'NONE', #905, #682, #1299 ) ;
#35 = CARTESIAN_POINT ( 'NONE',  ( 0.000000000000000000, 1.734723475976807094E-15, 7.851757643251607632 ) ) ;
#36 = EDGE_LOOP ( 'NONE', ( #1027, #1022, #835, #435 ) ) ;
#37 = CARTESIAN_POINT ( 'NONE',  ( -0.03649189087662119135, 2.278447870346798965, 12.46904794337627820 ) ) ;
#38 = APPROVAL ( #472, 'UNSPECIFIED' ) ;
#39 = DIRECTION ( 'NONE',  ( 0.000000000000000000, -1.000000000000000000, 1.540743955509788682E-32 ) ) ;
#40 = ORIENTED_EDGE ( 'NONE', *, *, #725, .F. ) ;
#41 = CARTESIAN_POINT ( 'NONE',  ( 2.000000000000000000, 1.039230484541342703, 12.44448445715839924 ) ) ;
#42 = CARTESIAN_POINT ( 'NONE',  ( 2.309401076758502480, -5.777789833161707559E-31, 12.50000000000000000 ) ) ;
#43 = EDGE_CURVE ( 'NONE', #922, #776, #1057, .T. ) ;
#44 = DESIGN_CONTEXT ( 'detailed design', #408, 'design' ) ;
#45 = DIRECTION ( 'NONE',  ( 0.000000000000000000, -1.540743955509788682E-32, -1.000000000000000000 ) ) ;
#46 = EDGE_LOOP ( 'NONE', ( #541, #1049 ) ) ;
#47 = CARTESIAN_POINT ( 'NONE',  ( -1.799999999999999600, -1.039230484541324717, 10.00000000000000178 ) ) ;
#48 = ORIENTED_EDGE ( 'NONE', *, *, #693, .F. ) ;
#49 = CARTESIAN_POINT ( 'NONE',  ( 1.758820561781463621, -1.293945551957724982, 12.36931856105898397 ) ) ;
#50 = CIRCLE ( 'NONE', #262, 1.980384757729334977 ) ;
#51 = CIRCLE ( 'NONE', #95, 2.000000000000000000 ) ;
#52 = DIRECTION ( 'NONE',  ( 0.000000000000000000, -1.000000000000000000, 1.540743955509788682E-32 ) ) ;
#53 = EDGE_CURVE ( 'NONE', #477, #127, #890, .T. ) ;
#54 = EDGE_LOOP ( 'NONE', ( #10, #145 ) ) ;
#55 = CARTESIAN_POINT ( 'NONE',  ( 0.000000000000000000, 1.791095138393782505E-15, 12.20458992837419920 ) ) ;
#56 = AXIS2_PLACEMENT_3D ( 'NONE', #1, #1108, #1090 ) ;
#57 = B_SPLINE_CURVE_WITH_KNOTS ( 'NONE', 3,
 ( #968, #1255, #638, #1051, #136, #539 ),
 .UNSPECIFIED., .F., .F.,
 ( 4, 2, 4 ),
 ( 0.002450028696938075755, 0.002984243782800425314, 0.003518458868662774873 ),
 .UNSPECIFIED. ) ;
#58 = CARTESIAN_POINT ( 'NONE',  ( -1.999999999999999556, -1.039230484541348032, 12.44448445715838680 ) ) ;
#59 = B_SPLINE_CURVE_WITH_KNOTS ( 'NONE', 3,
 ( #58, #674, #1067, #1087, #786, #960 ),
 .UNSPECIFIED., .F., .F.,
 ( 4, 2, 4 ),
 ( 0.001493260266394068857, 0.002027773304918472057, 0.002562286343442875258 ),
 .UNSPECIFIED. ) ;
#60 = CARTESIAN_POINT ( 'NONE',  ( -1.999999999999999112, 2.449293595523087504E-16, 12.19059892324149885 ) ) ;
#61 = ORIENTED_EDGE ( 'NONE', *, *, #560, .F. ) ;
#62 = LINE ( 'NONE', #1188, #1054 ) ;
#63 = DIRECTION ( 'NONE',  ( 0.000000000000000000, -1.000000000000000000, 0.000000000000000000 ) ) ;
#64 = EDGE_LOOP ( 'NONE', ( #427, #109, #327, #1023 ) ) ;
#65 = APPROVAL_PERSON_ORGANIZATION ( #395, #850, #1113 ) ;
#66 = DIRECTION ( 'NONE',  ( 1.000000000000000000, 0.000000000000000000, 0.000000000000000000 ) ) ;
#67 = DIRECTION ( 'NONE',  ( 0.000000000000000000, 0.000000000000000000, 1.000000000000000000 ) ) ;
#68 = CARTESIAN_POINT ( 'NONE',  ( 0.000000000000000000, 2.500000000000000444, 7.500000000000000000 ) ) ;
#69 = DIRECTION ( 'NONE',  ( 0.000000000000000000, -1.000000000000000000, 0.000000000000000000 ) ) ;
#70 = EDGE_CURVE ( 'NONE', #532, #507, #881, .T. ) ;
#71 = CIRCLE ( 'NONE', #563, 0.07968749999999989730 ) ;
#72 = VERTEX_POINT ( 'NONE', #581 ) ;
#73 = VECTOR ( 'NONE', #685, 999.9999999999998863 ) ;
#74 = DIRECTION ( 'NONE',  ( -0.000000000000000000, 1.540743955509788682E-32, 1.000000000000000000 ) ) ;
#75 = CARTESIAN_POINT ( 'NONE',  ( -1.999999999999998668, 1.039230484541327382, 10.00000000000000178 ) ) ;
#76 = CIRCLE ( 'NONE', #569, 2.309401076758502480 ) ;
#77 = FACE_OUTER_BOUND ( 'NONE', #822, .T. ) ;
#78 = APPROVAL ( #1156, 'UNSPECIFIED' ) ;
#79 = CARTESIAN_POINT ( 'NONE',  ( -1.999999999999999556, -1.039230484541324717, 10.00000000000000178 ) ) ;
#80 = FACE_OUTER_BOUND ( 'NONE', #512, .T. ) ;
#81 = CARTESIAN_POINT ( 'NONE',  ( -0.3855051150325641274, -2.086829594820473144, 12.30621094647782066 ) ) ;
#82 = CARTESIAN_POINT ( 'NONE',  ( 1.610158731416491129, 1.379775499737165623, 12.30428908216916994 ) ) ;
#83 = LINE ( 'NONE', #600, #369 ) ;
#84 = EDGE_LOOP ( 'NONE', ( #606, #595, #410, #1095 ) ) ;
#85 = ADVANCED_FACE ( 'NONE', ( #901 ), #1214, .T. ) ;
#86 = CC_DESIGN_SECURITY_CLASSIFICATION ( #489, ( #343 ) ) ;
#87 = DIRECTION ( 'NONE',  ( -0.8660254037844387076, -0.4999999999999998335, 0.000000000000000000 ) ) ;
#88 = CARTESIAN_POINT ( 'NONE',  ( -0.6837713634610774749, -1.914625496000090799, 12.21684578597818138 ) ) ;
#89 = EDGE_CURVE ( 'NONE', #108, #253, #94, .T. ) ;
#90 = CARTESIAN_POINT ( 'NONE',  ( 0.6837713634610771418, 1.914625496000092131, 12.21684578597818316 ) ) ;
#91 = ORIENTED_EDGE ( 'NONE', *, *, #1103, .F. ) ;
#92 = DIRECTION ( 'NONE',  ( 0.000000000000000000, -1.000000000000000000, 0.000000000000000000 ) ) ;
#93 = CIRCLE ( 'NONE', #1267, 4.250000000000000000 ) ;
#94 = LINE ( 'NONE', #192, #1106 ) ;
#95 = AXIS2_PLACEMENT_3D ( 'NONE', #1179, #149, #259 ) ;
#96 = VECTOR ( 'NONE', #1002, 1000.000000000000000 ) ;
#97 = CC_DESIGN_PERSON_AND_ORGANIZATION_ASSIGNMENT ( #698, #198, ( #784 ) ) ;
#98 = DIRECTION ( 'NONE',  ( 0.8660254037844397068, 0.000000000000000000, 0.4999999999999979461 ) ) ;
#99 = VERTEX_POINT ( 'NONE', #385 ) ;
#100 = CARTESIAN_POINT ( 'NONE',  ( 0.000000000000000000, -4.170312499999998757, 12.14824235674839414 ) ) ;
#101 = DIRECTION ( 'NONE',  ( 0.000000000000000000, 1.000000000000000000, 0.000000000000000000 ) ) ;
#102 = DIRECTION ( 'NONE',  ( 1.000000000000000000, -1.224646799147353207E-16, 1.886867153420694762E-48 ) ) ;
#103 = ORIENTED_EDGE ( 'NONE', *, *, #725, .T. ) ;
#104 = ORIENTED_EDGE ( 'NONE', *, *, #1021, .F. ) ;
#105 = CARTESIAN_POINT ( 'NONE',  ( -1.999999999999998668, 1.154700538379252350, 10.00000000000000178 ) ) ;
#106 = PLANE ( 'NONE',  #1270 ) ;
#107 = CARTESIAN_POINT ( 'NONE',  ( -0.1000000000000239031, 2.251666049839526451, 12.44448445715840990 ) ) ;
#108 = VERTEX_POINT ( 'NONE', #1112 ) ;
#109 = ORIENTED_EDGE ( 'NONE', *, *, #1021, .T. ) ;
#110 = VERTEX_POINT ( 'NONE', #983 ) ;
#111 = ADVANCED_FACE ( 'NONE', ( #1008 ), #1320, .T. ) ;
#112 = CARTESIAN_POINT ( 'NONE',  ( 0.000000000000000000, -3.898242356748391035, 12.42031250000000320 ) ) ;
#113 = EDGE_CURVE ( 'NONE', #353, #246, #1206, .T. ) ;
#114 = DIRECTION ( 'NONE',  ( -0.000000000000000000, 1.540743955509788682E-32, 1.000000000000000000 ) ) ;
#115 = CIRCLE ( 'NONE', #754, 3.898242356748394588 ) ;
#116 = CIRCLE ( 'NONE', #883, 3.954589928374195651 ) ;
#117 = PLANE ( 'NONE',  #15 ) ;
#118 = TOROIDAL_SURFACE ( 'NONE', #393, 4.170312500000000533, 0.07968749999999878708 ) ;
#119 = ORIENTED_EDGE ( 'NONE', *, *, #601, .T. ) ;
#120 = VERTEX_POINT ( 'NONE', #991 ) ;
#121 = CARTESIAN_POINT ( 'NONE',  ( 0.000000000000000000, 1.791095138393782505E-15, 7.500000000000000000 ) ) ;
#122 = AXIS2_PLACEMENT_3D ( 'NONE', #329, #738, #101 ) ;
#123 = DIRECTION ( 'NONE',  ( 0.000000000000000000, -1.000000000000000000, 0.000000000000000000 ) ) ;
#124 = PERSON_AND_ORGANIZATION ( #769, #1158 ) ;
#125 = B_SPLINE_CURVE_WITH_KNOTS ( 'NONE', 3,
 ( #225, #630, #531, #944, #536, #948 ),
 .UNSPECIFIED., .F., .F.,
 ( 4, 2, 4 ),
 ( 3.032376058358749084E-18, 0.0001080138242822583185, 0.0002160276485645136013 ),
 .UNSPECIFIED. ) ;
#126 = DIRECTION ( 'NONE',  ( 0.000000000000000000, -0.000000000000000000, 1.000000000000000000 ) ) ;
#127 = VERTEX_POINT ( 'NONE', #171 ) ;
#128 = ORIENTED_EDGE ( 'NONE', *, *, #976, .T. ) ;
#129 = EDGE_CURVE ( 'NONE', #810, #564, #1098, .T. ) ;
#130 = CARTESIAN_POINT ( 'NONE',  ( -1.614494884967435206, 1.377272020317280576, 12.30621094647782421 ) ) ;
#131 = EDGE_CURVE ( 'NONE', #127, #176, #1084, .T. ) ;
#132 = ADVANCED_FACE ( 'NONE', ( #494 ), #1294, .F. ) ;
#133 = CARTESIAN_POINT ( 'NONE',  ( 0.000000000000000000, 1.734723475976807094E-15, 12.14824235674839414 ) ) ;
#134 = LOCAL_TIME ( 14, 15, 10.00000000000000000, #379 ) ;
#135 = ORIENTED_EDGE ( 'NONE', *, *, #1276, .F. ) ;
#136 = CARTESIAN_POINT ( 'NONE',  ( 1.999999999999998224, -0.8765022320709234815, 12.36945306886533835 ) ) ;
#137 = VERTEX_POINT ( 'NONE', #996 ) ;
#138 = EDGE_LOOP ( 'NONE', ( #1261, #1196, #240, #1043 ) ) ;
#139 = DIRECTION ( 'NONE',  ( -0.000000000000000000, 1.540743955509788682E-32, 1.000000000000000000 ) ) ;
#140 = AXIS2_PLACEMENT_3D ( 'NONE', #973, #1265, #1180 ) ;
#141 = EDGE_LOOP ( 'NONE', ( #201, #1286, #315, #753, #153 ) ) ;
#142 = ORIENTED_EDGE ( 'NONE', *, *, #4, .T. ) ;
#143 = EDGE_CURVE ( 'NONE', #922, #390, #184, .T. ) ;
#144 = AXIS2_PLACEMENT_3D ( 'NONE', #461, #1069, #1259 ) ;
#145 = ORIENTED_EDGE ( 'NONE', *, *, #469, .T. ) ;
#146 = CONICAL_SURFACE ( 'NONE', #827, 4.226660071625802928, 0.7853981633974499443 ) ;
#147 = PLANE ( 'NONE',  #567 ) ;
#148 = CARTESIAN_POINT ( 'NONE',  ( 0.000000000000000000, 1.734723475976807094E-15, 7.851757643251607632 ) ) ;
#149 = DIRECTION ( 'NONE',  ( 0.000000000000000000, -1.540743955509788682E-32, -1.000000000000000000 ) ) ;
#150 = CARTESIAN_POINT ( 'NONE',  ( 0.000000000000000000, 1.734723475976807094E-15, 12.42031250000000320 ) ) ;
#151 = ORIENTED_EDGE ( 'NONE', *, *, #1135, .T. ) ;
#152 = DIRECTION ( 'NONE',  ( 0.000000000000000000, 1.000000000000000000, 0.000000000000000000 ) ) ;
#153 = ORIENTED_EDGE ( 'NONE', *, *, #730, .F. ) ;
#154 = DIRECTION ( 'NONE',  ( -0.000000000000000000, 1.540743955509788682E-32, 1.000000000000000000 ) ) ;
#155 = CARTESIAN_POINT ( 'NONE',  ( 0.2424084962205901861, -2.169446466211689462, 12.36866419348791446 ) ) ;
#156 = ADVANCED_FACE ( 'NONE', ( #893 ), #677, .F. ) ;
#157 = FACE_OUTER_BOUND ( 'NONE', #428, .T. ) ;
#158 = EDGE_CURVE ( 'NONE', #849, #829, #457, .T. ) ;
#159 = CARTESIAN_POINT ( 'NONE',  ( 4.842975897723818187E-16, 3.954589928374197427, 12.47666007162580470 ) ) ;
#160 = DIRECTION ( 'NONE',  ( -0.000000000000000000, 1.540743955509788682E-32, 1.000000000000000000 ) ) ;
#161 = CARTESIAN_POINT ( 'NONE',  ( 1.999999999999998224, -1.154700538379250796, 10.00000000000000178 ) ) ;
#162 = AXIS2_PLACEMENT_3D ( 'NONE', #676, #74, #478 ) ;
#163 = AXIS2_PLACEMENT_3D ( 'NONE', #1285, #671, #1107 ) ;
#164 = CARTESIAN_POINT ( 'NONE',  ( -1.999999999999999112, 1.072308541061474774, 12.45973621869254977 ) ) ;
#165 = PRODUCT_RELATED_PRODUCT_CATEGORY ( 'detail', '', ( #967 ) ) ;
#166 = VERTEX_POINT ( 'NONE', #75 ) ;
#167 = CARTESIAN_POINT ( 'NONE',  ( -1.900000000000029443, 1.212435565298197293, 12.44448445715835483 ) ) ;
#168 = AXIS2_PLACEMENT_3D ( 'NONE', #1151, #114, #509 ) ;
#169 = DIRECTION ( 'NONE',  ( 1.224646799147344826E-16, 1.000000000000000000, 0.000000000000000000 ) ) ;
#170 = CARTESIAN_POINT ( 'NONE',  ( -2.000000000000000000, 3.109297024524551955E-15, 10.00000000000000178 ) ) ;
#171 = CARTESIAN_POINT ( 'NONE',  ( -0.9999999999999995559, 1.732050807568880080, 10.00000000000000178 ) ) ;
#172 = DIRECTION ( 'NONE',  ( -0.000000000000000000, 1.540743955509788682E-32, 1.000000000000000000 ) ) ;
#173 = ORIENTED_EDGE ( 'NONE', *, *, #863, .T. ) ;
#174 = ADVANCED_FACE ( 'NONE', ( #806 ), #1275, .T. ) ;
#175 = CARTESIAN_POINT ( 'NONE',  ( 0.000000000000000000, -1.980384757729333201, -12.50000000000000000 ) ) ;
#176 = VERTEX_POINT ( 'NONE', #480 ) ;
#177 = CC_DESIGN_APPROVAL ( #850, ( #784 ) ) ;
#178 = DIRECTION ( 'NONE',  ( -0.000000000000000000, 1.540743955509788682E-32, 1.000000000000000000 ) ) ;
#179 = DIRECTION ( 'NONE',  ( 1.000000000000000000, 0.000000000000000000, 0.000000000000000000 ) ) ;
#180 = DIRECTION ( 'NONE',  ( -0.000000000000000000, 1.540743955509788682E-32, 1.000000000000000000 ) ) ;
#181 = VECTOR ( 'NONE', #409, 1000.000000000000000 ) ;
#182 = AXIS2_PLACEMENT_3D ( 'NONE', #1134, #834, #840 ) ;
#183 = CARTESIAN_POINT ( 'NONE',  ( -6.592722328075628197E-16, -2.309401076758501148, 10.00000000000000178 ) ) ;
#184 = LINE ( 'NONE', #1192, #396 ) ;
#185 = CIRCLE ( 'NONE', #168, 0.1999999999999999833 ) ;
#186 = LINE ( 'NONE', #505, #1163 ) ;
#187 = ADVANCED_FACE ( 'NONE', ( #80 ), #1301, .F. ) ;
#188 = VERTEX_POINT ( 'NONE', #486 ) ;
#189 = ORIENTED_EDGE ( 'NONE', *, *, #908, .T. ) ;
#190 = EDGE_CURVE ( 'NONE', #759, #898, #1059, .T. ) ;
#191 = PLANE ( 'NONE',  #163 ) ;
#192 = CARTESIAN_POINT ( 'NONE',  ( 2.000000000000000000, 1.154700538379251684, 10.00000000000000178 ) ) ;
#193 = FACE_OUTER_BOUND ( 'NONE', #1170, .T. ) ;
#194 = CARTESIAN_POINT ( 'NONE',  ( 1.999999999999999112, -2.761013168273541319E-25, 12.19059892324149885 ) ) ;
#195 = DIRECTION ( 'NONE',  ( -0.000000000000000000, -0.000000000000000000, 1.000000000000000000 ) ) ;
#196 = EDGE_CURVE ( 'NONE', #617, #1211, #1225, .T. ) ;
#197 = DIRECTION ( 'NONE',  ( 0.000000000000000000, -1.000000000000000000, 0.000000000000000000 ) ) ;
#198 = PERSON_AND_ORGANIZATION_ROLE ( 'creator' ) ;
#199 = CARTESIAN_POINT ( 'NONE',  ( 4.808472961108188127E-16, 3.898242356748395920, 7.500000000000000000 ) ) ;
#200 = VERTEX_POINT ( 'NONE', #1018 ) ;
#201 = ORIENTED_EDGE ( 'NONE', *, *, #976, .F. ) ;
#202 = VECTOR ( 'NONE', #596, 999.9999999999998863 ) ;
#203 = DIRECTION ( 'NONE',  ( 8.659560562354904508E-17, 0.7071067811865452413, 0.7071067811865497932 ) ) ;
#204 =( GEOMETRIC_REPRESENTATION_CONTEXT ( 3 ) GLOBAL_UNCERTAINTY_ASSIGNED_CONTEXT ( ( #670 ) ) GLOBAL_UNIT_ASSIGNED_CONTEXT ( ( #704, #678, #1092 ) ) REPRESENTATION_CONTEXT ( 'NONE', 'WORKASPACE' ) );
#205 = DIRECTION ( 'NONE',  ( 0.000000000000000000, -1.000000000000000000, 0.000000000000000000 ) ) ;
#206 = CIRCLE ( 'NONE', #911, 3.898242356748392812 ) ;
#207 = PLANE ( 'NONE',  #583 ) ;
#208 = ORIENTED_EDGE ( 'NONE', *, *, #601, .F. ) ;
#209 = ORIENTED_EDGE ( 'NONE', *, *, #158, .F. ) ;
#210 = DIRECTION ( 'NONE',  ( 1.000000000000000000, 0.000000000000000000, 0.000000000000000000 ) ) ;
#211 = CARTESIAN_POINT ( 'NONE',  ( -0.8471518139462799191, 1.820297748932138582, 12.19026093874027339 ) ) ;
#212 = COORDINATED_UNIVERSAL_TIME_OFFSET ( 6, 0, .BEHIND. ) ;
#213 = FACE_OUTER_BOUND ( 'NONE', #1308, .T. ) ;
#214 = EDGE_CURVE ( 'NONE', #873, #849, #818, .T. ) ;
#215 = ORIENTED_EDGE ( 'NONE', *, *, #362, .F. ) ;
#216 = DIRECTION ( 'NONE',  ( -0.000000000000000000, 1.540743955509788682E-32, 1.000000000000000000 ) ) ;
#217 = CARTESIAN_POINT ( 'NONE',  ( 5.204748896376250699E-16, 4.250000000000001776, 7.851757643251607632 ) ) ;
#218 = DIRECTION ( 'NONE',  ( -0.000000000000000000, 1.540743955509788682E-32, 1.000000000000000000 ) ) ;
#219 = VERTEX_POINT ( 'NONE', #217 ) ;
#220 = ORIENTED_EDGE ( 'NONE', *, *, #32, .T. ) ;
#221 = DIRECTION ( 'NONE',  ( 0.000000000000000000, 0.000000000000000000, 1.000000000000000000 ) ) ;
#222 = CARTESIAN_POINT ( 'NONE',  ( 2.309401076758502480, -5.777789833161707559E-31, 12.50000000000000000 ) ) ;
#223 = COORDINATED_UNIVERSAL_TIME_OFFSET ( 6, 0, .BEHIND. ) ;
#224 = AXIS2_PLACEMENT_3D ( 'NONE', #1093, #180, #1109 ) ;
#225 = CARTESIAN_POINT ( 'NONE',  ( 0.1000000000000230427, -2.251666049839524675, 12.44448445715840812 ) ) ;
#226 = VECTOR ( 'NONE', #597, 1000.000000000000000 ) ;
#227 = ORIENTED_EDGE ( 'NONE', *, *, #1076, .T. ) ;
#228 = ORIENTED_EDGE ( 'NONE', *, *, #1060, .F. ) ;
#229 = ADVANCED_FACE ( 'NONE', ( #27 ), #690, .T. ) ;
#230 = DIRECTION ( 'NONE',  ( -0.000000000000000000, 1.540743955509788682E-32, 1.000000000000000000 ) ) ;
#231 = EDGE_CURVE ( 'NONE', #219, #717, #742, .T. ) ;
#232 = CARTESIAN_POINT ( 'NONE',  ( 0.000000000000000000, 1.791095138393782505E-15, 7.851757643251607632 ) ) ;
#233 = CYLINDRICAL_SURFACE ( 'NONE', #540, 2.499999999999998668 ) ;
#234 = ORIENTED_EDGE ( 'NONE', *, *, #1272, .F. ) ;
#235 = DIRECTION ( 'NONE',  ( -0.000000000000000000, 1.540743955509788682E-32, 1.000000000000000000 ) ) ;
#236 = APPROVAL_ROLE ( '' ) ;
#237 = EDGE_CURVE ( 'NONE', #127, #108, #1208, .T. ) ;
#238 = EDGE_LOOP ( 'NONE', ( #642, #358, #734, #1064 ) ) ;
#239 = CARTESIAN_POINT ( 'NONE',  ( 1.355252715606880543E-17, 2.078460969082652543, 10.00000000000000178 ) ) ;
#240 = ORIENTED_EDGE ( 'NONE', *, *, #758, .F. ) ;
#241 = CARTESIAN_POINT ( 'NONE',  ( 0.000000000000000000, 2.000000000000000000, 10.00000000000000178 ) ) ;
#242 = CONICAL_SURFACE ( 'NONE', #992, 3.954589928374196539, 0.7853981633974450594 ) ;
#243 = CIRCLE ( 'NONE', #915, 4.226660071625803816 ) ;
#244 = DIRECTION ( 'NONE',  ( 0.8660254037844385966, -0.5000000000000002220, 0.000000000000000000 ) ) ;
#245 = ORIENTED_EDGE ( 'NONE', *, *, #547, .T. ) ;
#246 = VERTEX_POINT ( 'NONE', #321 ) ;
#247 = DIRECTION ( 'NONE',  ( -0.000000000000000000, 1.540743955509788682E-32, 1.000000000000000000 ) ) ;
#248 = ORIENTED_EDGE ( 'NONE', *, *, #362, .T. ) ;
#249 = PLANE ( 'NONE',  #285 ) ;
#250 = EDGE_CURVE ( 'NONE', #246, #922, #185, .T. ) ;
#251 = PLANE ( 'NONE',  #715 ) ;
#252 = ORIENTED_EDGE ( 'NONE', *, *, #1283, .T. ) ;
#253 = VERTEX_POINT ( 'NONE', #928 ) ;
#254 = CARTESIAN_POINT ( 'NONE',  ( -0.09999999999999982514, -2.251666049839538886, 10.00000000000000178 ) ) ;
#255 = CARTESIAN_POINT ( 'NONE',  ( 0.000000000000000000, 1.791095138393782505E-15, 7.851757643251607632 ) ) ;
#256 = ORIENTED_EDGE ( 'NONE', *, *, #445, .T. ) ;
#257 = CARTESIAN_POINT ( 'NONE',  ( 5.204748896376250699E-16, 4.250000000000001776, 12.14824235674839414 ) ) ;
#258 = VERTEX_POINT ( 'NONE', #731 ) ;
#259 = DIRECTION ( 'NONE',  ( 0.000000000000000000, 1.000000000000000000, 0.000000000000000000 ) ) ;
#260 = B_SPLINE_CURVE_WITH_KNOTS ( 'NONE', 3,
 ( #981, #866, #473, #633, #1081, #356 ),
 .UNSPECIFIED., .F., .F.,
 ( 4, 2, 4 ),
 ( 9.232922090087854945E-18, 0.0001080138242822585218, 0.0002160276485645078279 ),
 .UNSPECIFIED. ) ;
#261 = CARTESIAN_POINT ( 'NONE',  ( 1.900000000000028777, -1.212435565298195517, 12.44448445715835483 ) ) ;
#262 = AXIS2_PLACEMENT_3D ( 'NONE', #858, #781, #63 ) ;
#263 = AXIS2_PLACEMENT_3D ( 'NONE', #241, #865, #972 ) ;
#264 = EDGE_CURVE ( 'NONE', #1310, #507, #940, .T. ) ;
#265 = AXIS2_PLACEMENT_3D ( 'NONE', #1155, #446, #52 ) ;
#266 = DIRECTION ( 'NONE',  ( -3.755786496842899550E-16, -1.000000000000000000, 0.000000000000000000 ) ) ;
#267 = ADVANCED_FACE ( 'NONE', ( #535 ), #336, .T. ) ;
#268 = DIRECTION ( 'NONE',  ( -0.8660254037844387076, 0.4999999999999998890, 0.000000000000000000 ) ) ;
#269 = DIRECTION ( 'NONE',  ( -1.000000000000000000, 0.000000000000000000, 0.000000000000000000 ) ) ;
#270 = CARTESIAN_POINT ( 'NONE',  ( 0.000000000000000000, -3.898242356748392812, 7.500000000000000000 ) ) ;
#271 = ORIENTED_EDGE ( 'NONE', *, *, #1300, .T. ) ;
#272 = ORIENTED_EDGE ( 'NONE', *, *, #484, .F. ) ;
#273 = DIRECTION ( 'NONE',  ( 0.000000000000000000, 1.000000000000000000, 0.000000000000000000 ) ) ;
#274 = CC_DESIGN_DATE_AND_TIME_ASSIGNMENT ( #481, #894, ( #784 ) ) ;
#275 = DIRECTION ( 'NONE',  ( 0.000000000000000000, 0.000000000000000000, 1.000000000000000000 ) ) ;
#276 = APPROVAL_DATE_TIME ( #296, #850 ) ;
#277 = DIRECTION ( 'NONE',  ( 1.224646799147346058E-16, 1.000000000000000000, 0.000000000000000000 ) ) ;
#278 = ORIENTED_EDGE ( 'NONE', *, *, #863, .F. ) ;
#279 = ORIENTED_EDGE ( 'NONE', *, *, #504, .F. ) ;
#280 = DIRECTION ( 'NONE',  ( 0.8660254037844388186, 0.4999999999999997780, 0.000000000000000000 ) ) ;
#281 = DIRECTION ( 'NONE',  ( -1.000000000000000000, 0.000000000000000000, 0.000000000000000000 ) ) ;
#282 = EDGE_CURVE ( 'NONE', #1144, #889, #243, .T. ) ;
#283 = DIRECTION ( 'NONE',  ( 0.000000000000000000, -1.000000000000000000, 0.000000000000000000 ) ) ;
#284 = ORIENTED_EDGE ( 'NONE', *, *, #877, .T. ) ;
#285 = AXIS2_PLACEMENT_3D ( 'NONE', #161, #1277, #578 ) ;
#286 = VECTOR ( 'NONE', #126, 1000.000000000000000 ) ;
#287 = CARTESIAN_POINT ( 'NONE',  ( 5.176165727800462560E-16, -4.226660071625801152, 12.20458992837419920 ) ) ;
#288 = AXIS2_PLACEMENT_3D ( 'NONE', #1004, #1198, #197 ) ;
#289 = DIRECTION ( 'NONE',  ( 7.511572993685799101E-16, 1.000000000000000000, 0.000000000000000000 ) ) ;
#290 = CARTESIAN_POINT ( 'NONE',  ( 0.000000000000000000, 1.734723475976807094E-15, 7.579687499999999467 ) ) ;
#291 = LINE ( 'NONE', #599, #522 ) ;
#292 = ADVANCED_FACE ( 'NONE', ( #22 ), #106, .F. ) ;
#293 = ORIENTED_EDGE ( 'NONE', *, *, #744, .F. ) ;
#294 = LINE ( 'NONE', #79, #1186 ) ;
#295 = CARTESIAN_POINT ( 'NONE',  ( 0.000000000000000000, 1.791095138393782110E-15, -12.50000000000000000 ) ) ;
#296 = DATE_AND_TIME ( #402, #791 ) ;
#297 = CARTESIAN_POINT ( 'NONE',  ( 1.757591503779408093, 1.294655148926062704, 12.36866419348792334 ) ) ;
#298 = ORIENTED_EDGE ( 'NONE', *, *, #1183, .F. ) ;
#299 = EDGE_LOOP ( 'NONE', ( #399, #128, #1298, #1104, #304 ) ) ;
#300 = DIRECTION ( 'NONE',  ( -1.000000000000000000, -0.000000000000000000, 0.000000000000000000 ) ) ;
#301 = CARTESIAN_POINT ( 'NONE',  ( 2.000000000000000000, 0.8768097915118115981, 12.36959487959263626 ) ) ;
#302 = APPLICATION_PROTOCOL_DEFINITION ( 'international standard', 'config_control_design', 1994, #408 ) ;
#303 = DIRECTION ( 'NONE',  ( -0.000000000000000000, -0.000000000000000000, -1.000000000000000000 ) ) ;
#304 = ORIENTED_EDGE ( 'NONE', *, *, #53, .F. ) ;
#305 = ORIENTED_EDGE ( 'NONE', *, *, #445, .F. ) ;
#306 = AXIS2_PLACEMENT_3D ( 'NONE', #499, #1017, #1325 ) ;
#307 = LINE ( 'NONE', #521, #951 ) ;
#308 = CIRCLE ( 'NONE', #349, 2.499999999999998668 ) ;
#309 = CARTESIAN_POINT ( 'NONE',  ( 1.999999999999999112, -2.761013168273541319E-25, 12.19059892324149885 ) ) ;
#310 = SHAPE_DEFINITION_REPRESENTATION ( #1063, #923 ) ;
#311 = EDGE_CURVE ( 'NONE', #1211, #873, #854, .T. ) ;
#312 = DIRECTION ( 'NONE',  ( -1.000000000000000000, 0.000000000000000000, 0.000000000000000000 ) ) ;
#313 = AXIS2_PLACEMENT_3D ( 'NONE', #232, #1228, #720 ) ;
#314 = EDGE_CURVE ( 'NONE', #710, #1000, #803, .T. ) ;
#315 = ORIENTED_EDGE ( 'NONE', *, *, #23, .F. ) ;
#316 = DIRECTION ( 'NONE',  ( -0.000000000000000000, 0.000000000000000000, 1.000000000000000000 ) ) ;
#317 = CARTESIAN_POINT ( 'NONE',  ( -1.159411470725570714, 1.640014552033555395, 12.19094408718711442 ) ) ;
#318 = CARTESIAN_POINT ( 'NONE',  ( 0.000000000000000000, 1.791095138393782110E-15, -11.98038475772933786 ) ) ;
#319 = ORIENTED_EDGE ( 'NONE', *, *, #231, .T. ) ;
#320 = DIRECTION ( 'NONE',  ( 0.000000000000000000, -1.000000000000000000, 0.000000000000000000 ) ) ;
#321 = CARTESIAN_POINT ( 'NONE',  ( 1.899999999999998801, -1.212435565298213280, 10.00000000000000178 ) ) ;
#322 = CARTESIAN_POINT ( 'NONE',  ( -1.954947791480569297, -1.170826839704681266, 12.46904794337627287 ) ) ;
#323 = EDGE_CURVE ( 'NONE', #889, #717, #589, .T. ) ;
#324 = ORIENTED_EDGE ( 'NONE', *, *, #1038, .F. ) ;
#325 = ORIENTED_EDGE ( 'NONE', *, *, #23, .T. ) ;
#326 = EDGE_CURVE ( 'NONE', #1001, #1131, #479, .T. ) ;
#327 = ORIENTED_EDGE ( 'NONE', *, *, #604, .T. ) ;
#328 = DIRECTION ( 'NONE',  ( -0.000000000000000000, 1.540743955509788682E-32, 1.000000000000000000 ) ) ;
#329 = CARTESIAN_POINT ( 'NONE',  ( 0.000000000000000000, 2.358139725155972144E-15, 10.00000000000000178 ) ) ;
#330 = CIRCLE ( 'NONE', #14, 4.250000000000000000 ) ;
#331 = AXIS2_PLACEMENT_3D ( 'NONE', #1166, #172, #550 ) ;
#332 = DIRECTION ( 'NONE',  ( 0.8660254037844385966, -0.5000000000000001110, 0.000000000000000000 ) ) ;
#333 = AXIS2_PLACEMENT_3D ( 'NONE', #363, #774, #273 ) ;
#334 = VERTEX_POINT ( 'NONE', #1068 ) ;
#335 = EDGE_CURVE ( 'NONE', #607, #353, #1074, .T. ) ;
#336 = CONICAL_SURFACE ( 'NONE', #524, 3.954589928374196539, 0.7853981633974450594 ) ;
#337 = FACE_OUTER_BOUND ( 'NONE', #1239, .T. ) ;
#338 = DATE_AND_TIME ( #747, #1091 ) ;
#339 = CARTESIAN_POINT ( 'NONE',  ( -1.928646437254723844, -1.195896537037873575, 12.45973621870007619 ) ) ;
#340 = CARTESIAN_POINT ( 'NONE',  ( -1.955042317391117113, 1.170715459329309871, 12.46907181771888240 ) ) ;
#341 = DIRECTION ( 'NONE',  ( 0.000000000000000000, -1.540743955509788682E-32, -1.000000000000000000 ) ) ;
#342 = FACE_OUTER_BOUND ( 'NONE', #1217, .T. ) ;
#343 = PRODUCT_DEFINITION_FORMATION_WITH_SPECIFIED_SOURCE ( 'ANY', '', #967, .NOT_KNOWN. ) ;
#344 = FACE_OUTER_BOUND ( 'NONE', #619, .T. ) ;
#345 = ADVANCED_FACE ( 'NONE', ( #157 ), #118, .T. ) ;
#346 = ORIENTED_EDGE ( 'NONE', *, *, #604, .F. ) ;
#347 = DIRECTION ( 'NONE',  ( -1.000000000000000000, 0.000000000000000000, 0.000000000000000000 ) ) ;
#348 = CIRCLE ( 'NONE', #224, 2.499999999999998668 ) ;
#349 = AXIS2_PLACEMENT_3D ( 'NONE', #318, #1130, #443 ) ;
#350 = DIRECTION ( 'NONE',  ( 0.000000000000000000, -1.000000000000000000, 1.540743955509788682E-32 ) ) ;
#351 = EDGE_CURVE ( 'NONE', #1190, #607, #546, .T. ) ;
#352 = CARTESIAN_POINT ( 'NONE',  ( -1.999999999999999556, -1.154700538379249908, 10.00000000000000178 ) ) ;
#353 = VERTEX_POINT ( 'NONE', #357 ) ;
#354 = DIRECTION ( 'NONE',  ( 1.084202172485504434E-15, 1.000000000000000000, 0.000000000000000000 ) ) ;
#355 = CC_DESIGN_DATE_AND_TIME_ASSIGNMENT ( #338, #1030, ( #489 ) ) ;
#356 = CARTESIAN_POINT ( 'NONE',  ( 1.900000000000028777, -1.212435565298195517, 12.44448445715835483 ) ) ;
#357 = CARTESIAN_POINT ( 'NONE',  ( 0.9999999999999995559, -1.732050807568875417, 10.00000000000000178 ) ) ;
#358 = ORIENTED_EDGE ( 'NONE', *, *, #250, .T. ) ;
#359 = LINE ( 'NONE', #777, #1291 ) ;
#360 = DIRECTION ( 'NONE',  ( -0.000000000000000000, -0.000000000000000000, -1.000000000000000000 ) ) ;
#361 = ADVANCED_FACE ( 'NONE', ( #344 ), #147, .F. ) ;
#362 = EDGE_CURVE ( 'NONE', #1138, #1310, #16, .T. ) ;
#363 = CARTESIAN_POINT ( 'NONE',  ( 1.355252715606880543E-17, 2.078460969082652543, 10.00000000000000178 ) ) ;
#364 = ORIENTED_EDGE ( 'NONE', *, *, #1319, .F. ) ;
#365 = LINE ( 'NONE', #771, #1075 ) ;
#366 = VECTOR ( 'NONE', #837, 1000.000000000000000 ) ;
#367 = DIRECTION ( 'NONE',  ( 1.000000000000000000, -1.224646799147353207E-16, 1.886867153420694762E-48 ) ) ;
#368 = VECTOR ( 'NONE', #978, 1000.000000000000000 ) ;
#369 = VECTOR ( 'NONE', #266, 1000.000000000000000 ) ;
#370 = EDGE_CURVE ( 'NONE', #898, #72, #768, .T. ) ;
#371 = DIRECTION ( 'NONE',  ( -1.000000000000000000, -0.000000000000000000, 0.000000000000000000 ) ) ;
#372 = DIRECTION ( 'NONE',  ( -0.4999999999999998335, 0.8660254037844388186, 0.000000000000000000 ) ) ;
#373 = APPROVAL_DATE_TIME ( #1295, #38 ) ;
#374 = LINE ( 'NONE', #1281, #454 ) ;
#375 = EDGE_CURVE ( 'NONE', #741, #1190, #1176, .T. ) ;
#376 = ORIENTED_EDGE ( 'NONE', *, *, #802, .T. ) ;
#377 = CARTESIAN_POINT ( 'NONE',  ( -1.999999999999999112, 0.1816448168037336219, 12.19059892324149885 ) ) ;
#378 = CARTESIAN_POINT ( 'NONE',  ( -6.592722328075628197E-16, -2.309401076758501148, 10.00000000000000178 ) ) ;
#379 = COORDINATED_UNIVERSAL_TIME_OFFSET ( 6, 0, .BEHIND. ) ;
#380 = LINE ( 'NONE', #1102, #735 ) ;
#381 = EDGE_LOOP ( 'NONE', ( #364, #773, #636, #1200, #1177 ) ) ;
#382 = VERTEX_POINT ( 'NONE', #450 ) ;
#383 = CC_DESIGN_APPROVAL ( #78, ( #489 ) ) ;
#384 = DIRECTION ( 'NONE',  ( 0.000000000000000000, 0.000000000000000000, 1.000000000000000000 ) ) ;
#385 = CARTESIAN_POINT ( 'NONE',  ( 0.000000000000000000, -3.954589928374193875, 12.47666007162580470 ) ) ;
#386 = CARTESIAN_POINT ( 'NONE',  ( -0.09999999999997005729, -2.251666049839556205, 12.44448445715835483 ) ) ;
#387 = ORIENTED_EDGE ( 'NONE', *, *, #661, .F. ) ;
#388 = ADVANCED_FACE ( 'NONE', ( #868 ), #146, .T. ) ;
#389 = CARTESIAN_POINT ( 'NONE',  ( 0.000000000000000000, -3.898242356748391035, 12.50000000000000178 ) ) ;
#390 = VERTEX_POINT ( 'NONE', #1062 ) ;
#391 = AXIS2_PLACEMENT_3D ( 'NONE', #959, #154, #448 ) ;
#392 = CYLINDRICAL_SURFACE ( 'NONE', #739, 0.2000000000000000389 ) ;
#393 = AXIS2_PLACEMENT_3D ( 'NONE', #35, #746, #39 ) ;
#394 = DIRECTION ( 'NONE',  ( 0.000000000000000000, 0.000000000000000000, -1.000000000000000000 ) ) ;
#395 = PERSON_AND_ORGANIZATION ( #769, #1158 ) ;
#396 = VECTOR ( 'NONE', #275, 1000.000000000000000 ) ;
#397 = DIRECTION ( 'NONE',  ( -0.8660254037844387076, 0.4999999999999998890, 0.000000000000000000 ) ) ;
#398 = ORIENTED_EDGE ( 'NONE', *, *, #196, .F. ) ;
#399 = ORIENTED_EDGE ( 'NONE', *, *, #460, .F. ) ;
#400 = DIRECTION ( 'NONE',  ( 0.000000000000000000, -0.7071067811865452413, 0.7071067811865497932 ) ) ;
#401 = CARTESIAN_POINT ( 'NONE',  ( 0.000000000000000000, -5.777789833161707559E-31, 12.50000000000000000 ) ) ;
#402 = CALENDAR_DATE ( 2026, 8, 1 ) ;
#403 = FACE_OUTER_BOUND ( 'NONE', #299, .T. ) ;
#404 = EDGE_LOOP ( 'NONE', ( #885, #1136, #1080, #904 ) ) ;
#405 = ADVANCED_FACE ( 'NONE', ( #860 ), #251, .F. ) ;
#406 = DIRECTION ( 'NONE',  ( 0.000000000000000000, 1.000000000000000000, -1.540743955509788682E-32 ) ) ;
#407 = CARTESIAN_POINT ( 'NONE',  ( -1.316228636538921748, 1.549476119137662700, 12.21684578597818671 ) ) ;
#408 = APPLICATION_CONTEXT ( 'configuration controlled 3d designs of mechanical parts and assemblies' ) ;
#409 = DIRECTION ( 'NONE',  ( 7.511572993685799101E-16, 1.000000000000000000, 0.000000000000000000 ) ) ;
#410 = ORIENTED_EDGE ( 'NONE', *, *, #655, .T. ) ;
#411 = ORIENTED_EDGE ( 'NONE', *, *, #484, .T. ) ;
#412 = AXIS2_PLACEMENT_3D ( 'NONE', #488, #102, #277 ) ;
#413 = CARTESIAN_POINT ( 'NONE',  ( 1.899999999999975708, 1.212435565298228157, 12.44448445715840990 ) ) ;
#414 = AXIS2_PLACEMENT_3D ( 'NONE', #239, #17, #312 ) ;
#415 = DIRECTION ( 'NONE',  ( -1.000000000000000000, -0.000000000000000000, 0.000000000000000000 ) ) ;
#416 = CALENDAR_DATE ( 2026, 8, 1 ) ;
#417 = CARTESIAN_POINT ( 'NONE',  ( -1.999999999999998668, 1.039230484541327382, 12.50000000000000000 ) ) ;
#418 = CIRCLE ( 'NONE', #1041, 3.954589928374196539 ) ;
#419 = VERTEX_POINT ( 'NONE', #257 ) ;
#420 = ORIENTED_EDGE ( 'NONE', *, *, #1272, .T. ) ;
#421 = DIRECTION ( 'NONE',  ( -0.000000000000000000, -0.000000000000000000, 1.000000000000000000 ) ) ;
#422 = DIRECTION ( 'NONE',  ( -0.000000000000000000, 1.540743955509788682E-32, 1.000000000000000000 ) ) ;
#423 = EDGE_CURVE ( 'NONE', #110, #724, #418, .T. ) ;
#424 = ADVANCED_FACE ( 'NONE', ( #437 ), #1293, .T. ) ;
#425 = CARTESIAN_POINT ( 'NONE',  ( -1.991390487078125160, -1.107758582668911806, 12.46907181771871720 ) ) ;
#426 = B_SPLINE_CURVE_WITH_KNOTS ( 'NONE', 3,
 ( #1153, #339, #322, #425, #439, #748 ),
 .UNSPECIFIED., .F., .F.,
 ( 4, 2, 4 ),
 ( 3.686287386450715076E-18, 0.0001080138242822599719, 0.0002160276485645162576 ),
 .UNSPECIFIED. ) ;
#427 = ORIENTED_EDGE ( 'NONE', *, *, #802, .F. ) ;
#428 = EDGE_LOOP ( 'NONE', ( #687, #1210, #658, #945 ) ) ;
#429 = DIRECTION ( 'NONE',  ( 0.000000000000000000, 1.000000000000000000, -1.540743955509788682E-32 ) ) ;
#430 = DIRECTION ( 'NONE',  ( -0.000000000000000000, 1.540743955509788682E-32, 1.000000000000000000 ) ) ;
#431 = APPROVAL_PERSON_ORGANIZATION ( #714, #78, #236 ) ;
#432 = FACE_OUTER_BOUND ( 'NONE', #966, .T. ) ;
#433 = EDGE_LOOP ( 'NONE', ( #733, #1204, #444, #278, #891 ) ) ;
#434 = ADVANCED_FACE ( 'NONE', ( #337 ), #846, .T. ) ;
#435 = ORIENTED_EDGE ( 'NONE', *, *, #323, .F. ) ;
#436 = AXIS2_PLACEMENT_3D ( 'NONE', #1249, #627, #406 ) ;
#437 = FACE_OUTER_BOUND ( 'NONE', #64, .T. ) ;
#438 = VECTOR ( 'NONE', #400, 1000.000000000000000 ) ;
#439 = CARTESIAN_POINT ( 'NONE',  ( -2.000000000000385025, -1.072313172062412390, 12.45973835398053886 ) ) ;
#440 = AXIS2_PLACEMENT_3D ( 'NONE', #855, #650, #552 ) ;
#441 = CARTESIAN_POINT ( 'NONE',  ( 0.000000000000000000, 1.791095138393782505E-15, 7.523339928374197072 ) ) ;
#442 = ORIENTED_EDGE ( 'NONE', *, *, #877, .F. ) ;
#443 = DIRECTION ( 'NONE',  ( 0.000000000000000000, -1.000000000000000000, 0.000000000000000000 ) ) ;
#444 = ORIENTED_EDGE ( 'NONE', *, *, #89, .F. ) ;
#445 = EDGE_CURVE ( 'NONE', #873, #390, #57, .T. ) ;
#446 = DIRECTION ( 'NONE',  ( -0.000000000000000000, 1.540743955509788682E-32, 1.000000000000000000 ) ) ;
#447 = ORIENTED_EDGE ( 'NONE', *, *, #750, .T. ) ;
#448 = DIRECTION ( 'NONE',  ( 2.168404344971007685E-15, 1.000000000000000000, 0.000000000000000000 ) ) ;
#449 = DIRECTION ( 'NONE',  ( -0.000000000000000000, 0.000000000000000000, -1.000000000000000000 ) ) ;
#450 = CARTESIAN_POINT ( 'NONE',  ( -1.999999999999999556, -1.039230484541348032, 12.44448445715838680 ) ) ;
#451 = ORIENTED_EDGE ( 'NONE', *, *, #423, .F. ) ;
#452 = ORIENTED_EDGE ( 'NONE', *, *, #370, .F. ) ;
#453 = CARTESIAN_POINT ( 'NONE',  ( 1.800000000000000044, 1.039230484541326494, 10.00000000000000178 ) ) ;
#454 = VECTOR ( 'NONE', #449, 1000.000000000000000 ) ;
#455 = CIRCLE ( 'NONE', #391, 0.2000000000000000944 ) ;
#456 = CARTESIAN_POINT ( 'NONE',  ( 1.316228636538921304, -1.549476119137661367, 12.21684578597818494 ) ) ;
#457 = CIRCLE ( 'NONE', #862, 2.309401076758502480 ) ;
#458 = AXIS2_PLACEMENT_3D ( 'NONE', #148, #1165, #651 ) ;
#459 = ORIENTED_EDGE ( 'NONE', *, *, #131, .F. ) ;
#460 = EDGE_CURVE ( 'NONE', #258, #477, #1213, .T. ) ;
#461 = CARTESIAN_POINT ( 'NONE',  ( 0.000000000000000000, 1.791095138393782505E-15, 12.47666007162580470 ) ) ;
#462 = DIRECTION ( 'NONE',  ( 0.000000000000000000, 0.000000000000000000, -1.000000000000000000 ) ) ;
#463 = EDGE_CURVE ( 'NONE', #253, #532, #712, .T. ) ;
#464 = CARTESIAN_POINT ( 'NONE',  ( 1.159411470725570270, -1.640014552033553397, 12.19094408718711264 ) ) ;
#465 = DIRECTION ( 'NONE',  ( -0.8660254037844397068, 1.060575238724908147E-16, 0.4999999999999979461 ) ) ;
#466 = ORIENTED_EDGE ( 'NONE', *, *, #1216, .F. ) ;
#467 = DIRECTION ( 'NONE',  ( -0.000000000000000000, 1.540743955509788682E-32, 1.000000000000000000 ) ) ;
#468 = CARTESIAN_POINT ( 'NONE',  ( 0.1000000000000230427, -2.251666049839524675, 12.44448445715840812 ) ) ;
#469 = EDGE_CURVE ( 'NONE', #334, #1115, #1014, .T. ) ;
#470 = DIRECTION ( 'NONE',  ( 0.000000000000000000, -1.000000000000000000, 0.000000000000000000 ) ) ;
#471 = DIRECTION ( 'NONE',  ( -0.000000000000000000, 1.540743955509788682E-32, 1.000000000000000000 ) ) ;
#472 = APPROVAL_STATUS ( 'not_yet_approved' ) ;
#473 = CARTESIAN_POINT ( 'NONE',  ( 1.991439682357178720, -1.107621030642141458, 12.46904794337627820 ) ) ;
#474 = CONICAL_SURFACE ( 'NONE', #1185, 2.000000000000000000, 1.047197551196600074 ) ;
#475 = ORIENTED_EDGE ( 'NONE', *, *, #1038, .T. ) ;
#476 = ORIENTED_EDGE ( 'NONE', *, *, #942, .T. ) ;
#477 = VERTEX_POINT ( 'NONE', #170 ) ;
#478 = DIRECTION ( 'NONE',  ( 0.000000000000000000, -1.000000000000000000, 0.000000000000000000 ) ) ;
#479 = CIRCLE ( 'NONE', #970, 3.898242356748392812 ) ;
#480 = CARTESIAN_POINT ( 'NONE',  ( -1.899999999999998801, 1.212435565298215057, 10.00000000000000178 ) ) ;
#481 = DATE_AND_TIME ( #1019, #620 ) ;
#482 = CARTESIAN_POINT ( 'NONE',  ( 0.000000000000000000, 2.358139725155972144E-15, 10.00000000000000178 ) ) ;
#483 = DIRECTION ( 'NONE',  ( 0.000000000000000000, -1.000000000000000000, 0.000000000000000000 ) ) ;
#484 = EDGE_CURVE ( 'NONE', #166, #477, #83, .T. ) ;
#485 = B_SPLINE_CURVE_WITH_KNOTS ( 'NONE', 3,
 ( #60, #377, #879, #1305, #1096, #689 ),
 .UNSPECIFIED., .F., .F.,
 ( 4, 2, 4 ),
 ( 0.002562286343442875258, 0.003096814370598704753, 0.003631342397754534247 ),
 .UNSPECIFIED. ) ;
#486 = CARTESIAN_POINT ( 'NONE',  ( 0.09999999999996928013, 2.251666049839557981, 12.44448445715835483 ) ) ;
#487 = CARTESIAN_POINT ( 'NONE',  ( -0.8405885292744287307, -1.824087063104198325, 12.19094408718711442 ) ) ;
#488 = CARTESIAN_POINT ( 'NONE',  ( 5.107159854569197508E-16, 4.170312500000002309, 7.851757643251607632 ) ) ;
#489 = SECURITY_CLASSIFICATION ( '', '', #833 ) ;
#490 = EDGE_LOOP ( 'NONE', ( #727, #718, #220, #707, #256, #919, #447, #594, #537, #151 ) ) ;
#491 = ORIENTED_EDGE ( 'NONE', *, *, #1103, .T. ) ;
#492 = EDGE_LOOP ( 'NONE', ( #272, #913, #1247, #1088, #843, #48 ) ) ;
#493 = LINE ( 'NONE', #287, #202 ) ;
#494 = FACE_OUTER_BOUND ( 'NONE', #987, .T. ) ;
#495 = DIRECTION ( 'NONE',  ( 1.000000000000000000, 0.000000000000000000, 0.000000000000000000 ) ) ;
#496 = CARTESIAN_POINT ( 'NONE',  ( 1.899999999999975708, 1.212435565298228157, 12.44448445715840990 ) ) ;
#497 = AXIS2_PLACEMENT_3D ( 'NONE', #20, #216, #528 ) ;
#498 = VECTOR ( 'NONE', #98, 1000.000000000000114 ) ;
#499 = CARTESIAN_POINT ( 'NONE',  ( 0.000000000000000000, 2.358139725155972144E-15, 10.00000000000000178 ) ) ;
#500 = AXIS2_PLACEMENT_3D ( 'NONE', #899, #371, #384 ) ;
#501 = CARTESIAN_POINT ( 'NONE',  ( 0.000000000000000000, 2.309401076758502924, 10.00000000000000178 ) ) ;
#502 = CARTESIAN_POINT ( 'NONE',  ( -1.757591503779407427, -1.294655148926061150, 12.36866419348792512 ) ) ;
#503 = ORIENTED_EDGE ( 'NONE', *, *, #264, .T. ) ;
#504 = EDGE_CURVE ( 'NONE', #382, #120, #294, .T. ) ;
#505 = CARTESIAN_POINT ( 'NONE',  ( 3.061616997868381662E-16, 2.500000000000000444, 12.50000000000000000 ) ) ;
#506 = ADVANCED_FACE ( 'NONE', ( #1089 ), #783, .F. ) ;
#507 = VERTEX_POINT ( 'NONE', #1184 ) ;
#508 = DIRECTION ( 'NONE',  ( -1.000000000000000000, -0.000000000000000000, 0.000000000000000000 ) ) ;
#509 = DIRECTION ( 'NONE',  ( -1.084202172485504434E-15, 1.000000000000000000, 0.000000000000000000 ) ) ;
#510 = FACE_OUTER_BOUND ( 'NONE', #492, .T. ) ;
#511 = EDGE_CURVE ( 'NONE', #688, #1138, #485, .T. ) ;
#512 = EDGE_LOOP ( 'NONE', ( #764, #1016, #215, #228 ) ) ;
#513 = LINE ( 'NONE', #1028, #1290 ) ;
#514 = CARTESIAN_POINT ( 'NONE',  ( 0.000000000000000000, -4.170312499999998757, 7.851757643251607632 ) ) ;
#515 = EDGE_CURVE ( 'NONE', #419, #709, #609, .T. ) ;
#516 = DIRECTION ( 'NONE',  ( 0.8660254037844385966, -0.5000000000000002220, 0.000000000000000000 ) ) ;
#517 = EDGE_LOOP ( 'NONE', ( #1248, #856, #836, #675 ) ) ;
#518 = ORIENTED_EDGE ( 'NONE', *, *, #326, .F. ) ;
#519 = ADVANCED_FACE ( 'NONE', ( #1313 ), #392, .F. ) ;
#520 = CIRCLE ( 'NONE', #666, 0.07968749999999989730 ) ;
#521 = CARTESIAN_POINT ( 'NONE',  ( 1.899999999999999911, 1.212435565298214168, 12.50000000000000000 ) ) ;
#522 = VECTOR ( 'NONE', #303, 1000.000000000000000 ) ;
#523 = CARTESIAN_POINT ( 'NONE',  ( -0.3898412685835082603, 2.084326115400588986, 12.30428908216916994 ) ) ;
#524 = AXIS2_PLACEMENT_3D ( 'NONE', #610, #430, #935 ) ;
#525 = FACE_OUTER_BOUND ( 'NONE', #490, .T. ) ;
#526 = ORIENTED_EDGE ( 'NONE', *, *, #511, .T. ) ;
#527 = ORIENTED_EDGE ( 'NONE', *, *, #900, .F. ) ;
#528 = DIRECTION ( 'NONE',  ( 0.000000000000000000, -1.000000000000000000, 0.000000000000000000 ) ) ;
#529 = DIRECTION ( 'NONE',  ( -0.000000000000000000, 1.540743955509788682E-32, 1.000000000000000000 ) ) ;
#530 = ADVANCED_FACE ( 'NONE', ( #995 ), #191, .F. ) ;
#531 = CARTESIAN_POINT ( 'NONE',  ( 0.03649189087662069869, -2.278447870346797188, 12.46904794337627287 ) ) ;
#532 = VERTEX_POINT ( 'NONE', #1205 ) ;
#533 = ORIENTED_EDGE ( 'NONE', *, *, #557, .T. ) ;
#534 = ORIENTED_EDGE ( 'NONE', *, *, #375, .T. ) ;
#535 = FACE_OUTER_BOUND ( 'NONE', #869, .T. ) ;
#536 = CARTESIAN_POINT ( 'NONE',  ( -0.07134955218145960787, -2.268207393600420119, 12.45973835398054241 ) ) ;
#537 = ORIENTED_EDGE ( 'NONE', *, *, #1319, .T. ) ;
#538 = CIRCLE ( 'NONE', #306, 2.000000000000000000 ) ;
#539 = CARTESIAN_POINT ( 'NONE',  ( 1.999999999999998224, -1.039230484541349586, 12.44448445715838680 ) ) ;
#540 = AXIS2_PLACEMENT_3D ( 'NONE', #937, #139, #848 ) ;
#541 = ORIENTED_EDGE ( 'NONE', *, *, #190, .F. ) ;
#542 = CARTESIAN_POINT ( 'NONE',  ( 0.000000000000000000, -1.980384757729333201, -12.50000000000000000 ) ) ;
#543 = VECTOR ( 'NONE', #465, 1000.000000000000114 ) ;
#544 = CIRCLE ( 'NONE', #144, 3.954589928374195651 ) ;
#545 = CC_DESIGN_PERSON_AND_ORGANIZATION_ASSIGNMENT ( #1199, #721, ( #343 ) ) ;
#546 = CIRCLE ( 'NONE', #1147, 0.2000000000000000944 ) ;
#547 = EDGE_CURVE ( 'NONE', #1131, #1001, #206, .T. ) ;
#548 = DIRECTION ( 'NONE',  ( 0.000000000000000000, -1.000000000000000000, 0.000000000000000000 ) ) ;
#549 = DIRECTION ( 'NONE',  ( 0.000000000000000000, 0.000000000000000000, 1.000000000000000000 ) ) ;
#550 = DIRECTION ( 'NONE',  ( 0.000000000000000000, -1.000000000000000000, 0.000000000000000000 ) ) ;
#551 = DIRECTION ( 'NONE',  ( -0.000000000000000000, 1.540743955509788682E-32, 1.000000000000000000 ) ) ;
#552 = DIRECTION ( 'NONE',  ( 0.000000000000000000, -1.000000000000000000, 1.540743955509788682E-32 ) ) ;
#553 = ORIENTED_EDGE ( 'NONE', *, *, #695, .T. ) ;
#554 = ORIENTED_EDGE ( 'NONE', *, *, #695, .F. ) ;
#555 = CARTESIAN_POINT ( 'NONE',  ( -1.799999999999999600, -1.039230484541324717, 10.00000000000000178 ) ) ;
#556 = CARTESIAN_POINT ( 'NONE',  ( 2.000000000000000000, 1.154700538379251684, 10.00000000000000178 ) ) ;
#557 = EDGE_CURVE ( 'NONE', #792, #724, #954, .T. ) ;
#558 = CARTESIAN_POINT ( 'NONE',  ( -1.999999999999998668, 1.039230484537973620, 12.44448445715684493 ) ) ;
#559 = ORIENTED_EDGE ( 'NONE', *, *, #780, .F. ) ;
#560 = EDGE_CURVE ( 'NONE', #1314, #1115, #580, .T. ) ;
#561 = CARTESIAN_POINT ( 'NONE',  ( 0.000000000000000000, 2.358139725155972144E-15, 10.00000000000000178 ) ) ;
#562 = FACE_OUTER_BOUND ( 'NONE', #1125, .T. ) ;
#563 = AXIS2_PLACEMENT_3D ( 'NONE', #669, #367, #654 ) ;
#564 = VERTEX_POINT ( 'NONE', #1191 ) ;
#565 = CIRCLE ( 'NONE', #1145, 0.2000000000000000944 ) ;
#566 = CARTESIAN_POINT ( 'NONE',  ( 0.000000000000000000, 1.791095138393782505E-15, 7.500000000000000000 ) ) ;
#567 = AXIS2_PLACEMENT_3D ( 'NONE', #957, #45, #755 ) ;
#568 = ADVANCED_FACE ( 'NONE', ( #1111 ), #626, .F. ) ;
#569 = AXIS2_PLACEMENT_3D ( 'NONE', #1273, #549, #1078 ) ;
#570 = CARTESIAN_POINT ( 'NONE',  ( 2.000000000000000000, 1.154700538379251684, 10.00000000000000178 ) ) ;
#571 = ADVANCED_FACE ( 'NONE', ( #892 ), #1292, .T. ) ;
#572 = ORIENTED_EDGE ( 'NONE', *, *, #326, .T. ) ;
#573 = FACE_BOUND ( 'NONE', #54, .T. ) ;
#574 = CARTESIAN_POINT ( 'NONE',  ( -2.309401076758502480, 2.828200636599744706E-16, 12.50000000000000000 ) ) ;
#575 = CARTESIAN_POINT ( 'NONE',  ( -6.640738306473714658E-16, -2.078460969082650767, 10.00000000000000178 ) ) ;
#576 = CARTESIAN_POINT ( 'NONE',  ( 0.000000000000000000, 2.358139725155972144E-15, 10.00000000000000178 ) ) ;
#577 = DIRECTION ( 'NONE',  ( -0.000000000000000000, 1.540743955509788682E-32, 1.000000000000000000 ) ) ;
#578 = DIRECTION ( 'NONE',  ( 7.511572993685800087E-16, 1.000000000000000000, 0.000000000000000000 ) ) ;
#579 = ORIENTED_EDGE ( 'NONE', *, *, #1175, .F. ) ;
#580 = LINE ( 'NONE', #982, #96 ) ;
#581 = CARTESIAN_POINT ( 'NONE',  ( 3.061616997868381662E-16, 2.500000000000000444, -11.98038475772933786 ) ) ;
#582 = CARTESIAN_POINT ( 'NONE',  ( 0.000000000000000000, -2.499999999999996891, -11.98038475772933786 ) ) ;
#583 = AXIS2_PLACEMENT_3D ( 'NONE', #605, #808, #1123 ) ;
#584 = CARTESIAN_POINT ( 'NONE',  ( 0.000000000000000000, 1.791095138393782110E-15, -12.50000000000000000 ) ) ;
#585 = AXIS2_PLACEMENT_3D ( 'NONE', #47, #964, #354 ) ;
#586 = EDGE_CURVE ( 'NONE', #99, #710, #493, .T. ) ;
#587 = ADVANCED_FACE ( 'NONE', ( #1007 ), #711, .F. ) ;
#588 = DIRECTION ( 'NONE',  ( -1.000000000000000000, 0.000000000000000000, 0.000000000000000000 ) ) ;
#589 = CIRCLE ( 'NONE', #994, 0.07968749999999816258 ) ;
#590 = DIRECTION ( 'NONE',  ( 0.000000000000000000, 0.000000000000000000, 1.000000000000000000 ) ) ;
#591 = CARTESIAN_POINT ( 'NONE',  ( -1.152848186053719637, -1.643803866205614472, 12.19026093874027517 ) ) ;
#592 = ORIENTED_EDGE ( 'NONE', *, *, #744, .T. ) ;
#593 = CARTESIAN_POINT ( 'NONE',  ( 2.743444426250908823E-16, 1.980384757729336753, -12.50000000000000000 ) ) ;
#594 = ORIENTED_EDGE ( 'NONE', *, *, #1148, .T. ) ;
#595 = ORIENTED_EDGE ( 'NONE', *, *, #423, .T. ) ;
#596 = DIRECTION ( 'NONE',  ( 8.659560562354948882E-17, -0.7071067811865487940, -0.7071067811865463515 ) ) ;
#597 = DIRECTION ( 'NONE',  ( 0.000000000000000000, -0.000000000000000000, 1.000000000000000000 ) ) ;
#598 = PERSON_AND_ORGANIZATION ( #769, #1158 ) ;
#599 = CARTESIAN_POINT ( 'NONE',  ( -0.1000000000000005745, -2.251666049839538442, 10.00000000000000178 ) ) ;
#600 = CARTESIAN_POINT ( 'NONE',  ( -1.999999999999998668, 1.154700538379252350, 10.00000000000000178 ) ) ;
#601 = EDGE_CURVE ( 'NONE', #955, #792, #1073, .T. ) ;
#602 = DIRECTION ( 'NONE',  ( 0.000000000000000000, -1.540743955509788682E-32, -1.000000000000000000 ) ) ;
#603 = PERSON_AND_ORGANIZATION ( #769, #1158 ) ;
#604 = EDGE_CURVE ( 'NONE', #99, #1001, #1011, .T. ) ;
#605 = CARTESIAN_POINT ( 'NONE',  ( -1.999999999999998668, 1.154700538379252350, 10.00000000000000178 ) ) ;
#606 = ORIENTED_EDGE ( 'NONE', *, *, #639, .F. ) ;
#607 = VERTEX_POINT ( 'NONE', #939 ) ;
#608 = DIRECTION ( 'NONE',  ( 0.000000000000000000, 1.000000000000000000, -1.540743955509788682E-32 ) ) ;
#609 = CIRCLE ( 'NONE', #34, 4.250000000000000000 ) ;
#610 = CARTESIAN_POINT ( 'NONE',  ( 0.000000000000000000, 1.791095138393782505E-15, 7.523339928374197072 ) ) ;
#611 = ADVANCED_FACE ( 'NONE', ( #12 ), #1219, .F. ) ;
#612 = DIRECTION ( 'NONE',  ( -0.000000000000000000, -0.000000000000000000, 1.000000000000000000 ) ) ;
#613 = ORIENTED_EDGE ( 'NONE', *, *, #1117, .T. ) ;
#614 = LINE ( 'NONE', #1024, #438 ) ;
#615 = DIRECTION ( 'NONE',  ( 0.000000000000000000, -1.000000000000000000, 0.000000000000000000 ) ) ;
#616 = ORIENTED_EDGE ( 'NONE', *, *, #158, .T. ) ;
#617 = VERTEX_POINT ( 'NONE', #413 ) ;
#618 = CARTESIAN_POINT ( 'NONE',  ( 4.842975897723820159E-16, 3.954589928374198315, 7.523339928374197072 ) ) ;
#619 = EDGE_LOOP ( 'NONE', ( #534, #1052, #830, #252 ) ) ;
#620 = LOCAL_TIME ( 14, 15, 10.00000000000000000, #1119 ) ;
#621 = CARTESIAN_POINT ( 'NONE',  ( 0.000000000000000000, 1.734723475976807094E-15, 12.14824235674839414 ) ) ;
#622 = CYLINDRICAL_SURFACE ( 'NONE', #414, 0.1999999999999999833 ) ;
#623 = ORIENTED_EDGE ( 'NONE', *, *, #908, .F. ) ;
#624 = ORIENTED_EDGE ( 'NONE', *, *, #557, .F. ) ;
#625 = CC_DESIGN_PERSON_AND_ORGANIZATION_ASSIGNMENT ( #598, #1221, ( #967 ) ) ;
#626 = CONICAL_SURFACE ( 'NONE', #1097, 2.309401076758502480, 0.7853981633974500554 ) ;
#627 = DIRECTION ( 'NONE',  ( 0.000000000000000000, -1.540743955509788682E-32, -1.000000000000000000 ) ) ;
#628 = AXIS2_PLACEMENT_3D ( 'NONE', #584, #993, #1303 ) ;
#629 = CARTESIAN_POINT ( 'NONE',  ( 0.000000000000000000, 1.791095138393782110E-15, -12.50000000000000000 ) ) ;
#630 = CARTESIAN_POINT ( 'NONE',  ( 0.07135356274527504539, -2.268205078099876815, 12.45973621870007619 ) ) ;
#631 = VECTOR ( 'NONE', #67, 1000.000000000000000 ) ;
#632 = ORIENTED_EDGE ( 'NONE', *, *, #942, .F. ) ;
#633 = CARTESIAN_POINT ( 'NONE',  ( 1.955042317390573103, -1.170715459329877195, 12.46907181771871009 ) ) ;
#634 = CARTESIAN_POINT ( 'NONE',  ( -0.6933998369014237051, 1.909066494267423586, 12.21461293783363899 ) ) ;
#635 = LINE ( 'NONE', #24, #969 ) ;
#636 = ORIENTED_EDGE ( 'NONE', *, *, #375, .F. ) ;
#637 = ORIENTED_EDGE ( 'NONE', *, *, #70, .T. ) ;
#638 = CARTESIAN_POINT ( 'NONE',  ( 1.999999999999999112, -0.3593019115243414330, 12.21570524129045410 ) ) ;
#639 = EDGE_CURVE ( 'NONE', #110, #1144, #817, .T. ) ;
#640 = DATE_AND_TIME ( #416, #874 ) ;
#641 = ADVANCED_FACE ( 'NONE', ( #26 ), #775, .F. ) ;
#642 = ORIENTED_EDGE ( 'NONE', *, *, #113, .T. ) ;
#643 = CARTESIAN_POINT ( 'NONE',  ( -1.999999999999999556, -1.154700538379249908, 10.00000000000000178 ) ) ;
#644 = ADVANCED_FACE ( 'NONE', ( #1226, #1139 ), #1235, .F. ) ;
#645 = AXIS2_PLACEMENT_3D ( 'NONE', #1116, #824, #608 ) ;
#646 = CARTESIAN_POINT ( 'NONE',  ( -6.640738306473714658E-16, -2.078460969082650767, 10.00000000000000178 ) ) ;
#647 = AXIS2_PLACEMENT_3D ( 'NONE', #55, #247, #659 ) ;
#648 = LINE ( 'NONE', #1280, #1013 ) ;
#649 = VECTOR ( 'NONE', #244, 999.9999999999998863 ) ;
#650 = DIRECTION ( 'NONE',  ( -0.000000000000000000, 1.540743955509788682E-32, 1.000000000000000000 ) ) ;
#651 = DIRECTION ( 'NONE',  ( 0.000000000000000000, -1.000000000000000000, 1.540743955509788682E-32 ) ) ;
#652 = CYLINDRICAL_SURFACE ( 'NONE', #708, 4.250000000000000000 ) ;
#653 = ORIENTED_EDGE ( 'NONE', *, *, #264, .F. ) ;
#654 = DIRECTION ( 'NONE',  ( 1.224646799147344826E-16, 1.000000000000000000, 0.000000000000000000 ) ) ;
#655 = EDGE_CURVE ( 'NONE', #724, #889, #614, .T. ) ;
#656 = CARTESIAN_POINT ( 'NONE',  ( 0.000000000000000000, 1.791095138393782505E-15, 12.50000000000000178 ) ) ;
#657 = ORIENTED_EDGE ( 'NONE', *, *, #986, .T. ) ;
#658 = ORIENTED_EDGE ( 'NONE', *, *, #323, .T. ) ;
#659 = DIRECTION ( 'NONE',  ( 0.000000000000000000, -1.000000000000000000, 0.000000000000000000 ) ) ;
#660 = DIRECTION ( 'NONE',  ( -0.000000000000000000, 1.540743955509788682E-32, 1.000000000000000000 ) ) ;
#661 = EDGE_CURVE ( 'NONE', #200, #617, #307, .T. ) ;
#662 = DIRECTION ( 'NONE',  ( 0.000000000000000000, -1.000000000000000000, 0.000000000000000000 ) ) ;
#663 = ORIENTED_EDGE ( 'NONE', *, *, #900, .T. ) ;
#664 = EDGE_LOOP ( 'NONE', ( #234, #279, #25, #933 ) ) ;
#665 = CARTESIAN_POINT ( 'NONE',  ( -1.799999999999998712, 1.039230484541327382, 10.00000000000000178 ) ) ;
#666 = AXIS2_PLACEMENT_3D ( 'NONE', #100, #300, #701 ) ;
#667 = ORIENTED_EDGE ( 'NONE', *, *, #1160, .T. ) ;
#668 = AXIS2_PLACEMENT_3D ( 'NONE', #760, #462, #752 ) ;
#669 = CARTESIAN_POINT ( 'NONE',  ( 5.107159854569197508E-16, 4.170312500000002309, 12.14824235674839414 ) ) ;
#670 = UNCERTAINTY_MEASURE_WITH_UNIT (LENGTH_MEASURE( 1.000000000000000082E-05 ), #704, 'distance_accuracy_value', 'NONE');
#671 = DIRECTION ( 'NONE',  ( 0.000000000000000000, -1.540743955509788682E-32, -1.000000000000000000 ) ) ;
#672 = CARTESIAN_POINT ( 'NONE',  ( 0.000000000000000000, 1.791095138393782110E-15, -12.50000000000000000 ) ) ;
#673 = DIRECTION ( 'NONE',  ( 0.000000000000000000, -1.000000000000000000, 0.000000000000000000 ) ) ;
#674 = CARTESIAN_POINT ( 'NONE',  ( -2.000000000000000000, -0.8765022320709215942, 12.36945306886533658 ) ) ;
#675 = ORIENTED_EDGE ( 'NONE', *, *, #986, .F. ) ;
#676 = CARTESIAN_POINT ( 'NONE',  ( 0.000000000000000000, 1.791095138393782505E-15, 12.50000000000000000 ) ) ;
#677 = PLANE ( 'NONE',  #56 ) ;
#678 =( NAMED_UNIT ( * ) PLANE_ANGLE_UNIT ( ) SI_UNIT ( $, .RADIAN. ) );
#679 = EDGE_CURVE ( 'NONE', #724, #110, #1182, .T. ) ;
#680 = CARTESIAN_POINT ( 'NONE',  ( 0.8405885292744287307, 1.824087063104199657, 12.19094408718711442 ) ) ;
#681 = ORIENTED_EDGE ( 'NONE', *, *, #820, .T. ) ;
#682 = DIRECTION ( 'NONE',  ( -0.000000000000000000, 1.540743955509788682E-32, 1.000000000000000000 ) ) ;
#683 = DIRECTION ( 'NONE',  ( 0.000000000000000000, -1.000000000000000000, 0.000000000000000000 ) ) ;
#684 = AXIS2_PLACEMENT_3D ( 'NONE', #112, #508, #221 ) ;
#685 = DIRECTION ( 'NONE',  ( 0.000000000000000000, 0.7071067811865487940, -0.7071067811865463515 ) ) ;
#686 = VECTOR ( 'NONE', #1262, 1000.000000000000114 ) ;
#687 = ORIENTED_EDGE ( 'NONE', *, *, #878, .F. ) ;
#688 = VERTEX_POINT ( 'NONE', #920 ) ;
#689 = CARTESIAN_POINT ( 'NONE',  ( -1.999999999999998668, 1.039230484537973620, 12.44448445715684493 ) ) ;
#690 = TOROIDAL_SURFACE ( 'NONE', #1101, 4.170312500000000533, 0.07968749999999960587 ) ;
#691 = DIRECTION ( 'NONE',  ( 0.8660254037844388186, 0.4999999999999997780, 0.000000000000000000 ) ) ;
#692 = CARTESIAN_POINT ( 'NONE',  ( 0.000000000000000000, -4.226660071625802040, 7.795410071625806125 ) ) ;
#693 = EDGE_CURVE ( 'NONE', #477, #120, #1132, .T. ) ;
#694 = ORIENTED_EDGE ( 'NONE', *, *, #1216, .T. ) ;
#695 = EDGE_CURVE ( 'NONE', #219, #419, #513, .T. ) ;
#696 = DIRECTION ( 'NONE',  ( -0.000000000000000000, 0.000000000000000000, -1.000000000000000000 ) ) ;
#697 = CARTESIAN_POINT ( 'NONE',  ( -1.899999999999999467, -1.212435565298212614, 12.50000000000000000 ) ) ;
#698 = PERSON_AND_ORGANIZATION ( #769, #1158 ) ;
#699 = CARTESIAN_POINT ( 'NONE',  ( 0.09999999999996928013, 2.251666049839557981, 12.44448445715835483 ) ) ;
#700 = ORIENTED_EDGE ( 'NONE', *, *, #1282, .F. ) ;
#701 = DIRECTION ( 'NONE',  ( 0.000000000000000000, 0.000000000000000000, 1.000000000000000000 ) ) ;
#702 = CC_DESIGN_PERSON_AND_ORGANIZATION_ASSIGNMENT ( #1141, #1040, ( #343 ) ) ;
#703 = CARTESIAN_POINT ( 'NONE',  ( 1.999999999999999556, 0.7061319174527754816, 12.30494564818713066 ) ) ;
#704 =( LENGTH_UNIT ( ) NAMED_UNIT ( * ) SI_UNIT ( .MILLI., .METRE. ) );
#705 = CARTESIAN_POINT ( 'NONE',  ( 0.000000000000000000, 4.226660071625804704, 12.20458992837419920 ) ) ;
#706 = CIRCLE ( 'NONE', #1032, 2.499999999999998668 ) ;
#707 = ORIENTED_EDGE ( 'NONE', *, *, #214, .F. ) ;
#708 = AXIS2_PLACEMENT_3D ( 'NONE', #1065, #160, #673 ) ;
#709 = VERTEX_POINT ( 'NONE', #736 ) ;
#710 = VERTEX_POINT ( 'NONE', #831 ) ;
#711 = PLANE ( 'NONE',  #436 ) ;
#712 = CIRCLE ( 'NONE', #333, 0.2000000000000000944 ) ;
#713 = DIRECTION ( 'NONE',  ( -0.000000000000000000, 1.540743955509788682E-32, 1.000000000000000000 ) ) ;
#714 = PERSON_AND_ORGANIZATION ( #769, #1158 ) ;
#715 = AXIS2_PLACEMENT_3D ( 'NONE', #570, #1271, #1159 ) ;
#716 = CARTESIAN_POINT ( 'NONE',  ( 0.07134955218145884459, 2.268207393600422339, 12.45973835398054419 ) ) ;
#717 = VERTEX_POINT ( 'NONE', #934 ) ;
#718 = ORIENTED_EDGE ( 'NONE', *, *, #1276, .T. ) ;
#719 = CARTESIAN_POINT ( 'NONE',  ( 0.000000000000000000, 2.000000000000000000, 10.00000000000000178 ) ) ;
#720 = DIRECTION ( 'NONE',  ( 0.000000000000000000, -1.000000000000000000, 0.000000000000000000 ) ) ;
#721 = PERSON_AND_ORGANIZATION_ROLE ( 'creator' ) ;
#722 = CARTESIAN_POINT ( 'NONE',  ( 0.000000000000000000, 1.791095138393782505E-15, 7.523339928374197072 ) ) ;
#723 = EDGE_CURVE ( 'NONE', #776, #108, #930, .T. ) ;
#724 = VERTEX_POINT ( 'NONE', #1037 ) ;
#725 = EDGE_CURVE ( 'NONE', #792, #955, #115, .T. ) ;
#726 = ORIENTED_EDGE ( 'NONE', *, *, #750, .F. ) ;
#727 = ORIENTED_EDGE ( 'NONE', *, *, #841, .T. ) ;
#728 = AXIS2_PLACEMENT_3D ( 'NONE', #1005, #1009, #495 ) ;
#729 = DIRECTION ( 'NONE',  ( 1.000000000000000000, 0.000000000000000000, 0.000000000000000000 ) ) ;
#730 = EDGE_CURVE ( 'NONE', #776, #353, #538, .T. ) ;
#731 = CARTESIAN_POINT ( 'NONE',  ( 0.000000000000000000, 2.358139725155972144E-15, 8.845299461620756531 ) ) ;
#732 = CARTESIAN_POINT ( 'NONE',  ( -1.999999999999998668, 1.039230484537973620, 12.44448445715684493 ) ) ;
#733 = ORIENTED_EDGE ( 'NONE', *, *, #943, .F. ) ;
#734 = ORIENTED_EDGE ( 'NONE', *, *, #43, .T. ) ;
#735 = VECTOR ( 'NONE', #790, 1000.000000000000000 ) ;
#736 = CARTESIAN_POINT ( 'NONE',  ( 0.000000000000000000, -4.249999999999998224, 12.14824235674839414 ) ) ;
#737 = CIRCLE ( 'NONE', #585, 0.1999999999999999833 ) ;
#738 = DIRECTION ( 'NONE',  ( 0.000000000000000000, -1.540743955509788682E-32, -1.000000000000000000 ) ) ;
#739 = AXIS2_PLACEMENT_3D ( 'NONE', #575, #872, #588 ) ;
#740 = FACE_OUTER_BOUND ( 'NONE', #84, .T. ) ;
#741 = VERTEX_POINT ( 'NONE', #812 ) ;
#742 = CIRCLE ( 'NONE', #313, 4.250000000000000000 ) ;
#743 = ORIENTED_EDGE ( 'NONE', *, *, #820, .F. ) ;
#744 = EDGE_CURVE ( 'NONE', #709, #710, #520, .T. ) ;
#745 = EDGE_CURVE ( 'NONE', #137, #246, #1172, .T. ) ;
#746 = DIRECTION ( 'NONE',  ( -0.000000000000000000, 1.540743955509788682E-32, 1.000000000000000000 ) ) ;
#747 = CALENDAR_DATE ( 2026, 8, 1 ) ;
#748 = CARTESIAN_POINT ( 'NONE',  ( -1.999999999999999556, -1.039230484541348032, 12.44448445715838680 ) ) ;
#749 = CARTESIAN_POINT ( 'NONE',  ( -1.928650447819182379, 1.195894221537849855, 12.45973835398067919 ) ) ;
#750 = EDGE_CURVE ( 'NONE', #137, #950, #887, .T. ) ;
#751 = FACE_OUTER_BOUND ( 'NONE', #36, .T. ) ;
#752 = DIRECTION ( 'NONE',  ( -1.000000000000000000, 0.000000000000000000, 0.000000000000000000 ) ) ;
#753 = ORIENTED_EDGE ( 'NONE', *, *, #1283, .F. ) ;
#754 = AXIS2_PLACEMENT_3D ( 'NONE', #121, #230, #92 ) ;
#755 = DIRECTION ( 'NONE',  ( 0.000000000000000000, 1.000000000000000000, -1.540743955509788682E-32 ) ) ;
#756 = EDGE_LOOP ( 'NONE', ( #1323, #1124, #592, #1223 ) ) ;
#757 = AXIS2_PLACEMENT_3D ( 'NONE', #68, #853, #997 ) ;
#758 = EDGE_CURVE ( 'NONE', #390, #137, #260, .T. ) ;
#759 = VERTEX_POINT ( 'NONE', #175 ) ;
#760 = CARTESIAN_POINT ( 'NONE',  ( 1.799999999999998268, -1.039230484541325605, 10.00000000000000178 ) ) ;
#761 = LINE ( 'NONE', #556, #880 ) ;
#762 = TOROIDAL_SURFACE ( 'NONE', #458, 4.170312500000000533, 0.07968749999999878708 ) ;
#763 = DIRECTION ( 'NONE',  ( 0.000000000000000000, -1.540743955509788682E-32, -1.000000000000000000 ) ) ;
#764 = ORIENTED_EDGE ( 'NONE', *, *, #1300, .F. ) ;
#765 = DIRECTION ( 'NONE',  ( -0.7071067811865487940, 8.659560562354948882E-17, 0.7071067811865463515 ) ) ;
#766 = DIRECTION ( 'NONE',  ( -0.000000000000000000, 1.540743955509788682E-32, 1.000000000000000000 ) ) ;
#767 = ADVANCED_FACE ( 'NONE', ( #886 ), #249, .F. ) ;
#768 = LINE ( 'NONE', #1278, #1296 ) ;
#769 = PERSON ( 'UNSPECIFIED', 'UNSPECIFIED', 'UNSPECIFIED', ('UNSPECIFIED'), ('UNSPECIFIED'), ('UNSPECIFIED') ) ;
#770 = DIRECTION ( 'NONE',  ( 0.000000000000000000, 1.000000000000000000, 0.000000000000000000 ) ) ;
#771 = CARTESIAN_POINT ( 'NONE',  ( 0.09999999999999993616, 2.251666049839540218, 10.00000000000000178 ) ) ;
#772 = CARTESIAN_POINT ( 'NONE',  ( 0.3898412685835075386, -2.084326115400587209, 12.30428908216916639 ) ) ;
#773 = ORIENTED_EDGE ( 'NONE', *, *, #980, .T. ) ;
#774 = DIRECTION ( 'NONE',  ( -0.000000000000000000, 1.540743955509788682E-32, 1.000000000000000000 ) ) ;
#775 = CONICAL_SURFACE ( 'NONE', #799, 2.000000000000000000, 1.047197551196600074 ) ;
#776 = VERTEX_POINT ( 'NONE', #985 ) ;
#777 = CARTESIAN_POINT ( 'NONE',  ( 2.000000000000000000, 1.039230484541326271, 10.00000000000000178 ) ) ;
#778 = AXIS2_PLACEMENT_3D ( 'NONE', #555, #1171, #269 ) ;
#779 = ORIENTED_EDGE ( 'NONE', *, *, #143, .T. ) ;
#780 = EDGE_CURVE ( 'NONE', #1115, #334, #706, .T. ) ;
#781 = DIRECTION ( 'NONE',  ( -0.000000000000000000, 1.540743955509788682E-32, 1.000000000000000000 ) ) ;
#782 = EDGE_LOOP ( 'NONE', ( #209, #816 ) ) ;
#783 = PLANE ( 'NONE',  #1077 ) ;
#784 = PRODUCT_DEFINITION ( 'UNKNOWN', '', #343, #44 ) ;
#785 = DIRECTION ( 'NONE',  ( -0.8660254037844387076, -0.4999999999999997780, 0.000000000000000000 ) ) ;
#786 = CARTESIAN_POINT ( 'NONE',  ( -1.999999999999999112, -0.1816397233248671361, 12.19059892324150063 ) ) ;
#787 = DIRECTION ( 'NONE',  ( 0.4999999999999997780, -0.8660254037844388186, 0.000000000000000000 ) ) ;
#788 = CARTESIAN_POINT ( 'NONE',  ( -1.799999999999998712, 1.039230484541327382, 10.00000000000000178 ) ) ;
#789 = ORIENTED_EDGE ( 'NONE', *, *, #679, .T. ) ;
#790 = DIRECTION ( 'NONE',  ( -0.8660254037844387076, -0.4999999999999998335, 0.000000000000000000 ) ) ;
#791 = LOCAL_TIME ( 14, 15, 10.00000000000000000, #1193 ) ;
#792 = VERTEX_POINT ( 'NONE', #270 ) ;
#793 = EDGE_LOOP ( 'NONE', ( #1044, #1178, #527, #958, #779, #305 ) ) ;
#794 = EDGE_CURVE ( 'NONE', #717, #219, #93, .T. ) ;
#795 = CARTESIAN_POINT ( 'NONE',  ( -2.000000000000000000, 2.603069084985442440E-15, 10.00000000000000178 ) ) ;
#796 = CARTESIAN_POINT ( 'NONE',  ( -0.09999999999999992228, 2.251666049839540218, 12.50000000000000000 ) ) ;
#797 = DIRECTION ( 'NONE',  ( 0.000000000000000000, -1.000000000000000000, 1.540743955509788682E-32 ) ) ;
#798 = EDGE_CURVE ( 'NONE', #898, #759, #50, .T. ) ;
#799 = AXIS2_PLACEMENT_3D ( 'NONE', #1127, #421, #210 ) ;
#800 = DIRECTION ( 'NONE',  ( 1.000000000000000000, 0.000000000000000000, 0.000000000000000000 ) ) ;
#801 = CIRCLE ( 'NONE', #647, 4.226660071625802928 ) ;
#802 = EDGE_CURVE ( 'NONE', #18, #1131, #1252, .T. ) ;
#803 = CIRCLE ( 'NONE', #867, 4.226660071625802928 ) ;
#804 = DIRECTION ( 'NONE',  ( -0.000000000000000000, 1.540743955509788682E-32, 1.000000000000000000 ) ) ;
#805 = AXIS2_PLACEMENT_3D ( 'NONE', #916, #372, #785 ) ;
#806 = FACE_OUTER_BOUND ( 'NONE', #11, .T. ) ;
#807 = APPROVAL_STATUS ( 'not_yet_approved' ) ;
#808 = DIRECTION ( 'NONE',  ( -1.000000000000000000, 3.755786496842900043E-16, 0.000000000000000000 ) ) ;
#809 = EDGE_CURVE ( 'NONE', #1310, #176, #374, .T. ) ;
#810 = VERTEX_POINT ( 'NONE', #1071 ) ;
#811 = ORIENTED_EDGE ( 'NONE', *, *, #214, .T. ) ;
#812 = CARTESIAN_POINT ( 'NONE',  ( -1.000000000000000222, -1.732050807568874751, 10.00000000000000178 ) ) ;
#813 = CARTESIAN_POINT ( 'NONE',  ( 2.000000000000000000, 1.039230484541342703, 12.44448445715839924 ) ) ;
#814 = CARTESIAN_POINT ( 'NONE',  ( -1.899999999999975042, -1.212435565298226603, 12.44448445715840812 ) ) ;
#815 = LINE ( 'NONE', #895, #181 ) ;
#816 = ORIENTED_EDGE ( 'NONE', *, *, #32, .F. ) ;
#817 = LINE ( 'NONE', #618, #1229 ) ;
#818 = LINE ( 'NONE', #222, #1152 ) ;
#819 = CARTESIAN_POINT ( 'NONE',  ( 1.999999999999998224, -1.039230484541325827, 10.00000000000000178 ) ) ;
#820 = EDGE_CURVE ( 'NONE', #955, #110, #844, .T. ) ;
#821 = AXIS2_PLACEMENT_3D ( 'NONE', #150, #551, #350 ) ;
#822 = EDGE_LOOP ( 'NONE', ( #452, #1181, #475, #1253 ) ) ;
#823 = EDGE_LOOP ( 'NONE', ( #135, #526, #248, #503, #491, #29, #931, #979, #811, #616 ) ) ;
#824 = DIRECTION ( 'NONE',  ( 0.000000000000000000, -1.540743955509788682E-32, -1.000000000000000000 ) ) ;
#825 = CARTESIAN_POINT ( 'NONE',  ( 0.000000000000000000, 1.791095138393782505E-15, 12.20458992837419920 ) ) ;
#826 = EDGE_CURVE ( 'NONE', #419, #1000, #71, .T. ) ;
#827 = AXIS2_PLACEMENT_3D ( 'NONE', #851, #763, #152 ) ;
#828 = FACE_OUTER_BOUND ( 'NONE', #381, .T. ) ;
#829 = VERTEX_POINT ( 'NONE', #574 ) ;
#830 = ORIENTED_EDGE ( 'NONE', *, *, #335, .T. ) ;
#831 = CARTESIAN_POINT ( 'NONE',  ( 5.176165727800462560E-16, -4.226660071625801152, 12.20458992837419920 ) ) ;
#832 = DIRECTION ( 'NONE',  ( -0.000000000000000000, 1.540743955509788682E-32, 1.000000000000000000 ) ) ;
#833 = SECURITY_CLASSIFICATION_LEVEL ( 'unclassified' ) ;
#834 = DIRECTION ( 'NONE',  ( -0.000000000000000000, -0.000000000000000000, 1.000000000000000000 ) ) ;
#835 = ORIENTED_EDGE ( 'NONE', *, *, #794, .F. ) ;
#836 = ORIENTED_EDGE ( 'NONE', *, *, #314, .T. ) ;
#837 = DIRECTION ( 'NONE',  ( -3.755786496842899550E-16, -1.000000000000000000, 0.000000000000000000 ) ) ;
#838 = CARTESIAN_POINT ( 'NONE',  ( 1.928646437254724733, 1.195896537037874907, 12.45973621870007619 ) ) ;
#839 = PERSON_AND_ORGANIZATION_ROLE ( 'classification_officer' ) ;
#840 = DIRECTION ( 'NONE',  ( 1.000000000000000000, 0.000000000000000000, 0.000000000000000000 ) ) ;
#841 = EDGE_CURVE ( 'NONE', #382, #688, #59, .T. ) ;
#842 = ADVANCED_FACE ( 'NONE', ( #1194 ), #1315, .T. ) ;
#843 = ORIENTED_EDGE ( 'NONE', *, *, #504, .T. ) ;
#844 = CIRCLE ( 'NONE', #140, 0.07968749999999946709 ) ;
#845 = AXIS2_PLACEMENT_3D ( 'NONE', #290, #1099, #797 ) ;
#846 = TOROIDAL_SURFACE ( 'NONE', #265, 3.898242356748394144, 0.07968749999999957812 ) ;
#847 = EDGE_LOOP ( 'NONE', ( #142, #376, #518, #346 ) ) ;
#848 = DIRECTION ( 'NONE',  ( 0.000000000000000000, -1.000000000000000000, 0.000000000000000000 ) ) ;
#849 = VERTEX_POINT ( 'NONE', #42 ) ;
#850 = APPROVAL ( #807, 'UNSPECIFIED' ) ;
#851 = CARTESIAN_POINT ( 'NONE',  ( 0.000000000000000000, 1.791095138393782505E-15, 12.20458992837419920 ) ) ;
#852 = EDGE_LOOP ( 'NONE', ( #1034, #420, #227, #325 ) ) ;
#853 = DIRECTION ( 'NONE',  ( -0.000000000000000000, 1.540743955509788682E-32, 1.000000000000000000 ) ) ;
#854 = B_SPLINE_CURVE_WITH_KNOTS ( 'NONE', 3,
 ( #813, #301, #703, #921, #8, #309 ),
 .UNSPECIFIED., .F., .F.,
 ( 4, 2, 4 ),
 ( 0.001381568564657004866, 0.001915798630797540310, 0.002450028696938075755 ),
 .UNSPECIFIED. ) ;
#855 = CARTESIAN_POINT ( 'NONE',  ( 0.000000000000000000, 1.734723475976807094E-15, 12.42031250000000320 ) ) ;
#856 = ORIENTED_EDGE ( 'NONE', *, *, #586, .T. ) ;
#857 = FACE_OUTER_BOUND ( 'NONE', #852, .T. ) ;
#858 = CARTESIAN_POINT ( 'NONE',  ( 0.000000000000000000, 1.791095138393782110E-15, -12.50000000000000000 ) ) ;
#859 = VECTOR ( 'NONE', #360, 1000.000000000000000 ) ;
#860 = FACE_OUTER_BOUND ( 'NONE', #433, .T. ) ;
#861 = CONICAL_SURFACE ( 'NONE', #628, 1.980384757729334977, 0.7853981633974491672 ) ;
#862 = AXIS2_PLACEMENT_3D ( 'NONE', #401, #590, #179 ) ;
#863 = EDGE_CURVE ( 'NONE', #200, #108, #761, .T. ) ;
#864 = CARTESIAN_POINT ( 'NONE',  ( 1.999999999999998224, -1.154700538379250796, 10.00000000000000178 ) ) ;
#865 = DIRECTION ( 'NONE',  ( 0.000000000000000000, -1.540743955509788682E-32, -1.000000000000000000 ) ) ;
#866 = CARTESIAN_POINT ( 'NONE',  ( 1.999999999999997780, -1.072308541062006126, 12.45973621870016323 ) ) ;
#867 = AXIS2_PLACEMENT_3D ( 'NONE', #825, #713, #615 ) ;
#868 = FACE_OUTER_BOUND ( 'NONE', #517, .T. ) ;
#869 = EDGE_LOOP ( 'NONE', ( #789, #1195, #579, #963 ) ) ;
#870 = CYLINDRICAL_SURFACE ( 'NONE', #778, 0.2000000000000000944 ) ;
#871 = DIRECTION ( 'NONE',  ( 0.000000000000000000, -1.000000000000000000, 0.000000000000000000 ) ) ;
#872 = DIRECTION ( 'NONE',  ( 0.000000000000000000, 0.000000000000000000, -1.000000000000000000 ) ) ;
#873 = VERTEX_POINT ( 'NONE', #194 ) ;
#874 = LOCAL_TIME ( 14, 15, 10.00000000000000000, #223 ) ;
#875 = PLANE ( 'NONE',  #757 ) ;
#876 = CARTESIAN_POINT ( 'NONE',  ( 4.773970024492553136E-16, 3.898242356748394588, 12.42031250000000320 ) ) ;
#877 = EDGE_CURVE ( 'NONE', #532, #127, #380, .T. ) ;
#878 = EDGE_CURVE ( 'NONE', #1144, #219, #909, .T. ) ;
#879 = CARTESIAN_POINT ( 'NONE',  ( -1.999999999999999556, 0.3588206183372663061, 12.21559078114782437 ) ) ;
#880 = VECTOR ( 'NONE', #397, 1000.000000000000000 ) ;
#881 = LINE ( 'NONE', #796, #226 ) ;
#882 = CALENDAR_DATE ( 2026, 8, 1 ) ;
#883 = AXIS2_PLACEMENT_3D ( 'NONE', #1020, #1209, #924 ) ;
#884 = EDGE_LOOP ( 'NONE', ( #726, #1279, #1086, #1105, #667 ) ) ;
#885 = ORIENTED_EDGE ( 'NONE', *, *, #351, .F. ) ;
#886 = FACE_OUTER_BOUND ( 'NONE', #793, .T. ) ;
#887 = B_SPLINE_CURVE_WITH_KNOTS ( 'NONE', 3,
 ( #261, #49, #1189, #456, #464, #1289, #1168, #772, #155, #468 ),
 .UNSPECIFIED., .F., .F.,
 ( 4, 2, 2, 2, 4 ),
 ( 0.0001268304123778830114, 0.0006601496066918050411, 0.001193468801005727071, 0.001726787995319648992, 0.002260107189633571781 ),
 .UNSPECIFIED. ) ;
#888 = CIRCLE ( 'NONE', #1234, 2.000000000000000000 ) ;
#889 = VERTEX_POINT ( 'NONE', #692 ) ;
#890 = CIRCLE ( 'NONE', #1212, 2.000000000000000000 ) ;
#891 = ORIENTED_EDGE ( 'NONE', *, *, #661, .T. ) ;
#892 = FACE_OUTER_BOUND ( 'NONE', #1110, .T. ) ;
#893 = FACE_OUTER_BOUND ( 'NONE', #238, .T. ) ;
#894 = DATE_TIME_ROLE ( 'creation_date' ) ;
#895 = CARTESIAN_POINT ( 'NONE',  ( 1.999999999999998224, -1.154700538379250796, 10.00000000000000178 ) ) ;
#896 = ORIENTED_EDGE ( 'NONE', *, *, #70, .F. ) ;
#897 = ORIENTED_EDGE ( 'NONE', *, *, #723, .F. ) ;
#898 = VERTEX_POINT ( 'NONE', #593 ) ;
#899 = CARTESIAN_POINT ( 'NONE',  ( 0.000000000000000000, -3.898242356748392368, 7.579687499999999467 ) ) ;
#900 = EDGE_CURVE ( 'NONE', #776, #988, #815, .T. ) ;
#901 = FACE_OUTER_BOUND ( 'NONE', #971, .T. ) ;
#902 = CARTESIAN_POINT ( 'NONE',  ( -1.306600163098575518, -1.555035120870329912, 12.21461293783364077 ) ) ;
#903 = DIRECTION ( 'NONE',  ( -0.000000000000000000, 1.540743955509788682E-32, 1.000000000000000000 ) ) ;
#904 = ORIENTED_EDGE ( 'NONE', *, *, #1160, .F. ) ;
#905 = CARTESIAN_POINT ( 'NONE',  ( 0.000000000000000000, 1.791095138393782505E-15, 12.14824235674839414 ) ) ;
#906 = B_SPLINE_CURVE_WITH_KNOTS ( 'NONE', 3,
 ( #699, #998, #1222, #90, #680, #1114, #1215, #82, #297, #496 ),
 .UNSPECIFIED., .F., .F.,
 ( 4, 2, 2, 2, 4 ),
 ( 0.0001268304123778833637, 0.0006601496066918053664, 0.001193468801005727288, 0.001726787995319649426, 0.002260107189633571347 ),
 .UNSPECIFIED. ) ;
#907 = CARTESIAN_POINT ( 'NONE',  ( 0.000000000000000000, 1.791095138393782505E-15, 12.20458992837419920 ) ) ;
#908 = EDGE_CURVE ( 'NONE', #72, #334, #186, .T. ) ;
#909 = CIRCLE ( 'NONE', #412, 0.07968749999999902300 ) ;
#910 = CARTESIAN_POINT ( 'NONE',  ( 0.1000000000000230427, -2.251666049839524675, 12.44448445715840812 ) ) ;
#911 = AXIS2_PLACEMENT_3D ( 'NONE', #1082, #178, #483 ) ;
#912 = ORIENTED_EDGE ( 'NONE', *, *, #370, .T. ) ;
#913 = ORIENTED_EDGE ( 'NONE', *, *, #1060, .T. ) ;
#914 = CARTESIAN_POINT ( 'NONE',  ( 0.000000000000000000, 1.791095138393782505E-15, 7.523339928374197072 ) ) ;
#915 = AXIS2_PLACEMENT_3D ( 'NONE', #1025, #422, #123 ) ;
#916 = CARTESIAN_POINT ( 'NONE',  ( 0.000000000000000000, 2.309401076758502924, 10.00000000000000178 ) ) ;
#917 = MECHANICAL_CONTEXT ( 'NONE', #999, 'mechanical' ) ;
#918 = CARTESIAN_POINT ( 'NONE',  ( 0.000000000000000000, 4.226660071625804704, 12.20458992837419920 ) ) ;
#919 = ORIENTED_EDGE ( 'NONE', *, *, #758, .T. ) ;
#920 = CARTESIAN_POINT ( 'NONE',  ( -1.999999999999999112, 2.449293595523087504E-16, 12.19059892324149885 ) ) ;
#921 = CARTESIAN_POINT ( 'NONE',  ( 2.000000000000000000, 0.3588206183384906045, 12.21559078114799668 ) ) ;
#922 = VERTEX_POINT ( 'NONE', #819 ) ;
#923 = ADVANCED_BREP_SHAPE_REPRESENTATION ( '92290A242_NO THREADS_Super-Corrosion-Resistant 316 Stainless Steel Socket Head Screw', ( #1173, #728 ), #204 ) ;
#924 = DIRECTION ( 'NONE',  ( 0.000000000000000000, -1.000000000000000000, 0.000000000000000000 ) ) ;
#925 = ORIENTED_EDGE ( 'NONE', *, *, #679, .F. ) ;
#926 = ADVANCED_FACE ( 'NONE', ( #510 ), #207, .F. ) ;
#927 = CARTESIAN_POINT ( 'NONE',  ( 0.000000000000000000, 2.358139725155972144E-15, 10.00000000000000178 ) ) ;
#928 = CARTESIAN_POINT ( 'NONE',  ( 0.1000000000000000472, 2.251666049839540218, 10.00000000000000178 ) ) ;
#929 = CARTESIAN_POINT ( 'NONE',  ( 0.03634816968753894206, 2.278474041998780120, 12.46907181771871898 ) ) ;
#930 = CIRCLE ( 'NONE', #990, 2.000000000000000000 ) ;
#931 = ORIENTED_EDGE ( 'NONE', *, *, #196, .T. ) ;
#932 = TOROIDAL_SURFACE ( 'NONE', #845, 3.898242356748394144, 0.07968749999999957812 ) ;
#933 = ORIENTED_EDGE ( 'NONE', *, *, #129, .F. ) ;
#934 = CARTESIAN_POINT ( 'NONE',  ( 0.000000000000000000, -4.249999999999998224, 7.851757643251607632 ) ) ;
#935 = DIRECTION ( 'NONE',  ( 0.000000000000000000, -1.000000000000000000, 0.000000000000000000 ) ) ;
#936 = AXIS2_PLACEMENT_3D ( 'NONE', #788, #394, #281 ) ;
#937 = CARTESIAN_POINT ( 'NONE',  ( 0.000000000000000000, 1.791095138393782505E-15, 12.50000000000000000 ) ) ;
#938 = VERTEX_POINT ( 'NONE', #9 ) ;
#939 = CARTESIAN_POINT ( 'NONE',  ( 0.09999999999999925615, -2.251666049839538442, 10.00000000000000178 ) ) ;
#940 = B_SPLINE_CURVE_WITH_KNOTS ( 'NONE', 3,
 ( #1140, #13, #130, #407, #317, #211, #634, #523, #30, #1220 ),
 .UNSPECIFIED., .F., .F.,
 ( 4, 2, 2, 2, 4 ),
 ( 0.0001268304123778837432, 0.0006601496066918054748, 0.001193468801005727071, 0.001726787995319648559, 0.002260107189633570914 ),
 .UNSPECIFIED. ) ;
#941 = CARTESIAN_POINT ( 'NONE',  ( 1.899999999999975708, 1.212435565298228157, 12.44448445715840990 ) ) ;
#942 = EDGE_CURVE ( 'NONE', #709, #419, #330, .T. ) ;
#943 = EDGE_CURVE ( 'NONE', #188, #617, #906, .T. ) ;
#944 = CARTESIAN_POINT ( 'NONE',  ( -0.03634816968753930289, -2.278474041998778343, 12.46907181771871542 ) ) ;
#945 = ORIENTED_EDGE ( 'NONE', *, *, #231, .F. ) ;
#946 = ORIENTED_EDGE ( 'NONE', *, *, #469, .F. ) ;
#947 = DIRECTION ( 'NONE',  ( 0.000000000000000000, -1.000000000000000000, 1.540743955509788682E-32 ) ) ;
#948 = CARTESIAN_POINT ( 'NONE',  ( -0.09999999999997005729, -2.251666049839556205, 12.44448445715835483 ) ) ;
#949 = EDGE_CURVE ( 'NONE', #1314, #72, #348, .T. ) ;
#950 = VERTEX_POINT ( 'NONE', #910 ) ;
#951 = VECTOR ( 'NONE', #316, 1000.000000000000000 ) ;
#952 = CONICAL_SURFACE ( 'NONE', #182, 2.309401076758502480, 0.7853981633974500554 ) ;
#953 = CARTESIAN_POINT ( 'NONE',  ( -6.592722328075628197E-16, -2.309401076758501148, 10.00000000000000178 ) ) ;
#954 = CIRCLE ( 'NONE', #500, 0.07968749999999989730 ) ;
#955 = VERTEX_POINT ( 'NONE', #199 ) ;
#956 = DIRECTION ( 'NONE',  ( 0.000000000000000000, -1.000000000000000000, 1.540743955509788682E-32 ) ) ;
#957 = CARTESIAN_POINT ( 'NONE',  ( 0.000000000000000000, 2.000000000000000000, 10.00000000000000178 ) ) ;
#958 = ORIENTED_EDGE ( 'NONE', *, *, #43, .F. ) ;
#959 = CARTESIAN_POINT ( 'NONE',  ( 1.800000000000000044, 1.039230484541326494, 10.00000000000000178 ) ) ;
#960 = CARTESIAN_POINT ( 'NONE',  ( -1.999999999999999112, 2.449293595523087504E-16, 12.19059892324149885 ) ) ;
#961 = ADVANCED_FACE ( 'NONE', ( #77 ), #861, .T. ) ;
#962 = DIRECTION ( 'NONE',  ( 0.000000000000000000, 1.000000000000000000, 0.000000000000000000 ) ) ;
#963 = ORIENTED_EDGE ( 'NONE', *, *, #655, .F. ) ;
#964 = DIRECTION ( 'NONE',  ( -0.000000000000000000, 1.540743955509788682E-32, 1.000000000000000000 ) ) ;
#965 = CARTESIAN_POINT ( 'NONE',  ( 1.899999999999998357, -1.212435565298213502, 10.00000000000000178 ) ) ;
#966 = EDGE_LOOP ( 'NONE', ( #1304, #189, #559, #61 ) ) ;
#967 = PRODUCT ( '92290A242_NO THREADS_Super-Corrosion-Resistant 316 Stainless Steel Socket Head Screw', '92290A242_NO THREADS_Super-Corrosion-Resistant 316 Stainless Steel Socket Head Screw', '', ( #917 ) ) ;
#968 = CARTESIAN_POINT ( 'NONE',  ( 1.999999999999999112, -2.761013168273541319E-25, 12.19059892324149885 ) ) ;
#969 = VECTOR ( 'NONE', #516, 999.9999999999998863 ) ;
#970 = AXIS2_PLACEMENT_3D ( 'NONE', #656, #235, #548 ) ;
#971 = EDGE_LOOP ( 'NONE', ( #554, #319, #1146, #1224 ) ) ;
#972 = DIRECTION ( 'NONE',  ( 0.000000000000000000, 1.000000000000000000, -1.540743955509788682E-32 ) ) ;
#973 = CARTESIAN_POINT ( 'NONE',  ( 4.773970024492555108E-16, 3.898242356748395476, 7.579687499999999467 ) ) ;
#974 = AXIS2_PLACEMENT_3D ( 'NONE', #295, #1118, #205 ) ;
#975 = DIRECTION ( 'NONE',  ( 8.659560562354941486E-17, 0.7071067811865482389, 0.7071067811865469066 ) ) ;
#976 = EDGE_CURVE ( 'NONE', #258, #776, #1012, .T. ) ;
#977 = ORIENTED_EDGE ( 'NONE', *, *, #463, .F. ) ;
#978 = DIRECTION ( 'NONE',  ( 0.000000000000000000, 0.000000000000000000, 1.000000000000000000 ) ) ;
#979 = ORIENTED_EDGE ( 'NONE', *, *, #311, .T. ) ;
#980 = EDGE_CURVE ( 'NONE', #938, #1190, #291, .T. ) ;
#981 = CARTESIAN_POINT ( 'NONE',  ( 1.999999999999998224, -1.039230484541349586, 12.44448445715838680 ) ) ;
#982 = CARTESIAN_POINT ( 'NONE',  ( 0.000000000000000000, -2.499999999999996891, 12.50000000000000000 ) ) ;
#983 = CARTESIAN_POINT ( 'NONE',  ( 5.009570812762141359E-16, 3.954589928374198315, 7.523339928374197072 ) ) ;
#984 = FACE_OUTER_BOUND ( 'NONE', #1150, .T. ) ;
#985 = CARTESIAN_POINT ( 'NONE',  ( 2.000000000000000000, 8.558251264188123238E-16, 10.00000000000000178 ) ) ;
#986 = EDGE_CURVE ( 'NONE', #18, #1000, #1309, .T. ) ;
#987 = EDGE_LOOP ( 'NONE', ( #653, #1240, #459, #442, #637 ) ) ;
#988 = VERTEX_POINT ( 'NONE', #3 ) ;
#989 = CARTESIAN_POINT ( 'NONE',  ( 0.000000000000000000, -5.777789833161707559E-31, 12.50000000000000000 ) ) ;
#990 = AXIS2_PLACEMENT_3D ( 'NONE', #927, #1149, #729 ) ;
#991 = CARTESIAN_POINT ( 'NONE',  ( -1.999999999999999556, -1.039230484541324939, 10.00000000000000178 ) ) ;
#992 = AXIS2_PLACEMENT_3D ( 'NONE', #722, #1256, #1031 ) ;
#993 = DIRECTION ( 'NONE',  ( -0.000000000000000000, 1.540743955509788682E-32, 1.000000000000000000 ) ) ;
#994 = AXIS2_PLACEMENT_3D ( 'NONE', #514, #415, #1237 ) ;
#995 = FACE_OUTER_BOUND ( 'NONE', #1094, .T. ) ;
#996 = CARTESIAN_POINT ( 'NONE',  ( 1.900000000000028777, -1.212435565298195517, 12.44448445715835483 ) ) ;
#997 = DIRECTION ( 'NONE',  ( 0.000000000000000000, -1.000000000000000000, 1.540743955509788682E-32 ) ) ;
#998 = CARTESIAN_POINT ( 'NONE',  ( 0.2411794382185351859, 2.170156063180029182, 12.36931856105898220 ) ) ;
#999 = APPLICATION_CONTEXT ( 'configuration controlled 3d designs of mechanical parts and assemblies' ) ;
#1000 = VERTEX_POINT ( 'NONE', #705 ) ;
#1001 = VERTEX_POINT ( 'NONE', #389 ) ;
#1002 = DIRECTION ( 'NONE',  ( -0.000000000000000000, 1.540743955509788682E-32, 1.000000000000000000 ) ) ;
#1003 = ADVANCED_FACE ( 'NONE', ( #403 ), #474, .F. ) ;
#1004 = CARTESIAN_POINT ( 'NONE',  ( 0.000000000000000000, 1.791095138393782505E-15, 12.50000000000000000 ) ) ;
#1005 = CARTESIAN_POINT ( 'NONE',  ( 0.000000000000000000, 0.000000000000000000, 0.000000000000000000 ) ) ;
#1006 = DIRECTION ( 'NONE',  ( -0.000000000000000000, 1.540743955509788682E-32, 1.000000000000000000 ) ) ;
#1007 = FACE_OUTER_BOUND ( 'NONE', #1137, .T. ) ;
#1008 = FACE_OUTER_BOUND ( 'NONE', #1061, .T. ) ;
#1009 = DIRECTION ( 'NONE',  ( 0.000000000000000000, 0.000000000000000000, 1.000000000000000000 ) ) ;
#1010 = AXIS2_PLACEMENT_3D ( 'NONE', #719, #7, #429 ) ;
#1011 = CIRCLE ( 'NONE', #684, 0.07968749999999989730 ) ;
#1012 = LINE ( 'NONE', #1321, #498 ) ;
#1013 = VECTOR ( 'NONE', #765, 1000.000000000000000 ) ;
#1014 = CIRCLE ( 'NONE', #1254, 2.499999999999998668 ) ;
#1015 = ORIENTED_EDGE ( 'NONE', *, *, #463, .T. ) ;
#1016 = ORIENTED_EDGE ( 'NONE', *, *, #809, .F. ) ;
#1017 = DIRECTION ( 'NONE',  ( 0.000000000000000000, -1.540743955509788682E-32, -1.000000000000000000 ) ) ;
#1018 = CARTESIAN_POINT ( 'NONE',  ( 1.899999999999999911, 1.212435565298214168, 10.00000000000000178 ) ) ;
#1019 = CALENDAR_DATE ( 2026, 8, 1 ) ;
#1020 = CARTESIAN_POINT ( 'NONE',  ( 0.000000000000000000, 1.791095138393782505E-15, 12.47666007162580470 ) ) ;
#1021 = EDGE_CURVE ( 'NONE', #18, #99, #116, .T. ) ;
#1022 = ORIENTED_EDGE ( 'NONE', *, *, #878, .T. ) ;
#1023 = ORIENTED_EDGE ( 'NONE', *, *, #547, .F. ) ;
#1024 = CARTESIAN_POINT ( 'NONE',  ( 0.000000000000000000, -3.954589928374194763, 7.523339928374197072 ) ) ;
#1025 = CARTESIAN_POINT ( 'NONE',  ( 0.000000000000000000, 1.791095138393782505E-15, 7.795410071625806125 ) ) ;
#1026 = CARTESIAN_POINT ( 'NONE',  ( 0.09999999999996928013, 2.251666049839557981, 12.44448445715835483 ) ) ;
#1027 = ORIENTED_EDGE ( 'NONE', *, *, #1175, .T. ) ;
#1028 = CARTESIAN_POINT ( 'NONE',  ( 5.204748896376250699E-16, 4.250000000000001776, 12.50000000000000000 ) ) ;
#1029 = DIRECTION ( 'NONE',  ( 0.000000000000000000, -1.000000000000000000, 1.540743955509788682E-32 ) ) ;
#1030 = DATE_TIME_ROLE ( 'classification_date' ) ;
#1031 = DIRECTION ( 'NONE',  ( 0.000000000000000000, -1.000000000000000000, 0.000000000000000000 ) ) ;
#1032 = AXIS2_PLACEMENT_3D ( 'NONE', #566, #766, #69 ) ;
#1033 = ORIENTED_EDGE ( 'NONE', *, *, #586, .F. ) ;
#1034 = ORIENTED_EDGE ( 'NONE', *, *, #693, .T. ) ;
#1035 = ADVANCED_FACE ( 'NONE', ( #432 ), #233, .T. ) ;
#1036 = VECTOR ( 'NONE', #87, 1000.000000000000000 ) ;
#1037 = CARTESIAN_POINT ( 'NONE',  ( 0.000000000000000000, -3.954589928374194763, 7.523339928374197072 ) ) ;
#1038 = EDGE_CURVE ( 'NONE', #759, #1314, #1157, .T. ) ;
#1039 = CARTESIAN_POINT ( 'NONE',  ( 1.991390487078126492, 1.107758582668911806, 12.46907181771871898 ) ) ;
#1040 = PERSON_AND_ORGANIZATION_ROLE ( 'design_supplier' ) ;
#1041 = AXIS2_PLACEMENT_3D ( 'NONE', #441, #1169, #662 ) ;
#1042 = LINE ( 'NONE', #417, #286 ) ;
#1043 = ORIENTED_EDGE ( 'NONE', *, *, #143, .F. ) ;
#1044 = ORIENTED_EDGE ( 'NONE', *, *, #311, .F. ) ;
#1045 = CARTESIAN_POINT ( 'NONE',  ( 2.000000000000000000, 1.039230484541342703, 12.44448445715839924 ) ) ;
#1046 = ADVANCED_FACE ( 'NONE', ( #213 ), #622, .F. ) ;
#1047 = CARTESIAN_POINT ( 'NONE',  ( -0.07135356274527571152, 2.268205078099879035, 12.45973621870007619 ) ) ;
#1048 = B_SPLINE_CURVE_WITH_KNOTS ( 'NONE', 3,
 ( #107, #1047, #37, #929, #716, #1026 ),
 .UNSPECIFIED., .F., .F.,
 ( 4, 2, 4 ),
 ( 3.137753953404556765E-18, 0.0001080138242822585760, 0.0002160276485645140079 ),
 .UNSPECIFIED. ) ;
#1049 = ORIENTED_EDGE ( 'NONE', *, *, #798, .F. ) ;
#1050 = ORIENTED_EDGE ( 'NONE', *, *, #314, .F. ) ;
#1051 = CARTESIAN_POINT ( 'NONE',  ( 1.999999999999999112, -0.7058902640396818029, 12.30489284808798089 ) ) ;
#1052 = ORIENTED_EDGE ( 'NONE', *, *, #351, .T. ) ;
#1053 = LINE ( 'NONE', #31, #368 ) ;
#1054 = VECTOR ( 'NONE', #577, 1000.000000000000000 ) ;
#1055 = ORIENTED_EDGE ( 'NONE', *, *, #237, .T. ) ;
#1056 = DIRECTION ( 'NONE',  ( -0.000000000000000000, 1.540743955509788682E-32, 1.000000000000000000 ) ) ;
#1057 = LINE ( 'NONE', #864, #1236 ) ;
#1058 = FACE_OUTER_BOUND ( 'NONE', #138, .T. ) ;
#1059 = CIRCLE ( 'NONE', #974, 1.980384757729334977 ) ;
#1060 = EDGE_CURVE ( 'NONE', #166, #1138, #1042, .T. ) ;
#1061 = EDGE_LOOP ( 'NONE', ( #1263, #912, #1312, #324 ) ) ;
#1062 = CARTESIAN_POINT ( 'NONE',  ( 1.999999999999998224, -1.039230484541349586, 12.44448445715838680 ) ) ;
#1063 = PRODUCT_DEFINITION_SHAPE ( 'NONE', 'NONE',  #784 ) ;
#1064 = ORIENTED_EDGE ( 'NONE', *, *, #730, .T. ) ;
#1065 = CARTESIAN_POINT ( 'NONE',  ( 0.000000000000000000, 1.791095138393782505E-15, 12.50000000000000000 ) ) ;
#1066 = ORIENTED_EDGE ( 'NONE', *, *, #53, .T. ) ;
#1067 = CARTESIAN_POINT ( 'NONE',  ( -2.000000000000000000, -0.7058902640396800265, 12.30489284808798267 ) ) ;
#1068 = CARTESIAN_POINT ( 'NONE',  ( 3.061616997868381662E-16, 2.500000000000000444, 7.500000000000000000 ) ) ;
#1069 = DIRECTION ( 'NONE',  ( -0.000000000000000000, 1.540743955509788682E-32, 1.000000000000000000 ) ) ;
#1070 = DIRECTION ( 'NONE',  ( 0.000000000000000000, 0.000000000000000000, -1.000000000000000000 ) ) ;
#1071 = CARTESIAN_POINT ( 'NONE',  ( -1.899999999999999467, -1.212435565298212614, 10.00000000000000178 ) ) ;
#1072 = ADVANCED_FACE ( 'NONE', ( #28 ), #1100, .T. ) ;
#1073 = CIRCLE ( 'NONE', #497, 3.898242356748394588 ) ;
#1074 = LINE ( 'NONE', #953, #686 ) ;
#1075 = VECTOR ( 'NONE', #1287, 1000.000000000000000 ) ;
#1076 = EDGE_CURVE ( 'NONE', #810, #741, #635, .T. ) ;
#1077 = AXIS2_PLACEMENT_3D ( 'NONE', #183, #787, #280 ) ;
#1078 = DIRECTION ( 'NONE',  ( 1.000000000000000000, 0.000000000000000000, 0.000000000000000000 ) ) ;
#1079 = DIRECTION ( 'NONE',  ( 1.084202172485503842E-15, 1.000000000000000000, 0.000000000000000000 ) ) ;
#1080 = ORIENTED_EDGE ( 'NONE', *, *, #1148, .F. ) ;
#1081 = CARTESIAN_POINT ( 'NONE',  ( 1.928650447818917701, -1.195894221538000401, 12.45973835398053886 ) ) ;
#1082 = CARTESIAN_POINT ( 'NONE',  ( 0.000000000000000000, 1.791095138393782505E-15, 12.50000000000000178 ) ) ;
#1083 = ADVANCED_FACE ( 'NONE', ( #828 ), #117, .F. ) ;
#1084 = LINE ( 'NONE', #501, #1036 ) ;
#1085 = DIRECTION ( 'NONE',  ( -0.000000000000000000, -0.000000000000000000, -1.000000000000000000 ) ) ;
#1086 = ORIENTED_EDGE ( 'NONE', *, *, #113, .F. ) ;
#1087 = CARTESIAN_POINT ( 'NONE',  ( -1.999999999999998668, -0.3593019115243402672, 12.21570524129045410 ) ) ;
#1088 = ORIENTED_EDGE ( 'NONE', *, *, #841, .F. ) ;
#1089 = FACE_OUTER_BOUND ( 'NONE', #884, .T. ) ;
#1090 = DIRECTION ( 'NONE',  ( 0.000000000000000000, 1.000000000000000000, -1.540743955509788682E-32 ) ) ;
#1091 = LOCAL_TIME ( 14, 15, 10.00000000000000000, #212 ) ;
#1092 =( NAMED_UNIT ( * ) SI_UNIT ( $, .STERADIAN. ) SOLID_ANGLE_UNIT ( ) );
#1093 = CARTESIAN_POINT ( 'NONE',  ( 0.000000000000000000, 1.791095138393782110E-15, -11.98038475772933786 ) ) ;
#1094 = EDGE_LOOP ( 'NONE', ( #1288, #271, #411, #1066 ) ) ;
#1095 = ORIENTED_EDGE ( 'NONE', *, *, #282, .F. ) ;
#1096 = CARTESIAN_POINT ( 'NONE',  ( -1.999999999999999112, 0.8768097915089170247, 12.36959487959149229 ) ) ;
#1097 = AXIS2_PLACEMENT_3D ( 'NONE', #989, #195, #66 ) ;
#1098 = LINE ( 'NONE', #697, #631 ) ;
#1099 = DIRECTION ( 'NONE',  ( -0.000000000000000000, 1.540743955509788682E-32, 1.000000000000000000 ) ) ;
#1100 = TOROIDAL_SURFACE ( 'NONE', #1230, 4.170312500000000533, 0.07968749999999960587 ) ;
#1101 = AXIS2_PLACEMENT_3D ( 'NONE', #621, #832, #1029 ) ;
#1102 = CARTESIAN_POINT ( 'NONE',  ( 0.000000000000000000, 2.309401076758502924, 10.00000000000000178 ) ) ;
#1103 = EDGE_CURVE ( 'NONE', #507, #188, #1048, .T. ) ;
#1104 = ORIENTED_EDGE ( 'NONE', *, *, #237, .F. ) ;
#1105 = ORIENTED_EDGE ( 'NONE', *, *, #335, .F. ) ;
#1106 = VECTOR ( 'NONE', #268, 1000.000000000000000 ) ;
#1107 = DIRECTION ( 'NONE',  ( 0.000000000000000000, 1.000000000000000000, -1.540743955509788682E-32 ) ) ;
#1108 = DIRECTION ( 'NONE',  ( 0.000000000000000000, -1.540743955509788682E-32, -1.000000000000000000 ) ) ;
#1109 = DIRECTION ( 'NONE',  ( 0.000000000000000000, -1.000000000000000000, 0.000000000000000000 ) ) ;
#1110 = EDGE_LOOP ( 'NONE', ( #623, #613, #19, #946 ) ) ;
#1111 = FACE_OUTER_BOUND ( 'NONE', #823, .T. ) ;
#1112 = CARTESIAN_POINT ( 'NONE',  ( 0.9999999999999986677, 1.732050807568878081, 10.00000000000000178 ) ) ;
#1113 = APPROVAL_ROLE ( '' ) ;
#1114 = CARTESIAN_POINT ( 'NONE',  ( 1.152848186053720303, 1.643803866205616915, 12.19026093874027872 ) ) ;
#1115 = VERTEX_POINT ( 'NONE', #1238 ) ;
#1116 = CARTESIAN_POINT ( 'NONE',  ( 0.000000000000000000, 3.898242356748394588, 12.50000000000000000 ) ) ;
#1117 = EDGE_CURVE ( 'NONE', #72, #1314, #308, .T. ) ;
#1118 = DIRECTION ( 'NONE',  ( -0.000000000000000000, 1.540743955509788682E-32, 1.000000000000000000 ) ) ;
#1119 = COORDINATED_UNIVERSAL_TIME_OFFSET ( 6, 0, .BEHIND. ) ;
#1120 = ADVANCED_FACE ( 'NONE', ( #740 ), #242, .T. ) ;
#1121 = AXIS2_PLACEMENT_3D ( 'NONE', #876, #1297, #169 ) ;
#1122 = CIRCLE ( 'NONE', #331, 4.226660071625803816 ) ;
#1123 = DIRECTION ( 'NONE',  ( -3.755786496842900043E-16, -1.000000000000000000, 0.000000000000000000 ) ) ;
#1124 = ORIENTED_EDGE ( 'NONE', *, *, #515, .T. ) ;
#1125 = EDGE_LOOP ( 'NONE', ( #466, #700, #398, #387 ) ) ;
#1126 = CLOSED_SHELL ( 'NONE', ( #641, #1129, #111, #1035, #1322, #267, #33, #1201, #229, #388, #842, #587, #156, #361, #1218, #530, #644, #424, #174, #1072, #85, #345, #1120, #434, #1311, #571, #961, #292, #405, #767, #506, #1083, #926, #132, #611, #568, #1003, #187, #1046, #1174, #1246, #519, #1257 ) ) ;
#1127 = CARTESIAN_POINT ( 'NONE',  ( 0.000000000000000000, 2.358139725155972144E-15, 10.00000000000000178 ) ) ;
#1128 = CARTESIAN_POINT ( 'NONE',  ( 2.000000000000385914, 1.072313172062414388, 12.45973835398054064 ) ) ;
#1129 = ADVANCED_FACE ( 'NONE', ( #525 ), #952, .F. ) ;
#1130 = DIRECTION ( 'NONE',  ( -0.000000000000000000, 1.540743955509788682E-32, 1.000000000000000000 ) ) ;
#1131 = VERTEX_POINT ( 'NONE', #1250 ) ;
#1132 = LINE ( 'NONE', #105, #366 ) ;
#1133 = CARTESIAN_POINT ( 'NONE',  ( 1.954947791480571517, 1.170826839704681932, 12.46904794337627820 ) ) ;
#1134 = CARTESIAN_POINT ( 'NONE',  ( 0.000000000000000000, -5.777789833161707559E-31, 12.50000000000000000 ) ) ;
#1135 = EDGE_CURVE ( 'NONE', #564, #382, #426, .T. ) ;
#1136 = ORIENTED_EDGE ( 'NONE', *, *, #980, .F. ) ;
#1137 = EDGE_LOOP ( 'NONE', ( #663, #694, #173, #897 ) ) ;
#1138 = VERTEX_POINT ( 'NONE', #732 ) ;
#1139 = FACE_OUTER_BOUND ( 'NONE', #6, .T. ) ;
#1140 = CARTESIAN_POINT ( 'NONE',  ( -1.900000000000029443, 1.212435565298197293, 12.44448445715835483 ) ) ;
#1141 = PERSON_AND_ORGANIZATION ( #769, #1158 ) ;
#1142 = CARTESIAN_POINT ( 'NONE',  ( 5.190457312088356629E-16, 4.226660071625805593, 7.795410071625806125 ) ) ;
#1143 = AXIS2_PLACEMENT_3D ( 'NONE', #914, #1241, #320 ) ;
#1144 = VERTEX_POINT ( 'NONE', #1142 ) ;
#1145 = AXIS2_PLACEMENT_3D ( 'NONE', #665, #467, #1079 ) ;
#1146 = ORIENTED_EDGE ( 'NONE', *, *, #1183, .T. ) ;
#1147 = AXIS2_PLACEMENT_3D ( 'NONE', #646, #1056, #962 ) ;
#1148 = EDGE_CURVE ( 'NONE', #950, #938, #125, .T. ) ;
#1149 = DIRECTION ( 'NONE',  ( 0.000000000000000000, 0.000000000000000000, 1.000000000000000000 ) ) ;
#1150 = EDGE_LOOP ( 'NONE', ( #5, #553, #632, #298 ) ) ;
#1151 = CARTESIAN_POINT ( 'NONE',  ( 1.799999999999998268, -1.039230484541325605, 10.00000000000000178 ) ) ;
#1152 = VECTOR ( 'NONE', #1242, 1000.000000000000000 ) ;
#1153 = CARTESIAN_POINT ( 'NONE',  ( -1.899999999999975042, -1.212435565298226603, 12.44448445715840812 ) ) ;
#1154 = EDGE_LOOP ( 'NONE', ( #1232, #1015, #284, #1055 ) ) ;
#1155 = CARTESIAN_POINT ( 'NONE',  ( 0.000000000000000000, 1.734723475976807094E-15, 7.579687499999999467 ) ) ;
#1156 = APPROVAL_STATUS ( 'not_yet_approved' ) ;
#1157 = LINE ( 'NONE', #542, #1268 ) ;
#1158 = ORGANIZATION ( 'UNSPECIFIED', 'UNSPECIFIED', '' ) ;
#1159 = DIRECTION ( 'NONE',  ( -0.8660254037844387076, 0.4999999999999998890, 0.000000000000000000 ) ) ;
#1160 = EDGE_CURVE ( 'NONE', #607, #950, #1053, .T. ) ;
#1161 = ORIENTED_EDGE ( 'NONE', *, *, #1245, .T. ) ;
#1162 = CYLINDRICAL_SURFACE ( 'NONE', #1318, 0.2000000000000000944 ) ;
#1163 = VECTOR ( 'NONE', #903, 1000.000000000000000 ) ;
#1164 = CARTESIAN_POINT ( 'NONE',  ( -1.900000000000029443, 1.212435565298197293, 12.44448445715835483 ) ) ;
#1165 = DIRECTION ( 'NONE',  ( -0.000000000000000000, 1.540743955509788682E-32, 1.000000000000000000 ) ) ;
#1166 = CARTESIAN_POINT ( 'NONE',  ( 0.000000000000000000, 1.791095138393782505E-15, 7.795410071625806125 ) ) ;
#1167 = AXIS2_PLACEMENT_3D ( 'NONE', #672, #471, #683 ) ;
#1168 = CARTESIAN_POINT ( 'NONE',  ( 0.6933998369014230390, -1.909066494267421588, 12.21461293783363722 ) ) ;
#1169 = DIRECTION ( 'NONE',  ( -0.000000000000000000, 1.540743955509788682E-32, 1.000000000000000000 ) ) ;
#1170 = EDGE_LOOP ( 'NONE', ( #103, #681, #925, #624 ) ) ;
#1171 = DIRECTION ( 'NONE',  ( 0.000000000000000000, 0.000000000000000000, -1.000000000000000000 ) ) ;
#1172 = LINE ( 'NONE', #965, #859 ) ;
#1173 = MANIFOLD_SOLID_BREP ( 'Fillet1', #1126 ) ;
#1174 = ADVANCED_FACE ( 'NONE', ( #562 ), #1162, .F. ) ;
#1175 = EDGE_CURVE ( 'NONE', #889, #1144, #1122, .T. ) ;
#1176 = LINE ( 'NONE', #352, #649 ) ;
#1177 = ORIENTED_EDGE ( 'NONE', *, *, #129, .T. ) ;
#1178 = ORIENTED_EDGE ( 'NONE', *, *, #1282, .T. ) ;
#1179 = CARTESIAN_POINT ( 'NONE',  ( 0.000000000000000000, 2.358139725155972144E-15, 10.00000000000000178 ) ) ;
#1180 = DIRECTION ( 'NONE',  ( 1.224646799147351482E-16, 1.000000000000000000, 0.000000000000000000 ) ) ;
#1181 = ORIENTED_EDGE ( 'NONE', *, *, #798, .T. ) ;
#1182 = CIRCLE ( 'NONE', #1143, 3.954589928374196539 ) ;
#1183 = EDGE_CURVE ( 'NONE', #717, #709, #62, .T. ) ;
#1184 = CARTESIAN_POINT ( 'NONE',  ( -0.1000000000000239031, 2.251666049839526451, 12.44448445715840990 ) ) ;
#1185 = AXIS2_PLACEMENT_3D ( 'NONE', #482, #612, #800 ) ;
#1186 = VECTOR ( 'NONE', #696, 1000.000000000000000 ) ;
#1187 = DIRECTION ( 'NONE',  ( 0.000000000000000000, 1.000000000000000000, 0.000000000000000000 ) ) ;
#1188 = CARTESIAN_POINT ( 'NONE',  ( 0.000000000000000000, -4.249999999999998224, 12.50000000000000000 ) ) ;
#1189 = CARTESIAN_POINT ( 'NONE',  ( 1.614494884967434762, -1.377272020317279244, 12.30621094647782243 ) ) ;
#1190 = VERTEX_POINT ( 'NONE', #254 ) ;
#1191 = CARTESIAN_POINT ( 'NONE',  ( -1.899999999999975042, -1.212435565298226603, 12.44448445715840812 ) ) ;
#1192 = CARTESIAN_POINT ( 'NONE',  ( 1.999999999999998224, -1.039230484541325827, 12.50000000000000000 ) ) ;
#1193 = COORDINATED_UNIVERSAL_TIME_OFFSET ( 6, 0, .BEHIND. ) ;
#1194 = FACE_OUTER_BOUND ( 'NONE', #847, .T. ) ;
#1195 = ORIENTED_EDGE ( 'NONE', *, *, #639, .T. ) ;
#1196 = ORIENTED_EDGE ( 'NONE', *, *, #745, .F. ) ;
#1197 = CARTESIAN_POINT ( 'NONE',  ( 0.000000000000000000, 1.791095138393782505E-15, 7.500000000000000000 ) ) ;
#1198 = DIRECTION ( 'NONE',  ( -0.000000000000000000, 1.540743955509788682E-32, 1.000000000000000000 ) ) ;
#1199 = PERSON_AND_ORGANIZATION ( #769, #1158 ) ;
#1200 = ORIENTED_EDGE ( 'NONE', *, *, #1076, .F. ) ;
#1201 = ADVANCED_FACE ( 'NONE', ( #984 ), #652, .T. ) ;
#1202 = CARTESIAN_POINT ( 'NONE',  ( 0.000000000000000000, 1.791095138393782505E-15, 12.14824235674839414 ) ) ;
#1203 = EDGE_LOOP ( 'NONE', ( #476, #1251, #1050, #293 ) ) ;
#1204 = ORIENTED_EDGE ( 'NONE', *, *, #1269, .T. ) ;
#1205 = CARTESIAN_POINT ( 'NONE',  ( -0.09999999999999989453, 2.251666049839540218, 10.00000000000000178 ) ) ;
#1206 = LINE ( 'NONE', #378, #1324 ) ;
#1207 = CARTESIAN_POINT ( 'NONE',  ( -1.610158731416490241, -1.379775499737163846, 12.30428908216916462 ) ) ;
#1208 = CIRCLE ( 'NONE', #122, 2.000000000000000000 ) ;
#1209 = DIRECTION ( 'NONE',  ( -0.000000000000000000, 1.540743955509788682E-32, 1.000000000000000000 ) ) ;
#1210 = ORIENTED_EDGE ( 'NONE', *, *, #282, .T. ) ;
#1211 = VERTEX_POINT ( 'NONE', #41 ) ;
#1212 = AXIS2_PLACEMENT_3D ( 'NONE', #576, #602, #1306 ) ;
#1213 = LINE ( 'NONE', #795, #543 ) ;
#1214 = CYLINDRICAL_SURFACE ( 'NONE', #288, 4.250000000000000000 ) ;
#1215 = CARTESIAN_POINT ( 'NONE',  ( 1.306600163098575296, 1.555035120870331689, 12.21461293783364432 ) ) ;
#1216 = EDGE_CURVE ( 'NONE', #988, #200, #455, .T. ) ;
#1217 = EDGE_LOOP ( 'NONE', ( #40, #208 ) ) ;
#1218 = ADVANCED_FACE ( 'NONE', ( #857 ), #1264, .F. ) ;
#1219 = PLANE ( 'NONE',  #1010 ) ;
#1220 = CARTESIAN_POINT ( 'NONE',  ( -0.1000000000000239031, 2.251666049839526451, 12.44448445715840990 ) ) ;
#1221 = PERSON_AND_ORGANIZATION_ROLE ( 'design_owner' ) ;
#1222 = CARTESIAN_POINT ( 'NONE',  ( 0.3855051150325637388, 2.086829594820474920, 12.30621094647782243 ) ) ;
#1223 = ORIENTED_EDGE ( 'NONE', *, *, #1245, .F. ) ;
#1224 = ORIENTED_EDGE ( 'NONE', *, *, #515, .F. ) ;
#1225 = B_SPLINE_CURVE_WITH_KNOTS ( 'NONE', 3,
 ( #941, #838, #1133, #1039, #1128, #1045 ),
 .UNSPECIFIED., .F., .F.,
 ( 4, 2, 4 ),
 ( 3.421684341693427244E-18, 0.0001080138242822607309, 0.0002160276485645180465 ),
 .UNSPECIFIED. ) ;
#1226 = FACE_BOUND ( 'NONE', #782, .T. ) ;
#1227 = CC_DESIGN_PERSON_AND_ORGANIZATION_ASSIGNMENT ( #124, #839, ( #489 ) ) ;
#1228 = DIRECTION ( 'NONE',  ( -0.000000000000000000, 1.540743955509788682E-32, 1.000000000000000000 ) ) ;
#1229 = VECTOR ( 'NONE', #203, 1000.000000000000000 ) ;
#1230 = AXIS2_PLACEMENT_3D ( 'NONE', #133, #218, #956 ) ;
#1231 = DIRECTION ( 'NONE',  ( 0.000000000000000000, -0.7071067811865482389, 0.7071067811865469066 ) ) ;
#1232 = ORIENTED_EDGE ( 'NONE', *, *, #89, .T. ) ;
#1233 = ORIENTED_EDGE ( 'NONE', *, *, #1269, .F. ) ;
#1234 = AXIS2_PLACEMENT_3D ( 'NONE', #561, #341, #770 ) ;
#1235 = PLANE ( 'NONE',  #645 ) ;
#1236 = VECTOR ( 'NONE', #289, 1000.000000000000000 ) ;
#1237 = DIRECTION ( 'NONE',  ( 0.000000000000000000, 0.000000000000000000, 1.000000000000000000 ) ) ;
#1238 = CARTESIAN_POINT ( 'NONE',  ( 0.000000000000000000, -2.499999999999996891, 7.500000000000000000 ) ) ;
#1239 = EDGE_LOOP ( 'NONE', ( #743, #119, #533, #451 ) ) ;
#1240 = ORIENTED_EDGE ( 'NONE', *, *, #809, .T. ) ;
#1241 = DIRECTION ( 'NONE',  ( -0.000000000000000000, 1.540743955509788682E-32, 1.000000000000000000 ) ) ;
#1242 = DIRECTION ( 'NONE',  ( 0.7071067811865487940, 0.000000000000000000, 0.7071067811865463515 ) ) ;
#1243 = APPROVAL_DATE_TIME ( #640, #78 ) ;
#1244 = DIRECTION ( 'NONE',  ( -0.5000000000000001110, -0.8660254037844385966, 0.000000000000000000 ) ) ;
#1245 = EDGE_CURVE ( 'NONE', #1000, #710, #801, .T. ) ;
#1246 = ADVANCED_FACE ( 'NONE', ( #1058 ), #1260, .F. ) ;
#1247 = ORIENTED_EDGE ( 'NONE', *, *, #511, .F. ) ;
#1248 = ORIENTED_EDGE ( 'NONE', *, *, #4, .F. ) ;
#1249 = CARTESIAN_POINT ( 'NONE',  ( 0.000000000000000000, 2.000000000000000000, 10.00000000000000178 ) ) ;
#1250 = CARTESIAN_POINT ( 'NONE',  ( 4.808472961108187141E-16, 3.898242356748394588, 12.50000000000000178 ) ) ;
#1251 = ORIENTED_EDGE ( 'NONE', *, *, #826, .T. ) ;
#1252 = CIRCLE ( 'NONE', #1121, 0.07968749999999989730 ) ;
#1253 = ORIENTED_EDGE ( 'NONE', *, *, #1117, .F. ) ;
#1254 = AXIS2_PLACEMENT_3D ( 'NONE', #1197, #804, #470 ) ;
#1255 = CARTESIAN_POINT ( 'NONE',  ( 1.999999999999999112, -0.1816397233248678578, 12.19059892324149885 ) ) ;
#1256 = DIRECTION ( 'NONE',  ( -0.000000000000000000, 1.540743955509788682E-32, 1.000000000000000000 ) ) ;
#1257 = ADVANCED_FACE ( 'NONE', ( #1274 ), #870, .F. ) ;
#1258 = CARTESIAN_POINT ( 'NONE',  ( -1.991439682357655006, 1.107621030640946413, 12.46904794337610767 ) ) ;
#1259 = DIRECTION ( 'NONE',  ( 0.000000000000000000, -1.000000000000000000, 0.000000000000000000 ) ) ;
#1260 = CYLINDRICAL_SURFACE ( 'NONE', #668, 0.2000000000000000944 ) ;
#1261 = ORIENTED_EDGE ( 'NONE', *, *, #250, .F. ) ;
#1262 = DIRECTION ( 'NONE',  ( 0.8660254037844388186, 0.4999999999999997780, 0.000000000000000000 ) ) ;
#1263 = ORIENTED_EDGE ( 'NONE', *, *, #190, .T. ) ;
#1264 = PLANE ( 'NONE',  #263 ) ;
#1265 = DIRECTION ( 'NONE',  ( 1.000000000000000000, -1.224646799147353207E-16, 1.886867153420694762E-48 ) ) ;
#1266 = B_SPLINE_CURVE_WITH_KNOTS ( 'NONE', 3,
 ( #386, #2, #81, #88, #487, #591, #902, #1207, #502, #814 ),
 .UNSPECIFIED., .F., .F.,
 ( 4, 2, 2, 2, 4 ),
 ( 0.0001268304123778833095, 0.0006601496066918052580, 0.001193468801005727071, 0.001726787995319648992, 0.002260107189633570914 ),
 .UNSPECIFIED. ) ;
#1267 = AXIS2_PLACEMENT_3D ( 'NONE', #255, #660, #871 ) ;
#1268 = VECTOR ( 'NONE', #1231, 999.9999999999998863 ) ;
#1269 = EDGE_CURVE ( 'NONE', #188, #253, #365, .T. ) ;
#1270 = AXIS2_PLACEMENT_3D ( 'NONE', #629, #529, #947 ) ;
#1271 = DIRECTION ( 'NONE',  ( 0.4999999999999998890, 0.8660254037844387076, 0.000000000000000000 ) ) ;
#1272 = EDGE_CURVE ( 'NONE', #120, #810, #737, .T. ) ;
#1273 = CARTESIAN_POINT ( 'NONE',  ( 0.000000000000000000, -5.777789833161707559E-31, 12.50000000000000000 ) ) ;
#1274 = FACE_OUTER_BOUND ( 'NONE', #664, .T. ) ;
#1275 = CONICAL_SURFACE ( 'NONE', #21, 4.226660071625802928, 0.7853981633974499443 ) ;
#1276 = EDGE_CURVE ( 'NONE', #688, #829, #648, .T. ) ;
#1277 = DIRECTION ( 'NONE',  ( 1.000000000000000000, -7.511572993685800087E-16, 0.000000000000000000 ) ) ;
#1278 = CARTESIAN_POINT ( 'NONE',  ( 2.425271854633436478E-16, 1.980384757729336753, -12.50000000000000000 ) ) ;
#1279 = ORIENTED_EDGE ( 'NONE', *, *, #745, .T. ) ;
#1280 = CARTESIAN_POINT ( 'NONE',  ( -2.309401076758502480, 2.828200636599744706E-16, 12.50000000000000000 ) ) ;
#1281 = CARTESIAN_POINT ( 'NONE',  ( -1.899999999999998801, 1.212435565298215057, 10.00000000000000178 ) ) ;
#1282 = EDGE_CURVE ( 'NONE', #1211, #988, #359, .T. ) ;
#1283 = EDGE_CURVE ( 'NONE', #353, #741, #51, .T. ) ;
#1284 = APPROVAL_PERSON_ORGANIZATION ( #603, #38, #1302 ) ;
#1285 = CARTESIAN_POINT ( 'NONE',  ( 0.000000000000000000, 2.000000000000000000, 10.00000000000000178 ) ) ;
#1286 = ORIENTED_EDGE ( 'NONE', *, *, #460, .T. ) ;
#1287 = DIRECTION ( 'NONE',  ( 0.000000000000000000, -0.000000000000000000, -1.000000000000000000 ) ) ;
#1288 = ORIENTED_EDGE ( 'NONE', *, *, #131, .T. ) ;
#1289 = CARTESIAN_POINT ( 'NONE',  ( 0.8471518139462790309, -1.820297748932137250, 12.19026093874027339 ) ) ;
#1290 = VECTOR ( 'NONE', #328, 1000.000000000000000 ) ;
#1291 = VECTOR ( 'NONE', #1085, 1000.000000000000000 ) ;
#1292 = CYLINDRICAL_SURFACE ( 'NONE', #162, 2.499999999999998668 ) ;
#1293 = TOROIDAL_SURFACE ( 'NONE', #440, 3.898242356748392812, 0.07968749999999970302 ) ;
#1294 = PLANE ( 'NONE',  #805 ) ;
#1295 = DATE_AND_TIME ( #882, #134 ) ;
#1296 = VECTOR ( 'NONE', #975, 999.9999999999998863 ) ;
#1297 = DIRECTION ( 'NONE',  ( 1.000000000000000000, -1.224646799147353207E-16, 1.886867153420694762E-48 ) ) ;
#1298 = ORIENTED_EDGE ( 'NONE', *, *, #723, .T. ) ;
#1299 = DIRECTION ( 'NONE',  ( 0.000000000000000000, -1.000000000000000000, 0.000000000000000000 ) ) ;
#1300 = EDGE_CURVE ( 'NONE', #176, #166, #565, .T. ) ;
#1301 = CYLINDRICAL_SURFACE ( 'NONE', #936, 0.2000000000000000944 ) ;
#1302 = APPROVAL_ROLE ( '' ) ;
#1303 = DIRECTION ( 'NONE',  ( 0.000000000000000000, -1.000000000000000000, 0.000000000000000000 ) ) ;
#1304 = ORIENTED_EDGE ( 'NONE', *, *, #949, .T. ) ;
#1305 = CARTESIAN_POINT ( 'NONE',  ( -1.999999999999999556, 0.7061319174503983831, 12.30494564818637571 ) ) ;
#1306 = DIRECTION ( 'NONE',  ( 0.000000000000000000, 1.000000000000000000, 0.000000000000000000 ) ) ;
#1307 = CC_DESIGN_APPROVAL ( #38, ( #343 ) ) ;
#1308 = EDGE_LOOP ( 'NONE', ( #977, #1233, #91, #896 ) ) ;
#1309 = LINE ( 'NONE', #918, #73 ) ;
#1310 = VERTEX_POINT ( 'NONE', #167 ) ;
#1311 = ADVANCED_FACE ( 'NONE', ( #342, #573 ), #875, .F. ) ;
#1312 = ORIENTED_EDGE ( 'NONE', *, *, #949, .F. ) ;
#1313 = FACE_OUTER_BOUND ( 'NONE', #404, .T. ) ;
#1314 = VERTEX_POINT ( 'NONE', #582 ) ;
#1315 = TOROIDAL_SURFACE ( 'NONE', #821, 3.898242356748392812, 0.07968749999999970302 ) ;
#1316 = DIRECTION ( 'NONE',  ( 0.000000000000000000, -1.540743955509788682E-32, -1.000000000000000000 ) ) ;
#1317 = APPLICATION_PROTOCOL_DEFINITION ( 'international standard', 'config_control_design', 1994, #999 ) ;
#1318 = AXIS2_PLACEMENT_3D ( 'NONE', #453, #1070, #347 ) ;
#1319 = EDGE_CURVE ( 'NONE', #938, #564, #1266, .T. ) ;
#1320 = CONICAL_SURFACE ( 'NONE', #1167, 1.980384757729334977, 0.7853981633974491672 ) ;
#1321 = CARTESIAN_POINT ( 'NONE',  ( 2.000000000000000000, 2.358139725155972144E-15, 10.00000000000000178 ) ) ;
#1322 = ADVANCED_FACE ( 'NONE', ( #193 ), #932, .T. ) ;
#1323 = ORIENTED_EDGE ( 'NONE', *, *, #826, .F. ) ;
#1324 = VECTOR ( 'NONE', #691, 1000.000000000000114 ) ;
#1325 = DIRECTION ( 'NONE',  ( 0.000000000000000000, 1.000000000000000000, 0.000000000000000000 ) ) ;
ENDSEC;
END-ISO-10303-21;
