ISO-10303-21;
HEADER;
FILE_DESCRIPTION (( 'STEP AP203' ),
    '1' );
FILE_NAME ('94459A797_NO THREADS_Heat-Set Inserts for Plastic.STEP',
    '2026-01-09T05:08:25',
    ( 'McMaster Carr Supply' ),
    ( 'McMaster Carr Supply' ),
    'SwSTEP 2.0',
    'SolidWorks 2024',
    '' );
FILE_SCHEMA (( 'CONFIG_CONTROL_DESIGN' ));
ENDSEC;

DATA;
#1 = CARTESIAN_POINT ( 'NONE',  ( 1.691638814850690231, 0.3929062499999999014, -2.657565654213422945 ) ) ;
#3 = EDGE_CURVE ( 'NONE', #7056, #5485, #222, .T. ) ;
#2 = CARTESIAN_POINT ( 'NONE',  ( 1.155695430351041830, -1.550193749999999815, -2.930642448104169517 ) ) ;
#4 = CARTESIAN_POINT ( 'NONE',  ( 3.133769171864412062, -1.550193749999999815, -0.3221612388796926130 ) ) ;
#5 = CARTESIAN_POINT ( 'NONE',  ( -2.867436407549411648, 3.307556250000000198, 2.177189854721734541 ) ) ;
#6 = CYLINDRICAL_SURFACE ( 'NONE', #5150, 3.200400000000000134 ) ;
#7 = CARTESIAN_POINT ( 'NONE',  ( -3.153390764029771809, -3.007518750000000463, -1.211759848044053678 ) ) ;
#8 = EDGE_LOOP ( 'NONE', ( #358, #5643, #2917, #2490 ) ) ;
#9 = ORIENTED_EDGE ( 'NONE', *, *, #345, .F. ) ;
#10 = DIRECTION ( 'NONE',  ( 0.000000000000000000, 0.000000000000000000, -1.000000000000000000 ) ) ;
#11 = CARTESIAN_POINT ( 'NONE',  ( -2.896497705429292857, 0.5572124999999999995, 1.136544452471106359 ) ) ;
#12 = CIRCLE ( 'NONE', #4107, 3.556000000000000050 ) ;
#13 = CARTESIAN_POINT ( 'NONE',  ( 2.546683841962730011, 0.5572124999999997774, 2.219602813362322458 ) ) ;
#14 = CARTESIAN_POINT ( 'NONE',  ( 1.210974763323115377, 4.764881249999996626, 3.010413866081298462 ) ) ;
#15 = CARTESIAN_POINT ( 'NONE',  ( -1.965049028254716168, 1.200150000000000050, 2.582176182806896314 ) ) ;
#16 = ORIENTED_EDGE ( 'NONE', *, *, #5302, .T. ) ;
#17 = CARTESIAN_POINT ( 'NONE',  ( 3.056241410165780881, 3.307556249999995313, -1.205225234508942478 ) ) ;
#18 = CIRCLE ( 'NONE', #4694, 3.556000000000000050 ) ;
#19 = CARTESIAN_POINT ( 'NONE',  ( 3.872700572943674989E-16, -2.857500000000000373, 3.162299999999999667 ) ) ;
#20 = ORIENTED_EDGE ( 'NONE', *, *, #4732, .F. ) ;
#21 = EDGE_CURVE ( 'NONE', #6671, #2055, #3976, .T. ) ;
#22 =( BOUNDED_SURFACE ( )  B_SPLINE_SURFACE ( 1, 2, ( 
 ( #3068, #3719, #934, #568, #6652, #3829, #5981, #2110, #7132 ),
 ( #3867, #6019, #6090, #2651, #4882, #2732, #3240, #1013, #1632 ) ),
 .UNSPECIFIED., .F., .F., .F. ) 
 B_SPLINE_SURFACE_WITH_KNOTS ( ( 2, 2 ),
 ( 3, 2, 2, 2, 3 ),
 ( 0.000000000000000000, 1.000000000000000000 ),
 ( 0.000000000000000000, 0.05000000000000000278, 0.1000000000000000056, 0.1499999999999999944, 0.2000000000000000111 ),
 .UNSPECIFIED. ) 
 GEOMETRIC_REPRESENTATION_ITEM ( )  RATIONAL_B_SPLINE_SURFACE ( (
 ( 1.000000000000000000, 0.9876883405951377704, 1.000000000000000000, 0.9876883405951377704, 1.000000000000000000, 0.9876883405951377704, 1.000000000000000000, 0.9876883405951377704, 1.000000000000000000),
 ( 1.000000000000000000, 0.9876883405951377704, 1.000000000000000000, 0.9876883405951377704, 1.000000000000000000, 0.9876883405951377704, 1.000000000000000000, 0.9876883405951377704, 1.000000000000000000) ) ) 
 REPRESENTATION_ITEM ( '' )  SURFACE ( )  );
#23 = CARTESIAN_POINT ( 'NONE',  ( 3.296918447884225500, -1.005087262691905403, 0.3347421666578588306 ) ) ;
#24 = CARTESIAN_POINT ( 'NONE',  ( 2.736830559155568832, -2.035968749999999883, -1.980402416296297430 ) ) ;
#25 = CIRCLE ( 'NONE', #7043, 3.378200000000000092 ) ;
#26 = CARTESIAN_POINT ( 'NONE',  ( 1.506419611119519830, -0.09286874999999988889, 2.722523132176202676 ) ) ;
#27 = ORIENTED_EDGE ( 'NONE', *, *, #1993, .T. ) ;
#28 = CARTESIAN_POINT ( 'NONE',  ( 0.000000000000000000, -0.9407207500000012157, 0.000000000000000000 ) ) ;
#29 = CARTESIAN_POINT ( 'NONE',  ( 2.389211832068295571, -0.5156196993879219592, 2.433252904664495286 ) ) ;
#30 = ORIENTED_EDGE ( 'NONE', *, *, #2527, .F. ) ;
#31 = EDGE_CURVE ( 'NONE', #3342, #2729, #1024, .T. ) ;
#32 = CARTESIAN_POINT ( 'NONE',  ( 2.312580473625788891, -0.5786437500000000123, -2.520017840095705619 ) ) ;
#33 = CARTESIAN_POINT ( 'NONE',  ( -3.185701881521076029, 3.793331250000000932, -0.6167293122376169556 ) ) ;
#34 =( BOUNDED_CURVE ( )  B_SPLINE_CURVE ( 2, ( #3289, #1678, #4462, #510, #6698, #3915, #5583 ),
 .UNSPECIFIED., .F., .T. ) 
 B_SPLINE_CURVE_WITH_KNOTS ( ( 3, 2, 2, 3 ),
 ( 0.01659028043918808412, 0.05000000000000000278, 0.1000000000000000056, 0.1074143368666445608 ),
 .UNSPECIFIED. ) 
 CURVE ( )  GEOMETRIC_REPRESENTATION_ITEM ( )  RATIONAL_B_SPLINE_CURVE ( ( 0.9945407480612344919, 0.9917734182391063635, 1.000000000000000000, 0.9876883405951377704, 1.000000000000000000, 0.9981743441956991703, 0.9968901294768235388 ) ) 
 REPRESENTATION_ITEM ( '' )  );
#35 = CARTESIAN_POINT ( 'NONE',  ( 0.5971882368529566332, -0.5156196993881058122, -3.357442342962572823 ) ) ;
#36 = CARTESIAN_POINT ( 'NONE',  ( -1.292751776387558449, 0.8786812500000007464, -2.976213091689977830 ) ) ;
#37 = CARTESIAN_POINT ( 'NONE',  ( 2.984563431279509960, -1.550193749999999815, -1.670598541261482328 ) ) ;
#38 = EDGE_CURVE ( 'NONE', #1585, #1231, #2053, .T. ) ;
#39 = CARTESIAN_POINT ( 'NONE',  ( 2.868458713954588735, -0.5156196993879219592, -1.844179352148627160 ) ) ;
#40 = CARTESIAN_POINT ( 'NONE',  ( 3.255768856675061773, -0.5156196993881065893, -1.014407230089717782 ) ) ;
#41 = CARTESIAN_POINT ( 'NONE',  ( 3.051116030260614842, 2.223636876399968099, 1.172948229363315109 ) ) ;
#42 = EDGE_CURVE ( 'NONE', #2524, #3506, #4026, .T. ) ;
#43 = CARTESIAN_POINT ( 'NONE',  ( -2.840894891845595627, -0.09286875000000054114, 1.827991097758846717 ) ) ;
#44 = CARTESIAN_POINT ( 'NONE',  ( -3.139627377803445363, 2.600324999999999331, -1.669693363629099814 ) ) ;
#45 =( BOUNDED_SURFACE ( )  B_SPLINE_SURFACE ( 1, 2, ( 
 ( #3299, #5523, #7223, #519, #3365, #2201, #4433, #5590, #6668 ),
 ( #1654, #4757, #4036, #2523, #262, #741, #5810, #1286, #296 ) ),
 .UNSPECIFIED., .F., .F., .T. ) 
 B_SPLINE_SURFACE_WITH_KNOTS ( ( 2, 2 ),
 ( 3, 2, 2, 2, 3 ),
 ( 0.000000000000000000, 1.000000000000000000 ),
 ( 0.000000000000000000, 0.05000000000000000278, 0.1000000000000000056, 0.1499999999999999944, 0.2000000000000000111 ),
 .UNSPECIFIED. ) 
 GEOMETRIC_REPRESENTATION_ITEM ( )  RATIONAL_B_SPLINE_SURFACE ( (
 ( 1.000000000000000000, 0.9876883405951377704, 1.000000000000000000, 0.9876883405951377704, 1.000000000000000000, 0.9876883405951377704, 1.000000000000000000, 0.9876883405951377704, 1.000000000000000000),
 ( 1.000000000000000000, 0.9876883405951377704, 1.000000000000000000, 0.9876883405951377704, 1.000000000000000000, 0.9876883405951377704, 1.000000000000000000, 0.9876883405951377704, 1.000000000000000000) ) ) 
 REPRESENTATION_ITEM ( '' )  SURFACE ( )  );
#46 = ORIENTED_EDGE ( 'NONE', *, *, #3973, .T. ) ;
#47 = ORIENTED_EDGE ( 'NONE', *, *, #4146, .F. ) ;
#48 = FACE_OUTER_BOUND ( 'NONE', #4327, .T. ) ;
#49 = CARTESIAN_POINT ( 'NONE',  ( -0.5167563248108241192, 4.279106249999998113, 3.563047868835210075 ) ) ;
#50 = CARTESIAN_POINT ( 'NONE',  ( 1.793361783316013147, 0.2303863975390294250, 2.563753015461522011 ) ) ;
#51 = CARTESIAN_POINT ( 'NONE',  ( 3.251566960742261703, 2.336006249999996953, -0.4695654618033164307 ) ) ;
#52 = CARTESIAN_POINT ( 'NONE',  ( -0.3234563067302406725, 0.5572124999999997774, 3.094641864196312930 ) ) ;
#53 = CARTESIAN_POINT ( 'NONE',  ( 1.876389005281407396, 2.600324999999999775, -3.020645676152545533 ) ) ;
#54 = EDGE_LOOP ( 'NONE', ( #5486, #5304, #1085, #1688 ) ) ;
#55 = CARTESIAN_POINT ( 'NONE',  ( 3.508690469549628155, 1.850231249999997107, -0.5781238525537790718 ) ) ;
#56 = DIRECTION ( 'NONE',  ( -0.000000000000000000, -1.000000000000000000, -0.000000000000000000 ) ) ;
#57 = VERTEX_POINT ( 'NONE', #3256 ) ;
#58 = CARTESIAN_POINT ( 'NONE',  ( 0.000000000000000000, -0.9407207500000012157, 0.000000000000000000 ) ) ;
#59 = CARTESIAN_POINT ( 'NONE',  ( -3.216192062180830202, 0.5572124999999997774, -1.033607207388291815 ) ) ;
#60 = DIRECTION ( 'NONE',  ( -0.000000000000000000, -1.000000000000000000, -0.000000000000000000 ) ) ;
#61 = ORIENTED_EDGE ( 'NONE', *, *, #5923, .T. ) ;
#62 = CARTESIAN_POINT ( 'NONE',  ( 0.7937729360189504924, -1.090493833097039511, 3.130386137050038986 ) ) ;
#63 = CARTESIAN_POINT ( 'NONE',  ( -2.747107011765457685, 3.307556250000000198, -1.801827541419621204 ) ) ;
#64 = ORIENTED_EDGE ( 'NONE', *, *, #5644, .T. ) ;
#65 =( BOUNDED_SURFACE ( )  B_SPLINE_SURFACE ( 1, 2, ( 
 ( #5386, #4872, #380, #6601, #1588, #2606, #5495, #4838, #2722 ),
 ( #7087, #7201, #1513, #2173, #1694, #3929, #1220, #4005, #5090 ) ),
 .UNSPECIFIED., .F., .F., .T. ) 
 B_SPLINE_SURFACE_WITH_KNOTS ( ( 2, 2 ),
 ( 3, 2, 2, 2, 3 ),
 ( 0.000000000000000000, 1.000000000000000000 ),
 ( 0.000000000000000000, 0.05000000000000000278, 0.1000000000000000056, 0.1499999999999999944, 0.2000000000000000111 ),
 .UNSPECIFIED. ) 
 GEOMETRIC_REPRESENTATION_ITEM ( )  RATIONAL_B_SPLINE_SURFACE ( (
 ( 1.000000000000000000, 0.9876883405951377704, 1.000000000000000000, 0.9876883405951377704, 1.000000000000000000, 0.9876883405951377704, 1.000000000000000000, 0.9876883405951377704, 1.000000000000000000),
 ( 1.000000000000000000, 0.9876883405951377704, 1.000000000000000000, 0.9876883405951377704, 1.000000000000000000, 0.9876883405951377704, 1.000000000000000000, 0.9876883405951377704, 1.000000000000000000) ) ) 
 REPRESENTATION_ITEM ( '' )  SURFACE ( )  );
#66 = FACE_OUTER_BOUND ( 'NONE', #2247, .T. ) ;
#67 = CARTESIAN_POINT ( 'NONE',  ( 0.000000000000000000, -2.857500000000000373, 0.000000000000000000 ) ) ;
#68 = CARTESIAN_POINT ( 'NONE',  ( 1.243014817577528408, -1.155006032159974438, 2.909574745159881903 ) ) ;
#69 = CARTESIAN_POINT ( 'NONE',  ( -2.698286478565661728, -0.5156196993879219592, -2.085258486649332443 ) ) ;
#70 = EDGE_CURVE ( 'NONE', #3637, #1356, #4488, .T. ) ;
#72 = EDGE_CURVE ( 'NONE', #2696, #7082, #982, .T. ) ;
#71 = CARTESIAN_POINT ( 'NONE',  ( 2.155196598958115661, 1.200149999999999606, -2.828473726206304661 ) ) ;
#73 = CARTESIAN_POINT ( 'NONE',  ( -2.520266770887370278, 1.200149999999999828, 2.508663270261863865 ) ) ;
#74 = CARTESIAN_POINT ( 'NONE',  ( -0.8789234869145726714, -1.060154572504589998, 3.139037906285210511 ) ) ;
#75 = EDGE_CURVE ( 'NONE', #1957, #6855, #2669, .T. ) ;
#76 = CARTESIAN_POINT ( 'NONE',  ( 0.6989152729877944337, 0.2303863975390295915, -3.324232638056530575 ) ) ;
#77 = CARTESIAN_POINT ( 'NONE',  ( -3.069796372152635566, -0.09286875000000044400, 0.5077228412416756598 ) ) ;
#78 = ORIENTED_EDGE ( 'NONE', *, *, #6811, .F. ) ;
#79 = CARTESIAN_POINT ( 'NONE',  ( -2.393033585642678762, 2.821781249999999464, -2.630309156351426481 ) ) ;
#80 = EDGE_CURVE ( 'NONE', #1043, #3282, #7018, .T. ) ;
#81 = VERTEX_POINT ( 'NONE', #5005 ) ;
#82 = CARTESIAN_POINT ( 'NONE',  ( 4.852540476941472549E-16, 2.857499999999999485, 3.962399999999999700 ) ) ;
#83 = CARTESIAN_POINT ( 'NONE',  ( 0.000000000000000000, 1.200150000000000050, 0.000000000000000000 ) ) ;
#84 = CARTESIAN_POINT ( 'NONE',  ( 3.237527653852702691, 3.307556249999995313, 0.5582061569422690495 ) ) ;
#85 = CARTESIAN_POINT ( 'NONE',  ( 2.256578695637662779, -1.207420750006950927, -2.142261618102285770 ) ) ;
#86 = DIRECTION ( 'NONE',  ( 0.000000000000000000, 0.000000000000000000, -1.000000000000000000 ) ) ;
#87 = VERTEX_POINT ( 'NONE', #2708 ) ;
#88 = CARTESIAN_POINT ( 'NONE',  ( 0.000000000000000000, 0.5572124999999997774, 0.000000000000000000 ) ) ;
#89 = ADVANCED_FACE ( 'NONE', ( #1578 ), #239, .T. ) ;
#90 = VERTEX_POINT ( 'NONE', #5044 ) ;
#91 = DIRECTION ( 'NONE',  ( -0.000000000000000000, -1.000000000000000000, -0.000000000000000000 ) ) ;
#92 = DIRECTION ( 'NONE',  ( 0.000000000000000000, 0.000000000000000000, -1.000000000000000000 ) ) ;
#93 = CARTESIAN_POINT ( 'NONE',  ( 0.1909602570868859372, -1.064418750000000191, 3.372798455320642930 ) ) ;
#94 = EDGE_LOOP ( 'NONE', ( #4326, #6807, #2544, #1081 ) ) ;
#95 = CARTESIAN_POINT ( 'NONE',  ( 1.040201421698460971, -0.9407207500002857659, -3.214065376170367028 ) ) ;
#96 = CARTESIAN_POINT ( 'NONE',  ( 1.312162984137011490, 1.200149999999999828, -3.305051331380600033 ) ) ;
#97 = EDGE_LOOP ( 'NONE', ( #2144, #5095, #7038, #2013 ) ) ;
#98 = CIRCLE ( 'NONE', #1736, 3.378200000000000092 ) ;
#99 = CARTESIAN_POINT ( 'NONE',  ( -3.220139381078885865, 0.5572124999999997774, -1.021243167137430019 ) ) ;
#100 = DIRECTION ( 'NONE',  ( -0.000000000000000000, -1.000000000000000000, -0.000000000000000000 ) ) ;
#101 = CARTESIAN_POINT ( 'NONE',  ( 2.562542576509283965, 2.336006249999997397, 2.055858693268193260 ) ) ;
#102 = CARTESIAN_POINT ( 'NONE',  ( 0.3576347554848083865, 0.5572124999999997774, -3.359216072489132898 ) ) ;
#103 = CARTESIAN_POINT ( 'NONE',  ( 3.278695742603306762, -1.000217606553379657, 0.5193329932855857978 ) ) ;
#104 =( BOUNDED_SURFACE ( )  B_SPLINE_SURFACE ( 1, 2, ( 
 ( #2643, #6602, #4874, #3788, #1003, #4915, #1589, #7163, #2140 ),
 ( #3821, #3268, #5496, #2723, #5709, #3964, #6715, #3413, #6750 ) ),
 .UNSPECIFIED., .F., .F., .T. ) 
 B_SPLINE_SURFACE_WITH_KNOTS ( ( 2, 2 ),
 ( 3, 2, 2, 2, 3 ),
 ( 0.000000000000000000, 1.000000000000000000 ),
 ( 0.000000000000000000, 0.05000000000000000278, 0.1000000000000000056, 0.1499999999999999944, 0.2000000000000000111 ),
 .UNSPECIFIED. ) 
 GEOMETRIC_REPRESENTATION_ITEM ( )  RATIONAL_B_SPLINE_SURFACE ( (
 ( 1.000000000000000000, 0.9876883405951377704, 1.000000000000000000, 0.9876883405951377704, 1.000000000000000000, 0.9876883405951377704, 1.000000000000000000, 0.9876883405951377704, 1.000000000000000000),
 ( 1.000000000000000000, 0.9876883405951377704, 1.000000000000000000, 0.9876883405951377704, 1.000000000000000000, 0.9876883405951377704, 1.000000000000000000, 0.9876883405951377704, 1.000000000000000000) ) ) 
 REPRESENTATION_ITEM ( '' )  SURFACE ( )  );
#105 = CARTESIAN_POINT ( 'NONE',  ( -3.157342535138327300, 2.336006250000000950, 0.9079468811089680402 ) ) ;
#106 = ORIENTED_EDGE ( 'NONE', *, *, #966, .T. ) ;
#107 = CARTESIAN_POINT ( 'NONE',  ( -1.465838348128964075, -0.09286875000000022196, 3.043608578177316559 ) ) ;
#108 = EDGE_CURVE ( 'NONE', #6781, #3350, #6219, .T. ) ;
#109 = CARTESIAN_POINT ( 'NONE',  ( -1.641216443711876138, -0.09286875000000022196, -2.952734973696376830 ) ) ;
#110 = CARTESIAN_POINT ( 'NONE',  ( 2.217871957835177543, 2.600324999999998887, 2.779600686906015916 ) ) ;
#111 = DIRECTION ( 'NONE',  ( 0.000000000000000000, 0.000000000000000000, -1.000000000000000000 ) ) ;
#112 = CARTESIAN_POINT ( 'NONE',  ( -2.488195980415353059, -2.521743750000000173, -2.346784848349075858 ) ) ;
#113 = EDGE_LOOP ( 'NONE', ( #2714, #2601, #4946, #4434, #3943 ) ) ;
#114 = FACE_OUTER_BOUND ( 'NONE', #97, .T. ) ;
#115 = VERTEX_POINT ( 'NONE', #5662 ) ;
#116 = ADVANCED_FACE ( 'NONE', ( #5078 ), #512, .T. ) ;
#117 = CARTESIAN_POINT ( 'NONE',  ( 0.000000000000000000, 2.600324999999999331, 0.000000000000000000 ) ) ;
#118 = DIRECTION ( 'NONE',  ( -0.000000000000000000, -1.000000000000000000, -0.000000000000000000 ) ) ;
#119 = CARTESIAN_POINT ( 'NONE',  ( -0.8803173306324569847, -2.035968750000000327, -2.984371566576144996 ) ) ;
#120 = CIRCLE ( 'NONE', #5484, 3.556000000000000050 ) ;
#121 = DIRECTION ( 'NONE',  ( -0.000000000000000000, -1.000000000000000000, -0.000000000000000000 ) ) ;
#122 = CARTESIAN_POINT ( 'NONE',  ( 0.000000000000000000, -1.943100000000000049, -2.933033249999999814 ) ) ;
#123 = VERTEX_POINT ( 'NONE', #2890 ) ;
#124 = CARTESIAN_POINT ( 'NONE',  ( 2.217871957835177543, 2.600324999999998887, 2.779600686906015916 ) ) ;
#125 = ADVANCED_FACE ( 'NONE', ( #6856 ), #1281, .T. ) ;
#126 = CARTESIAN_POINT ( 'NONE',  ( -3.051487774019278731, -1.207420750006950039, -0.6081567355631875005 ) ) ;
#127 = ORIENTED_EDGE ( 'NONE', *, *, #7100, .T. ) ;
#128 = CIRCLE ( 'NONE', #7150, 3.378200000000000092 ) ;
#129 =( BOUNDED_CURVE ( )  B_SPLINE_CURVE ( 1, ( #4322, #7188 ),
 .UNSPECIFIED., .F., .T. ) 
 B_SPLINE_CURVE_WITH_KNOTS ( ( 2, 2 ),
 ( 0.000000000000000000, 0.0005113447558650965896 ),
 .UNSPECIFIED. ) 
 CURVE ( )  GEOMETRIC_REPRESENTATION_ITEM ( )  RATIONAL_B_SPLINE_CURVE ( ( 0.9945407480612344919, 0.9945407480612344919 ) ) 
 REPRESENTATION_ITEM ( '' )  );
#130 = CARTESIAN_POINT ( 'NONE',  ( -0.3984980917924292876, -1.207420750006951593, 3.085876135044598456 ) ) ;
#131 = CARTESIAN_POINT ( 'NONE',  ( 0.8977848521270577198, -1.127509193519548925, -3.062530013263893292 ) ) ;
#132 = ADVANCED_FACE ( 'NONE', ( #5151 ), #3437, .T. ) ;
#133 = CARTESIAN_POINT ( 'NONE',  ( -3.039198012344940913, -0.5786437500000004563, -0.8291999325390934095 ) ) ;
#134 = CIRCLE ( 'NONE', #5613, 3.378200000000000092 ) ;
#135 = AXIS2_PLACEMENT_3D ( 'NONE', #58, #1188, #2912 ) ;
#136 = EDGE_LOOP ( 'NONE', ( #6166, #4128, #6314, #909 ) ) ;
#137 = CARTESIAN_POINT ( 'NONE',  ( -3.057495353137251293, 0.8786812500000018566, -1.086634109553038519 ) ) ;
#138 = CARTESIAN_POINT ( 'NONE',  ( 2.933033249999999814, -1.943100000000000049, 0.000000000000000000 ) ) ;
#139 = VERTEX_POINT ( 'NONE', #3949 ) ;
#140 =( BOUNDED_CURVE ( )  B_SPLINE_CURVE ( 1, ( #1460, #2079 ),
 .UNSPECIFIED., .F., .F. ) 
 B_SPLINE_CURVE_WITH_KNOTS ( ( 2, 2 ),
 ( 2.168404344971008868E-19, 0.0005113447558650965896 ),
 .UNSPECIFIED. ) 
 CURVE ( )  GEOMETRIC_REPRESENTATION_ITEM ( )  RATIONAL_B_SPLINE_CURVE ( ( 0.9945407480612344919, 0.9945407480612344919 ) ) 
 REPRESENTATION_ITEM ( '' )  );
#141 = CARTESIAN_POINT ( 'NONE',  ( 2.252788099288506096, -1.550193749999999593, 2.573609166345968369 ) ) ;
#142 = CARTESIAN_POINT ( 'NONE',  ( -2.245823590519751889, 0.8786812500000016346, 2.757065904229527575 ) ) ;
#143 = CARTESIAN_POINT ( 'NONE',  ( 1.262887209264354382, -1.207420750006950483, 2.843685662424116689 ) ) ;
#144 = CARTESIAN_POINT ( 'NONE',  ( -2.354569276154657498, 1.364456250000000814, -2.291109544936196230 ) ) ;
#145 = CARTESIAN_POINT ( 'NONE',  ( -2.356883819142591818, 1.850231250000001104, 2.662749455556010059 ) ) ;
#146 = AXIS2_PLACEMENT_3D ( 'NONE', #5473, #4210, #7034 ) ;
#147 = CARTESIAN_POINT ( 'NONE',  ( 3.430969767666399939, 3.307556249999995313, 1.091234928052764452 ) ) ;
#148 = AXIS2_PLACEMENT_3D ( 'NONE', #1383, #6889, #4676 ) ;
#149 = VERTEX_POINT ( 'NONE', #1828 ) ;
#150 = CARTESIAN_POINT ( 'NONE',  ( -2.784669037876781772, 1.526976102460971152, 2.243038044453401270 ) ) ;
#151 = CARTESIAN_POINT ( 'NONE',  ( -1.001835600901599843, -1.064418750000000191, -2.945803401241524622 ) ) ;
#152 = COORDINATED_UNIVERSAL_TIME_OFFSET ( 6, 0, .BEHIND. ) ;
#153 =( BOUNDED_SURFACE ( )  B_SPLINE_SURFACE ( 1, 2, ( 
 ( #5659, #5074, #184, #101, #4495, #6253, #4096, #6731, #650 ),
 ( #5691, #1277, #6171, #1201, #688, #6324, #5220, #5181, #766 ) ),
 .UNSPECIFIED., .F., .F., .T. ) 
 B_SPLINE_SURFACE_WITH_KNOTS ( ( 2, 2 ),
 ( 3, 2, 2, 2, 3 ),
 ( 0.000000000000000000, 1.000000000000000000 ),
 ( 0.000000000000000000, 0.05000000000000000278, 0.1000000000000000056, 0.1499999999999999944, 0.2000000000000000111 ),
 .UNSPECIFIED. ) 
 GEOMETRIC_REPRESENTATION_ITEM ( )  RATIONAL_B_SPLINE_SURFACE ( (
 ( 1.000000000000000000, 0.9876883405951377704, 1.000000000000000000, 0.9876883405951377704, 1.000000000000000000, 0.9876883405951377704, 1.000000000000000000, 0.9876883405951377704, 1.000000000000000000),
 ( 1.000000000000000000, 0.9876883405951377704, 1.000000000000000000, 0.9876883405951377704, 1.000000000000000000, 0.9876883405951377704, 1.000000000000000000, 0.9876883405951377704, 1.000000000000000000) ) ) 
 REPRESENTATION_ITEM ( '' )  SURFACE ( )  );
#154 = CARTESIAN_POINT ( 'NONE',  ( 0.000000000000000000, -2.857500000000000373, 0.000000000000000000 ) ) ;
#155 = CARTESIAN_POINT ( 'NONE',  ( 0.7984713574841332262, -2.035968749999999883, -3.007303732794119444 ) ) ;
#156 = EDGE_CURVE ( 'NONE', #3199, #2696, #465, .T. ) ;
#157 = EDGE_LOOP ( 'NONE', ( #1786, #429, #6124, #5103 ) ) ;
#158 = CARTESIAN_POINT ( 'NONE',  ( -2.488861942455850240, 2.821781250000000352, -2.081974484448570806 ) ) ;
#159 = ORIENTED_EDGE ( 'NONE', *, *, #1608, .F. ) ;
#160 = CARTESIAN_POINT ( 'NONE',  ( -0.5176166722461867931, 2.600324999999998887, 3.518125776690313344 ) ) ;
#161 = CARTESIAN_POINT ( 'NONE',  ( -3.361829207450901524, 2.600324999999999331, 1.158982476109989612 ) ) ;
#162 = CARTESIAN_POINT ( 'NONE',  ( 0.5285638988815982708, 0.3929062500000001235, -3.379221591756746523 ) ) ;
#163 = DIRECTION ( 'NONE',  ( -0.000000000000000000, -1.000000000000000000, -0.000000000000000000 ) ) ;
#164 = CARTESIAN_POINT ( 'NONE',  ( 0.4502682510442769237, -2.521743749999999729, -3.117940921259701348 ) ) ;
#165 = EDGE_CURVE ( 'NONE', #4839, #7075, #6415, .T. ) ;
#166 = VERTEX_POINT ( 'NONE', #4067 ) ;
#167 = CARTESIAN_POINT ( 'NONE',  ( 1.660212782864975312, -1.155006032159970220, -2.693400183782800106 ) ) ;
#168 = ADVANCED_FACE ( 'NONE', ( #4647 ), #4763, .T. ) ;
#169 = CARTESIAN_POINT ( 'NONE',  ( -1.439824681139965090, 0.5572124999999999995, -3.056000675323914173 ) ) ;
#170 = ORIENTED_EDGE ( 'NONE', *, *, #2181, .T. ) ;
#171 = DIRECTION ( 'NONE',  ( -0.000000000000000000, -1.000000000000000000, -0.000000000000000000 ) ) ;
#172 = EDGE_CURVE ( 'NONE', #6456, #6623, #1969, .T. ) ;
#173 = FACE_OUTER_BOUND ( 'NONE', #8, .T. ) ;
#174 = CARTESIAN_POINT ( 'NONE',  ( -2.806993534782712629, -1.135696009622294556, -1.344413729762632848 ) ) ;
#175 = ORIENTED_EDGE ( 'NONE', *, *, #6099, .F. ) ;
#176 = CARTESIAN_POINT ( 'NONE',  ( -1.775028854605957163, 1.200150000000000050, -2.716307068027520533 ) ) ;
#177 =( BOUNDED_CURVE ( )  B_SPLINE_CURVE ( 1, ( #371, #914 ),
 .UNSPECIFIED., .F., .F. ) 
 B_SPLINE_CURVE_WITH_KNOTS ( ( 2, 2 ),
 ( 0.000000000000000000, 0.0005113447558650969149 ),
 .UNSPECIFIED. ) 
 CURVE ( )  GEOMETRIC_REPRESENTATION_ITEM ( )  RATIONAL_B_SPLINE_CURVE ( ( 0.9945407480612344919, 0.9945407480612344919 ) ) 
 REPRESENTATION_ITEM ( '' )  );
#178 = CARTESIAN_POINT ( 'NONE',  ( -2.729285241073909241, -1.550193750000000481, 2.061436497749093988 ) ) ;
#179 = ORIENTED_EDGE ( 'NONE', *, *, #430, .T. ) ;
#180 = EDGE_CURVE ( 'NONE', #3415, #6196, #5505, .T. ) ;
#181 = B_SPLINE_CURVE_WITH_KNOTS ( 'NONE', 3,
 ( #3909, #4527, #1744, #3980, #6206, #5651, #4385, #245, #726, #5758 ),
 .UNSPECIFIED., .F., .F.,
 ( 4, 3, 3, 4 ),
 ( 8.096474546776509402E-16, 0.0001296210011225068027, 0.0002688043935198818112, 0.0004095291194012242071 ),
 .UNSPECIFIED. ) ;
#182 = CARTESIAN_POINT ( 'NONE',  ( -3.553792151347328954, 1.200149999999999828, -0.1252890458983599298 ) ) ;
#183 = DIRECTION ( 'NONE',  ( 0.000000000000000000, 0.000000000000000000, -1.000000000000000000 ) ) ;
#184 = CARTESIAN_POINT ( 'NONE',  ( 2.817480333217776689, 1.850231249999997107, 1.609613647566107808 ) ) ;
#185 = CARTESIAN_POINT ( 'NONE',  ( -0.04432034756942670323, 3.793331249999998711, -3.244547307297481531 ) ) ;
#186 = CARTESIAN_POINT ( 'NONE',  ( -3.051487774019278731, -1.207420750006950039, -0.6081567355631875005 ) ) ;
#187 = CARTESIAN_POINT ( 'NONE',  ( -3.548346379844564247, 3.307556250000000642, -0.6095778731934989869 ) ) ;
#188 =( BOUNDED_CURVE ( )  B_SPLINE_CURVE ( 1, ( #357, #321 ),
 .UNSPECIFIED., .F., .T. ) 
 B_SPLINE_CURVE_WITH_KNOTS ( ( 2, 2 ),
 ( 0.000000000000000000, 0.0005566452967378099229 ),
 .UNSPECIFIED. ) 
 CURVE ( )  GEOMETRIC_REPRESENTATION_ITEM ( )  RATIONAL_B_SPLINE_CURVE ( ( 0.9945407480612344919, 0.9945407480612344919 ) ) 
 REPRESENTATION_ITEM ( '' )  );
#189 = ORIENTED_EDGE ( 'NONE', *, *, #3957, .F. ) ;
#190 = CARTESIAN_POINT ( 'NONE',  ( -1.828893812508030070, -1.064418750000000191, 2.517256377997649341 ) ) ;
#191 = FACE_BOUND ( 'NONE', #6121, .T. ) ;
#192 = FACE_OUTER_BOUND ( 'NONE', #7119, .T. ) ;
#193 = CARTESIAN_POINT ( 'NONE',  ( -1.304174050942813023, 0.3929062499999997904, -3.161905818686463920 ) ) ;
#194 = ORIENTED_EDGE ( 'NONE', *, *, #1717, .F. ) ;
#195 = CARTESIAN_POINT ( 'NONE',  ( -3.397289149409558728, 1.850231250000001770, 1.050505799747942115 ) ) ;
#196 = ORIENTED_EDGE ( 'NONE', *, *, #1628, .F. ) ;
#197 = CARTESIAN_POINT ( 'NONE',  ( 3.382623720560033576, 4.764881249999995738, -1.096810268508023212 ) ) ;
#198 = CARTESIAN_POINT ( 'NONE',  ( -3.196726419352481585, 1.200149999999999606, -0.5567690026517844171 ) ) ;
#199 =( BOUNDED_CURVE ( )  B_SPLINE_CURVE ( 2, ( #6267, #4112, #6900, #4622, #1257 ),
 .UNSPECIFIED., .F., .F. ) 
 B_SPLINE_CURVE_WITH_KNOTS ( ( 3, 2, 3 ),
 ( 0.01659028043918801473, 0.05000000000000000278, 0.08854378023972295231 ),
 .UNSPECIFIED. ) 
 CURVE ( )  GEOMETRIC_REPRESENTATION_ITEM ( )  RATIONAL_B_SPLINE_CURVE ( ( 0.9945407480612347140, 0.9917734182391064746, 1.000000000000000000, 0.9905092421102534850, 0.9956508716769392198 ) ) 
 REPRESENTATION_ITEM ( '' )  );
#200 = CARTESIAN_POINT ( 'NONE',  ( -0.6031001013606558381, -0.09286875000000022196, 3.323929227245785434 ) ) ;
#201 = CARTESIAN_POINT ( 'NONE',  ( 2.015530085667858629, -0.9407207499999047373, 2.711065051555944461 ) ) ;
#202 = CARTESIAN_POINT ( 'NONE',  ( 2.597784732943296593, -1.135696009622294556, 1.714110691400334785 ) ) ;
#203 = EDGE_LOOP ( 'NONE', ( #4505, #1691, #2791, #1367 ) ) ;
#204 = DIRECTION ( 'NONE',  ( 0.000000000000000000, 0.000000000000000000, -1.000000000000000000 ) ) ;
#205 = VERTEX_POINT ( 'NONE', #3032 ) ;
#206 = CARTESIAN_POINT ( 'NONE',  ( -0.5388017967493515803, -1.036468050703329924, 3.237929638974686330 ) ) ;
#207 = CARTESIAN_POINT ( 'NONE',  ( 1.279896038715340634, 1.850231249999998662, 3.317680233247442878 ) ) ;
#208 = CARTESIAN_POINT ( 'NONE',  ( 1.223866038151531166, -0.09286874999999988889, 3.148711984392869478 ) ) ;
#209 = ORIENTED_EDGE ( 'NONE', *, *, #7072, .T. ) ;
#210 = CARTESIAN_POINT ( 'NONE',  ( -1.724237050589107589, -0.09286875000000033298, 2.590065412953073576 ) ) ;
#211 = VERTEX_POINT ( 'NONE', #5943 ) ;
#212 = CARTESIAN_POINT ( 'NONE',  ( 3.357050236398974707, -0.9407207499999042932, 0.3774240987191084251 ) ) ;
#213 = CARTESIAN_POINT ( 'NONE',  ( 0.3805743593192935093, 1.364456249999999038, 3.263179826509401416 ) ) ;
#214 = EDGE_CURVE ( 'NONE', #7040, #4516, #4995, .T. ) ;
#215 = CARTESIAN_POINT ( 'NONE',  ( 0.000000000000000000, -0.9407207500000012157, 0.000000000000000000 ) ) ;
#216 = FACE_OUTER_BOUND ( 'NONE', #6088, .T. ) ;
#217 =( BOUNDED_CURVE ( )  B_SPLINE_CURVE ( 1, ( #5422, #6529 ),
 .UNSPECIFIED., .F., .F. ) 
 B_SPLINE_CURVE_WITH_KNOTS ( ( 2, 2 ),
 ( 0.000000000000000000, 0.0005113447558650965896 ),
 .UNSPECIFIED. ) 
 CURVE ( )  GEOMETRIC_REPRESENTATION_ITEM ( )  RATIONAL_B_SPLINE_CURVE ( ( 0.9945407480612344919, 0.9945407480612344919 ) ) 
 REPRESENTATION_ITEM ( '' )  );
#218 = CARTESIAN_POINT ( 'NONE',  ( -2.076241534137820643, 1.526976102460970708, 2.911154824343075376 ) ) ;
#219 = CARTESIAN_POINT ( 'NONE',  ( 3.229601288416368732, 1.364456249999997262, -0.6023744192514781659 ) ) ;
#220 = ORIENTED_EDGE ( 'NONE', *, *, #3237, .T. ) ;
#221 = CARTESIAN_POINT ( 'NONE',  ( 2.977181807806185354, 2.223636876399967655, -1.992223591389029824 ) ) ;
#222 = CIRCLE ( 'NONE', #4422, 3.378200000000000092 ) ;
#223 = CARTESIAN_POINT ( 'NONE',  ( -2.460192761098004777, 1.850231250000000882, 2.115774822787380494 ) ) ;
#224 = PERSON_AND_ORGANIZATION ( #2687, #3284 ) ;
#225 = EDGE_CURVE ( 'NONE', #6226, #5427, #755, .T. ) ;
#226 = CARTESIAN_POINT ( 'NONE',  ( 2.558745063158733402, -0.9407207500002894296, -2.205687861362403801 ) ) ;
#227 =( BOUNDED_CURVE ( )  B_SPLINE_CURVE ( 2, ( #5937, #6532, #3750, #5974, #4876 ),
 .UNSPECIFIED., .F., .F. ) 
 B_SPLINE_CURVE_WITH_KNOTS ( ( 3, 2, 3 ),
 ( 0.01659028043918801820, 0.05000000000000000278, 0.08854378023972302170 ),
 .UNSPECIFIED. ) 
 CURVE ( )  GEOMETRIC_REPRESENTATION_ITEM ( )  RATIONAL_B_SPLINE_CURVE ( ( 0.9945407480612344919, 0.9917734182391062525, 1.000000000000000000, 0.9905092421102533740, 0.9956508716769392198 ) ) 
 REPRESENTATION_ITEM ( '' )  );
#228 = CARTESIAN_POINT ( 'NONE',  ( -1.632359098512678353, -0.9730674576368989470, -2.920658505332023314 ) ) ;
#229 = ORIENTED_EDGE ( 'NONE', *, *, #339, .T. ) ;
#230 = CARTESIAN_POINT ( 'NONE',  ( 3.131701872884073534, -0.09286874999999988889, 1.266759100766354562 ) ) ;
#231 = ORIENTED_EDGE ( 'NONE', *, *, #5699, .T. ) ;
#232 = CARTESIAN_POINT ( 'NONE',  ( -0.3563102894047419644, -1.550193750000000259, 3.401699772034594282 ) ) ;
#233 = CARTESIAN_POINT ( 'NONE',  ( 2.963600552890283346, -0.5156196993881071444, 1.687046128433344228 ) ) ;
#234 = CARTESIAN_POINT ( 'NONE',  ( 0.6794365616286462961, -0.5786437500000000123, -3.352146225945127345 ) ) ;
#235 = CARTESIAN_POINT ( 'NONE',  ( 1.880056672344572632, 2.600324999999999331, -3.018364277017051567 ) ) ;
#236 = VERTEX_POINT ( 'NONE', #4307 ) ;
#237 = DIRECTION ( 'NONE',  ( -0.000000000000000000, -1.000000000000000000, -0.000000000000000000 ) ) ;
#238 = ORIENTED_EDGE ( 'NONE', *, *, #2613, .T. ) ;
#239 =( BOUNDED_SURFACE ( )  B_SPLINE_SURFACE ( 1, 2, ( 
 ( #514, #4320, #3220, #7220, #5447, #4, #2670, #2746, #4429 ),
 ( #6589, #1025, #6665, #1647, #4466, #6701, #1681, #3361, #580 ) ),
 .UNSPECIFIED., .F., .F., .T. ) 
 B_SPLINE_SURFACE_WITH_KNOTS ( ( 2, 2 ),
 ( 3, 2, 2, 2, 3 ),
 ( 0.000000000000000000, 1.000000000000000000 ),
 ( 0.000000000000000000, 0.05000000000000000278, 0.1000000000000000056, 0.1499999999999999944, 0.2000000000000000111 ),
 .UNSPECIFIED. ) 
 GEOMETRIC_REPRESENTATION_ITEM ( )  RATIONAL_B_SPLINE_SURFACE ( (
 ( 1.000000000000000000, 0.9876883405951377704, 1.000000000000000000, 0.9876883405951377704, 1.000000000000000000, 0.9876883405951377704, 1.000000000000000000, 0.9876883405951377704, 1.000000000000000000),
 ( 1.000000000000000000, 0.9876883405951377704, 1.000000000000000000, 0.9876883405951377704, 1.000000000000000000, 0.9876883405951377704, 1.000000000000000000, 0.9876883405951377704, 1.000000000000000000) ) ) 
 REPRESENTATION_ITEM ( '' )  SURFACE ( )  );
#240 = FACE_OUTER_BOUND ( 'NONE', #3997, .T. ) ;
#241 = DIRECTION ( 'NONE',  ( 0.000000000000000000, 0.000000000000000000, -1.000000000000000000 ) ) ;
#242 = CARTESIAN_POINT ( 'NONE',  ( 0.3649343171555303189, 0.3929062499999999014, 3.129076545967913958 ) ) ;
#243 = ORIENTED_EDGE ( 'NONE', *, *, #981, .T. ) ;
#244 = EDGE_CURVE ( 'NONE', #971, #2488, #1217, .T. ) ;
#245 = CARTESIAN_POINT ( 'NONE',  ( 2.990877754275044431, -1.005087262691941818, -1.427015707383968879 ) ) ;
#246 = VERTEX_POINT ( 'NONE', #4749 ) ;
#247 = CARTESIAN_POINT ( 'NONE',  ( 0.07376066073855974681, -0.8733812831347036454, -3.378200000000003200 ) ) ;
#248 = CARTESIAN_POINT ( 'NONE',  ( 1.234988412109838452, -1.029273648346682890, -3.049029628483396426 ) ) ;
#249 = CARTESIAN_POINT ( 'NONE',  ( -0.9069526671401728635, 2.600324999999999331, 3.115523773311212441 ) ) ;
#250 = AXIS2_PLACEMENT_3D ( 'NONE', #6954, #1310, #4094 ) ;
#251 = CARTESIAN_POINT ( 'NONE',  ( 3.357050236398974707, -0.9407207499999042932, 0.3774240987191084251 ) ) ;
#252 = CARTESIAN_POINT ( 'NONE',  ( 2.676256138822717290, 3.793331249999996935, 1.834858196677267461 ) ) ;
#253 = EDGE_CURVE ( 'NONE', #7245, #3936, #2711, .T. ) ;
#254 = VERTEX_POINT ( 'NONE', #4203 ) ;
#255 = CARTESIAN_POINT ( 'NONE',  ( -2.985541159279008205, 1.850231250000000882, 1.931755674574544113 ) ) ;
#256 =( BOUNDED_CURVE ( )  B_SPLINE_CURVE ( 2, ( #2440, #1413, #5873, #4674, #1452 ),
 .UNSPECIFIED., .F., .F. ) 
 B_SPLINE_CURVE_WITH_KNOTS ( ( 3, 2, 3 ),
 ( 0.04355778107466955901, 0.05000000000000000278, 0.08854378023972314660 ),
 .UNSPECIFIED. ) 
 CURVE ( )  GEOMETRIC_REPRESENTATION_ITEM ( )  RATIONAL_B_SPLINE_CURVE ( ( 0.9972361924010797463, 0.9984137118955954682, 1.000000000000000000, 0.9905092421102533740, 0.9956508716769392198 ) ) 
 REPRESENTATION_ITEM ( '' )  );
#257 = COORDINATED_UNIVERSAL_TIME_OFFSET ( 6, 0, .BEHIND. ) ;
#258 = CARTESIAN_POINT ( 'NONE',  ( -1.466479896999818733, -1.000217606553379879, -2.978084827901216869 ) ) ;
#259 = EDGE_CURVE ( 'NONE', #684, #6517, #7238, .T. ) ;
#260 = CARTESIAN_POINT ( 'NONE',  ( 2.088416768232899123, 2.821781249999997243, -2.878133319039212878 ) ) ;
#262 = CARTESIAN_POINT ( 'NONE',  ( -1.044771412368766139, 2.821781249999999464, -3.072052118437605284 ) ) ;
#261 = CIRCLE ( 'NONE', #953, 3.378200000000000092 ) ;
#263 = ORIENTED_EDGE ( 'NONE', *, *, #4069, .T. ) ;
#264 = CARTESIAN_POINT ( 'NONE',  ( 5.436829296080015131E-17, 0.03910948689280710489, -3.378200000000000536 ) ) ;
#265 = VERTEX_POINT ( 'NONE', #3685 ) ;
#266 = EDGE_CURVE ( 'NONE', #2775, #3852, #5239, .T. ) ;
#267 = CARTESIAN_POINT ( 'NONE',  ( 3.014821324541813841, -1.097987288839229247, 1.133875479502988171 ) ) ;
#268 = CARTESIAN_POINT ( 'NONE',  ( -1.056323772870258360, 2.223636876399969431, 3.422973333476061253 ) ) ;
#269 = B_SPLINE_CURVE_WITH_KNOTS ( 'NONE', 3,
 ( #1244, #4065, #6290, #1279, #4926, #2656, #3134, #979, #3689, #2695 ),
 .UNSPECIFIED., .F., .F.,
 ( 4, 3, 3, 4 ),
 ( 2.011730338337861929E-16, 0.0002589485462244646408, 0.0005341756780451714561, 0.0008103109524490923182 ),
 .UNSPECIFIED. ) ;
#270 = CARTESIAN_POINT ( 'NONE',  ( 1.980402416296259682, -1.064418749999999747, -2.736830559155597253 ) ) ;
#271 =( BOUNDED_CURVE ( )  B_SPLINE_CURVE ( 2, ( #4635, #3424, #5212, #2328, #725, #4056, #5649 ),
 .UNSPECIFIED., .F., .T. ) 
 B_SPLINE_CURVE_WITH_KNOTS ( ( 3, 2, 2, 3 ),
 ( 0.01659028043918807718, 0.05000000000000000278, 0.1000000000000000056, 0.1074143368666443388 ),
 .UNSPECIFIED. ) 
 CURVE ( )  GEOMETRIC_REPRESENTATION_ITEM ( )  RATIONAL_B_SPLINE_CURVE ( ( 0.9945407480612344919, 0.9917734182391063635, 1.000000000000000000, 0.9876883405951377704, 1.000000000000000000, 0.9981743441956992813, 0.9968901294768237609 ) ) 
 REPRESENTATION_ITEM ( '' )  );
#272 = CARTESIAN_POINT ( 'NONE',  ( 0.1448744897639288876, -0.09286874999999999991, -3.375092090923689891 ) ) ;
#273 = ORIENTED_EDGE ( 'NONE', *, *, #4948, .T. ) ;
#274 = CARTESIAN_POINT ( 'NONE',  ( -0.6234896998889805086, 0.2303863975390294250, -3.065980529011689715 ) ) ;
#275 = VERTEX_POINT ( 'NONE', #392 ) ;
#276 = CARTESIAN_POINT ( 'NONE',  ( -1.146386052299702696, 0.5572124999999997774, 2.892616682018670726 ) ) ;
#277 = CARTESIAN_POINT ( 'NONE',  ( 0.7544271117966678819, 2.336006249999999174, 3.520395851012962929 ) ) ;
#278 = CARTESIAN_POINT ( 'NONE',  ( -0.9069526671401728635, 2.600324999999999331, 3.115523773311212441 ) ) ;
#279 = VERTEX_POINT ( 'NONE', #1419 ) ;
#280 = CARTESIAN_POINT ( 'NONE',  ( 3.537752129022467606, 1.200150000000000050, -0.3597858718696717584 ) ) ;
#281 =( BOUNDED_CURVE ( )  B_SPLINE_CURVE ( 1, ( #4685, #3620 ),
 .UNSPECIFIED., .F., .T. ) 
 B_SPLINE_CURVE_WITH_KNOTS ( ( 2, 2 ),
 ( 1.084202172485504434E-19, 0.0005113447558650970233 ),
 .UNSPECIFIED. ) 
 CURVE ( )  GEOMETRIC_REPRESENTATION_ITEM ( )  RATIONAL_B_SPLINE_CURVE ( ( 0.9945407480612344919, 0.9945407480612344919 ) ) 
 REPRESENTATION_ITEM ( '' )  );
#282 = CARTESIAN_POINT ( 'NONE',  ( 3.220774364890217623, 1.850231249999996441, -1.507232062578962140 ) ) ;
#283 = VERTEX_POINT ( 'NONE', #3100 ) ;
#284 = CARTESIAN_POINT ( 'NONE',  ( -3.547562108395232006, 0.8786812500000018566, 0.2448246047242298162 ) ) ;
#285 = CARTESIAN_POINT ( 'NONE',  ( 0.8438581907565864126, 2.600324999999999331, 3.133202016530857836 ) ) ;
#286 = CARTESIAN_POINT ( 'NONE',  ( 3.200400000000000134, 2.600324999999999331, 0.000000000000000000 ) ) ;
#287 = CARTESIAN_POINT ( 'NONE',  ( 1.968758526333259651, 1.850231249999997329, -2.961270988104618862 ) ) ;
#288 = CARTESIAN_POINT ( 'NONE',  ( 0.000000000000000000, -0.9407207500000012157, 0.000000000000000000 ) ) ;
#289 = CARTESIAN_POINT ( 'NONE',  ( -2.903898969058261059, 0.8786812500000014126, 2.052439226262835259 ) ) ;
#290 = EDGE_LOOP ( 'NONE', ( #3676, #5947, #2274, #742 ) ) ;
#291 = ADVANCED_FACE ( 'NONE', ( #1491 ), #2241, .F. ) ;
#292 = CARTESIAN_POINT ( 'NONE',  ( -2.901175836933451269, 3.793331250000000487, -1.453351397870964234 ) ) ;
#293 = APPROVAL_ROLE ( '' ) ;
#294 = CARTESIAN_POINT ( 'NONE',  ( 3.231408304108598362, -1.036468050703328370, -0.5766247438924766433 ) ) ;
#295 = EDGE_CURVE ( 'NONE', #254, #4627, #5232, .T. ) ;
#296 = CARTESIAN_POINT ( 'NONE',  ( 0.9604691016480279009, 4.764881249999997515, -3.099443599628723067 ) ) ;
#297 = VERTEX_POINT ( 'NONE', #3759 ) ;
#298 = CARTESIAN_POINT ( 'NONE',  ( 3.701617415102790507E-16, 0.5572124999999997774, 3.022600000000000176 ) ) ;
#299 = CARTESIAN_POINT ( 'NONE',  ( 0.000000000000000000, -0.9407207500000012157, 0.000000000000000000 ) ) ;
#300 =( BOUNDED_CURVE ( )  B_SPLINE_CURVE ( 2, ( #3738, #3298, #5961, #5451, #3703, #5522, #1028 ),
 .UNSPECIFIED., .F., .T. ) 
 B_SPLINE_CURVE_WITH_KNOTS ( ( 3, 2, 2, 3 ),
 ( 0.01659028043918811188, 0.05000000000000000278, 0.1000000000000000056, 0.1074143368666443804 ),
 .UNSPECIFIED. ) 
 CURVE ( )  GEOMETRIC_REPRESENTATION_ITEM ( )  RATIONAL_B_SPLINE_CURVE ( ( 0.9945407480612344919, 0.9917734182391063635, 1.000000000000000000, 0.9876883405951377704, 1.000000000000000000, 0.9981743441956992813, 0.9968901294768237609 ) ) 
 REPRESENTATION_ITEM ( '' )  );
#301 = FACE_OUTER_BOUND ( 'NONE', #2706, .T. ) ;
#302 = EDGE_CURVE ( 'NONE', #6549, #3721, #3604, .T. ) ;
#303 = CARTESIAN_POINT ( 'NONE',  ( 2.558745063158733846, -0.9407207500002894296, -2.205687861362403801 ) ) ;
#304 = CARTESIAN_POINT ( 'NONE',  ( 1.809147250340453983, 1.364456249999997928, 3.112769416681662626 ) ) ;
#305 = ORIENTED_EDGE ( 'NONE', *, *, #75, .F. ) ;
#306 = CARTESIAN_POINT ( 'NONE',  ( -2.928758244282773759, -0.9407207499999041822, -1.683630121655589118 ) ) ;
#307 = ORIENTED_EDGE ( 'NONE', *, *, #1637, .T. ) ;
#308 = CARTESIAN_POINT ( 'NONE',  ( -2.762680517507915212, 1.526976102460971152, -2.270065566796943823 ) ) ;
#309 = CARTESIAN_POINT ( 'NONE',  ( -1.458892408996316670, 4.279106249999999001, 3.291501200640228664 ) ) ;
#310 = CARTESIAN_POINT ( 'NONE',  ( -2.432687316925262522, -2.035968750000000327, 2.343985421898131971 ) ) ;
#311 = EDGE_CURVE ( 'NONE', #2394, #3207, #5037, .T. ) ;
#312 = ORIENTED_EDGE ( 'NONE', *, *, #614, .T. ) ;
#313 = CARTESIAN_POINT ( 'NONE',  ( -2.906803755247713728, -1.064418750000000413, 1.721257438176459154 ) ) ;
#314 = CYLINDRICAL_SURFACE ( 'NONE', #1619, 3.556000000000000050 ) ;
#315 = ORIENTED_EDGE ( 'NONE', *, *, #3552, .T. ) ;
#316 = CARTESIAN_POINT ( 'NONE',  ( -3.013942326347597955, 2.821781250000000352, -1.887137423043280249 ) ) ;
#317 = CARTESIAN_POINT ( 'NONE',  ( -1.610157853287871532, 3.307556249999998865, 2.863663931156136488 ) ) ;
#318 = CARTESIAN_POINT ( 'NONE',  ( -0.5124280591981354993, 4.279106249999998113, 3.563672922560315204 ) ) ;
#319 = CARTESIAN_POINT ( 'NONE',  ( 3.529511443871358178, 4.279106249999994560, -0.7105604706316593910 ) ) ;
#320 = CARTESIAN_POINT ( 'NONE',  ( -0.4418403513199333221, 0.8786812500000001913, -3.214627291995990621 ) ) ;
#321 = CARTESIAN_POINT ( 'NONE',  ( 1.943428860232676136, 1.200150000000000272, 2.977955719149420144 ) ) ;
#322 = CC_DESIGN_PERSON_AND_ORGANIZATION_ASSIGNMENT ( #4755, #2448, ( #599 ) ) ;
#323 = VERTEX_POINT ( 'NONE', #4551 ) ;
#324 = CARTESIAN_POINT ( 'NONE',  ( -3.131364084680125615, 3.307556250000000642, -0.9938502866551910397 ) ) ;
#325 = CARTESIAN_POINT ( 'NONE',  ( 0.07247058097461381299, -0.02707281975482063105, -3.378200000000000536 ) ) ;
#326 = CARTESIAN_POINT ( 'NONE',  ( 2.242883825085228100, -1.550193749999999815, 2.582245245627721175 ) ) ;
#327 = CARTESIAN_POINT ( 'NONE',  ( 0.8438581907565864126, 2.600324999999999331, 3.133202016530857836 ) ) ;
#328 = VERTEX_POINT ( 'NONE', #1770 ) ;
#329 = EDGE_CURVE ( 'NONE', #2715, #4214, #5976, .T. ) ;
#330 = CARTESIAN_POINT ( 'NONE',  ( 0.08863242637716052530, 4.764881249999997515, -3.243639285662715199 ) ) ;
#331 = ORIENTED_EDGE ( 'NONE', *, *, #6424, .T. ) ;
#332 = CARTESIAN_POINT ( 'NONE',  ( 2.984371566576158319, -1.064418749999999747, 0.8803173306324157954 ) ) ;
#333 = AXIS2_PLACEMENT_3D ( 'NONE', #3713, #5938, #928 ) ;
#334 = CARTESIAN_POINT ( 'NONE',  ( 1.034669083164695635, -0.5786437499999999012, -2.975526335744214990 ) ) ;
#335 = CARTESIAN_POINT ( 'NONE',  ( -1.491493837208024642, 2.336006249999999618, 2.927221473800658558 ) ) ;
#336 = ORIENTED_EDGE ( 'NONE', *, *, #2347, .T. ) ;
#337 =( BOUNDED_CURVE ( )  B_SPLINE_CURVE ( 1, ( #4389, #3323 ),
 .UNSPECIFIED., .F., .T. ) 
 B_SPLINE_CURVE_WITH_KNOTS ( ( 2, 2 ),
 ( 0.000000000000000000, 0.0005566452967378102482 ),
 .UNSPECIFIED. ) 
 CURVE ( )  GEOMETRIC_REPRESENTATION_ITEM ( )  RATIONAL_B_SPLINE_CURVE ( ( 0.9956508716769392198, 0.9956508716769392198 ) ) 
 REPRESENTATION_ITEM ( '' )  );
#338 = CARTESIAN_POINT ( 'NONE',  ( 0.000000000000000000, -2.857500000000000373, -3.556000000000000050 ) ) ;
#339 = EDGE_CURVE ( 'NONE', #3923, #5131, #1030, .T. ) ;
#340 = ORIENTED_EDGE ( 'NONE', *, *, #1137, .T. ) ;
#341 = CARTESIAN_POINT ( 'NONE',  ( 3.091138567563787021, 1.200149999999999606, 0.9868707507164856674 ) ) ;
#342 = CARTESIAN_POINT ( 'NONE',  ( -0.9362309113034481545, 0.5572124999999997774, -2.967305837071725350 ) ) ;
#343 = CARTESIAN_POINT ( 'NONE',  ( 1.246857010606838623, 1.364456249999998594, 3.039494533340997506 ) ) ;
#344 = FACE_OUTER_BOUND ( 'NONE', #6447, .T. ) ;
#345 = EDGE_CURVE ( 'NONE', #461, #5024, #5932, .T. ) ;
#346 = ORIENTED_EDGE ( 'NONE', *, *, #5114, .T. ) ;
#347 = CARTESIAN_POINT ( 'NONE',  ( -1.339923899749469571, 0.8786812499999997472, 3.101102897822026527 ) ) ;
#348 = DIRECTION ( 'NONE',  ( 0.000000000000000000, 0.000000000000000000, -1.000000000000000000 ) ) ;
#349 = ORIENTED_EDGE ( 'NONE', *, *, #7052, .F. ) ;
#350 = CARTESIAN_POINT ( 'NONE',  ( 1.842539447956307308, 0.5572124999999997774, 2.831480818004045386 ) ) ;
#351 = CARTESIAN_POINT ( 'NONE',  ( -3.474600802576267800, 2.600324999999999331, -0.7564953818341242364 ) ) ;
#352 = EDGE_CURVE ( 'NONE', #90, #5567, #1266, .T. ) ;
#353 = CARTESIAN_POINT ( 'NONE',  ( 3.037489286802370625, -2.035968749999999883, -0.6746043896691127362 ) ) ;
#354 = CARTESIAN_POINT ( 'NONE',  ( -1.818725667373794375, 2.600324999999998887, -3.055711528733655147 ) ) ;
#355 = AXIS2_PLACEMENT_3D ( 'NONE', #67, #613, #4061 ) ;
#356 = CARTESIAN_POINT ( 'NONE',  ( 0.000000000000000000, 2.857499999999999485, 0.000000000000000000 ) ) ;
#357 = CARTESIAN_POINT ( 'NONE',  ( 1.388625708697308392, 1.200150000000000272, 2.932706968594869679 ) ) ;
#358 = ORIENTED_EDGE ( 'NONE', *, *, #924, .T. ) ;
#359 = AXIS2_PLACEMENT_3D ( 'NONE', #215, #3168, #1453 ) ;
#360 = CARTESIAN_POINT ( 'NONE',  ( -3.436363706623463354, 2.821781250000000352, 0.9146258665711649583 ) ) ;
#361 = CARTESIAN_POINT ( 'NONE',  ( 0.000000000000000000, 0.5572124999999997774, 0.000000000000000000 ) ) ;
#362 = CARTESIAN_POINT ( 'NONE',  ( 3.046420138823549451, 0.8786812500000000803, 0.6330533846132606612 ) ) ;
#363 = AXIS2_PLACEMENT_3D ( 'NONE', #5573, #5097, #92 ) ;
#364 = AXIS2_PLACEMENT_3D ( 'NONE', #3596, #6873, #3119 ) ;
#365 = CARTESIAN_POINT ( 'NONE',  ( -3.046368129490101051, 2.600324999999998887, -1.117449212325544838 ) ) ;
#366 = ORIENTED_EDGE ( 'NONE', *, *, #7061, .T. ) ;
#367 = CARTESIAN_POINT ( 'NONE',  ( 3.091138567563787021, 1.200149999999999606, 0.9868707507164856674 ) ) ;
#368 = VERTEX_POINT ( 'NONE', #122 ) ;
#369 =( BOUNDED_CURVE ( )  B_SPLINE_CURVE ( 2, ( #1922, #1186, #5642, #4556, #6795 ),
 .UNSPECIFIED., .F., .T. ) 
 B_SPLINE_CURVE_WITH_KNOTS ( ( 3, 2, 3 ),
 ( 0.01659028043918812576, 0.05000000000000000278, 0.08854378023972320211 ),
 .UNSPECIFIED. ) 
 CURVE ( )  GEOMETRIC_REPRESENTATION_ITEM ( )  RATIONAL_B_SPLINE_CURVE ( ( 0.9945407480612347140, 0.9917734182391064746, 1.000000000000000000, 0.9905092421102533740, 0.9956508716769392198 ) ) 
 REPRESENTATION_ITEM ( '' )  );
#370 = CARTESIAN_POINT ( 'NONE',  ( 1.912852509086701458, 2.336006249999998285, 2.670987589186804900 ) ) ;
#371 = CARTESIAN_POINT ( 'NONE',  ( -2.825199768650449528, 0.5572124999999997774, -1.852155907913113797 ) ) ;
#372 = DIRECTION ( 'NONE',  ( 0.000000000000000000, 0.000000000000000000, -1.000000000000000000 ) ) ;
#373 = CARTESIAN_POINT ( 'NONE',  ( 3.298277096650126694, 1.850231249999997107, 1.329099015767158942 ) ) ;
#374 = ORIENTED_EDGE ( 'NONE', *, *, #4843, .F. ) ;
#375 = CARTESIAN_POINT ( 'NONE',  ( 0.3416342029280025616, 1.850231249999998440, 3.539551111566236141 ) ) ;
#376 = ORIENTED_EDGE ( 'NONE', *, *, #6691, .T. ) ;
#377 = CARTESIAN_POINT ( 'NONE',  ( -3.183484718932422464, 2.600324999999998887, 0.6280736953763924602 ) ) ;
#378 = CARTESIAN_POINT ( 'NONE',  ( -4.085264775957162873E-17, 2.567191556671722275, -3.556000000000000938 ) ) ;
#379 = ADVANCED_FACE ( 'NONE', ( #6751 ), #5738, .T. ) ;
#380 = CARTESIAN_POINT ( 'NONE',  ( -3.377110557073028207, -0.09286875000000044400, 0.08578767572277311293 ) ) ;
#381 = CARTESIAN_POINT ( 'NONE',  ( -3.225658337427877331, -0.9407207500002858769, 1.003675012233884445 ) ) ;
#382 = EDGE_CURVE ( 'NONE', #1335, #988, #1727, .T. ) ;
#383 =( BOUNDED_CURVE ( )  B_SPLINE_CURVE ( 2, ( #5706, #706, #5777, #2937, #1804 ),
 .UNSPECIFIED., .F., .T. ) 
 B_SPLINE_CURVE_WITH_KNOTS ( ( 3, 2, 3 ),
 ( 0.01659028043918809800, 0.05000000000000000278, 0.09358265573073305810 ),
 .UNSPECIFIED. ) 
 CURVE ( )  GEOMETRIC_REPRESENTATION_ITEM ( )  RATIONAL_B_SPLINE_CURVE ( ( 0.9945407480612344919, 0.9917734182391062525, 1.000000000000000000, 0.9892685037336769183, 0.9972452917573861875 ) ) 
 REPRESENTATION_ITEM ( '' )  );
#384 = VERTEX_POINT ( 'NONE', #4045 ) ;
#385 = CARTESIAN_POINT ( 'NONE',  ( -1.775028854605957163, 1.200150000000000050, -2.716307068027520533 ) ) ;
#386 = CARTESIAN_POINT ( 'NONE',  ( 3.136188178485298739, 2.821781249999996355, -0.8326915585191662084 ) ) ;
#387 = VERTEX_POINT ( 'NONE', #4480 ) ;
#388 = EDGE_CURVE ( 'NONE', #1411, #5887, #4770, .T. ) ;
#389 = DIRECTION ( 'NONE',  ( -0.000000000000000000, -1.000000000000000000, -0.000000000000000000 ) ) ;
#390 = CARTESIAN_POINT ( 'NONE',  ( -2.954219719210334993, 4.279106249999999001, 2.057895299929503707 ) ) ;
#391 = CARTESIAN_POINT ( 'NONE',  ( -0.6031001013606558381, -0.09286875000000022196, 3.323929227245785434 ) ) ;
#392 = CARTESIAN_POINT ( 'NONE',  ( 3.816709721286657873E-16, -2.857500000000000373, -3.070859999999999257 ) ) ;
#393 = ORIENTED_EDGE ( 'NONE', *, *, #6553, .T. ) ;
#394 = CARTESIAN_POINT ( 'NONE',  ( -3.262792855230166378, 1.526976102460971152, -0.01391518755754205840 ) ) ;
#396 = ADVANCED_FACE ( 'NONE', ( #2904 ), #4348, .T. ) ;
#395 = CARTESIAN_POINT ( 'NONE',  ( -0.1071415267229663404, -1.100485301129648263, 3.217106783497347688 ) ) ;
#397 = VERTEX_POINT ( 'NONE', #595 ) ;
#398 = CARTESIAN_POINT ( 'NONE',  ( 3.535025703722926682, 1.850231249999996219, 0.3856543452604340727 ) ) ;
#399 = DIRECTION ( 'NONE',  ( 0.000000000000000000, 0.000000000000000000, -1.000000000000000000 ) ) ;
#400 = CARTESIAN_POINT ( 'NONE',  ( -2.944277490974890998, 0.5572124999999997774, 1.656340935960526339 ) ) ;
#402 = EDGE_CURVE ( 'NONE', #123, #2966, #2476, .T. ) ;
#401 = CARTESIAN_POINT ( 'NONE',  ( 2.027994092226593548, -0.09286874999999979174, 2.701754097229061902 ) ) ;
#403 = ORIENTED_EDGE ( 'NONE', *, *, #3474, .T. ) ;
#404 =( BOUNDED_CURVE ( )  B_SPLINE_CURVE ( 1, ( #3951, #1209 ),
 .UNSPECIFIED., .F., .F. ) 
 B_SPLINE_CURVE_WITH_KNOTS ( ( 2, 2 ),
 ( 0.000000000000000000, 0.0005113447558650976738 ),
 .UNSPECIFIED. ) 
 CURVE ( )  GEOMETRIC_REPRESENTATION_ITEM ( )  RATIONAL_B_SPLINE_CURVE ( ( 0.9945407480612344919, 0.9945407480612344919 ) ) 
 REPRESENTATION_ITEM ( '' )  );
#405 = ORIENTED_EDGE ( 'NONE', *, *, #6691, .F. ) ;
#406 = CARTESIAN_POINT ( 'NONE',  ( 3.096877947796510711, 0.3929062500000002345, -0.5776193061315982868 ) ) ;
#407 = LINE ( 'NONE', #4863, #4225 ) ;
#408 = CARTESIAN_POINT ( 'NONE',  ( -2.047776469490778961, 1.526976102460970930, -2.931247661043812069 ) ) ;
#409 = ORIENTED_EDGE ( 'NONE', *, *, #6637, .F. ) ;
#410 = CARTESIAN_POINT ( 'NONE',  ( 0.000000000000000000, -2.857500000000000373, 0.000000000000000000 ) ) ;
#411 =( BOUNDED_CURVE ( )  B_SPLINE_CURVE ( 2, ( #3782, #3369, #6670, #1617, #1551 ),
 .UNSPECIFIED., .F., .T. ) 
 B_SPLINE_CURVE_WITH_KNOTS ( ( 3, 2, 3 ),
 ( 0.01659028043918801820, 0.05000000000000000278, 0.08854378023972299394 ),
 .UNSPECIFIED. ) 
 CURVE ( )  GEOMETRIC_REPRESENTATION_ITEM ( )  RATIONAL_B_SPLINE_CURVE ( ( 0.9945407480612344919, 0.9917734182391062525, 1.000000000000000000, 0.9905092421102533740, 0.9956508716769392198 ) ) 
 REPRESENTATION_ITEM ( '' )  );
#412 = ORIENTED_EDGE ( 'NONE', *, *, #3757, .F. ) ;
#413 = CARTESIAN_POINT ( 'NONE',  ( -2.126979833099841066, 2.223636876399969431, 2.482150956019070875 ) ) ;
#414 = CARTESIAN_POINT ( 'NONE',  ( -2.210931191075783175, 0.5572124999999997774, -2.554215830412186694 ) ) ;
#415 = CARTESIAN_POINT ( 'NONE',  ( 0.9959941348792566984, 2.600324999999999331, -3.413668361643546145 ) ) ;
#416 = CARTESIAN_POINT ( 'NONE',  ( -2.047785716146378387, 0.8786812500000013015, -2.517066781642248507 ) ) ;
#417 = ORIENTED_EDGE ( 'NONE', *, *, #3568, .T. ) ;
#418 = CARTESIAN_POINT ( 'NONE',  ( -2.386579944820707233, -1.064418750000000413, -1.996413889197224734 ) ) ;
#419 = DIRECTION ( 'NONE',  ( -0.000000000000000000, -1.000000000000000000, -0.000000000000000000 ) ) ;
#420 = EDGE_LOOP ( 'NONE', ( #2889, #7065, #5155, #1134 ) ) ;
#421 = EDGE_CURVE ( 'NONE', #6456, #279, #6020, .T. ) ;
#422 = FACE_OUTER_BOUND ( 'NONE', #4521, .T. ) ;
#423 = CARTESIAN_POINT ( 'NONE',  ( 0.3805743593192935093, 1.364456249999999038, 3.263179826509401416 ) ) ;
#424 =( BOUNDED_SURFACE ( )  B_SPLINE_SURFACE ( 1, 2, ( 
 ( #3257, #2709, #3918, #1683, #6737, #4501, #1026, #3810, #2672 ),
 ( #1611, #3845, #1129, #6068, #4940, #5, #2783, #2747, #7187 ) ),
 .UNSPECIFIED., .F., .F., .T. ) 
 B_SPLINE_SURFACE_WITH_KNOTS ( ( 2, 2 ),
 ( 3, 2, 2, 2, 3 ),
 ( 0.000000000000000000, 1.000000000000000000 ),
 ( 0.000000000000000000, 0.05000000000000000278, 0.1000000000000000056, 0.1499999999999999944, 0.2000000000000000111 ),
 .UNSPECIFIED. ) 
 GEOMETRIC_REPRESENTATION_ITEM ( )  RATIONAL_B_SPLINE_SURFACE ( (
 ( 1.000000000000000000, 0.9876883405951377704, 1.000000000000000000, 0.9876883405951377704, 1.000000000000000000, 0.9876883405951377704, 1.000000000000000000, 0.9876883405951377704, 1.000000000000000000),
 ( 1.000000000000000000, 0.9876883405951377704, 1.000000000000000000, 0.9876883405951377704, 1.000000000000000000, 0.9876883405951377704, 1.000000000000000000, 0.9876883405951377704, 1.000000000000000000) ) ) 
 REPRESENTATION_ITEM ( '' )  SURFACE ( )  );
#425 = CARTESIAN_POINT ( 'NONE',  ( -3.191886894334804659, 3.307556250000000642, 0.7778415499849093973 ) ) ;
#426 = ORIENTED_EDGE ( 'NONE', *, *, #4721, .T. ) ;
#427 = DIRECTION ( 'NONE',  ( 0.000000000000000000, 0.000000000000000000, -1.000000000000000000 ) ) ;
#428 = CARTESIAN_POINT ( 'NONE',  ( 2.864368025726048650, 0.2303863975390293972, 1.258718325656971615 ) ) ;
#429 = ORIENTED_EDGE ( 'NONE', *, *, #2755, .F. ) ;
#430 = EDGE_CURVE ( 'NONE', #3426, #684, #4723, .T. ) ;
#431 = CARTESIAN_POINT ( 'NONE',  ( -1.971371349709225118, -2.521743750000000173, -2.457232607611639530 ) ) ;
#432 = CARTESIAN_POINT ( 'NONE',  ( -3.403043588763573268, -1.550193750000000481, 0.3432385385865816541 ) ) ;
#433 = CARTESIAN_POINT ( 'NONE',  ( 2.431064586322546628, 4.764881249999995738, -2.149180425098931480 ) ) ;
#434 = CARTESIAN_POINT ( 'NONE',  ( 2.662799851903985715, -1.060154572504549808, -1.880309129277917490 ) ) ;
#435 = EDGE_CURVE ( 'NONE', #920, #2498, #3021, .T. ) ;
#436 = CARTESIAN_POINT ( 'NONE',  ( 2.535928740015385152, 0.3929062500000001235, 1.869053908245623452 ) ) ;
#437 = ORIENTED_EDGE ( 'NONE', *, *, #2047, .F. ) ;
#438 = CARTESIAN_POINT ( 'NONE',  ( -0.1475446871196404441, -0.5156196993879450519, 3.406946351479009483 ) ) ;
#439 = CARTESIAN_POINT ( 'NONE',  ( 2.906515581940201987, 0.2303863975390295638, -1.758173018412774180 ) ) ;
#440 = CARTESIAN_POINT ( 'NONE',  ( -2.959212350452370188, -3.007518750000000463, 0.9615063779976493752 ) ) ;
#441 = ADVANCED_FACE ( 'NONE', ( #4696 ), #2758, .T. ) ;
#442 = CARTESIAN_POINT ( 'NONE',  ( -0.7685757019148906632, -0.9407207499999037381, -3.289608887151534766 ) ) ;
#443 = FACE_OUTER_BOUND ( 'NONE', #2558, .T. ) ;
#444 =( BOUNDED_CURVE ( )  B_SPLINE_CURVE ( 1, ( #6859, #6967 ),
 .UNSPECIFIED., .F., .F. ) 
 B_SPLINE_CURVE_WITH_KNOTS ( ( 2, 2 ),
 ( 0.000000000000000000, 0.0005566452967378098145 ),
 .UNSPECIFIED. ) 
 CURVE ( )  GEOMETRIC_REPRESENTATION_ITEM ( )  RATIONAL_B_SPLINE_CURVE ( ( 0.9945407480612347140, 0.9945407480612347140 ) ) 
 REPRESENTATION_ITEM ( '' )  );
#445 = ORIENTED_EDGE ( 'NONE', *, *, #2486, .F. ) ;
#446 = ORIENTED_EDGE ( 'NONE', *, *, #311, .T. ) ;
#447 = DIRECTION ( 'NONE',  ( -0.000000000000000000, -1.000000000000000000, -0.000000000000000000 ) ) ;
#448 = VERTEX_POINT ( 'NONE', #1331 ) ;
#449 = CIRCLE ( 'NONE', #5815, 3.162299999999999667 ) ;
#450 = CARTESIAN_POINT ( 'NONE',  ( -1.513452007394031185, 1.526976102460970708, 2.890583655579053168 ) ) ;
#451 = CARTESIAN_POINT ( 'NONE',  ( 0.9530071241899075174, -1.550193750000000037, 3.002677889419299806 ) ) ;
#452 = AXIS2_PLACEMENT_3D ( 'NONE', #1476, #6558, #5342 ) ;
#453 = CARTESIAN_POINT ( 'NONE',  ( 0.8326915585192161684, 3.793331249999997823, -3.136188178485286748 ) ) ;
#454 =( BOUNDED_CURVE ( )  B_SPLINE_CURVE ( 1, ( #3435, #6815 ),
 .UNSPECIFIED., .F., .T. ) 
 B_SPLINE_CURVE_WITH_KNOTS ( ( 2, 2 ),
 ( 0.000000000000000000, 0.0005566452967378117660 ),
 .UNSPECIFIED. ) 
 CURVE ( )  GEOMETRIC_REPRESENTATION_ITEM ( )  RATIONAL_B_SPLINE_CURVE ( ( 0.9945407480612344919, 0.9945407480612344919 ) ) 
 REPRESENTATION_ITEM ( '' )  );
#455 = ORIENTED_EDGE ( 'NONE', *, *, #6853, .F. ) ;
#456 = VERTEX_POINT ( 'NONE', #3524 ) ;
#457 = CARTESIAN_POINT ( 'NONE',  ( -3.242126104503538553, 4.764881250000000179, 0.1329279692040228611 ) ) ;
#458 = CARTESIAN_POINT ( 'NONE',  ( 2.092506220924828853, -1.064418749999999969, 2.302791776385979094 ) ) ;
#459 = CARTESIAN_POINT ( 'NONE',  ( -1.935145736899888780, 1.364456250000000814, 3.036043180160865607 ) ) ;
#460 = EDGE_CURVE ( 'NONE', #2880, #275, #3367, .T. ) ;
#461 = VERTEX_POINT ( 'NONE', #5781 ) ;
#462 = CARTESIAN_POINT ( 'NONE',  ( -1.713878656497743291, 2.600324999999999331, 2.755298799277764221 ) ) ;
#463 = CARTESIAN_POINT ( 'NONE',  ( -3.177257465259326619, -1.090493833097039289, 0.5782973633392167745 ) ) ;
#464 = ORIENTED_EDGE ( 'NONE', *, *, #6637, .T. ) ;
#465 =( BOUNDED_CURVE ( )  B_SPLINE_CURVE ( 1, ( #2998, #5623 ),
 .UNSPECIFIED., .F., .T. ) 
 B_SPLINE_CURVE_WITH_KNOTS ( ( 2, 2 ),
 ( 1.897353801849632760E-19, 0.0005113447558650972401 ),
 .UNSPECIFIED. ) 
 CURVE ( )  GEOMETRIC_REPRESENTATION_ITEM ( )  RATIONAL_B_SPLINE_CURVE ( ( 0.9945407480612344919, 0.9945407480612344919 ) ) 
 REPRESENTATION_ITEM ( '' )  );
#466 = CARTESIAN_POINT ( 'NONE',  ( -3.278182354116818686, -0.09286875000000033298, -0.8159385351588223090 ) ) ;
#467 = CARTESIAN_POINT ( 'NONE',  ( 7.473971303709059551E-17, 0.02725943553790106597, -3.378200000000002312 ) ) ;
#468 = FACE_OUTER_BOUND ( 'NONE', #6576, .T. ) ;
#469 = ADVANCED_FACE ( 'NONE', ( #1919 ), #4149, .T. ) ;
#470 = EDGE_CURVE ( 'NONE', #988, #323, #3460, .T. ) ;
#471 = CARTESIAN_POINT ( 'NONE',  ( 2.185085436008181947, -0.09286874999999979174, 2.215137442089074593 ) ) ;
#472 = ORIENTED_EDGE ( 'NONE', *, *, #4031, .T. ) ;
#473 = CIRCLE ( 'NONE', #2231, 3.378200000000000092 ) ;
#474 = DIRECTION ( 'NONE',  ( -0.000000000000000000, -1.000000000000000000, -0.000000000000000000 ) ) ;
#475 = DIRECTION ( 'NONE',  ( -0.000000000000000000, -1.000000000000000000, -0.000000000000000000 ) ) ;
#476 = CARTESIAN_POINT ( 'NONE',  ( 0.000000000000000000, -0.9407207500000012157, 0.000000000000000000 ) ) ;
#477 = CARTESIAN_POINT ( 'NONE',  ( 3.357050236398974707, -0.9407207499999042932, 0.3774240987191084251 ) ) ;
#478 = CIRCLE ( 'NONE', #4573, 3.378200000000000092 ) ;
#479 = VECTOR ( 'NONE', #658, 1000.000000000000000 ) ;
#480 = CARTESIAN_POINT ( 'NONE',  ( 1.381721053059276505, 2.600324999999998887, 3.276580981989118069 ) ) ;
#481 = CARTESIAN_POINT ( 'NONE',  ( -1.184544018322588155, 2.336006249999999618, 3.399882745551571439 ) ) ;
#482 = ORIENTED_EDGE ( 'NONE', *, *, #311, .F. ) ;
#483 = ORIENTED_EDGE ( 'NONE', *, *, #2589, .F. ) ;
#484 = CARTESIAN_POINT ( 'NONE',  ( -3.272689189963895906, 1.526976102460971152, -1.440523094319703823 ) ) ;
#485 = ADVANCED_FACE ( 'NONE', ( #1841 ), #5779, .F. ) ;
#486 = ORIENTED_EDGE ( 'NONE', *, *, #1448, .F. ) ;
#487 = AXIS2_PLACEMENT_3D ( 'NONE', #4365, #5377, #3223 ) ;
#488 = CARTESIAN_POINT ( 'NONE',  ( -1.145055157559709880, 0.2303863975390293695, 3.198101605152936067 ) ) ;
#489 = CARTESIAN_POINT ( 'NONE',  ( 0.000000000000000000, -1.385887500000000383, 0.000000000000000000 ) ) ;
#490 = DIRECTION ( 'NONE',  ( -0.000000000000000000, -1.000000000000000000, -0.000000000000000000 ) ) ;
#491 = CARTESIAN_POINT ( 'NONE',  ( 2.728905125596666537, 2.821781249999996355, 2.279958950396315576 ) ) ;
#492 =( BOUNDED_CURVE ( )  B_SPLINE_CURVE ( 2, ( #2858, #76, #1132, #3364, #5589 ),
 .UNSPECIFIED., .F., .F. ) 
 B_SPLINE_CURVE_WITH_KNOTS ( ( 3, 2, 3 ),
 ( 0.01659028043918810841, 0.05000000000000000278, 0.09358265573073304422 ),
 .UNSPECIFIED. ) 
 CURVE ( )  GEOMETRIC_REPRESENTATION_ITEM ( )  RATIONAL_B_SPLINE_CURVE ( ( 0.9945407480612344919, 0.9917734182391062525, 1.000000000000000000, 0.9892685037336769183, 0.9972452917573861875 ) ) 
 REPRESENTATION_ITEM ( '' )  );
#493 = DIRECTION ( 'NONE',  ( -0.000000000000000000, -1.000000000000000000, -0.000000000000000000 ) ) ;
#494 = VERTEX_POINT ( 'NONE', #7190 ) ;
#495 = CARTESIAN_POINT ( 'NONE',  ( -3.278182354116818686, -0.09286875000000033298, -0.8159385351588223090 ) ) ;
#496 = CIRCLE ( 'NONE', #5975, 3.556000000000000050 ) ;
#497 = CARTESIAN_POINT ( 'NONE',  ( 2.217871957835177543, 2.600324999999998887, 2.779600686906015916 ) ) ;
#498 = ORIENTED_EDGE ( 'NONE', *, *, #4058, .T. ) ;
#499 = CARTESIAN_POINT ( 'NONE',  ( -3.042368156826920078, 3.793331250000000932, 1.128294075507608074 ) ) ;
#500 = CARTESIAN_POINT ( 'NONE',  ( -2.563962506705209421, 3.793331249999999599, 2.463987066567102868 ) ) ;
#501 =( BOUNDED_CURVE ( )  B_SPLINE_CURVE ( 2, ( #6920, #1898, #6850, #691, #1347 ),
 .UNSPECIFIED., .F., .T. ) 
 B_SPLINE_CURVE_WITH_KNOTS ( ( 3, 2, 3 ),
 ( 0.01659028043918819167, 0.05000000000000000278, 0.08854378023972311884 ),
 .UNSPECIFIED. ) 
 CURVE ( )  GEOMETRIC_REPRESENTATION_ITEM ( )  RATIONAL_B_SPLINE_CURVE ( ( 0.9945407480612347140, 0.9917734182391064746, 1.000000000000000000, 0.9905092421102533740, 0.9956508716769392198 ) ) 
 REPRESENTATION_ITEM ( '' )  );
#502 = CARTESIAN_POINT ( 'NONE',  ( -3.157762810675740273, 4.764881250000000179, -0.7467165151603689655 ) ) ;
#503 = EDGE_LOOP ( 'NONE', ( #3544, #2980, #3538, #426 ) ) ;
#504 = CARTESIAN_POINT ( 'NONE',  ( 0.8614807833658302272, 0.3929062500000000124, 3.310040667618345367 ) ) ;
#505 = CARTESIAN_POINT ( 'NONE',  ( -1.609613647566063843, 4.764881249999999291, -2.817480333217799338 ) ) ;
#506 = EDGE_LOOP ( 'NONE', ( #5311, #6321, #393, #78 ) ) ;
#507 = CARTESIAN_POINT ( 'NONE',  ( -3.092941978593007235, -0.09286875000000033298, -0.3393260483033759822 ) ) ;
#508 = CARTESIAN_POINT ( 'NONE',  ( 3.538186536000338833, 1.200149999999999828, -0.3554884477249964370 ) ) ;
#509 = CARTESIAN_POINT ( 'NONE',  ( 2.090667847536802348, 4.279106249999996336, -2.534223228996427046 ) ) ;
#510 = CARTESIAN_POINT ( 'NONE',  ( 1.799088144740065509, -0.5786437500000001233, -2.586035369792920591 ) ) ;
#511 = CARTESIAN_POINT ( 'NONE',  ( 2.624684007109074901, 2.600324999999999775, -2.399201922061976244 ) ) ;
#512 =( BOUNDED_SURFACE ( )  B_SPLINE_SURFACE ( 1, 2, ( 
 ( #6736, #1166, #6818, #6176, #1716, #2267, #656, #3399, #2375 ),
 ( #5769, #6258, #6221, #6294, #771, #5733, #1208, #1316, #4033 ) ),
 .UNSPECIFIED., .F., .F., .T. ) 
 B_SPLINE_SURFACE_WITH_KNOTS ( ( 2, 2 ),
 ( 3, 2, 2, 2, 3 ),
 ( 0.000000000000000000, 1.000000000000000000 ),
 ( 0.000000000000000000, 0.05000000000000000278, 0.1000000000000000056, 0.1499999999999999944, 0.2000000000000000111 ),
 .UNSPECIFIED. ) 
 GEOMETRIC_REPRESENTATION_ITEM ( )  RATIONAL_B_SPLINE_SURFACE ( (
 ( 1.000000000000000000, 0.9876883405951377704, 1.000000000000000000, 0.9876883405951377704, 1.000000000000000000, 0.9876883405951377704, 1.000000000000000000, 0.9876883405951377704, 1.000000000000000000),
 ( 1.000000000000000000, 0.9876883405951377704, 1.000000000000000000, 0.9876883405951377704, 1.000000000000000000, 0.9876883405951377704, 1.000000000000000000, 0.9876883405951377704, 1.000000000000000000) ) ) 
 REPRESENTATION_ITEM ( '' )  SURFACE ( )  );
#513 = CARTESIAN_POINT ( 'NONE',  ( 0.000000000000000000, -1.943100000000000049, 0.000000000000000000 ) ) ;
#514 = CARTESIAN_POINT ( 'NONE',  ( 1.963630138770499078, 0.8786812500000000803, -2.413625681026813297 ) ) ;
#515 = EDGE_CURVE ( 'NONE', #4142, #5839, #4078, .T. ) ;
#516 = FACE_OUTER_BOUND ( 'NONE', #6899, .T. ) ;
#517 = CARTESIAN_POINT ( 'NONE',  ( -0.6742672536093964331, -0.9706622954022156025, 3.280526762655782580 ) ) ;
#518 = CARTESIAN_POINT ( 'NONE',  ( 3.046055983542969692, 1.526976102460969154, 1.872737105014212311 ) ) ;
#519 = CARTESIAN_POINT ( 'NONE',  ( -2.094498616835789306, 2.336006250000000062, -2.928382276772634629 ) ) ;
#520 = ORIENTED_EDGE ( 'NONE', *, *, #574, .F. ) ;
#521 = ORIENTED_EDGE ( 'NONE', *, *, #5796, .T. ) ;
#522 = CARTESIAN_POINT ( 'NONE',  ( -3.086577806490670373, 1.850231250000001548, -1.765835055852968072 ) ) ;
#523 = ORIENTED_EDGE ( 'NONE', *, *, #470, .F. ) ;
#524 = EDGE_CURVE ( 'NONE', #6855, #3705, #3785, .T. ) ;
#525 = CARTESIAN_POINT ( 'NONE',  ( 2.598875829508853208, 0.5572124999999996664, 1.710928599560679109 ) ) ;
#526 = CARTESIAN_POINT ( 'NONE',  ( -3.363234494711738076, 2.600324999999999775, 1.154898148574617700 ) ) ;
#527 = CARTESIAN_POINT ( 'NONE',  ( 0.000000000000000000, 2.600324999999999331, 0.000000000000000000 ) ) ;
#528 = CARTESIAN_POINT ( 'NONE',  ( 0.1478323092253250315, 1.850231249999999328, -3.552925781429878249 ) ) ;
#529 = CARTESIAN_POINT ( 'NONE',  ( 0.7418306300350195892, 0.5572124999999997774, -3.021774241458458743 ) ) ;
#530 = ORIENTED_EDGE ( 'NONE', *, *, #1234, .T. ) ;
#531 = DIRECTION ( 'NONE',  ( 0.000000000000000000, 0.000000000000000000, -1.000000000000000000 ) ) ;
#532 = CARTESIAN_POINT ( 'NONE',  ( -2.699988814203357901, -1.067499318559821164, 1.811636772437996035 ) ) ;
#533 = VERTEX_POINT ( 'NONE', #2674 ) ;
#534 =( BOUNDED_CURVE ( )  B_SPLINE_CURVE ( 2, ( #2749, #408, #2635, #6037, #2163 ),
 .UNSPECIFIED., .F., .T. ) 
 B_SPLINE_CURVE_WITH_KNOTS ( ( 3, 2, 3 ),
 ( 0.01659028043918800779, 0.05000000000000000278, 0.08854378023972304945 ),
 .UNSPECIFIED. ) 
 CURVE ( )  GEOMETRIC_REPRESENTATION_ITEM ( )  RATIONAL_B_SPLINE_CURVE ( ( 0.9945407480612344919, 0.9917734182391062525, 1.000000000000000000, 0.9905092421102533740, 0.9956508716769392198 ) ) 
 REPRESENTATION_ITEM ( '' )  );
#535 = CARTESIAN_POINT ( 'NONE',  ( 2.504533504334292449, -2.035968749999999883, 2.267056939220319478 ) ) ;
#536 = EDGE_CURVE ( 'NONE', #2844, #6473, #4257, .T. ) ;
#537 = CARTESIAN_POINT ( 'NONE',  ( -3.471883923979321551, 3.793331250000000932, 0.7688680110486746377 ) ) ;
#538 = ORIENTED_EDGE ( 'NONE', *, *, #3073, .F. ) ;
#539 = CARTESIAN_POINT ( 'NONE',  ( 3.545247624400003961, 2.600324999999999331, 0.2763245947905436650 ) ) ;
#540 = CARTESIAN_POINT ( 'NONE',  ( -2.612899632346602719, 4.279106249999999889, -2.476913952103728445 ) ) ;
#541 = ORIENTED_EDGE ( 'NONE', *, *, #1249, .F. ) ;
#542 = CARTESIAN_POINT ( 'NONE',  ( 1.616685460535254970, 0.8786812500000000803, 2.658525977246396277 ) ) ;
#543 =( BOUNDED_CURVE ( )  B_SPLINE_CURVE ( 1, ( #4019, #3570 ),
 .UNSPECIFIED., .F., .T. ) 
 B_SPLINE_CURVE_WITH_KNOTS ( ( 2, 2 ),
 ( 0.000000000000000000, 0.0005113447558650975654 ),
 .UNSPECIFIED. ) 
 CURVE ( )  GEOMETRIC_REPRESENTATION_ITEM ( )  RATIONAL_B_SPLINE_CURVE ( ( 0.9945407480612347140, 0.9945407480612347140 ) ) 
 REPRESENTATION_ITEM ( '' )  );
#544 = CARTESIAN_POINT ( 'NONE',  ( -2.273996102851357559, 0.8786812499999995252, 2.123764105124868795 ) ) ;
#545 = CARTESIAN_POINT ( 'NONE',  ( 0.9176745552096449154, 0.8786812499999997472, -3.251170350922999663 ) ) ;
#546 = CARTESIAN_POINT ( 'NONE',  ( 3.135586792539744039, -0.9407207500001877332, 1.257112050077780152 ) ) ;
#547 = CARTESIAN_POINT ( 'NONE',  ( 3.309493616848862452, 1.200150000000000050, -1.300918137330959512 ) ) ;
#548 = CARTESIAN_POINT ( 'NONE',  ( 0.000000000000000000, -2.857500000000000373, 0.000000000000000000 ) ) ;
#549 = CARTESIAN_POINT ( 'NONE',  ( 0.000000000000000000, -2.857500000000000373, 0.000000000000000000 ) ) ;
#550 = CARTESIAN_POINT ( 'NONE',  ( -0.1922041616994346613, -1.149975985603241435, -3.164168902055662258 ) ) ;
#551 = EDGE_CURVE ( 'NONE', #3470, #3731, #2014, .T. ) ;
#552 = ORIENTED_EDGE ( 'NONE', *, *, #172, .F. ) ;
#553 = ORIENTED_EDGE ( 'NONE', *, *, #6579, .F. ) ;
#554 = DIRECTION ( 'NONE',  ( -0.000000000000000000, -1.000000000000000000, -0.000000000000000000 ) ) ;
#555 = CARTESIAN_POINT ( 'NONE',  ( 2.903898969058230417, 0.8786812499999981929, 2.052439226262874783 ) ) ;
#556 = CARTESIAN_POINT ( 'NONE',  ( 0.01678878021997273762, -2.521743749999999729, -3.420268483358381850 ) ) ;
#557 = CARTESIAN_POINT ( 'NONE',  ( 3.534554657829673374, 1.850231249999997107, 0.3899479078217700789 ) ) ;
#558 = CARTESIAN_POINT ( 'NONE',  ( -2.923238845763016958, -1.207420750006947152, 1.065883155238942948 ) ) ;
#559 = CARTESIAN_POINT ( 'NONE',  ( 0.000000000000000000, -2.857500000000000373, 0.000000000000000000 ) ) ;
#560 = ORIENTED_EDGE ( 'NONE', *, *, #6973, .F. ) ;
#561 = CARTESIAN_POINT ( 'NONE',  ( -2.896497705429292857, 0.5572124999999999995, 1.136544452471106359 ) ) ;
#562 = ADVANCED_FACE ( 'NONE', ( #443 ), #1581, .T. ) ;
#563 = CARTESIAN_POINT ( 'NONE',  ( 2.820014748772727398, 1.850231249999996663, 2.166253174655337510 ) ) ;
#564 = ORIENTED_EDGE ( 'NONE', *, *, #7072, .F. ) ;
#565 = DIRECTION ( 'NONE',  ( 0.000000000000000000, 0.000000000000000000, -1.000000000000000000 ) ) ;
#566 = ADVANCED_FACE ( 'NONE', ( #1029 ), #795, .F. ) ;
#567 = CARTESIAN_POINT ( 'NONE',  ( 1.020350441520197604, -0.9730674576370940132, -3.186491378892369219 ) ) ;
#568 = CARTESIAN_POINT ( 'NONE',  ( 0.2465760197138113508, 2.336006249999999174, 3.276031088010510572 ) ) ;
#569 = ORIENTED_EDGE ( 'NONE', *, *, #6782, .T. ) ;
#570 = DIRECTION ( 'NONE',  ( 0.000000000000000000, 0.000000000000000000, -1.000000000000000000 ) ) ;
#571 = CYLINDRICAL_SURFACE ( 'NONE', #735, 3.556000000000000050 ) ;
#572 = ORIENTED_EDGE ( 'NONE', *, *, #833, .F. ) ;
#573 =( BOUNDED_SURFACE ( )  B_SPLINE_SURFACE ( 1, 2, ( 
 ( #3906, #459, #3205, #5574, #5463, #1047, #537, #975, #3276 ),
 ( #2771, #5431, #2692, #5504, #4994, #425, #3797, #1084, #502 ) ),
 .UNSPECIFIED., .F., .F., .F. ) 
 B_SPLINE_SURFACE_WITH_KNOTS ( ( 2, 2 ),
 ( 3, 2, 2, 2, 3 ),
 ( 0.000000000000000000, 1.000000000000000000 ),
 ( 0.000000000000000000, 0.05000000000000000278, 0.1000000000000000056, 0.1499999999999999944, 0.2000000000000000111 ),
 .UNSPECIFIED. ) 
 GEOMETRIC_REPRESENTATION_ITEM ( )  RATIONAL_B_SPLINE_SURFACE ( (
 ( 1.000000000000000000, 0.9876883405951377704, 1.000000000000000000, 0.9876883405951377704, 1.000000000000000000, 0.9876883405951377704, 1.000000000000000000, 0.9876883405951377704, 1.000000000000000000),
 ( 1.000000000000000000, 0.9876883405951377704, 1.000000000000000000, 0.9876883405951377704, 1.000000000000000000, 0.9876883405951377704, 1.000000000000000000, 0.9876883405951377704, 1.000000000000000000) ) ) 
 REPRESENTATION_ITEM ( '' )  SURFACE ( )  );
#574 = EDGE_CURVE ( 'NONE', #4343, #6540, #4211, .T. ) ;
#575 = CARTESIAN_POINT ( 'NONE',  ( 3.062575188506905466, -3.007518750000000018, -0.5496048259812601477 ) ) ;
#576 = CARTESIAN_POINT ( 'NONE',  ( -2.371453078687876026, 0.8786812500000014126, 2.214782566773045858 ) ) ;
#577 = CARTESIAN_POINT ( 'NONE',  ( -3.070615614181034569, 0.3929062499999994573, -0.7040005939712621341 ) ) ;
#578 = CARTESIAN_POINT ( 'NONE',  ( -3.284857028448564531, 1.526976102460971152, 1.412556413750266193 ) ) ;
#579 = CARTESIAN_POINT ( 'NONE',  ( -3.185701881521076029, 3.793331250000000932, -0.6167293122376169556 ) ) ;
#580 = CARTESIAN_POINT ( 'NONE',  ( 2.959018634267513548, -3.007518749999999574, 1.629860105057370223 ) ) ;
#581 = CYLINDRICAL_SURFACE ( 'NONE', #3990, 3.378200000000000092 ) ;
#582 = DIRECTION ( 'NONE',  ( -0.000000000000000000, -1.000000000000000000, -0.000000000000000000 ) ) ;
#583 = DIRECTION ( 'NONE',  ( 0.000000000000000000, 0.000000000000000000, -1.000000000000000000 ) ) ;
#584 = CARTESIAN_POINT ( 'NONE',  ( -3.401699772034592950, -1.550193750000000259, 0.3563102894047895375 ) ) ;
#585 = VECTOR ( 'NONE', #2491, 1000.000000000000000 ) ;
#586 = ORIENTED_EDGE ( 'NONE', *, *, #2359, .F. ) ;
#587 = CARTESIAN_POINT ( 'NONE',  ( -2.610367292022899743, 0.3929062499999994573, 1.763598505074579714 ) ) ;
#588 = VERTEX_POINT ( 'NONE', #6487 ) ;
#589 = CARTESIAN_POINT ( 'NONE',  ( 7.473971303709060783E-17, 0.02725943553790106597, -3.378200000000002312 ) ) ;
#590 = DIRECTION ( 'NONE',  ( 0.000000000000000000, 0.000000000000000000, -1.000000000000000000 ) ) ;
#591 = AXIS2_PLACEMENT_3D ( 'NONE', #6554, #4761, #850 ) ;
#592 = CARTESIAN_POINT ( 'NONE',  ( 0.09288533879008073479, -1.036468050703329702, -3.281138222777107316 ) ) ;
#593 = FACE_OUTER_BOUND ( 'NONE', #4039, .T. ) ;
#594 = CARTESIAN_POINT ( 'NONE',  ( -2.917107452263101752, -1.149975985603236550, 1.240722125401892528 ) ) ;
#595 = CARTESIAN_POINT ( 'NONE',  ( -0.8499036624084167491, 1.200150000000000272, 3.452940741545496905 ) ) ;
#596 = ORIENTED_EDGE ( 'NONE', *, *, #4060, .T. ) ;
#597 = CARTESIAN_POINT ( 'NONE',  ( 3.279093388022050526, 4.279106249999995448, -0.2018067782294050427 ) ) ;
#598 = AXIS2_PLACEMENT_3D ( 'NONE', #5316, #7123, #7231 ) ;
#599 = PRODUCT_DEFINITION_FORMATION_WITH_SPECIFIED_SOURCE ( 'ANY', '', #4607, .NOT_KNOWN. ) ;
#600 = CARTESIAN_POINT ( 'NONE',  ( 2.556279958183402812, 2.223636876399967655, 2.509581465146923041 ) ) ;
#601 = ORIENTED_EDGE ( 'NONE', *, *, #80, .F. ) ;
#602 = ADVANCED_FACE ( 'NONE', ( #3149 ), #6538, .T. ) ;
#603 = CARTESIAN_POINT ( 'NONE',  ( 3.327439437358562735, -0.9730674576368998352, 0.3506980495758906802 ) ) ;
#604 = EDGE_CURVE ( 'NONE', #2524, #448, #6497, .T. ) ;
#605 = CARTESIAN_POINT ( 'NONE',  ( 0.4236825286629502529, 0.8786812499999997472, -3.082519321092045406 ) ) ;
#606 = CARTESIAN_POINT ( 'NONE',  ( -0.1771987119160972068, 2.821781249999998575, -3.240008046131257480 ) ) ;
#607 = CIRCLE ( 'NONE', #1895, 3.378200000000000092 ) ;
#608 = ORIENTED_EDGE ( 'NONE', *, *, #2438, .F. ) ;
#609 = CARTESIAN_POINT ( 'NONE',  ( 0.2364427586297253858, -0.5786437500000001233, 3.141399673434729589 ) ) ;
#610 = ORIENTED_EDGE ( 'NONE', *, *, #910, .F. ) ;
#611 = ADVANCED_FACE ( 'NONE', ( #1133 ), #4308, .T. ) ;
#612 = CARTESIAN_POINT ( 'NONE',  ( 2.154625762752588880, -1.064418749999999969, -2.244776174250525003 ) ) ;
#613 = DIRECTION ( 'NONE',  ( 0.000000000000000000, 1.000000000000000000, 0.000000000000000000 ) ) ;
#614 = EDGE_CURVE ( 'NONE', #1705, #384, #4956, .T. ) ;
#615 = CARTESIAN_POINT ( 'NONE',  ( -3.277558503343882990, -0.9407207500002886524, -0.8184408941144486471 ) ) ;
#616 = CARTESIAN_POINT ( 'NONE',  ( 2.677648290194285075, 1.200150000000000272, 2.339943510860814868 ) ) ;
#617 = EDGE_CURVE ( 'NONE', #2323, #5567, #3546, .T. ) ;
#618 = B_SPLINE_CURVE_WITH_KNOTS ( 'NONE', 3,
 ( #1849, #4089, #1704, #3158, #5387, #6494, #860, #4229, #1338, #381 ),
 .UNSPECIFIED., .F., .F.,
 ( 4, 3, 3, 4 ),
 ( 8.097580207478750742E-16, 0.0001296210011225067485, 0.0002688043935198818654, 0.0004095291194012241529 ),
 .UNSPECIFIED. ) ;
#619 =( BOUNDED_SURFACE ( )  B_SPLINE_SURFACE ( 1, 2, ( 
 ( #4239, #2040, #6502, #5323, #2512, #4675, #4712, #1489, #801 ),
 ( #6956, #2547, #1345, #3576, #1415, #1934, #4164, #318, #3683 ) ),
 .UNSPECIFIED., .F., .F., .T. ) 
 B_SPLINE_SURFACE_WITH_KNOTS ( ( 2, 2 ),
 ( 3, 2, 2, 2, 3 ),
 ( 0.000000000000000000, 1.000000000000000000 ),
 ( 0.000000000000000000, 0.05000000000000000278, 0.1000000000000000056, 0.1499999999999999944, 0.2000000000000000111 ),
 .UNSPECIFIED. ) 
 GEOMETRIC_REPRESENTATION_ITEM ( )  RATIONAL_B_SPLINE_SURFACE ( (
 ( 1.000000000000000000, 0.9876883405951377704, 1.000000000000000000, 0.9876883405951377704, 1.000000000000000000, 0.9876883405951377704, 1.000000000000000000, 0.9876883405951377704, 1.000000000000000000),
 ( 1.000000000000000000, 0.9876883405951377704, 1.000000000000000000, 0.9876883405951377704, 1.000000000000000000, 0.9876883405951377704, 1.000000000000000000, 0.9876883405951377704, 1.000000000000000000) ) ) 
 REPRESENTATION_ITEM ( '' )  SURFACE ( )  );
#620 = CARTESIAN_POINT ( 'NONE',  ( 0.000000000000000000, -0.9407207500000012157, 0.000000000000000000 ) ) ;
#621 = CARTESIAN_POINT ( 'NONE',  ( -0.6484443066854941318, -1.064418750000000191, -3.315381610181122873 ) ) ;
#622 = CARTESIAN_POINT ( 'NONE',  ( 2.459409028819353971, -1.029273648346683778, 2.184739179485051253 ) ) ;
#623 = ADVANCED_FACE ( 'NONE', ( #2859 ), #2518, .T. ) ;
#624 = CARTESIAN_POINT ( 'NONE',  ( 2.717083476778798801, -1.135696009622294111, -1.517932265057255536 ) ) ;
#625 = CARTESIAN_POINT ( 'NONE',  ( -2.542598991985172141, 0.3929062499999995683, 2.287730038127732790 ) ) ;
#626 = ORIENTED_EDGE ( 'NONE', *, *, #3071, .F. ) ;
#627 = CARTESIAN_POINT ( 'NONE',  ( -0.7897777104917292901, 4.764881249999998403, -3.147269084541462814 ) ) ;
#628 = ORIENTED_EDGE ( 'NONE', *, *, #5558, .T. ) ;
#629 = CYLINDRICAL_SURFACE ( 'NONE', #6188, 3.962399999999999700 ) ;
#630 = CARTESIAN_POINT ( 'NONE',  ( -1.370325746458405547, 1.364456250000000370, 2.985864493191616287 ) ) ;
#631 = B_SPLINE_CURVE_WITH_KNOTS ( 'NONE', 3,
 ( #143, #3502, #68, #2296, #6885, #4532, #4027, #2260, #1312, #6848 ),
 .UNSPECIFIED., .F., .F.,
 ( 4, 3, 3, 4 ),
 ( 8.100714318291623551E-16, 0.0001296210011225063419, 0.0002688043935198810522, 0.0004095291194012236650 ),
 .UNSPECIFIED. ) ;
#632 = CARTESIAN_POINT ( 'NONE',  ( 0.03374416451731977046, 2.600324999999999331, -3.555839891131355124 ) ) ;
#633 = CARTESIAN_POINT ( 'NONE',  ( 1.687777478647624507, 4.279106249999996336, 2.818614305945228882 ) ) ;
#634 = CARTESIAN_POINT ( 'NONE',  ( -0.9763550932164087870, 1.200150000000000272, -3.094476087231952999 ) ) ;
#635 = CARTESIAN_POINT ( 'NONE',  ( 0.000000000000000000, 0.5572124999999997774, 0.000000000000000000 ) ) ;
#636 = ORIENTED_EDGE ( 'NONE', *, *, #3210, .F. ) ;
#637 = CARTESIAN_POINT ( 'NONE',  ( -3.248694108622860455, -0.9730674576370974549, -0.8005179072731363199 ) ) ;
#638 = ORIENTED_EDGE ( 'NONE', *, *, #6646, .F. ) ;
#639 = CARTESIAN_POINT ( 'NONE',  ( -2.520266770887370278, 1.200149999999999828, 2.508663270261863865 ) ) ;
#640 = CARTESIAN_POINT ( 'NONE',  ( 0.7251590527603065661, -0.5786437500000000123, 3.342553321877706818 ) ) ;
#641 = EDGE_LOOP ( 'NONE', ( #6014, #2996, #4860, #3019 ) ) ;
#642 = CARTESIAN_POINT ( 'NONE',  ( 0.08863242637716052530, 4.764881249999997515, -3.243639285662715199 ) ) ;
#643 = ADVANCED_FACE ( 'NONE', ( #6072 ), #45, .F. ) ;
#644 = CARTESIAN_POINT ( 'NONE',  ( 2.673802356999015917, -0.09286874999999979174, 2.064707290563605024 ) ) ;
#645 = ORIENTED_EDGE ( 'NONE', *, *, #1642, .F. ) ;
#646 = CARTESIAN_POINT ( 'NONE',  ( -3.550104427863029599, 2.600324999999998443, 0.2046815850713119278 ) ) ;
#647 =( BOUNDED_CURVE ( )  B_SPLINE_CURVE ( 2, ( #2238, #484, #522, #2754, #6707 ),
 .UNSPECIFIED., .F., .T. ) 
 B_SPLINE_CURVE_WITH_KNOTS ( ( 3, 2, 3 ),
 ( 0.01659028043918796963, 0.05000000000000000278, 0.08854378023972300782 ),
 .UNSPECIFIED. ) 
 CURVE ( )  GEOMETRIC_REPRESENTATION_ITEM ( )  RATIONAL_B_SPLINE_CURVE ( ( 0.9945407480612347140, 0.9917734182391064746, 1.000000000000000000, 0.9905092421102533740, 0.9956508716769392198 ) ) 
 REPRESENTATION_ITEM ( '' )  );
#648 = CARTESIAN_POINT ( 'NONE',  ( 0.000000000000000000, 0.5572124999999997774, 0.000000000000000000 ) ) ;
#649 = CARTESIAN_POINT ( 'NONE',  ( 0.000000000000000000, 2.600324999999999331, 0.000000000000000000 ) ) ;
#650 = CARTESIAN_POINT ( 'NONE',  ( 0.3538685932306663839, 4.764881249999997515, 3.225496634818425523 ) ) ;
#651 = CARTESIAN_POINT ( 'NONE',  ( -2.482451689767964265, 0.5572124999999997774, 1.875864029712221548 ) ) ;
#652 = CARTESIAN_POINT ( 'NONE',  ( 2.680145956422362197, -0.9407207500002888745, 2.056466117463038756 ) ) ;
#653 = CARTESIAN_POINT ( 'NONE',  ( 1.947044624145271907, 1.200149999999999606, 2.975592921013726411 ) ) ;
#654 = ADVANCED_FACE ( 'NONE', ( #5701 ), #6896, .T. ) ;
#655 = ORIENTED_EDGE ( 'NONE', *, *, #4812, .F. ) ;
#656 = CARTESIAN_POINT ( 'NONE',  ( 1.309415826579384712, -2.035968749999999883, -3.114107485798049080 ) ) ;
#657 = CARTESIAN_POINT ( 'NONE',  ( 0.9209977687035429961, -3.007518750000000018, -2.972069205123444302 ) ) ;
#658 = DIRECTION ( 'NONE',  ( 8.659560562354974766E-17, 0.7071067811865441310, -0.7071067811865507924 ) ) ;
#659 = EDGE_CURVE ( 'NONE', #2726, #6742, #6780, .T. ) ;
#660 =( BOUNDED_SURFACE ( )  B_SPLINE_SURFACE ( 1, 2, ( 
 ( #555, #5055, #5940, #1073, #5015, #6185, #6500, #49, #2865 ),
 ( #3337, #3306, #4511, #5634, #5492, #4439, #1728, #1659, #7229 ) ),
 .UNSPECIFIED., .F., .F., .T. ) 
 B_SPLINE_SURFACE_WITH_KNOTS ( ( 2, 2 ),
 ( 3, 2, 2, 2, 3 ),
 ( 0.000000000000000000, 1.000000000000000000 ),
 ( 0.000000000000000000, 0.05000000000000000278, 0.1000000000000000056, 0.1499999999999999944, 0.2000000000000000111 ),
 .UNSPECIFIED. ) 
 GEOMETRIC_REPRESENTATION_ITEM ( )  RATIONAL_B_SPLINE_SURFACE ( (
 ( 1.000000000000000000, 0.9876883405951377704, 1.000000000000000000, 0.9876883405951377704, 1.000000000000000000, 0.9876883405951377704, 1.000000000000000000, 0.9876883405951377704, 1.000000000000000000),
 ( 1.000000000000000000, 0.9876883405951377704, 1.000000000000000000, 0.9876883405951377704, 1.000000000000000000, 0.9876883405951377704, 1.000000000000000000, 0.9876883405951377704, 1.000000000000000000) ) ) 
 REPRESENTATION_ITEM ( '' )  SURFACE ( )  );
#661 = CARTESIAN_POINT ( 'NONE',  ( 2.060857941875686716, -0.09286874999999999991, -2.331157822501066512 ) ) ;
#662 = CARTESIAN_POINT ( 'NONE',  ( 0.000000000000000000, -2.857500000000000373, 0.000000000000000000 ) ) ;
#663 = ORIENTED_EDGE ( 'NONE', *, *, #5313, .T. ) ;
#664 = CARTESIAN_POINT ( 'NONE',  ( -3.563672922560316536, 2.336006250000000950, 0.5124280591980890920 ) ) ;
#665 = VERTEX_POINT ( 'NONE', #5154 ) ;
#666 = EDGE_CURVE ( 'NONE', #4288, #115, #1778, .T. ) ;
#667 = CARTESIAN_POINT ( 'NONE',  ( 2.291327449016112627, -1.181751568882860814, -2.142941441920283907 ) ) ;
#668 = CARTESIAN_POINT ( 'NONE',  ( -1.749979192178790166, 1.200150000000000050, 3.095595068309366482 ) ) ;
#669 = DIRECTION ( 'NONE',  ( 0.000000000000000000, 0.000000000000000000, -1.000000000000000000 ) ) ;
#670 = CARTESIAN_POINT ( 'NONE',  ( 2.680145956422362197, -0.9407207500002888745, 2.056466117463038756 ) ) ;
#671 = LINE ( 'NONE', #2903, #1651 ) ;
#672 = DIRECTION ( 'NONE',  ( 0.000000000000000000, 0.000000000000000000, -1.000000000000000000 ) ) ;
#673 = ORIENTED_EDGE ( 'NONE', *, *, #2037, .T. ) ;
#674 = CARTESIAN_POINT ( 'NONE',  ( 3.579075304975074978, 2.223636876399967655, -0.1509513701052919710 ) ) ;
#675 = DIRECTION ( 'NONE',  ( -0.000000000000000000, -1.000000000000000000, -0.000000000000000000 ) ) ;
#676 = ORIENTED_EDGE ( 'NONE', *, *, #2848, .T. ) ;
#677 = CARTESIAN_POINT ( 'NONE',  ( 3.136188178485298739, 2.821781249999996355, -0.8326915585191662084 ) ) ;
#678 = CARTESIAN_POINT ( 'NONE',  ( 0.7736233713222818720, 1.200149999999999828, -3.151278851806668779 ) ) ;
#679 = ORIENTED_EDGE ( 'NONE', *, *, #1327, .T. ) ;
#680 = CARTESIAN_POINT ( 'NONE',  ( 0.02240187626218271763, 4.279106249999997225, -3.600256292374627076 ) ) ;
#681 =( BOUNDED_CURVE ( )  B_SPLINE_CURVE ( 2, ( #5413, #1027, #5375, #2128, #3222 ),
 .UNSPECIFIED., .F., .F. ) 
 B_SPLINE_CURVE_WITH_KNOTS ( ( 3, 2, 3 ),
 ( 0.01659028043918817433, 0.05000000000000000278, 0.08854378023972307721 ),
 .UNSPECIFIED. ) 
 CURVE ( )  GEOMETRIC_REPRESENTATION_ITEM ( )  RATIONAL_B_SPLINE_CURVE ( ( 0.9945407480612344919, 0.9917734182391064746, 1.000000000000000000, 0.9905092421102533740, 0.9956508716769392198 ) ) 
 REPRESENTATION_ITEM ( '' )  );
#682 = CARTESIAN_POINT ( 'NONE',  ( 3.133769171864412062, -1.550193749999999815, -0.3221612388796926130 ) ) ;
#683 = AXIS2_PLACEMENT_3D ( 'NONE', #4847, #5293, #5875 ) ;
#684 = VERTEX_POINT ( 'NONE', #5192 ) ;
#685 = AXIS2_PLACEMENT_3D ( 'NONE', #6806, #3062, #5137 ) ;
#686 = CARTESIAN_POINT ( 'NONE',  ( -8.170926122742388347E-17, -0.8057609255913409374, -3.378200000000002756 ) ) ;
#687 = CARTESIAN_POINT ( 'NONE',  ( 3.058947318407201799, -0.9407207500002884304, -1.433553815944851317 ) ) ;
#688 = CARTESIAN_POINT ( 'NONE',  ( 2.012584357781563416, 2.821781249999997243, 2.931661679459793390 ) ) ;
#689 = ADVANCED_FACE ( 'NONE', ( #2965 ), #1540, .T. ) ;
#690 = CARTESIAN_POINT ( 'NONE',  ( -2.870568374393763111, -1.064418750000000635, 1.200528824281353213 ) ) ;
#691 = CARTESIAN_POINT ( 'NONE',  ( 1.780634905440062310, 2.223636876399968099, 3.108360611053283762 ) ) ;
#692 = CARTESIAN_POINT ( 'NONE',  ( -3.088021554570584026, 4.279106249999999889, -1.121294921783154486 ) ) ;
#693 =( BOUNDED_CURVE ( )  B_SPLINE_CURVE ( 2, ( #6130, #5032, #644, #29, #3352 ),
 .UNSPECIFIED., .F., .T. ) 
 B_SPLINE_CURVE_WITH_KNOTS ( ( 3, 2, 3 ),
 ( 0.01659028043918810147, 0.05000000000000000278, 0.09358265573071419818 ),
 .UNSPECIFIED. ) 
 CURVE ( )  GEOMETRIC_REPRESENTATION_ITEM ( )  RATIONAL_B_SPLINE_CURVE ( ( 0.9945407480612347140, 0.9917734182391064746, 1.000000000000000000, 0.9892685037336815812, 0.9972452917573793041 ) ) 
 REPRESENTATION_ITEM ( '' )  );
#694 = VERTEX_POINT ( 'NONE', #1869 ) ;
#695 = CARTESIAN_POINT ( 'NONE',  ( -2.974876370646321710, -2.035968750000000327, 1.600732900695854388 ) ) ;
#696 = EDGE_CURVE ( 'NONE', #1446, #684, #1763, .T. ) ;
#697 = COORDINATED_UNIVERSAL_TIME_OFFSET ( 6, 0, .BEHIND. ) ;
#698 = EDGE_CURVE ( 'NONE', #1609, #6671, #281, .T. ) ;
#699 = CARTESIAN_POINT ( 'NONE',  ( 0.000000000000000000, 2.600324999999999331, 0.000000000000000000 ) ) ;
#700 = CARTESIAN_POINT ( 'NONE',  ( -0.2632605969450607097, -0.5786437500000001233, -3.410163078137471437 ) ) ;
#701 = ORIENTED_EDGE ( 'NONE', *, *, #7184, .T. ) ;
#702 = CARTESIAN_POINT ( 'NONE',  ( -3.482061769968168186, 0.8786812500000018566, -0.7213749580669893691 ) ) ;
#703 = ORIENTED_EDGE ( 'NONE', *, *, #5114, .F. ) ;
#704 = ADVANCED_FACE ( 'NONE', ( #1908 ), #3264, .T. ) ;
#705 = CARTESIAN_POINT ( 'NONE',  ( 3.208906040040185204, 4.279106249999995448, -1.632565233317423870 ) ) ;
#706 = CARTESIAN_POINT ( 'NONE',  ( -0.2397559192786426763, 0.2303863975390294527, 3.388439506602815676 ) ) ;
#707 =( BOUNDED_SURFACE ( )  B_SPLINE_SURFACE ( 1, 2, ( 
 ( #4632, #1152, #3938, #2802, #5133, #1739, #5682, #4486, #6722 ),
 ( #5066, #2842, #1229, #6838, #677, #3495, #1703, #6199, #6243 ) ),
 .UNSPECIFIED., .F., .F., .T. ) 
 B_SPLINE_SURFACE_WITH_KNOTS ( ( 2, 2 ),
 ( 3, 2, 2, 2, 3 ),
 ( 0.000000000000000000, 1.000000000000000000 ),
 ( 0.000000000000000000, 0.05000000000000000278, 0.1000000000000000056, 0.1499999999999999944, 0.2000000000000000111 ),
 .UNSPECIFIED. ) 
 GEOMETRIC_REPRESENTATION_ITEM ( )  RATIONAL_B_SPLINE_SURFACE ( (
 ( 1.000000000000000000, 0.9876883405951377704, 1.000000000000000000, 0.9876883405951377704, 1.000000000000000000, 0.9876883405951377704, 1.000000000000000000, 0.9876883405951377704, 1.000000000000000000),
 ( 1.000000000000000000, 0.9876883405951377704, 1.000000000000000000, 0.9876883405951377704, 1.000000000000000000, 0.9876883405951377704, 1.000000000000000000, 0.9876883405951377704, 1.000000000000000000) ) ) 
 REPRESENTATION_ITEM ( '' )  SURFACE ( )  );
#708 = CARTESIAN_POINT ( 'NONE',  ( -3.043608578177316115, -3.007518750000000463, 1.465838348128965407 ) ) ;
#709 = CARTESIAN_POINT ( 'NONE',  ( 3.222602760333932892, 1.850231249999997107, -1.503318811526058729 ) ) ;
#710 = AXIS2_PLACEMENT_3D ( 'NONE', #5681, #2947, #5645 ) ;
#711 = CARTESIAN_POINT ( 'NONE',  ( 1.925410982757310041, -0.9706622954021483229, -2.740307412913473240 ) ) ;
#712 = CARTESIAN_POINT ( 'NONE',  ( 2.073095302960531683, 2.600324999999999775, -2.496262683962366502 ) ) ;
#713 = EDGE_CURVE ( 'NONE', #5839, #5685, #1012, .T. ) ;
#714 = VERTEX_POINT ( 'NONE', #5885 ) ;
#715 = CARTESIAN_POINT ( 'NONE',  ( 3.497439890275849894, 3.307556249999994424, -0.8545533504412849979 ) ) ;
#716 = CARTESIAN_POINT ( 'NONE',  ( 0.000000000000000000, -2.857500000000000373, 3.070859999999999257 ) ) ;
#717 = ORIENTED_EDGE ( 'NONE', *, *, #867, .T. ) ;
#718 = CIRCLE ( 'NONE', #6798, 3.378200000000000092 ) ;
#719 = CARTESIAN_POINT ( 'NONE',  ( -2.588842476472333232, 1.200149999999999828, 1.956258202414140390 ) ) ;
#720 = CARTESIAN_POINT ( 'NONE',  ( 1.050091099178201537, -0.09286875000000022196, -3.210847851179919665 ) ) ;
#721 = CARTESIAN_POINT ( 'NONE',  ( -1.827991097758807859, -3.007518750000000463, 2.840894891845623160 ) ) ;
#722 = VECTOR ( 'NONE', #4704, 1000.000000000000000 ) ;
#723 = CIRCLE ( 'NONE', #6803, 3.200400000000000134 ) ;
#724 = ORIENTED_EDGE ( 'NONE', *, *, #6525, .F. ) ;
#725 = CARTESIAN_POINT ( 'NONE',  ( -2.870568374393763111, -1.064418750000000635, 1.200528824281353213 ) ) ;
#726 = CARTESIAN_POINT ( 'NONE',  ( 3.025245900600889382, -0.9730674576370977880, -1.429240907672097993 ) ) ;
#727 = EDGE_LOOP ( 'NONE', ( #3753, #3535, #229, #5392 ) ) ;
#728 = CARTESIAN_POINT ( 'NONE',  ( -2.950619321332848877, 0.5572124999999997774, 1.645016978811246089 ) ) ;
#729 = CARTESIAN_POINT ( 'NONE',  ( -2.939791355552545671, 1.850231250000001104, 1.373564089629067730 ) ) ;
#730 = CARTESIAN_POINT ( 'NONE',  ( 3.408719911017535242, -0.5156196993880661772, -0.09839433309949977002 ) ) ;
#731 = CARTESIAN_POINT ( 'NONE',  ( 2.958877435397062605, 4.764881249999995738, -1.972354005319062908 ) ) ;
#732 =( BOUNDED_CURVE ( )  B_SPLINE_CURVE ( 2, ( #2369, #1857, #5142, #4095, #5723 ),
 .UNSPECIFIED., .F., .F. ) 
 B_SPLINE_CURVE_WITH_KNOTS ( ( 3, 2, 3 ),
 ( 0.01659028043918824719, 0.05000000000000000278, 0.08854378023972320211 ),
 .UNSPECIFIED. ) 
 CURVE ( )  GEOMETRIC_REPRESENTATION_ITEM ( )  RATIONAL_B_SPLINE_CURVE ( ( 0.9945407480612346030, 0.9917734182391064746, 1.000000000000000000, 0.9905092421102533740, 0.9956508716769392198 ) ) 
 REPRESENTATION_ITEM ( '' )  );
#733 = CARTESIAN_POINT ( 'NONE',  ( -3.095438724920188900, -1.179124203889764022, -0.5324014517438552252 ) ) ;
#734 = CARTESIAN_POINT ( 'NONE',  ( -3.228973407210023350, 1.364456250000001036, 1.592506813289544576 ) ) ;
#735 = AXIS2_PLACEMENT_3D ( 'NONE', #1708, #2879, #1156 ) ;
#736 = ORIENTED_EDGE ( 'NONE', *, *, #2977, .F. ) ;
#737 = CARTESIAN_POINT ( 'NONE',  ( 2.500000000000000444, -2.857500000000000373, 0.000000000000000000 ) ) ;
#738 = PERSON_AND_ORGANIZATION ( #2687, #3284 ) ;
#739 = CARTESIAN_POINT ( 'NONE',  ( 1.492660793980090661, -0.5156196993879219592, -3.066107733049845407 ) ) ;
#740 =( BOUNDED_CURVE ( )  B_SPLINE_CURVE ( 1, ( #4969, #71 ),
 .UNSPECIFIED., .F., .F. ) 
 B_SPLINE_CURVE_WITH_KNOTS ( ( 2, 2 ),
 ( 0.000000000000000000, 0.0005566452967378098145 ),
 .UNSPECIFIED. ) 
 CURVE ( )  GEOMETRIC_REPRESENTATION_ITEM ( )  RATIONAL_B_SPLINE_CURVE ( ( 0.9945407480612344919, 0.9945407480612344919 ) ) 
 REPRESENTATION_ITEM ( '' )  );
#741 = CARTESIAN_POINT ( 'NONE',  ( -0.5582061569422197556, 3.307556249999998421, -3.237527653852708465 ) ) ;
#742 = ORIENTED_EDGE ( 'NONE', *, *, #3025, .T. ) ;
#743 = CARTESIAN_POINT ( 'NONE',  ( -3.184269612802621996, 4.279106249999999889, -1.680111379589147358 ) ) ;
#744 = ORIENTED_EDGE ( 'NONE', *, *, #1758, .T. ) ;
#745 = LINE ( 'NONE', #1256, #585 ) ;
#746 = CARTESIAN_POINT ( 'NONE',  ( -0.8204210176929869203, 1.850231249999999328, -3.460064356876561220 ) ) ;
#747 = CARTESIAN_POINT ( 'NONE',  ( 0.4535683379412148164, 0.8786812499999998582, 3.347612731905714512 ) ) ;
#748 = CARTESIAN_POINT ( 'NONE',  ( 0.000000000000000000, -2.857500000000000373, 0.000000000000000000 ) ) ;
#749 = CARTESIAN_POINT ( 'NONE',  ( -0.5352661778898458733, -1.550193750000000259, -3.104478572187520324 ) ) ;
#750 = ORIENTED_EDGE ( 'NONE', *, *, #1985, .F. ) ;
#751 = CARTESIAN_POINT ( 'NONE',  ( -0.6502106870270335515, 1.526976102460970042, -3.197379694540768647 ) ) ;
#752 = DIRECTION ( 'NONE',  ( 0.000000000000000000, 0.7071067811865441310, 0.7071067811865507924 ) ) ;
#753 = EDGE_CURVE ( 'NONE', #494, #3936, #4981, .T. ) ;
#754 = ORIENTED_EDGE ( 'NONE', *, *, #3290, .T. ) ;
#755 =( BOUNDED_CURVE ( )  B_SPLINE_CURVE ( 2, ( #5835, #1972, #1456, #2514, #354 ),
 .UNSPECIFIED., .F., .T. ) 
 B_SPLINE_CURVE_WITH_KNOTS ( ( 3, 2, 3 ),
 ( 0.01659028043918801473, 0.05000000000000000278, 0.08854378023972302170 ),
 .UNSPECIFIED. ) 
 CURVE ( )  GEOMETRIC_REPRESENTATION_ITEM ( )  RATIONAL_B_SPLINE_CURVE ( ( 0.9945407480612347140, 0.9917734182391064746, 1.000000000000000000, 0.9905092421102533740, 0.9956508716769392198 ) ) 
 REPRESENTATION_ITEM ( '' )  );
#756 = CYLINDRICAL_SURFACE ( 'NONE', #364, 3.556000000000000050 ) ;
#757 = CARTESIAN_POINT ( 'NONE',  ( 3.329206089094517651, 0.5572124999999997774, 0.5732556640243325896 ) ) ;
#758 = CARTESIAN_POINT ( 'NONE',  ( 0.000000000000000000, -2.857500000000000373, 0.000000000000000000 ) ) ;
#759 = VERTEX_POINT ( 'NONE', #4894 ) ;
#760 = CARTESIAN_POINT ( 'NONE',  ( 1.853404224539021650, 0.5572124999999997774, 2.824380997751704481 ) ) ;
#761 = CARTESIAN_POINT ( 'NONE',  ( 3.119115197847139864, -1.064418749999999747, -1.297441953444929741 ) ) ;
#762 = VERTEX_POINT ( 'NONE', #3215 ) ;
#763 = CARTESIAN_POINT ( 'NONE',  ( -1.378429337673706012, 2.223636876399969431, 2.963958356644075476 ) ) ;
#764 = CARTESIAN_POINT ( 'NONE',  ( -1.392404526373008711, -1.036468050703330590, 2.972491439527965351 ) ) ;
#765 = EDGE_CURVE ( 'NONE', #3923, #4852, #1756, .T. ) ;
#766 = CARTESIAN_POINT ( 'NONE',  ( -0.09497255183897301833, 4.764881249999997515, 3.554731524939294562 ) ) ;
#767 = CARTESIAN_POINT ( 'NONE',  ( 0.9604691016480279009, 4.764881249999997515, -3.099443599628723067 ) ) ;
#768 = CARTESIAN_POINT ( 'NONE',  ( 3.919359615991189252E-16, 2.857499999999999485, 3.200400000000000134 ) ) ;
#769 = CARTESIAN_POINT ( 'NONE',  ( -1.943856213868751626, -1.207420750006950483, 2.429579237193931540 ) ) ;
#770 = VERTEX_POINT ( 'NONE', #2084 ) ;
#771 = CARTESIAN_POINT ( 'NONE',  ( 0.6746043896690716579, -1.064418749999999747, -3.037489286802381283 ) ) ;
#772 = CARTESIAN_POINT ( 'NONE',  ( 0.9389436000075207511, -2.521743749999999729, -3.288906091301610157 ) ) ;
#773 =( BOUNDED_CURVE ( )  B_SPLINE_CURVE ( 1, ( #4787, #3728 ),
 .UNSPECIFIED., .F., .T. ) 
 B_SPLINE_CURVE_WITH_KNOTS ( ( 2, 2 ),
 ( 0.000000000000000000, 0.0005566452967378111155 ),
 .UNSPECIFIED. ) 
 CURVE ( )  GEOMETRIC_REPRESENTATION_ITEM ( )  RATIONAL_B_SPLINE_CURVE ( ( 0.9956508716769392198, 0.9956508716769392198 ) ) 
 REPRESENTATION_ITEM ( '' )  );
#774 = DATE_AND_TIME ( #3548, #5383 ) ;
#775 = CARTESIAN_POINT ( 'NONE',  ( 2.544268303148325305, 3.307556249999995313, -2.547360598038268975 ) ) ;
#776 = CARTESIAN_POINT ( 'NONE',  ( -1.963630138770533717, 0.8786812499999996362, -2.413625681026784875 ) ) ;
#777 = EDGE_LOOP ( 'NONE', ( #1235, #2797, #3650, #312 ) ) ;
#778 = CARTESIAN_POINT ( 'NONE',  ( -2.165910779688854149, -0.5786437500000004563, -2.287603020804064968 ) ) ;
#779 = ORIENTED_EDGE ( 'NONE', *, *, #460, .T. ) ;
#780 = CARTESIAN_POINT ( 'NONE',  ( 1.211759848044096310, -0.09286874999999999991, 3.153390764029751381 ) ) ;
#781 = CARTESIAN_POINT ( 'NONE',  ( 2.691315936529262487, 0.5572124999999997774, -2.041826087056294092 ) ) ;
#782 = CARTESIAN_POINT ( 'NONE',  ( 3.919359615991189252E-16, 2.600324999999999331, 3.200400000000000134 ) ) ;
#783 =( BOUNDED_CURVE ( )  B_SPLINE_CURVE ( 2, ( #5146, #218, #145, #2335, #5837 ),
 .UNSPECIFIED., .F., .T. ) 
 B_SPLINE_CURVE_WITH_KNOTS ( ( 3, 2, 3 ),
 ( 0.01659028043918801473, 0.05000000000000000278, 0.08854378023972295231 ),
 .UNSPECIFIED. ) 
 CURVE ( )  GEOMETRIC_REPRESENTATION_ITEM ( )  RATIONAL_B_SPLINE_CURVE ( ( 0.9945407480612347140, 0.9917734182391064746, 1.000000000000000000, 0.9905092421102534850, 0.9956508716769392198 ) ) 
 REPRESENTATION_ITEM ( '' )  );
#784 = EDGE_CURVE ( 'NONE', #211, #6608, #2725, .T. ) ;
#785 = DIRECTION ( 'NONE',  ( 0.000000000000000000, 0.000000000000000000, -1.000000000000000000 ) ) ;
#786 = DIRECTION ( 'NONE',  ( -0.000000000000000000, -1.000000000000000000, -0.000000000000000000 ) ) ;
#787 = ORIENTED_EDGE ( 'NONE', *, *, #2657, .T. ) ;
#788 = ORIENTED_EDGE ( 'NONE', *, *, #798, .T. ) ;
#789 = DIRECTION ( 'NONE',  ( -0.000000000000000000, -1.000000000000000000, -0.000000000000000000 ) ) ;
#790 = CARTESIAN_POINT ( 'NONE',  ( 0.000000000000000000, -2.857500000000000373, 0.000000000000000000 ) ) ;
#791 = CYLINDRICAL_SURFACE ( 'NONE', #3169, 3.378200000000000092 ) ;
#792 = EDGE_CURVE ( 'NONE', #4134, #2943, #2026, .T. ) ;
#793 = EDGE_LOOP ( 'NONE', ( #636, #1738, #5711, #5715 ) ) ;
#794 = CARTESIAN_POINT ( 'NONE',  ( 2.073095302960531683, 2.600324999999999775, -2.496262683962366502 ) ) ;
#795 =( BOUNDED_SURFACE ( )  B_SPLINE_SURFACE ( 1, 2, ( 
 ( #2600, #5483, #4398, #481, #2059, #2713, #2636, #4944, #2164 ),
 ( #6629, #4292, #1613, #335, #3704, #916, #1508, #2564, #5895 ) ),
 .UNSPECIFIED., .F., .F., .T. ) 
 B_SPLINE_SURFACE_WITH_KNOTS ( ( 2, 2 ),
 ( 3, 2, 2, 2, 3 ),
 ( 0.000000000000000000, 1.000000000000000000 ),
 ( 0.000000000000000000, 0.05000000000000000278, 0.1000000000000000056, 0.1499999999999999944, 0.2000000000000000111 ),
 .UNSPECIFIED. ) 
 GEOMETRIC_REPRESENTATION_ITEM ( )  RATIONAL_B_SPLINE_SURFACE ( (
 ( 1.000000000000000000, 0.9876883405951377704, 1.000000000000000000, 0.9876883405951377704, 1.000000000000000000, 0.9876883405951377704, 1.000000000000000000, 0.9876883405951377704, 1.000000000000000000),
 ( 1.000000000000000000, 0.9876883405951377704, 1.000000000000000000, 0.9876883405951377704, 1.000000000000000000, 0.9876883405951377704, 1.000000000000000000, 0.9876883405951377704, 1.000000000000000000) ) ) 
 REPRESENTATION_ITEM ( '' )  SURFACE ( )  );
#796 = DIRECTION ( 'NONE',  ( 0.000000000000000000, -0.000000000000000000, 1.000000000000000000 ) ) ;
#797 = ORIENTED_EDGE ( 'NONE', *, *, #551, .F. ) ;
#798 = EDGE_CURVE ( 'NONE', #6861, #995, #3765, .T. ) ;
#799 = DIRECTION ( 'NONE',  ( -0.000000000000000000, -1.000000000000000000, -0.000000000000000000 ) ) ;
#800 = CARTESIAN_POINT ( 'NONE',  ( 1.175541033737049101, -1.000217606553379657, -3.104457409674102664 ) ) ;
#801 = CARTESIAN_POINT ( 'NONE',  ( -0.5294823915806022852, 4.764881249999998403, 3.201359073816322898 ) ) ;
#802 = CARTESIAN_POINT ( 'NONE',  ( 1.503318811526109133, 4.764881249999996626, -3.222602760333913796 ) ) ;
#803 = CARTESIAN_POINT ( 'NONE',  ( 0.4507569331500542176, 2.600324999999998887, 3.527315436308067209 ) ) ;
#805 = EDGE_CURVE ( 'NONE', #4766, #448, #4753, .T. ) ;
#804 = CARTESIAN_POINT ( 'NONE',  ( 2.530068534429952720, 4.764881249999995738, 2.498777543337444840 ) ) ;
#806 = ORIENTED_EDGE ( 'NONE', *, *, #3303, .T. ) ;
#807 = AXIS2_PLACEMENT_3D ( 'NONE', #6905, #4698, #204 ) ;
#808 = B_SPLINE_CURVE_WITH_KNOTS ( 'NONE', 3,
 ( #4716, #5838, #6852, #1860, #3543, #2444, #839, #4099, #1899, #769 ),
 .UNSPECIFIED., .F., .F.,
 ( 4, 3, 3, 4 ),
 ( 6.942281208919283290E-19, 0.0002589485462244661587, 0.0005341756780449743482, 0.0008103109524486918139 ),
 .UNSPECIFIED. ) ;
#809 = CARTESIAN_POINT ( 'NONE',  ( 3.339228741997720462, 2.600324999999999331, 1.222574091258422868 ) ) ;
#810 = APPROVAL_ROLE ( '' ) ;
#811 = DIRECTION ( 'NONE',  ( 0.000000000000000000, 0.000000000000000000, -1.000000000000000000 ) ) ;
#812 = VERTEX_POINT ( 'NONE', #2017 ) ;
#813 = CARTESIAN_POINT ( 'NONE',  ( -0.9455474128773874165, 4.279106249999998113, -3.473944056090142229 ) ) ;
#814 = ORIENTED_EDGE ( 'NONE', *, *, #21, .T. ) ;
#815 =( BOUNDED_CURVE ( )  B_SPLINE_CURVE ( 1, ( #1118, #1566 ),
 .UNSPECIFIED., .F., .F. ) 
 B_SPLINE_CURVE_WITH_KNOTS ( ( 2, 2 ),
 ( 2.168404344971008868E-19, 0.0005113447558650970233 ),
 .UNSPECIFIED. ) 
 CURVE ( )  GEOMETRIC_REPRESENTATION_ITEM ( )  RATIONAL_B_SPLINE_CURVE ( ( 0.9945407480612344919, 0.9945407480612344919 ) ) 
 REPRESENTATION_ITEM ( '' )  );
#816 = CARTESIAN_POINT ( 'NONE',  ( 2.091911175116914823, 2.821781249999997687, -2.875594483827820014 ) ) ;
#817 = CARTESIAN_POINT ( 'NONE',  ( -3.112504764771693466, 0.2303863975390292307, -1.360631941418907198 ) ) ;
#818 = CARTESIAN_POINT ( 'NONE',  ( 3.136545570566738217, -0.09286874999999956970, 1.254717945897869891 ) ) ;
#819 = DIRECTION ( 'NONE',  ( 0.000000000000000000, 0.000000000000000000, -1.000000000000000000 ) ) ;
#820 = CARTESIAN_POINT ( 'NONE',  ( -1.028429072223610019, -1.550193750000000259, -3.262031882860926491 ) ) ;
#821 = ORIENTED_EDGE ( 'NONE', *, *, #973, .T. ) ;
#822 = CARTESIAN_POINT ( 'NONE',  ( -3.160822703153467028, -0.5156196993879220702, -1.279942465809676522 ) ) ;
#823 = ORIENTED_EDGE ( 'NONE', *, *, #2853, .F. ) ;
#824 = CIRCLE ( 'NONE', #5371, 3.022600000000000176 ) ;
#825 = DIRECTION ( 'NONE',  ( -0.000000000000000000, -1.000000000000000000, -0.000000000000000000 ) ) ;
#826 = CARTESIAN_POINT ( 'NONE',  ( 2.699140644036563508, 0.5572124999999995554, -2.031471147643963082 ) ) ;
#827 = ORIENTED_EDGE ( 'NONE', *, *, #2318, .T. ) ;
#828 = CARTESIAN_POINT ( 'NONE',  ( -1.393988479845627682, -2.035968750000000327, -3.077179123492435942 ) ) ;
#829 = AXIS2_PLACEMENT_3D ( 'NONE', #5891, #6448, #2632 ) ;
#830 = CARTESIAN_POINT ( 'NONE',  ( 1.972354005319104875, 1.850231249999997996, -2.958877435397030631 ) ) ;
#831 = EDGE_CURVE ( 'NONE', #6075, #4176, #6527, .T. ) ;
#832 = ORIENTED_EDGE ( 'NONE', *, *, #6617, .T. ) ;
#833 = EDGE_CURVE ( 'NONE', #4708, #6949, #2979, .T. ) ;
#834 = CARTESIAN_POINT ( 'NONE',  ( 1.544113606556255958, 0.2303863975390295638, 3.025676512911402494 ) ) ;
#835 = CARTESIAN_POINT ( 'NONE',  ( -1.807828890945075928, 3.793331249999999599, 3.062170913104673264 ) ) ;
#836 = CARTESIAN_POINT ( 'NONE',  ( -1.262636069562823149, 2.600324999999998887, -2.989113861722056953 ) ) ;
#837 = CARTESIAN_POINT ( 'NONE',  ( 2.539766964142365691, 1.526976102460968931, -2.048315067668267986 ) ) ;
#838 = CARTESIAN_POINT ( 'NONE',  ( 0.000000000000000000, -0.9407207500000012157, 0.000000000000000000 ) ) ;
#839 = CARTESIAN_POINT ( 'NONE',  ( -1.796806606779212556, -1.120186029920383630, 2.646391850667129564 ) ) ;
#840 = ORIENTED_EDGE ( 'NONE', *, *, #180, .F. ) ;
#841 = AXIS2_PLACEMENT_3D ( 'NONE', #3939, #60, #5067 ) ;
#842 = EDGE_CURVE ( 'NONE', #2541, #5287, #25, .T. ) ;
#843 = CARTESIAN_POINT ( 'NONE',  ( -2.679581117917771316, 1.364456250000000592, 2.404618940152817519 ) ) ;
#844 = COORDINATED_UNIVERSAL_TIME_OFFSET ( 6, 0, .BEHIND. ) ;
#845 = CARTESIAN_POINT ( 'NONE',  ( 3.165065341417541145, -1.097987288839242570, -0.5976475604296944688 ) ) ;
#847 = CARTESIAN_POINT ( 'NONE',  ( -1.121671885574190286, -0.09286875000000022196, -2.902289515384782970 ) ) ;
#846 = CIRCLE ( 'NONE', #6573, 3.556000000000000050 ) ;
#848 = ORIENTED_EDGE ( 'NONE', *, *, #5664, .T. ) ;
#849 = ORIENTED_EDGE ( 'NONE', *, *, #2436, .T. ) ;
#850 = DIRECTION ( 'NONE',  ( 0.000000000000000000, 0.000000000000000000, -1.000000000000000000 ) ) ;
#851 = CARTESIAN_POINT ( 'NONE',  ( -3.585950758558295703, 1.364456250000002147, -0.3214099750136770739 ) ) ;
#852 = EDGE_CURVE ( 'NONE', #7245, #7153, #740, .T. ) ;
#853 = CARTESIAN_POINT ( 'NONE',  ( -1.818725667373794375, 2.600324999999998887, -3.055711528733655147 ) ) ;
#854 = CARTESIAN_POINT ( 'NONE',  ( 2.636196199927217876, -1.064418749999999747, 1.652846588612899126 ) ) ;
#855 = ORIENTED_EDGE ( 'NONE', *, *, #5126, .F. ) ;
#856 =( BOUNDED_CURVE ( )  B_SPLINE_CURVE ( 2, ( #1109, #3340, #4442, #6047, #2174 ),
 .UNSPECIFIED., .F., .F. ) 
 B_SPLINE_CURVE_WITH_KNOTS ( ( 3, 2, 3 ),
 ( 0.01659028043918807718, 0.05000000000000000278, 0.09358265573071411492 ),
 .UNSPECIFIED. ) 
 CURVE ( )  GEOMETRIC_REPRESENTATION_ITEM ( )  RATIONAL_B_SPLINE_CURVE ( ( 0.9945407480612344919, 0.9917734182391063635, 1.000000000000000000, 0.9892685037336815812, 0.9972452917573791931 ) ) 
 REPRESENTATION_ITEM ( '' )  );
#857 = FACE_OUTER_BOUND ( 'NONE', #3059, .T. ) ;
#858 = VERTEX_POINT ( 'NONE', #5075 ) ;
#859 = CARTESIAN_POINT ( 'NONE',  ( 3.153890977100239468, 1.200149999999999606, -0.7629044678501426535 ) ) ;
#860 = CARTESIAN_POINT ( 'NONE',  ( -3.122793733623656642, -1.036468050703326149, 1.011264070543353988 ) ) ;
#861 = ORIENTED_EDGE ( 'NONE', *, *, #2526, .T. ) ;
#862 = CARTESIAN_POINT ( 'NONE',  ( -2.440221111745572991, -1.064418750000000413, 1.930480037656748360 ) ) ;
#863 = CARTESIAN_POINT ( 'NONE',  ( 2.047785716146414359, 0.8786812499999984150, -2.517066781642218309 ) ) ;
#864 = ORIENTED_EDGE ( 'NONE', *, *, #3430, .F. ) ;
#865 = FACE_OUTER_BOUND ( 'NONE', #5370, .T. ) ;
#866 = CARTESIAN_POINT ( 'NONE',  ( 2.246966866870593993, 2.821781249999997243, -2.340980867432659096 ) ) ;
#867 = EDGE_CURVE ( 'NONE', #997, #1356, #3018, .T. ) ;
#868 = DIRECTION ( 'NONE',  ( -0.000000000000000000, -1.000000000000000000, -0.000000000000000000 ) ) ;
#869 = CARTESIAN_POINT ( 'NONE',  ( -1.451555021340229290, 0.5572124999999998884, -3.050446403400978390 ) ) ;
#870 = VERTEX_POINT ( 'NONE', #1092 ) ;
#871 = CARTESIAN_POINT ( 'NONE',  ( 0.9515724451197494771, -2.521743749999999729, -3.285274454757887597 ) ) ;
#872 = CARTESIAN_POINT ( 'NONE',  ( 5.436829296080015131E-17, 0.03910948689280710489, -3.378200000000000536 ) ) ;
#873 = CARTESIAN_POINT ( 'NONE',  ( 1.628200129823475173, -1.181751568882859260, -2.681668107607072304 ) ) ;
#874 = ORIENTED_EDGE ( 'NONE', *, *, #6840, .F. ) ;
#875 = CARTESIAN_POINT ( 'NONE',  ( -2.885389417858142291, 1.364456250000001258, -1.570893799854552686 ) ) ;
#876 = ORIENTED_EDGE ( 'NONE', *, *, #784, .T. ) ;
#877 =( BOUNDED_CURVE ( )  B_SPLINE_CURVE ( 1, ( #3319, #5544 ),
 .UNSPECIFIED., .F., .T. ) 
 B_SPLINE_CURVE_WITH_KNOTS ( ( 2, 2 ),
 ( 0.000000000000000000, 0.0005566452967378107903 ),
 .UNSPECIFIED. ) 
 CURVE ( )  GEOMETRIC_REPRESENTATION_ITEM ( )  RATIONAL_B_SPLINE_CURVE ( ( 0.9945407480612344919, 0.9945407480612344919 ) ) 
 REPRESENTATION_ITEM ( '' )  );
#878 = EDGE_CURVE ( 'NONE', #858, #166, #6215, .T. ) ;
#879 = CYLINDRICAL_SURFACE ( 'NONE', #829, 3.556000000000000050 ) ;
#880 = CARTESIAN_POINT ( 'NONE',  ( -1.430199569925502345, -0.5786437500000003453, 2.806924700904740444 ) ) ;
#881 = CARTESIAN_POINT ( 'NONE',  ( 1.903516978708094110, -1.550193749999999815, -2.510163380765139340 ) ) ;
#882 = ORIENTED_EDGE ( 'NONE', *, *, #5979, .F. ) ;
#883 = DIRECTION ( 'NONE',  ( -0.000000000000000000, -1.000000000000000000, -0.000000000000000000 ) ) ;
#884 = EDGE_CURVE ( 'NONE', #770, #3679, #1203, .T. ) ;
#885 = ORIENTED_EDGE ( 'NONE', *, *, #470, .T. ) ;
#886 = CARTESIAN_POINT ( 'NONE',  ( 3.357337387440092691, -0.09286874999999968072, 0.3748611835025444372 ) ) ;
#887 = FACE_OUTER_BOUND ( 'NONE', #6257, .T. ) ;
#888 = CARTESIAN_POINT ( 'NONE',  ( 2.838389141402891447, 1.200149999999999828, -2.142121164165595726 ) ) ;
#889 = CARTESIAN_POINT ( 'NONE',  ( -2.323073695978719488, -1.067499318559819832, -2.274927690087001686 ) ) ;
#890 =( BOUNDED_CURVE ( )  B_SPLINE_CURVE ( 2, ( #1747, #2993, #5143, #730, #1162 ),
 .UNSPECIFIED., .F., .T. ) 
 B_SPLINE_CURVE_WITH_KNOTS ( ( 3, 2, 3 ),
 ( 0.01659028043918812576, 0.05000000000000000278, 0.09358265573072893639 ),
 .UNSPECIFIED. ) 
 CURVE ( )  GEOMETRIC_REPRESENTATION_ITEM ( )  RATIONAL_B_SPLINE_CURVE ( ( 0.9945407480612347140, 0.9917734182391064746, 1.000000000000000000, 0.9892685037336779175, 0.9972452917573846332 ) ) 
 REPRESENTATION_ITEM ( '' )  );
#891 = EDGE_LOOP ( 'NONE', ( #1576, #2046, #5306, #6630 ) ) ;
#892 = CARTESIAN_POINT ( 'NONE',  ( -3.088699544860783242, -2.521743750000000173, 0.6198646690537004122 ) ) ;
#893 = ORIENTED_EDGE ( 'NONE', *, *, #2982, .T. ) ;
#894 = DIRECTION ( 'NONE',  ( 0.000000000000000000, 0.000000000000000000, -1.000000000000000000 ) ) ;
#895 = CARTESIAN_POINT ( 'NONE',  ( 1.479828411318777848, -1.149975985603240325, -2.803393506727953621 ) ) ;
#896 = CARTESIAN_POINT ( 'NONE',  ( 3.041149378981909734, -1.207420750006950039, -0.6579078238765265763 ) ) ;
#897 = CARTESIAN_POINT ( 'NONE',  ( 3.103048892990400542, 4.279106249999995448, -1.079012043871753868 ) ) ;
#898 = CARTESIAN_POINT ( 'NONE',  ( 2.340980867432695511, 3.793331249999996935, -2.246966866870557578 ) ) ;
#899 = ORIENTED_EDGE ( 'NONE', *, *, #3237, .F. ) ;
#900 = CARTESIAN_POINT ( 'NONE',  ( -3.046368129490101051, 2.600324999999998887, -1.117449212325544838 ) ) ;
#901 = CARTESIAN_POINT ( 'NONE',  ( 2.457232607611667063, -0.5786437500000000123, 1.971371349709189147 ) ) ;
#902 = ORIENTED_EDGE ( 'NONE', *, *, #3575, .F. ) ;
#903 = CARTESIAN_POINT ( 'NONE',  ( -3.276031088010503467, 4.279106249999999889, -0.2465760197138566201 ) ) ;
#904 = CARTESIAN_POINT ( 'NONE',  ( 0.000000000000000000, -0.9407207500000012157, 0.000000000000000000 ) ) ;
#905 = CARTESIAN_POINT ( 'NONE',  ( 2.014851499606463481, -0.9730674576370983431, 2.671182465837821152 ) ) ;
#906 = FACE_OUTER_BOUND ( 'NONE', #3641, .T. ) ;
#907 = ORIENTED_EDGE ( 'NONE', *, *, #2458, .T. ) ;
#908 = FACE_OUTER_BOUND ( 'NONE', #5169, .T. ) ;
#909 = ORIENTED_EDGE ( 'NONE', *, *, #6752, .F. ) ;
#910 = EDGE_CURVE ( 'NONE', #2966, #4544, #3078, .T. ) ;
#911 = ADVANCED_FACE ( 'NONE', ( #1714 ), #1206, .T. ) ;
#912 = FACE_OUTER_BOUND ( 'NONE', #2839, .T. ) ;
#913 = CIRCLE ( 'NONE', #7005, 3.162299999999999667 ) ;
#914 = CARTESIAN_POINT ( 'NONE',  ( -2.807641174033054909, 0.5572124999999997774, -1.341112705134916760 ) ) ;
#915 = CARTESIAN_POINT ( 'NONE',  ( -2.818978012173654513, -0.09286875000000054114, 1.317116250329281257 ) ) ;
#916 = CARTESIAN_POINT ( 'NONE',  ( -2.323056114594437727, 3.307556250000000198, 2.323056114594437727 ) ) ;
#917 = ORIENTED_EDGE ( 'NONE', *, *, #5840, .F. ) ;
#918 = CARTESIAN_POINT ( 'NONE',  ( 0.5234627133953004829, 0.5572124999999999995, 3.067151616351045273 ) ) ;
#919 =( BOUNDED_CURVE ( )  B_SPLINE_CURVE ( 2, ( #5345, #5312, #3630, #6379, #2566 ),
 .UNSPECIFIED., .F., .T. ) 
 B_SPLINE_CURVE_WITH_KNOTS ( ( 3, 2, 3 ),
 ( 0.01659028043918816045, 0.05000000000000000278, 0.08854378023972320211 ),
 .UNSPECIFIED. ) 
 CURVE ( )  GEOMETRIC_REPRESENTATION_ITEM ( )  RATIONAL_B_SPLINE_CURVE ( ( 0.9945407480612344919, 0.9917734182391064746, 1.000000000000000000, 0.9905092421102533740, 0.9956508716769392198 ) ) 
 REPRESENTATION_ITEM ( '' )  );
#920 = VERTEX_POINT ( 'NONE', #3987 ) ;
#921 = CARTESIAN_POINT ( 'NONE',  ( -3.363234494711738076, 2.600324999999999775, 1.154898148574617700 ) ) ;
#922 = CARTESIAN_POINT ( 'NONE',  ( 1.937624913679851124, 0.3929062500000001235, 2.483929705175132341 ) ) ;
#923 = CARTESIAN_POINT ( 'NONE',  ( -2.501899559703305798, -1.179124203889764022, 1.898865661048954712 ) ) ;
#924 = EDGE_CURVE ( 'NONE', #3005, #5205, #34, .T. ) ;
#925 = DIRECTION ( 'NONE',  ( 0.000000000000000000, 0.000000000000000000, -1.000000000000000000 ) ) ;
#926 = ORIENTED_EDGE ( 'NONE', *, *, #2527, .T. ) ;
#927 = CARTESIAN_POINT ( 'NONE',  ( -1.652846588612936429, -2.035968750000000327, -2.636196199927193895 ) ) ;
#928 = DIRECTION ( 'NONE',  ( 0.000000000000000000, 0.000000000000000000, -1.000000000000000000 ) ) ;
#929 = ORIENTED_EDGE ( 'NONE', *, *, #382, .F. ) ;
#930 = CARTESIAN_POINT ( 'NONE',  ( 0.000000000000000000, -1.385887500000000383, 0.000000000000000000 ) ) ;
#931 = CARTESIAN_POINT ( 'NONE',  ( 2.151759380991248971, 1.200149999999999828, -2.831089466321435211 ) ) ;
#932 = CARTESIAN_POINT ( 'NONE',  ( 2.060857941875686716, -0.09286874999999999991, -2.331157822501066512 ) ) ;
#933 =( BOUNDED_CURVE ( )  B_SPLINE_CURVE ( 2, ( #1412, #4162, #3023, #4235, #1377 ),
 .UNSPECIFIED., .F., .T. ) 
 B_SPLINE_CURVE_WITH_KNOTS ( ( 3, 2, 3 ),
 ( 0.01659028043918812576, 0.05000000000000000278, 0.09358265573073314136 ),
 .UNSPECIFIED. ) 
 CURVE ( )  GEOMETRIC_REPRESENTATION_ITEM ( )  RATIONAL_B_SPLINE_CURVE ( ( 0.9945407480612347140, 0.9917734182391064746, 1.000000000000000000, 0.9892685037336769183, 0.9972452917573861875 ) ) 
 REPRESENTATION_ITEM ( '' )  );
#934 = CARTESIAN_POINT ( 'NONE',  ( 0.7467165151603248896, 1.850231249999998662, 3.157762810675754039 ) ) ;
#935 = CARTESIAN_POINT ( 'NONE',  ( 2.298352733753267874, 1.200149999999999828, -2.290551513009231321 ) ) ;
#936 = CIRCLE ( 'NONE', #3875, 3.378200000000000092 ) ;
#937 = ORIENTED_EDGE ( 'NONE', *, *, #6981, .T. ) ;
#938 = FACE_OUTER_BOUND ( 'NONE', #4978, .T. ) ;
#939 = CARTESIAN_POINT ( 'NONE',  ( -2.142738982102470047, -1.036468050703292842, 2.486597148254975131 ) ) ;
#940 = VERTEX_POINT ( 'NONE', #4715 ) ;
#941 = AXIS2_PLACEMENT_3D ( 'NONE', #648, #6210, #1199 ) ;
#942 = CARTESIAN_POINT ( 'NONE',  ( 2.994123543950674815, -1.127509193519548480, 1.104686347526388390 ) ) ;
#943 = CARTESIAN_POINT ( 'NONE',  ( -3.291501200640244651, 2.336006250000000506, 1.458892408996271817 ) ) ;
#944 = CARTESIAN_POINT ( 'NONE',  ( 3.132214551558931248, -1.127509193519550923, -0.6118330865958535592 ) ) ;
#945 = CARTESIAN_POINT ( 'NONE',  ( 3.007303732794108342, -1.064418749999999747, -0.7984713574841763029 ) ) ;
#946 = CIRCLE ( 'NONE', #363, 3.556000000000000050 ) ;
#947 = VECTOR ( 'NONE', #4364, 1000.000000000000000 ) ;
#948 = VERTEX_POINT ( 'NONE', #768 ) ;
#949 = CARTESIAN_POINT ( 'NONE',  ( -0.3856543452603805600, 4.764881249999998403, -3.535025703722934232 ) ) ;
#950 = ORIENTED_EDGE ( 'NONE', *, *, #4603, .F. ) ;
#951 = CARTESIAN_POINT ( 'NONE',  ( 3.017490086379506220, -2.035968749999999883, 1.518877486369924368 ) ) ;
#952 = CARTESIAN_POINT ( 'NONE',  ( -2.334086262575282067, 1.200150000000000050, -2.682755545862752111 ) ) ;
#953 = AXIS2_PLACEMENT_3D ( 'NONE', #28, #2734, #1120 ) ;
#954 = CARTESIAN_POINT ( 'NONE',  ( -1.479839660492883624, -0.9407207500000011047, 3.036825615545335033 ) ) ;
#955 = CARTESIAN_POINT ( 'NONE',  ( -2.870568374393763111, -1.064418750000000635, 1.200528824281353213 ) ) ;
#956 = EDGE_CURVE ( 'NONE', #2364, #7245, #7007, .T. ) ;
#957 =( BOUNDED_CURVE ( )  B_SPLINE_CURVE ( 2, ( #1554, #2641, #7053, #6492, #2721 ),
 .UNSPECIFIED., .F., .F. ) 
 B_SPLINE_CURVE_WITH_KNOTS ( ( 3, 2, 3 ),
 ( 0.01659028043918812229, 0.05000000000000000278, 0.08854378023972309109 ),
 .UNSPECIFIED. ) 
 CURVE ( )  GEOMETRIC_REPRESENTATION_ITEM ( )  RATIONAL_B_SPLINE_CURVE ( ( 0.9945407480612344919, 0.9917734182391063635, 1.000000000000000000, 0.9905092421102533740, 0.9956508716769392198 ) ) 
 REPRESENTATION_ITEM ( '' )  );
#958 = ORIENTED_EDGE ( 'NONE', *, *, #6070, .F. ) ;
#959 = FACE_OUTER_BOUND ( 'NONE', #4835, .T. ) ;
#960 = ORIENTED_EDGE ( 'NONE', *, *, #3193, .T. ) ;
#961 = CARTESIAN_POINT ( 'NONE',  ( 3.137877136491699304, 0.3929062500000003455, 0.2793280556029344996 ) ) ;
#962 = DIRECTION ( 'NONE',  ( 0.000000000000000000, 0.000000000000000000, -1.000000000000000000 ) ) ;
#963 = CARTESIAN_POINT ( 'NONE',  ( 0.8676043757694268388, 4.764881249999996626, 3.448535725078947234 ) ) ;
#964 = DIRECTION ( 'NONE',  ( 0.000000000000000000, 0.000000000000000000, -1.000000000000000000 ) ) ;
#965 = B_SPLINE_CURVE_WITH_KNOTS ( 'NONE', 3,
 ( #2485, #6511, #7104, #1465, #2083, #1389, #4173, #3214, #5990, #4209 ),
 .UNSPECIFIED., .F., .F.,
 ( 4, 3, 3, 4 ),
 ( 8.101455728251212012E-16, 0.0001296210011225066400, 0.0002688043935198817570, 0.0004095291194012242613 ),
 .UNSPECIFIED. ) ;
#966 = EDGE_CURVE ( 'NONE', #6671, #1193, #5724, .T. ) ;
#967 =( BOUNDED_CURVE ( )  B_SPLINE_CURVE ( 1, ( #1592, #3902 ),
 .UNSPECIFIED., .F., .T. ) 
 B_SPLINE_CURVE_WITH_KNOTS ( ( 2, 2 ),
 ( 0.000000000000000000, 0.0005113447558650971317 ),
 .UNSPECIFIED. ) 
 CURVE ( )  GEOMETRIC_REPRESENTATION_ITEM ( )  RATIONAL_B_SPLINE_CURVE ( ( 0.9945407480612344919, 0.9945407480612344919 ) ) 
 REPRESENTATION_ITEM ( '' )  );
#968 = ORIENTED_EDGE ( 'NONE', *, *, #6112, .T. ) ;
#969 = CARTESIAN_POINT ( 'NONE',  ( -0.9066111865929310509, -2.521743750000000173, -3.297965208691635564 ) ) ;
#970 = CARTESIAN_POINT ( 'NONE',  ( -2.912246571862233679, -0.9730674576370945683, -1.647319712728078089 ) ) ;
#971 = VERTEX_POINT ( 'NONE', #2372 ) ;
#972 = CARTESIAN_POINT ( 'NONE',  ( 2.566273009830025043, -2.035968749999999883, 1.759453065306932240 ) ) ;
#973 = EDGE_CURVE ( 'NONE', #5128, #3958, #6928, .T. ) ;
#974 = CARTESIAN_POINT ( 'NONE',  ( 2.457232607611667063, -0.5786437500000000123, 1.971371349709188925 ) ) ;
#975 = CARTESIAN_POINT ( 'NONE',  ( -3.593660653592705145, 4.279106249999999889, 0.2189756188774549528 ) ) ;
#976 = CARTESIAN_POINT ( 'NONE',  ( 2.920756056154579561, 4.764881249999995738, -1.413589609093241606 ) ) ;
#977 = ORIENTED_EDGE ( 'NONE', *, *, #5344, .F. ) ;
#978 = CARTESIAN_POINT ( 'NONE',  ( -2.022267367524238413, 2.600324999999999331, -2.537614276588661788 ) ) ;
#979 = CARTESIAN_POINT ( 'NONE',  ( 1.436900168343645534, -1.149975985603240769, 2.825637129343524290 ) ) ;
#980 = ORIENTED_EDGE ( 'NONE', *, *, #3217, .F. ) ;
#981 = EDGE_CURVE ( 'NONE', #3488, #166, #783, .T. ) ;
#982 =( BOUNDED_CURVE ( )  B_SPLINE_CURVE ( 2, ( #2124, #4899, #3775, #2782, #5586, #6138, #990 ),
 .UNSPECIFIED., .F., .T. ) 
 B_SPLINE_CURVE_WITH_KNOTS ( ( 3, 2, 2, 3 ),
 ( 0.01659028043918808759, 0.05000000000000000278, 0.1000000000000000056, 0.1074143368666445469 ),
 .UNSPECIFIED. ) 
 CURVE ( )  GEOMETRIC_REPRESENTATION_ITEM ( )  RATIONAL_B_SPLINE_CURVE ( ( 0.9945407480612344919, 0.9917734182391063635, 1.000000000000000000, 0.9876883405951377704, 1.000000000000000000, 0.9981743441956991703, 0.9968901294768235388 ) ) 
 REPRESENTATION_ITEM ( '' )  );
#983 = CARTESIAN_POINT ( 'NONE',  ( -2.865597815757110478, -1.064418750000000191, -1.789017718841289240 ) ) ;
#984 = CARTESIAN_POINT ( 'NONE',  ( 0.000000000000000000, -0.9407207500000012157, 0.000000000000000000 ) ) ;
#985 = DIRECTION ( 'NONE',  ( -0.000000000000000000, -1.000000000000000000, -0.000000000000000000 ) ) ;
#986 = CARTESIAN_POINT ( 'NONE',  ( -0.5218896098286363028, 2.600324999999999331, 3.517494454175148277 ) ) ;
#987 = CARTESIAN_POINT ( 'NONE',  ( 2.418551349239470571, 0.2303863975390294527, 1.984838880422884033 ) ) ;
#988 = VERTEX_POINT ( 'NONE', #4609 ) ;
#989 = CARTESIAN_POINT ( 'NONE',  ( 1.618416760347072048, -2.521743749999999729, 2.702780841317317773 ) ) ;
#990 = CARTESIAN_POINT ( 'NONE',  ( -1.216280118987592029, -1.207420750006950927, 2.863929978570623369 ) ) ;
#991 = CARTESIAN_POINT ( 'NONE',  ( 3.258056646979745175, -1.550193749999999815, 1.040954007853869712 ) ) ;
#992 = CARTESIAN_POINT ( 'NONE',  ( 2.998214307176703119, 1.526976102460968709, -1.287137062175863766 ) ) ;
#993 = CARTESIAN_POINT ( 'NONE',  ( 2.883028168637141953, 2.600324999999998887, 2.081654288983834533 ) ) ;
#994 = EDGE_LOOP ( 'NONE', ( #5469, #2098, #717, #1570 ) ) ;
#995 = VERTEX_POINT ( 'NONE', #2443 ) ;
#996 = CARTESIAN_POINT ( 'NONE',  ( -3.069796372152635566, -0.09286875000000044400, 0.5077228412416756598 ) ) ;
#997 = VERTEX_POINT ( 'NONE', #2886 ) ;
#998 = CARTESIAN_POINT ( 'NONE',  ( 3.104246375336361830, 0.8786812500000003023, -0.2123362691841856886 ) ) ;
#999 = EDGE_CURVE ( 'NONE', #7075, #714, #1673, .T. ) ;
#1000 = CARTESIAN_POINT ( 'NONE',  ( 1.834242132000979186, -0.5786437499999999012, 2.561220975932525512 ) ) ;
#1001 = CARTESIAN_POINT ( 'NONE',  ( -2.474190371498723451, -1.149975985603240325, 1.981738955083064635 ) ) ;
#1002 =( BOUNDED_CURVE ( )  B_SPLINE_CURVE ( 2, ( #6404, #1390, #1831, #739, #2964 ),
 .UNSPECIFIED., .F., .F. ) 
 B_SPLINE_CURVE_WITH_KNOTS ( ( 3, 2, 3 ),
 ( 0.01659028043918808412, 0.05000000000000000278, 0.09358265573071417043 ),
 .UNSPECIFIED. ) 
 CURVE ( )  GEOMETRIC_REPRESENTATION_ITEM ( )  RATIONAL_B_SPLINE_CURVE ( ( 0.9945407480612344919, 0.9917734182391063635, 1.000000000000000000, 0.9892685037336815812, 0.9972452917573793041 ) ) 
 REPRESENTATION_ITEM ( '' )  );
#1003 = CARTESIAN_POINT ( 'NONE',  ( 2.726133742237097923, 2.821781249999997243, 2.283271954769382273 ) ) ;
#1004 = VERTEX_POINT ( 'NONE', #5183 ) ;
#1005 = CARTESIAN_POINT ( 'NONE',  ( 0.8149798718961327459, -1.207420750006946930, -3.002871968366980671 ) ) ;
#1006 = CARTESIAN_POINT ( 'NONE',  ( -2.832345091497892930, -1.097987288839241238, -1.533832619485550941 ) ) ;
#1007 = EDGE_LOOP ( 'NONE', ( #2419, #1794, #1457, #5298 ) ) ;
#1008 = EDGE_CURVE ( 'NONE', #5559, #5357, #3725, .T. ) ;
#1009 = CARTESIAN_POINT ( 'NONE',  ( 0.4507569331500542176, 2.600324999999998887, 3.527315436308067209 ) ) ;
#1010 = EDGE_CURVE ( 'NONE', #3731, #5648, #501, .T. ) ;
#1011 = CARTESIAN_POINT ( 'NONE',  ( 0.4863480619006975147, 0.8786812499999989701, 3.522584500432239363 ) ) ;
#1012 =( BOUNDED_CURVE ( )  B_SPLINE_CURVE ( 2, ( #3106, #3656, #4825, #5991, #986 ),
 .UNSPECIFIED., .F., .T. ) 
 B_SPLINE_CURVE_WITH_KNOTS ( ( 3, 2, 3 ),
 ( 0.01659028043918812576, 0.05000000000000000278, 0.08854378023972306333 ),
 .UNSPECIFIED. ) 
 CURVE ( )  GEOMETRIC_REPRESENTATION_ITEM ( )  RATIONAL_B_SPLINE_CURVE ( ( 0.9945407480612347140, 0.9917734182391064746, 1.000000000000000000, 0.9905092421102533740, 0.9956508716769392198 ) ) 
 REPRESENTATION_ITEM ( '' )  );
#1013 = CARTESIAN_POINT ( 'NONE',  ( -2.289455730951195367, 4.279106249999999001, 2.778621901385265769 ) ) ;
#1014 = EDGE_LOOP ( 'NONE', ( #5881, #1591, #6641, #4916, #6445 ) ) ;
#1015 = CARTESIAN_POINT ( 'NONE',  ( 0.4488387158635145369, -1.207420750006948706, 3.078956975526289774 ) ) ;
#1016 = CARTESIAN_POINT ( 'NONE',  ( -0.5218896098286363028, 2.600324999999999331, 3.517494454175148277 ) ) ;
#1017 = ORIENTED_EDGE ( 'NONE', *, *, #5556, .T. ) ;
#1018 = CARTESIAN_POINT ( 'NONE',  ( -3.342553321877715700, -2.521743750000000173, -0.7251590527602597147 ) ) ;
#1019 = CARTESIAN_POINT ( 'NONE',  ( 1.234461532882248358, 2.821781249999997687, -3.334852429093981829 ) ) ;
#1020 = EDGE_CURVE ( 'NONE', #2931, #4108, #2984, .T. ) ;
#1021 = CARTESIAN_POINT ( 'NONE',  ( 2.737158906341527143, -1.179124203889762468, -1.540504244391993183 ) ) ;
#1022 = CARTESIAN_POINT ( 'NONE',  ( -3.473679356246821115, 2.600324999999999331, -0.7607152752407883023 ) ) ;
#1023 = ORIENTED_EDGE ( 'NONE', *, *, #2604, .T. ) ;
#1024 =( BOUNDED_CURVE ( )  B_SPLINE_CURVE ( 1, ( #7147, #5550 ),
 .UNSPECIFIED., .F., .T. ) 
 B_SPLINE_CURVE_WITH_KNOTS ( ( 2, 2 ),
 ( 7.818293051731876896E-19, 0.0005566452967378090555 ),
 .UNSPECIFIED. ) 
 CURVE ( )  GEOMETRIC_REPRESENTATION_ITEM ( )  RATIONAL_B_SPLINE_CURVE ( ( 0.9956508716769392198, 0.9956508716769392198 ) ) 
 REPRESENTATION_ITEM ( '' )  );
#1025 = CARTESIAN_POINT ( 'NONE',  ( 2.830429621094544324, 0.3929062500000002345, -1.920204812364167291 ) ) ;
#1026 = CARTESIAN_POINT ( 'NONE',  ( -2.625138794197548364, 3.793331250000000487, 1.907274975901231517 ) ) ;
#1027 = CARTESIAN_POINT ( 'NONE',  ( 1.079531068494287593, 1.526976102460969598, 3.079062117064444770 ) ) ;
#1028 = CARTESIAN_POINT ( 'NONE',  ( 2.940255387415629862, -1.207420750006947818, 1.018003195856171494 ) ) ;
#1029 = FACE_OUTER_BOUND ( 'NONE', #420, .T. ) ;
#1030 = CIRCLE ( 'NONE', #6645, 3.378200000000000092 ) ;
#1031 = ORIENTED_EDGE ( 'NONE', *, *, #1111, .F. ) ;
#1032 = ORIENTED_EDGE ( 'NONE', *, *, #2769, .T. ) ;
#1033 = CARTESIAN_POINT ( 'NONE',  ( -3.200384390503334231, -2.035968750000000327, -1.081561368126004785 ) ) ;
#1034 = VERTEX_POINT ( 'NONE', #5765 ) ;
#1035 = AXIS2_PLACEMENT_3D ( 'NONE', #7084, #1954, #4186 ) ;
#1036 = CARTESIAN_POINT ( 'NONE',  ( 2.445155206386895763, 2.223636876399968543, -2.169408351500218490 ) ) ;
#1037 = CARTESIAN_POINT ( 'NONE',  ( -0.3815398800628924114, -2.035968750000000327, 3.088018712689676093 ) ) ;
#1038 = CARTESIAN_POINT ( 'NONE',  ( 0.07394811927541579399, 1.786450734229797055, -3.556000000000000938 ) ) ;
#1039 = CARTESIAN_POINT ( 'NONE',  ( -1.649121502676488271, 1.364456250000000370, -2.841404176198672360 ) ) ;
#1040 = VERTEX_POINT ( 'NONE', #803 ) ;
#1041 = CARTESIAN_POINT ( 'NONE',  ( -3.364178749478996089, 0.2303863975390293417, -0.4704322823636056805 ) ) ;
#1042 = DIRECTION ( 'NONE',  ( -0.000000000000000000, -1.000000000000000000, -0.000000000000000000 ) ) ;
#1043 = VERTEX_POINT ( 'NONE', #6887 ) ;
#1044 =( BOUNDED_CURVE ( )  B_SPLINE_CURVE ( 1, ( #3748, #5970 ),
 .UNSPECIFIED., .F., .F. ) 
 B_SPLINE_CURVE_WITH_KNOTS ( ( 2, 2 ),
 ( 0.000000000000000000, 0.0005566452967378100313 ),
 .UNSPECIFIED. ) 
 CURVE ( )  GEOMETRIC_REPRESENTATION_ITEM ( )  RATIONAL_B_SPLINE_CURVE ( ( 0.9956508716769392198, 0.9956508716769392198 ) ) 
 REPRESENTATION_ITEM ( '' )  );
#1045 = CARTESIAN_POINT ( 'NONE',  ( -0.8754500528888720101, 0.8786812500000006354, 3.124522159850505965 ) ) ;
#1046 = CARTESIAN_POINT ( 'NONE',  ( 2.681715101936857693, -0.09286874999999979174, 2.054419468376354363 ) ) ;
#1047 = CARTESIAN_POINT ( 'NONE',  ( -3.350107194365937069, 3.307556250000001086, 1.318760403219894739 ) ) ;
#1048 = VERTEX_POINT ( 'NONE', #1792 ) ;
#1049 = CARTESIAN_POINT ( 'NONE',  ( -1.200528824281311469, -2.035968750000000327, 2.870568374393776434 ) ) ;
#1050 = CARTESIAN_POINT ( 'NONE',  ( -3.554731524939287901, 1.850231250000001992, 0.09497255183892397423 ) ) ;
#1051 = ADVANCED_FACE ( 'NONE', ( #1859 ), #2230, .F. ) ;
#1052 = EDGE_LOOP ( 'NONE', ( #2100, #5411, #899, #5919, #6060 ) ) ;
#1053 = CARTESIAN_POINT ( 'NONE',  ( -2.836705107703867856, -1.064418750000000191, -1.278489883388523873 ) ) ;
#1054 = CARTESIAN_POINT ( 'NONE',  ( -0.6619943850202015811, -0.5786437500000002343, -3.079944889209218051 ) ) ;
#1055 = CIRCLE ( 'NONE', #4904, 3.556000000000000050 ) ;
#1056 = CARTESIAN_POINT ( 'NONE',  ( -1.235314128901798369, -2.521743750000000173, -2.897981381806973289 ) ) ;
#1057 = CARTESIAN_POINT ( 'NONE',  ( 3.144336125500588164, -2.521743749999999729, -0.1935133489871445622 ) ) ;
#1058 = B_SPLINE_CURVE_WITH_KNOTS ( 'NONE', 3,
 ( #4124, #1887, #6423, #5286, #2504, #889, #1926, #6384, #3567, #4158 ),
 .UNSPECIFIED., .F., .F.,
 ( 4, 3, 3, 4 ),
 ( 8.094351359423708539E-16, 0.0001296210011225054745, 0.0002688043935198815943, 0.0004095291194012245324 ),
 .UNSPECIFIED. ) ;
#1059 = EDGE_CURVE ( 'NONE', #81, #397, #4520, .T. ) ;
#1060 = CIRCLE ( 'NONE', #2817, 2.933033249999999814 ) ;
#1061 = CARTESIAN_POINT ( 'NONE',  ( 3.130733903932321205, -0.9407207499999042932, 1.269149503710660376 ) ) ;
#1062 = FACE_OUTER_BOUND ( 'NONE', #641, .T. ) ;
#1063 = CARTESIAN_POINT ( 'NONE',  ( -3.386891662655337587, 1.200149999999999828, -1.083559350213809891 ) ) ;
#1064 = AXIS2_PLACEMENT_3D ( 'NONE', #6570, #7233, #6009 ) ;
#1065 = APPROVAL_PERSON_ORGANIZATION ( #3618, #4529, #810 ) ;
#1066 = CARTESIAN_POINT ( 'NONE',  ( -3.388205318128547638, 1.200149999999999828, -1.079444636007530267 ) ) ;
#1067 = ORIENTED_EDGE ( 'NONE', *, *, #7193, .T. ) ;
#1068 = ORIENTED_EDGE ( 'NONE', *, *, #3204, .F. ) ;
#1069 = CARTESIAN_POINT ( 'NONE',  ( -2.701754097229090767, -3.007518750000000463, -2.027994092226557576 ) ) ;
#1070 = ORIENTED_EDGE ( 'NONE', *, *, #2974, .F. ) ;
#1071 = ADVANCED_FACE ( 'NONE', ( #4849 ), #3761, .F. ) ;
#1072 = CARTESIAN_POINT ( 'NONE',  ( 2.861352320384449754, -0.5156196993881071444, -1.855186183428515712 ) ) ;
#1073 = CARTESIAN_POINT ( 'NONE',  ( 1.676242341790764812, 2.336006249999998285, 3.186308024411786732 ) ) ;
#1074 = CARTESIAN_POINT ( 'NONE',  ( 1.463030179081386661, -1.550193749999999815, 3.091611401274907411 ) ) ;
#1075 = CARTESIAN_POINT ( 'NONE',  ( 1.210974763323115377, 4.764881249999996626, 3.010413866081298462 ) ) ;
#1076 = CARTESIAN_POINT ( 'NONE',  ( 0.8503045268891453734, 3.307556249999997089, -3.498475300240801555 ) ) ;
#1077 = ORIENTED_EDGE ( 'NONE', *, *, #3795, .F. ) ;
#1078 = CARTESIAN_POINT ( 'NONE',  ( 3.309493616848862452, 1.200150000000000050, -1.300918137330959512 ) ) ;
#1079 = CIRCLE ( 'NONE', #6217, 3.378200000000000092 ) ;
#1080 = CARTESIAN_POINT ( 'NONE',  ( 3.048328471479756718, 1.526976102460968709, 1.869035807399328730 ) ) ;
#1081 = ORIENTED_EDGE ( 'NONE', *, *, #2387, .F. ) ;
#1082 = CARTESIAN_POINT ( 'NONE',  ( 0.000000000000000000, -2.857500000000000373, 0.000000000000000000 ) ) ;
#1083 = CARTESIAN_POINT ( 'NONE',  ( -2.165910779688854149, -0.5786437500000004563, -2.287603020804064968 ) ) ;
#1084 = CARTESIAN_POINT ( 'NONE',  ( -3.276031088010503467, 4.279106249999999889, -0.2465760197138566201 ) ) ;
#1085 = ORIENTED_EDGE ( 'NONE', *, *, #6156, .T. ) ;
#1086 = CARTESIAN_POINT ( 'NONE',  ( 3.360412623533912679, 0.5572124999999997774, -0.3462112643949348811 ) ) ;
#1087 = CARTESIAN_POINT ( 'NONE',  ( -3.410098712990701664, 2.821781250000000796, -1.008148187351025182 ) ) ;
#1088 = ORIENTED_EDGE ( 'NONE', *, *, #6519, .T. ) ;
#1089 =( BOUNDED_CURVE ( )  B_SPLINE_CURVE ( 1, ( #1877, #1951 ),
 .UNSPECIFIED., .F., .F. ) 
 B_SPLINE_CURVE_WITH_KNOTS ( ( 2, 2 ),
 ( 0.000000000000000000, 0.0005566452967378111155 ),
 .UNSPECIFIED. ) 
 CURVE ( )  GEOMETRIC_REPRESENTATION_ITEM ( )  RATIONAL_B_SPLINE_CURVE ( ( 0.9956508716769392198, 0.9956508716769392198 ) ) 
 REPRESENTATION_ITEM ( '' )  );
#1090 = FACE_OUTER_BOUND ( 'NONE', #1014, .T. ) ;
#1091 = ADVANCED_FACE ( 'NONE', ( #938 ), #7066, .T. ) ;
#1092 = CARTESIAN_POINT ( 'NONE',  ( -3.285022622275590720, 0.5572124999999998884, 0.7879477210688655697 ) ) ;
#1093 = CARTESIAN_POINT ( 'NONE',  ( 2.669702917633035355, 2.600324999999999775, -1.844380073109034290 ) ) ;
#1094 = CARTESIAN_POINT ( 'NONE',  ( 2.636196199927217876, -1.064418749999999747, 1.652846588612899126 ) ) ;
#1095 = CARTESIAN_POINT ( 'NONE',  ( -0.1009433955661307863, 0.5572124999999997774, -3.109862164291463227 ) ) ;
#1096 = CARTESIAN_POINT ( 'NONE',  ( 3.538186536000338833, 1.200149999999999828, -0.3554884477249964370 ) ) ;
#1097 = CARTESIAN_POINT ( 'NONE',  ( 3.071218352119270634, -1.000217606553379657, -1.259829498021775240 ) ) ;
#1098 = EDGE_CURVE ( 'NONE', #4443, #139, #2505, .T. ) ;
#1099 = DIRECTION ( 'NONE',  ( -0.000000000000000000, -1.000000000000000000, -0.000000000000000000 ) ) ;
#1100 = CARTESIAN_POINT ( 'NONE',  ( -2.126903435657321761, 0.8786812499999996362, 2.624598448408650864 ) ) ;
#1101 = ORIENTED_EDGE ( 'NONE', *, *, #4415, .T. ) ;
#1102 = CARTESIAN_POINT ( 'NONE',  ( -2.818978012173654513, -0.09286875000000054114, 1.317116250329281257 ) ) ;
#1103 = ORIENTED_EDGE ( 'NONE', *, *, #42, .T. ) ;
#1104 = EDGE_CURVE ( 'NONE', #5390, #297, #5960, .T. ) ;
#1105 = CARTESIAN_POINT ( 'NONE',  ( 0.000000000000000000, -2.857500000000000373, 0.000000000000000000 ) ) ;
#1106 =( BOUNDED_CURVE ( )  B_SPLINE_CURVE ( 1, ( #7044, #4396 ),
 .UNSPECIFIED., .F., .F. ) 
 B_SPLINE_CURVE_WITH_KNOTS ( ( 2, 2 ),
 ( 0.000000000000000000, 0.0005566452967378104650 ),
 .UNSPECIFIED. ) 
 CURVE ( )  GEOMETRIC_REPRESENTATION_ITEM ( )  RATIONAL_B_SPLINE_CURVE ( ( 0.9956508716769392198, 0.9956508716769392198 ) ) 
 REPRESENTATION_ITEM ( '' )  );
#1107 = CARTESIAN_POINT ( 'NONE',  ( -0.5120826138169710662, -2.035968750000000327, -3.339162565169055519 ) ) ;
#1108 = CARTESIAN_POINT ( 'NONE',  ( -0.8639094619119257468, -1.207420750006950261, -2.989162540180619665 ) ) ;
#1109 = CARTESIAN_POINT ( 'NONE',  ( -2.210931191075783175, 0.5572124999999997774, -2.554215830412186694 ) ) ;
#1110 = CARTESIAN_POINT ( 'NONE',  ( 3.212678121585123669, -2.521743749999999284, 1.173549167476246380 ) ) ;
#1111 = EDGE_CURVE ( 'NONE', #4400, #5852, #1523, .T. ) ;
#1112 = ORIENTED_EDGE ( 'NONE', *, *, #6180, .T. ) ;
#1113 = CARTESIAN_POINT ( 'NONE',  ( 1.292751776387601526, 0.8786812499999989701, -2.976213091689960955 ) ) ;
#1114 = DIRECTION ( 'NONE',  ( -0.000000000000000000, -1.000000000000000000, -0.000000000000000000 ) ) ;
#1115 = VERTEX_POINT ( 'NONE', #1458 ) ;
#1116 = PLANE ( 'NONE',  #710 ) ;
#1117 =( BOUNDED_CURVE ( )  B_SPLINE_CURVE ( 2, ( #4767, #274, #4261, #5380, #2638, #3116, #4734 ),
 .UNSPECIFIED., .F., .T. ) 
 B_SPLINE_CURVE_WITH_KNOTS ( ( 3, 2, 2, 3 ),
 ( 0.01659028043918810147, 0.05000000000000000278, 0.1000000000000000056, 0.1074143368666443665 ),
 .UNSPECIFIED. ) 
 CURVE ( )  GEOMETRIC_REPRESENTATION_ITEM ( )  RATIONAL_B_SPLINE_CURVE ( ( 0.9945407480612347140, 0.9917734182391064746, 1.000000000000000000, 0.9876883405951377704, 1.000000000000000000, 0.9981743441956992813, 0.9968901294768237609 ) ) 
 REPRESENTATION_ITEM ( '' )  );
#1118 = CARTESIAN_POINT ( 'NONE',  ( -2.482451689767964265, 0.5572124999999997774, 1.875864029712221548 ) ) ;
#1119 = ORIENTED_EDGE ( 'NONE', *, *, #1961, .F. ) ;
#1120 = DIRECTION ( 'NONE',  ( 0.000000000000000000, 0.000000000000000000, -1.000000000000000000 ) ) ;
#1121 = CARTESIAN_POINT ( 'NONE',  ( -1.863105589565090758, -0.09286875000000033298, -2.492041294226746473 ) ) ;
#1122 = ORIENTED_EDGE ( 'NONE', *, *, #698, .F. ) ;
#1123 = CARTESIAN_POINT ( 'NONE',  ( -0.7812085044867130845, -0.9407207500002878753, -3.286631788399528631 ) ) ;
#1124 = CARTESIAN_POINT ( 'NONE',  ( 0.3134821273514056261, -0.9407207499999050704, 3.363623670363787621 ) ) ;
#1125 = CARTESIAN_POINT ( 'NONE',  ( -3.406249173754809512, 0.3929062499999993463, -0.3098143439071022187 ) ) ;
#1126 = CARTESIAN_POINT ( 'NONE',  ( 3.169647635460953516, -2.035968749999999883, -1.168575674493009586 ) ) ;
#1127 =( BOUNDED_SURFACE ( )  B_SPLINE_SURFACE ( 1, 2, ( 
 ( #3547, #6819, #1754, #5663, #151, #5624, #4682, #5112, #657 ),
 ( #1796, #3992, #109, #6857, #621, #2963, #4068, #772, #2999 ) ),
 .UNSPECIFIED., .F., .F., .T. ) 
 B_SPLINE_SURFACE_WITH_KNOTS ( ( 2, 2 ),
 ( 3, 2, 2, 2, 3 ),
 ( 0.000000000000000000, 1.000000000000000000 ),
 ( 0.000000000000000000, 0.05000000000000000278, 0.1000000000000000056, 0.1499999999999999944, 0.2000000000000000111 ),
 .UNSPECIFIED. ) 
 GEOMETRIC_REPRESENTATION_ITEM ( )  RATIONAL_B_SPLINE_SURFACE ( (
 ( 1.000000000000000000, 0.9876883405951377704, 1.000000000000000000, 0.9876883405951377704, 1.000000000000000000, 0.9876883405951377704, 1.000000000000000000, 0.9876883405951377704, 1.000000000000000000),
 ( 1.000000000000000000, 0.9876883405951377704, 1.000000000000000000, 0.9876883405951377704, 1.000000000000000000, 0.9876883405951377704, 1.000000000000000000, 0.9876883405951377704, 1.000000000000000000) ) ) 
 REPRESENTATION_ITEM ( '' )  SURFACE ( )  );
#1128 = FACE_OUTER_BOUND ( 'NONE', #6039, .T. ) ;
#1129 = CARTESIAN_POINT ( 'NONE',  ( -1.547195055661394703, 1.850231249999999772, 3.201768801730839886 ) ) ;
#1130 = B_SPLINE_CURVE_WITH_KNOTS ( 'NONE', 3,
 ( #442, #6592, #5048, #5116, #5553, #1720, #4471, #550, #3330, #5008 ),
 .UNSPECIFIED., .F., .F.,
 ( 4, 3, 3, 4 ),
 ( 2.028595575938544429E-16, 0.0002589485462244650203, 0.0005341756780451746003, 0.0008103109524490969802 ),
 .UNSPECIFIED. ) ;
#1131 = CARTESIAN_POINT ( 'NONE',  ( 3.063909165009675473, -1.120186029920318127, -0.9188930503671025596 ) ) ;
#1132 = CARTESIAN_POINT ( 'NONE',  ( 1.037747469401455236, -0.09286874999999979174, -3.214858539617392985 ) ) ;
#1133 = FACE_OUTER_BOUND ( 'NONE', #1601, .T. ) ;
#1134 = ORIENTED_EDGE ( 'NONE', *, *, #3597, .T. ) ;
#1135 = ADVANCED_FACE ( 'NONE', ( #2044 ), #3173, .T. ) ;
#1136 = CARTESIAN_POINT ( 'NONE',  ( 3.139987941543699337E-13, -1.060263880825500715, 3.258656869174497483 ) ) ;
#1137 = EDGE_CURVE ( 'NONE', #4509, #948, #5625, .T. ) ;
#1138 = ORIENTED_EDGE ( 'NONE', *, *, #1144, .F. ) ;
#1139 = CARTESIAN_POINT ( 'NONE',  ( 2.358326240158981957, -1.127509193519551367, -2.150210470588523659 ) ) ;
#1140 = CARTESIAN_POINT ( 'NONE',  ( 0.07697771892889491985, -1.067499318559820276, -3.250544850153787468 ) ) ;
#1141 = CARTESIAN_POINT ( 'NONE',  ( 2.600326293921234377, 0.8786812499999983039, -2.425580170833745441 ) ) ;
#1142 = CARTESIAN_POINT ( 'NONE',  ( 1.969521368696679708, -1.000217606553380767, -2.672178532345315105 ) ) ;
#1143 = CARTESIAN_POINT ( 'NONE',  ( 2.542001822101981112, 0.8786812500000001913, -1.794340822260421353 ) ) ;
#1144 = EDGE_CURVE ( 'NONE', #4287, #115, #3772, .T. ) ;
#1145 = ORIENTED_EDGE ( 'NONE', *, *, #604, .F. ) ;
#1146 = DIRECTION ( 'NONE',  ( 0.000000000000000000, 0.000000000000000000, -1.000000000000000000 ) ) ;
#1147 = CARTESIAN_POINT ( 'NONE',  ( -3.361829207450901524, 2.600324999999999331, 1.158982476109989612 ) ) ;
#1148 = ORIENTED_EDGE ( 'NONE', *, *, #3419, .F. ) ;
#1149 = AXIS2_PLACEMENT_3D ( 'NONE', #662, #4542, #5554 ) ;
#1150 = CYLINDRICAL_SURFACE ( 'NONE', #1876, 3.378200000000000092 ) ;
#1151 = ADVANCED_FACE ( 'NONE', ( #2618 ), #5984, .T. ) ;
#1152 = CARTESIAN_POINT ( 'NONE',  ( 2.330529511432877232, 1.364456249999998150, -2.744262999638255707 ) ) ;
#1153 = CARTESIAN_POINT ( 'NONE',  ( -2.212703992663547670, 1.364456250000001036, -2.840121169192242778 ) ) ;
#1154 = VERTEX_POINT ( 'NONE', #2654 ) ;
#1155 = CARTESIAN_POINT ( 'NONE',  ( -1.248640494843996418, -1.550193750000000259, 3.184244851771240281 ) ) ;
#1156 = DIRECTION ( 'NONE',  ( 0.000000000000000000, 0.000000000000000000, -1.000000000000000000 ) ) ;
#1157 = ORIENTED_EDGE ( 'NONE', *, *, #4097, .F. ) ;
#1158 =( BOUNDED_CURVE ( )  B_SPLINE_CURVE ( 1, ( #2054, #7001 ),
 .UNSPECIFIED., .F., .T. ) 
 B_SPLINE_CURVE_WITH_KNOTS ( ( 2, 2 ),
 ( 5.762613592002297847E-19, 0.0005566452967378092724 ),
 .UNSPECIFIED. ) 
 CURVE ( )  GEOMETRIC_REPRESENTATION_ITEM ( )  RATIONAL_B_SPLINE_CURVE ( ( 0.9956508716769392198, 0.9956508716769392198 ) ) 
 REPRESENTATION_ITEM ( '' )  );
#1159 = CARTESIAN_POINT ( 'NONE',  ( 3.136545570566738217, -0.09286874999999956970, 1.254717945897869891 ) ) ;
#1160 = CARTESIAN_POINT ( 'NONE',  ( -3.293270827764680497, 2.336006250000000950, 1.454893284690414346 ) ) ;
#1161 = ADVANCED_FACE ( 'NONE', ( #4886 ), #7135, .T. ) ;
#1162 = CARTESIAN_POINT ( 'NONE',  ( 3.358475500609527487, -0.9407207500001901757, 0.3645237328432933688 ) ) ;
#1163 = CARTESIAN_POINT ( 'NONE',  ( 0.2018067782294531987, 2.336006249999999174, -3.279093388022041644 ) ) ;
#1164 = CARTESIAN_POINT ( 'NONE',  ( 2.322245159586805663, -0.5786437500000001233, -2.511114449835285090 ) ) ;
#1165 = CARTESIAN_POINT ( 'NONE',  ( 2.511114449835255336, -2.521743749999999284, -2.322245159586841190 ) ) ;
#1166 = CARTESIAN_POINT ( 'NONE',  ( -1.292016578241059088, 0.3929062499999997904, -3.166893039391479370 ) ) ;
#1167 = DIRECTION ( 'NONE',  ( 0.000000000000000000, 0.000000000000000000, -1.000000000000000000 ) ) ;
#1168 = CARTESIAN_POINT ( 'NONE',  ( 3.064432368067693702, -0.9407207499999045153, -1.421790948606492577 ) ) ;
#1169 =( BOUNDED_CURVE ( )  B_SPLINE_CURVE ( 1, ( #6827, #2385 ),
 .UNSPECIFIED., .F., .T. ) 
 B_SPLINE_CURVE_WITH_KNOTS ( ( 2, 2 ),
 ( 0.000000000000000000, 0.0005566452967378108987 ),
 .UNSPECIFIED. ) 
 CURVE ( )  GEOMETRIC_REPRESENTATION_ITEM ( )  RATIONAL_B_SPLINE_CURVE ( ( 0.9945407480612344919, 0.9945407480612344919 ) ) 
 REPRESENTATION_ITEM ( '' )  );
#1170 = CARTESIAN_POINT ( 'NONE',  ( 0.000000000000000000, -2.766060000000000407, 0.000000000000000000 ) ) ;
#1171 = CARTESIAN_POINT ( 'NONE',  ( -3.141399673434734918, -2.521743750000000173, -0.2364427586296811157 ) ) ;
#1172 = AXIS2_PLACEMENT_3D ( 'NONE', #1105, #3895, #4548 ) ;
#1173 = ORIENTED_EDGE ( 'NONE', *, *, #352, .F. ) ;
#1174 = VERTEX_POINT ( 'NONE', #3799 ) ;
#1175 = CARTESIAN_POINT ( 'NONE',  ( 2.325318262314820306, -1.155006032159971996, -2.145601550459606432 ) ) ;
#1176 = CARTESIAN_POINT ( 'NONE',  ( -2.825199768650449528, 0.5572124999999997774, -1.852155907913113797 ) ) ;
#1177 = CIRCLE ( 'NONE', #3985, 3.378200000000000092 ) ;
#1178 = AXIS2_PLACEMENT_3D ( 'NONE', #2414, #5189, #5808 ) ;
#1179 = CARTESIAN_POINT ( 'NONE',  ( -3.550104427863029599, 2.600324999999998443, 0.2046815850713119278 ) ) ;
#1180 = CARTESIAN_POINT ( 'NONE',  ( -1.299218106974295628, -1.060154572504550030, -2.989665162431389689 ) ) ;
#1181 = CARTESIAN_POINT ( 'NONE',  ( 0.000000000000000000, 2.857499999999999485, 0.000000000000000000 ) ) ;
#1182 = CARTESIAN_POINT ( 'NONE',  ( 2.278731954694218409, 1.850231249999997551, 2.310071903892923828 ) ) ;
#1183 = ORIENTED_EDGE ( 'NONE', *, *, #4690, .F. ) ;
#1184 = CARTESIAN_POINT ( 'NONE',  ( 2.348970292876011001, 2.600324999999998887, 2.238613429265092769 ) ) ;
#1185 = VECTOR ( 'NONE', #7244, 1000.000000000000000 ) ;
#1186 = CARTESIAN_POINT ( 'NONE',  ( 0.7402963470542535118, 1.526976102460969154, -3.498222782773142914 ) ) ;
#1187 = ORIENTED_EDGE ( 'NONE', *, *, #659, .F. ) ;
#1188 = DIRECTION ( 'NONE',  ( -0.000000000000000000, -1.000000000000000000, -0.000000000000000000 ) ) ;
#1189 = CARTESIAN_POINT ( 'NONE',  ( 0.4490940897733706194, -2.521743750000000173, 3.390697990079113211 ) ) ;
#1190 = EDGE_CURVE ( 'NONE', #2943, #5401, #3887, .T. ) ;
#1191 = CARTESIAN_POINT ( 'NONE',  ( -1.226760843490521058, 2.336006249999999618, -3.384878882282428059 ) ) ;
#1192 = AXIS2_PLACEMENT_3D ( 'NONE', #4410, #3270, #3234 ) ;
#1193 = VERTEX_POINT ( 'NONE', #6614 ) ;
#1194 = CARTESIAN_POINT ( 'NONE',  ( -2.498777543337406204, 1.850231250000000660, -2.530068534429986027 ) ) ;
#1195 =( BOUNDED_SURFACE ( )  B_SPLINE_SURFACE ( 1, 2, ( 
 ( #1729, #6268, #5672, #2902, #5123, #3897, #119, #6828, #1805 ),
 ( #3484, #5707, #2760, #6117, #3338, #5562, #1107, #556, #2795 ) ),
 .UNSPECIFIED., .F., .F., .F. ) 
 B_SPLINE_SURFACE_WITH_KNOTS ( ( 2, 2 ),
 ( 3, 2, 2, 2, 3 ),
 ( 0.000000000000000000, 1.000000000000000000 ),
 ( 0.000000000000000000, 0.05000000000000000278, 0.1000000000000000056, 0.1499999999999999944, 0.2000000000000000111 ),
 .UNSPECIFIED. ) 
 GEOMETRIC_REPRESENTATION_ITEM ( )  RATIONAL_B_SPLINE_SURFACE ( (
 ( 1.000000000000000000, 0.9876883405951377704, 1.000000000000000000, 0.9876883405951377704, 1.000000000000000000, 0.9876883405951377704, 1.000000000000000000, 0.9876883405951377704, 1.000000000000000000),
 ( 1.000000000000000000, 0.9876883405951377704, 1.000000000000000000, 0.9876883405951377704, 1.000000000000000000, 0.9876883405951377704, 1.000000000000000000, 0.9876883405951377704, 1.000000000000000000) ) ) 
 REPRESENTATION_ITEM ( '' )  SURFACE ( )  );
#1196 = CARTESIAN_POINT ( 'NONE',  ( -3.363572883191074503, -0.5156196993881075885, 0.5616318509621852639 ) ) ;
#1197 = ORIENTED_EDGE ( 'NONE', *, *, #2181, .F. ) ;
#1198 = EDGE_CURVE ( 'NONE', #1391, #3492, #5263, .T. ) ;
#1199 = DIRECTION ( 'NONE',  ( 0.000000000000000000, 0.000000000000000000, -1.000000000000000000 ) ) ;
#1200 = DIRECTION ( 'NONE',  ( 0.000000000000000000, 0.000000000000000000, -1.000000000000000000 ) ) ;
#1201 = CARTESIAN_POINT ( 'NONE',  ( 2.476913952103692917, 2.336006249999997397, 2.612899632346643575 ) ) ;
#1202 = DIRECTION ( 'NONE',  ( 0.000000000000000000, 0.000000000000000000, -1.000000000000000000 ) ) ;
#1203 = LINE ( 'NONE', #4933, #2827 ) ;
#1205 = ADVANCED_FACE ( 'NONE', ( #3280 ), #6004, .T. ) ;
#1204 = CARTESIAN_POINT ( 'NONE',  ( -3.095723736874233190, 0.5572124999999998884, 0.3129325725351154719 ) ) ;
#1206 =( BOUNDED_SURFACE ( )  B_SPLINE_SURFACE ( 1, 2, ( 
 ( #545, #3947, #7181, #1164, #2156, #37, #1126, #6772, #6174 ),
 ( #3839, #1, #3396, #6063, #2741, #7217, #2228, #1057, #1750 ) ),
 .UNSPECIFIED., .F., .F., .T. ) 
 B_SPLINE_SURFACE_WITH_KNOTS ( ( 2, 2 ),
 ( 3, 2, 2, 2, 3 ),
 ( 0.000000000000000000, 1.000000000000000000 ),
 ( 0.000000000000000000, 0.05000000000000000278, 0.1000000000000000056, 0.1499999999999999944, 0.2000000000000000111 ),
 .UNSPECIFIED. ) 
 GEOMETRIC_REPRESENTATION_ITEM ( )  RATIONAL_B_SPLINE_SURFACE ( (
 ( 1.000000000000000000, 0.9876883405951377704, 1.000000000000000000, 0.9876883405951377704, 1.000000000000000000, 0.9876883405951377704, 1.000000000000000000, 0.9876883405951377704, 1.000000000000000000),
 ( 1.000000000000000000, 0.9876883405951377704, 1.000000000000000000, 0.9876883405951377704, 1.000000000000000000, 0.9876883405951377704, 1.000000000000000000, 0.9876883405951377704, 1.000000000000000000) ) ) 
 REPRESENTATION_ITEM ( '' )  SURFACE ( )  );
#1207 = ORIENTED_EDGE ( 'NONE', *, *, #156, .T. ) ;
#1208 = CARTESIAN_POINT ( 'NONE',  ( 1.580222710569860523, -2.035968749999999883, -2.680359758502440570 ) ) ;
#1209 = CARTESIAN_POINT ( 'NONE',  ( -3.375790823302679655, 0.5572125000000002215, -0.1275600145242255234 ) ) ;
#1210 = CARTESIAN_POINT ( 'NONE',  ( -3.092857457414813549, -0.5156196993879218482, 1.436414154993925996 ) ) ;
#1211 = CARTESIAN_POINT ( 'NONE',  ( -3.027991736264421530, -3.007518750000000463, -0.7160295350852423635 ) ) ;
#1212 = ORIENTED_EDGE ( 'NONE', *, *, #2803, .F. ) ;
#1213 = B_SPLINE_CURVE_WITH_KNOTS ( 'NONE', 3,
 ( #5742, #5196, #2421, #942, #267, #3176, #1873, #4655, #6826, #5158 ),
 .UNSPECIFIED., .F., .F.,
 ( 4, 3, 3, 4 ),
 ( 8.096868571857650706E-16, 0.0001296210011224988067, 0.0002688043935199183488, 0.0004095291194012577090 ),
 .UNSPECIFIED. ) ;
#1214 = CARTESIAN_POINT ( 'NONE',  ( 0.1585996938683562618, -1.000217606553381433, 3.315780250195248247 ) ) ;
#1215 = ORIENTED_EDGE ( 'NONE', *, *, #5120, .T. ) ;
#1216 = FACE_OUTER_BOUND ( 'NONE', #5244, .T. ) ;
#1217 =( BOUNDED_CURVE ( )  B_SPLINE_CURVE ( 1, ( #5361, #4714 ),
 .UNSPECIFIED., .F., .T. ) 
 B_SPLINE_CURVE_WITH_KNOTS ( ( 2, 2 ),
 ( 0.000000000000000000, 0.0005566452967378107903 ),
 .UNSPECIFIED. ) 
 CURVE ( )  GEOMETRIC_REPRESENTATION_ITEM ( )  RATIONAL_B_SPLINE_CURVE ( ( 0.9945407480612344919, 0.9945407480612344919 ) ) 
 REPRESENTATION_ITEM ( '' )  );
#1218 = CARTESIAN_POINT ( 'NONE',  ( 2.128366571436828281, 1.200150000000000050, 2.449307506233188825 ) ) ;
#1219 = CARTESIAN_POINT ( 'NONE',  ( 0.05880435895700455301, -1.097987288839243458, -3.220460102112389755 ) ) ;
#1220 = CARTESIAN_POINT ( 'NONE',  ( -2.302791776386009737, -2.035968750000000327, -2.092506220924798210 ) ) ;
#1221 = CARTESIAN_POINT ( 'NONE',  ( -1.497214124249495594E-11, -1.177963633540397570, -3.140957116459603959 ) ) ;
#1222 = CARTESIAN_POINT ( 'NONE',  ( 2.787128230295548903, -2.521743749999999729, 1.468405023913315510 ) ) ;
#1223 = ORIENTED_EDGE ( 'NONE', *, *, #2887, .F. ) ;
#1224 = CARTESIAN_POINT ( 'NONE',  ( 1.754702189780818822, -1.067499318559818500, -2.737332208054261251 ) ) ;
#1225 = CARTESIAN_POINT ( 'NONE',  ( 0.000000000000000000, 0.5572124999999997774, 0.000000000000000000 ) ) ;
#1226 = ORIENTED_EDGE ( 'NONE', *, *, #4359, .F. ) ;
#1227 = EDGE_CURVE ( 'NONE', #2184, #5287, #4246, .T. ) ;
#1228 = CARTESIAN_POINT ( 'NONE',  ( 0.3675163212188587991, 1.200149999999999828, -3.536957414733426397 ) ) ;
#1229 = CARTESIAN_POINT ( 'NONE',  ( 2.725376360821287314, 1.850231249999997329, -1.761072177503387737 ) ) ;
#1230 = CARTESIAN_POINT ( 'NONE',  ( 0.9971115173842676205, 4.279106249999997225, -3.459496471560966846 ) ) ;
#1231 = VERTEX_POINT ( 'NONE', #539 ) ;
#1232 = DIRECTION ( 'NONE',  ( 0.000000000000000000, 0.000000000000000000, -1.000000000000000000 ) ) ;
#1233 = CARTESIAN_POINT ( 'NONE',  ( 0.000000000000000000, 0.5572124999999997774, 0.000000000000000000 ) ) ;
#1234 = EDGE_CURVE ( 'NONE', #4627, #6051, #261, .T. ) ;
#1235 = ORIENTED_EDGE ( 'NONE', *, *, #5259, .T. ) ;
#1236 = EDGE_CURVE ( 'NONE', #254, #762, #607, .T. ) ;
#1237 = CARTESIAN_POINT ( 'NONE',  ( -3.065354100748962196, 0.5572124999999997774, -0.5338880847345455205 ) ) ;
#1238 = DIRECTION ( 'NONE',  ( 0.000000000000000000, 0.000000000000000000, -1.000000000000000000 ) ) ;
#1239 = DIRECTION ( 'NONE',  ( 0.000000000000000000, 0.000000000000000000, -1.000000000000000000 ) ) ;
#1240 = FACE_OUTER_BOUND ( 'NONE', #2027, .T. ) ;
#1241 =( BOUNDED_CURVE ( )  B_SPLINE_CURVE ( 2, ( #5347, #450, #2719, #413, #2640 ),
 .UNSPECIFIED., .F., .T. ) 
 B_SPLINE_CURVE_WITH_KNOTS ( ( 3, 2, 3 ),
 ( 0.01659028043918804943, 0.05000000000000000278, 0.08854378023972299394 ),
 .UNSPECIFIED. ) 
 CURVE ( )  GEOMETRIC_REPRESENTATION_ITEM ( )  RATIONAL_B_SPLINE_CURVE ( ( 0.9945407480612344919, 0.9917734182391063635, 1.000000000000000000, 0.9905092421102533740, 0.9956508716769392198 ) ) 
 REPRESENTATION_ITEM ( '' )  );
#1242 = CARTESIAN_POINT ( 'NONE',  ( 3.139332930106287556, 3.307556249999995313, -1.762650268429174494 ) ) ;
#1243 = EDGE_CURVE ( 'NONE', #3724, #3605, #2363, .T. ) ;
#1244 = CARTESIAN_POINT ( 'NONE',  ( 2.015530085667858629, -0.9407207499999047373, 2.711065051555944461 ) ) ;
#1245 = VERTEX_POINT ( 'NONE', #3242 ) ;
#1246 = CARTESIAN_POINT ( 'NONE',  ( -1.430199569925502345, -0.5786437500000003453, 2.806924700904740444 ) ) ;
#1247 = CARTESIAN_POINT ( 'NONE',  ( 3.488331708929242492, 2.600324999999999331, -0.6904186327720424066 ) ) ;
#1248 =( NAMED_UNIT ( * ) PLANE_ANGLE_UNIT ( ) SI_UNIT ( $, .RADIAN. ) );
#1249 = EDGE_CURVE ( 'NONE', #387, #3731, #4352, .T. ) ;
#1250 = CARTESIAN_POINT ( 'NONE',  ( 1.815163981954535988, 0.2303863975390295082, -2.548363343159956607 ) ) ;
#1251 =( BOUNDED_CURVE ( )  B_SPLINE_CURVE ( 2, ( #5203, #4554, #55, #674, #2871 ),
 .UNSPECIFIED., .F., .F. ) 
 B_SPLINE_CURVE_WITH_KNOTS ( ( 3, 2, 3 ),
 ( 0.01659028043918819514, 0.05000000000000000278, 0.08854378023972318823 ),
 .UNSPECIFIED. ) 
 CURVE ( )  GEOMETRIC_REPRESENTATION_ITEM ( )  RATIONAL_B_SPLINE_CURVE ( ( 0.9945407480612344919, 0.9917734182391064746, 1.000000000000000000, 0.9905092421102533740, 0.9956508716769392198 ) ) 
 REPRESENTATION_ITEM ( '' )  );
#1252 = CARTESIAN_POINT ( 'NONE',  ( -0.7837173239439366723, -0.09286875000000011093, -3.286034448411967901 ) ) ;
#1253 = EDGE_LOOP ( 'NONE', ( #5445, #4752, #4378, #1989 ) ) ;
#1254 = CARTESIAN_POINT ( 'NONE',  ( 2.672225359965618274, -0.9407207499999047373, 2.066747895984643257 ) ) ;
#1255 = ORIENTED_EDGE ( 'NONE', *, *, #6519, .F. ) ;
#1256 = CARTESIAN_POINT ( 'NONE',  ( 3.701617415102790507E-16, -2.857500000000000373, 3.022600000000000176 ) ) ;
#1257 = CARTESIAN_POINT ( 'NONE',  ( -3.234884724928787758, 2.600324999999998887, -0.2541108791893525454 ) ) ;
#1258 = CARTESIAN_POINT ( 'NONE',  ( 0.000000000000000000, 3.873500000000000831, 0.000000000000000000 ) ) ;
#1259 = CARTESIAN_POINT ( 'NONE',  ( 2.749176037066932921, 2.821781249999996799, 1.723682870982063964 ) ) ;
#1260 = CARTESIAN_POINT ( 'NONE',  ( 0.000000000000000000, -1.385887500000000383, -2.933033249999999814 ) ) ;
#1261 = CARTESIAN_POINT ( 'NONE',  ( 2.837786040453274872, 0.3929062500000001235, -1.909316304336301284 ) ) ;
#1262 = VERTEX_POINT ( 'NONE', #7211 ) ;
#1263 = CARTESIAN_POINT ( 'NONE',  ( -0.3234563067302406725, 0.5572124999999997774, 3.094641864196312930 ) ) ;
#1264 = CYLINDRICAL_SURFACE ( 'NONE', #3136, 3.378200000000000092 ) ;
#1265 = EDGE_LOOP ( 'NONE', ( #2611, #2608, #3461, #3480 ) ) ;
#1266 =( BOUNDED_CURVE ( )  B_SPLINE_CURVE ( 2, ( #6678, #3930, #1182, #6832, #2317 ),
 .UNSPECIFIED., .F., .T. ) 
 B_SPLINE_CURVE_WITH_KNOTS ( ( 3, 2, 3 ),
 ( 0.01659028043918817780, 0.05000000000000000278, 0.08854378023972317435 ),
 .UNSPECIFIED. ) 
 CURVE ( )  GEOMETRIC_REPRESENTATION_ITEM ( )  RATIONAL_B_SPLINE_CURVE ( ( 0.9945407480612344919, 0.9917734182391064746, 1.000000000000000000, 0.9905092421102533740, 0.9956508716769392198 ) ) 
 REPRESENTATION_ITEM ( '' )  );
#1267 = CARTESIAN_POINT ( 'NONE',  ( 0.9119056261236836436, 0.3929062499999997904, -3.015414600914479770 ) ) ;
#1268 = CARTESIAN_POINT ( 'NONE',  ( -3.092941978593007235, -0.09286875000000033298, -0.3393260483033759822 ) ) ;
#1269 = EDGE_LOOP ( 'NONE', ( #1280, #5730, #412, #3317 ) ) ;
#1270 = CYLINDRICAL_SURFACE ( 'NONE', #3410, 3.378200000000000092 ) ;
#1271 = CARTESIAN_POINT ( 'NONE',  ( -0.8394726534550412955, 0.8786812499999997472, 2.996117139582688882 ) ) ;
#1272 = AXIS2_PLACEMENT_3D ( 'NONE', #5982, #3206, #5432 ) ;
#1273 = ORIENTED_EDGE ( 'NONE', *, *, #2949, .F. ) ;
#1274 = VECTOR ( 'NONE', #1114, 1000.000000000000000 ) ;
#1275 = CARTESIAN_POINT ( 'NONE',  ( 0.9051769861409287854, 0.8786812499999998582, -3.254672005557674552 ) ) ;
#1276 = DIRECTION ( 'NONE',  ( -0.000000000000000000, -1.000000000000000000, -0.000000000000000000 ) ) ;
#1277 = CARTESIAN_POINT ( 'NONE',  ( 3.163115545441763210, 1.364456249999997040, 1.719606716964030779 ) ) ;
#1278 = CARTESIAN_POINT ( 'NONE',  ( -3.252204333101492484, -1.060154572504550696, -0.2218838630943082424 ) ) ;
#1279 = CARTESIAN_POINT ( 'NONE',  ( 1.778771894064104853, -1.029273648346684666, 2.767263739202098005 ) ) ;
#1280 = ORIENTED_EDGE ( 'NONE', *, *, #833, .T. ) ;
#1281 = CYLINDRICAL_SURFACE ( 'NONE', #7002, 3.556000000000000050 ) ;
#1282 = CARTESIAN_POINT ( 'NONE',  ( 0.3718122435286925764, 1.200149999999999828, -3.536508398910168438 ) ) ;
#1283 =( BOUNDED_CURVE ( )  B_SPLINE_CURVE ( 2, ( #2537, #6354, #3055, #1369, #2983 ),
 .UNSPECIFIED., .F., .T. ) 
 B_SPLINE_CURVE_WITH_KNOTS ( ( 3, 2, 3 ),
 ( 0.01659028043918807718, 0.05000000000000000278, 0.09358265573073291932 ),
 .UNSPECIFIED. ) 
 CURVE ( )  GEOMETRIC_REPRESENTATION_ITEM ( )  RATIONAL_B_SPLINE_CURVE ( ( 0.9945407480612344919, 0.9917734182391063635, 1.000000000000000000, 0.9892685037336770293, 0.9972452917573859654 ) ) 
 REPRESENTATION_ITEM ( '' )  );
#1284 = EDGE_CURVE ( 'NONE', #1193, #3011, #7050, .T. ) ;
#1285 = CARTESIAN_POINT ( 'NONE',  ( 1.096810268508074060, 1.850231249999997996, -3.382623720560011371 ) ) ;
#1286 = CARTESIAN_POINT ( 'NONE',  ( 0.4695654618033662797, 4.279106249999997225, -3.251566960742255041 ) ) ;
#1287 = ORIENTED_EDGE ( 'NONE', *, *, #5612, .T. ) ;
#1288 = CARTESIAN_POINT ( 'NONE',  ( 0.3134821273514056261, -0.9407207499999050704, 3.363623670363787621 ) ) ;
#1289 = ORIENTED_EDGE ( 'NONE', *, *, #1968, .F. ) ;
#1290 = CARTESIAN_POINT ( 'NONE',  ( -2.706277999234353082, -0.5156196993881073665, -2.074876446300751631 ) ) ;
#1291 = CARTESIAN_POINT ( 'NONE',  ( -1.325091756813552069, 4.764881249999998403, -3.299889064199702293 ) ) ;
#1292 =( BOUNDED_CURVE ( )  B_SPLINE_CURVE ( 1, ( #2593, #2087 ),
 .UNSPECIFIED., .F., .T. ) 
 B_SPLINE_CURVE_WITH_KNOTS ( ( 2, 2 ),
 ( 0.000000000000000000, 0.0005566452967378121997 ),
 .UNSPECIFIED. ) 
 CURVE ( )  GEOMETRIC_REPRESENTATION_ITEM ( )  RATIONAL_B_SPLINE_CURVE ( ( 0.9956508716769392198, 0.9956508716769392198 ) ) 
 REPRESENTATION_ITEM ( '' )  );
#1293 = AXIS2_PLACEMENT_3D ( 'NONE', #3383, #6159, #1814 ) ;
#1294 = CARTESIAN_POINT ( 'NONE',  ( -3.010413866081277590, 1.850231250000001326, -1.210974763323154901 ) ) ;
#1295 = CARTESIAN_POINT ( 'NONE',  ( 1.570980451596030836, 1.850231249999997996, 2.839202694983775199 ) ) ;
#1296 = VERTEX_POINT ( 'NONE', #6690 ) ;
#1297 = CARTESIAN_POINT ( 'NONE',  ( 3.062191490111045411, 2.336006249999996509, -1.893496895359128240 ) ) ;
#1298 = DIRECTION ( 'NONE',  ( -0.000000000000000000, -1.000000000000000000, -0.000000000000000000 ) ) ;
#1299 = EDGE_CURVE ( 'NONE', #3378, #2184, #4476, .T. ) ;
#1300 = VERTEX_POINT ( 'NONE', #5465 ) ;
#1301 = CARTESIAN_POINT ( 'NONE',  ( 3.251566960742261703, 2.336006249999996953, -0.4695654618033164307 ) ) ;
#1302 = CARTESIAN_POINT ( 'NONE',  ( 3.243639285662713867, 1.850231249999996885, -0.08863242637711066241 ) ) ;
#1303 = FACE_OUTER_BOUND ( 'NONE', #54, .T. ) ;
#1304 = CIRCLE ( 'NONE', #2006, 3.556000000000000050 ) ;
#1305 = CC_DESIGN_APPROVAL ( #3453, ( #5190 ) ) ;
#1306 = ORIENTED_EDGE ( 'NONE', *, *, #7099, .T. ) ;
#1307 = CARTESIAN_POINT ( 'NONE',  ( 0.000000000000000000, -2.857500000000000373, 0.000000000000000000 ) ) ;
#1308 = FACE_OUTER_BOUND ( 'NONE', #94, .T. ) ;
#1309 = ORIENTED_EDGE ( 'NONE', *, *, #4739, .F. ) ;
#1310 = DIRECTION ( 'NONE',  ( -0.000000000000000000, -1.000000000000000000, -0.000000000000000000 ) ) ;
#1311 = CARTESIAN_POINT ( 'NONE',  ( -3.220362371804946555, 2.821781250000000796, 0.3978915892084445294 ) ) ;
#1312 = CARTESIAN_POINT ( 'NONE',  ( 1.219458935955396672, -0.9730674576370991202, 3.115728202970273308 ) ) ;
#1313 = CARTESIAN_POINT ( 'NONE',  ( -3.101056566877887111, -2.035968750000000327, 0.2547163501300008792 ) ) ;
#1314 = CARTESIAN_POINT ( 'NONE',  ( 3.417124646724633230, 1.364456249999997484, -1.133845828845432280 ) ) ;
#1315 = ORIENTED_EDGE ( 'NONE', *, *, #5534, .F. ) ;
#1316 = CARTESIAN_POINT ( 'NONE',  ( 2.004749990788678993, -2.521743749999999284, -2.430077068900711623 ) ) ;
#1317 = EDGE_CURVE ( 'NONE', #6623, #494, #5622, .T. ) ;
#1318 = CARTESIAN_POINT ( 'NONE',  ( 0.000000000000000000, -0.9407207500000012157, 0.000000000000000000 ) ) ;
#1319 = PERSON_AND_ORGANIZATION_ROLE ( 'creator' ) ;
#1320 = CARTESIAN_POINT ( 'NONE',  ( 1.985096277795624919, 3.307556249999996645, -2.617741811369332261 ) ) ;
#1321 = CARTESIAN_POINT ( 'NONE',  ( -1.625421202620998651, -1.127509193519549813, -2.746472944873302957 ) ) ;
#1322 = ORIENTED_EDGE ( 'NONE', *, *, #6840, .T. ) ;
#1323 = CARTESIAN_POINT ( 'NONE',  ( -2.666293690801892602, 0.2303863975390292584, -1.637025951088273201 ) ) ;
#1324 = ORIENTED_EDGE ( 'NONE', *, *, #7108, .F. ) ;
#1325 =( BOUNDED_CURVE ( )  B_SPLINE_CURVE ( 1, ( #6546, #5301 ),
 .UNSPECIFIED., .F., .T. ) 
 B_SPLINE_CURVE_WITH_KNOTS ( ( 2, 2 ),
 ( 4.848699518061080308E-19, 0.0005566452967378106818 ),
 .UNSPECIFIED. ) 
 CURVE ( )  GEOMETRIC_REPRESENTATION_ITEM ( )  RATIONAL_B_SPLINE_CURVE ( ( 0.9956508716769392198, 0.9956508716769392198 ) ) 
 REPRESENTATION_ITEM ( '' )  );
#1326 = CARTESIAN_POINT ( 'NONE',  ( 2.966869127378333193, 3.307556249999995313, 1.410980865964727160 ) ) ;
#1327 = EDGE_CURVE ( 'NONE', #3601, #4066, #6400, .T. ) ;
#1328 = CARTESIAN_POINT ( 'NONE',  ( 2.875000020580381399, 0.2303863975390295360, -1.234241018524841360 ) ) ;
#1329 = CARTESIAN_POINT ( 'NONE',  ( 2.413873792671206164, -1.550193749999999593, -2.423165630833155060 ) ) ;
#1330 = CARTESIAN_POINT ( 'NONE',  ( 2.520017840095674533, -2.521743749999999284, -2.312580473625825306 ) ) ;
#1331 = CARTESIAN_POINT ( 'NONE',  ( -2.575703490097025039, 2.600324999999999331, -2.451711143487750544 ) ) ;
#1332 = ORIENTED_EDGE ( 'NONE', *, *, #1650, .T. ) ;
#1333 = ADVANCED_FACE ( 'NONE', ( #4669 ), #1270, .T. ) ;
#1334 = DIRECTION ( 'NONE',  ( 0.000000000000000000, 0.000000000000000000, -1.000000000000000000 ) ) ;
#1335 = VERTEX_POINT ( 'NONE', #2473 ) ;
#1336 = CARTESIAN_POINT ( 'NONE',  ( 2.928382276772609760, 4.279106249999995448, 2.094498616835835492 ) ) ;
#1337 = EDGE_CURVE ( 'NONE', #283, #5128, #6768, .T. ) ;
#1338 = CARTESIAN_POINT ( 'NONE',  ( -3.191683542178304300, -0.9730674576370945683, 1.003991283754001929 ) ) ;
#1339 = EDGE_LOOP ( 'NONE', ( #4329, #3790, #2877, #6728 ) ) ;
#1340 = DIRECTION ( 'NONE',  ( -0.000000000000000000, -1.000000000000000000, -0.000000000000000000 ) ) ;
#1341 = CARTESIAN_POINT ( 'NONE',  ( -2.134463111423618553, -0.5786437500000004563, 2.316973092708688675 ) ) ;
#1342 = ORIENTED_EDGE ( 'NONE', *, *, #3562, .F. ) ;
#1343 = CARTESIAN_POINT ( 'NONE',  ( -3.586338516392154396, 1.364456250000001258, -0.3170540343304812936 ) ) ;
#1344 = CARTESIAN_POINT ( 'NONE',  ( 0.3373346070253231410, 1.850231249999998884, 3.539963469148103670 ) ) ;
#1345 = CARTESIAN_POINT ( 'NONE',  ( 2.130992840138356659, 1.850231249999997329, 2.846753504481741359 ) ) ;
#1346 = CARTESIAN_POINT ( 'NONE',  ( -3.414247948527872722, -2.521743750000000173, 0.2035419056831870577 ) ) ;
#1347 = CARTESIAN_POINT ( 'NONE',  ( 1.381721053059276505, 2.600324999999998887, 3.276580981989118069 ) ) ;
#1348 = CARTESIAN_POINT ( 'NONE',  ( -3.563047868835217624, 2.336006250000000506, 0.5167563248107754914 ) ) ;
#1349 = VERTEX_POINT ( 'NONE', #95 ) ;
#1350 = CARTESIAN_POINT ( 'NONE',  ( -2.934104118361592572, 3.793331250000000487, -2.009021906952123793 ) ) ;
#1351 = APPLICATION_PROTOCOL_DEFINITION ( 'international standard', 'config_control_design', 1994, #4219 ) ;
#1352 = CARTESIAN_POINT ( 'NONE',  ( -0.9226905757984162904, 2.600324999999999331, -3.434207055687352739 ) ) ;
#1353 = CARTESIAN_POINT ( 'NONE',  ( -2.572062472623955820, 1.850231250000000882, -1.978268475060841469 ) ) ;
#1354 = ORIENTED_EDGE ( 'NONE', *, *, #3955, .F. ) ;
#1355 = CARTESIAN_POINT ( 'NONE',  ( 2.672225359965618274, -0.9407207499999047373, 2.066747895984643257 ) ) ;
#1356 = VERTEX_POINT ( 'NONE', #1818 ) ;
#1357 = CARTESIAN_POINT ( 'NONE',  ( 2.676256138822717290, 3.793331249999996935, 1.834858196677267461 ) ) ;
#1358 = CARTESIAN_POINT ( 'NONE',  ( -2.895980214806367581, 2.600324999999999331, 1.463676917202039185 ) ) ;
#1359 = CARTESIAN_POINT ( 'NONE',  ( -3.011647876506112986, 2.821781250000000796, -1.890796939900268203 ) ) ;
#1360 = CARTESIAN_POINT ( 'NONE',  ( -3.009084603923382506, 0.2303863975390292307, -0.8569631594051732026 ) ) ;
#1361 = CARTESIAN_POINT ( 'NONE',  ( 0.000000000000000000, -2.857500000000000373, 0.000000000000000000 ) ) ;
#1362 = ADVANCED_FACE ( 'NONE', ( #3497 ), #4600, .T. ) ;
#1363 = EDGE_LOOP ( 'NONE', ( #2062, #6506, #3621, #243 ) ) ;
#1364 = EDGE_CURVE ( 'NONE', #283, #2133, #543, .T. ) ;
#1365 =( BOUNDED_CURVE ( )  B_SPLINE_CURVE ( 2, ( #2579, #3643, #3128, #763, #3095 ),
 .UNSPECIFIED., .F., .T. ) 
 B_SPLINE_CURVE_WITH_KNOTS ( ( 3, 2, 3 ),
 ( 0.01659028043918809453, 0.05000000000000000278, 0.08854378023972303557 ),
 .UNSPECIFIED. ) 
 CURVE ( )  GEOMETRIC_REPRESENTATION_ITEM ( )  RATIONAL_B_SPLINE_CURVE ( ( 0.9945407480612344919, 0.9917734182391063635, 1.000000000000000000, 0.9905092421102533740, 0.9956508716769392198 ) ) 
 REPRESENTATION_ITEM ( '' )  );
#1366 = FACE_OUTER_BOUND ( 'NONE', #5085, .T. ) ;
#1367 = ORIENTED_EDGE ( 'NONE', *, *, #1299, .F. ) ;
#1368 = CARTESIAN_POINT ( 'NONE',  ( -2.187305024431105416, 2.223636876399969875, -2.836946084245789201 ) ) ;
#1369 = CARTESIAN_POINT ( 'NONE',  ( -3.087316016510425865, -0.5156196993881061452, 1.448286121852911057 ) ) ;
#1370 = CARTESIAN_POINT ( 'NONE',  ( -1.543986982604769409, -1.550193750000000259, 2.745979112067548300 ) ) ;
#1371 = EDGE_CURVE ( 'NONE', #4516, #6693, #271, .T. ) ;
#1372 = ORIENTED_EDGE ( 'NONE', *, *, #3509, .F. ) ;
#1373 = CARTESIAN_POINT ( 'NONE',  ( -2.936480877609144446, -0.09286875000000054114, -1.670124335322321629 ) ) ;
#1374 = CARTESIAN_POINT ( 'NONE',  ( 3.410163078137475878, -2.521743749999999729, 0.2632605969450129701 ) ) ;
#1375 = ORIENTED_EDGE ( 'NONE', *, *, #4559, .T. ) ;
#1376 = ADVANCED_FACE ( 'NONE', ( #5686 ), #6723, .F. ) ;
#1377 = CARTESIAN_POINT ( 'NONE',  ( 1.221461923758591750, -0.9407207500002896516, 3.149645378262225570 ) ) ;
#1378 = DIRECTION ( 'NONE',  ( 0.000000000000000000, 0.000000000000000000, -1.000000000000000000 ) ) ;
#1379 = DIRECTION ( 'NONE',  ( 0.000000000000000000, -0.000000000000000000, 1.000000000000000000 ) ) ;
#1380 = CARTESIAN_POINT ( 'NONE',  ( -2.316973092708658477, -2.521743750000000173, 2.134463111423651416 ) ) ;
#1381 = CARTESIAN_POINT ( 'NONE',  ( 2.207956227295176266, 3.793331249999996935, -2.787483685754677865 ) ) ;
#1382 = CARTESIAN_POINT ( 'NONE',  ( -0.1009433955661307863, 0.5572124999999997774, -3.109862164291463227 ) ) ;
#1383 = CARTESIAN_POINT ( 'NONE',  ( 0.000000000000000000, -2.857500000000000373, 0.000000000000000000 ) ) ;
#1384 = ORIENTED_EDGE ( 'NONE', *, *, #244, .T. ) ;
#1385 = CIRCLE ( 'NONE', #5698, 3.962399999999999700 ) ;
#1386 = EDGE_CURVE ( 'NONE', #5343, #6438, #5219, .T. ) ;
#1387 = CARTESIAN_POINT ( 'NONE',  ( -3.411320752576008974, 2.821781250000000352, -1.004005340147277936 ) ) ;
#1388 = DIRECTION ( 'NONE',  ( -0.000000000000000000, -1.000000000000000000, -0.000000000000000000 ) ) ;
#1389 = CARTESIAN_POINT ( 'NONE',  ( -3.248220225166589703, -1.067499318559818944, 0.1450267592257228622 ) ) ;
#1390 = CARTESIAN_POINT ( 'NONE',  ( 0.7116816119928480733, 0.2303863975390293417, -3.321522914852031327 ) ) ;
#1391 = VERTEX_POINT ( 'NONE', #2400 ) ;
#1392 = ORIENTED_EDGE ( 'NONE', *, *, #3112, .T. ) ;
#1393 = CC_DESIGN_DATE_AND_TIME_ASSIGNMENT ( #4683, #6927, ( #3404 ) ) ;
#1394 =( BOUNDED_CURVE ( )  B_SPLINE_CURVE ( 1, ( #4177, #2595 ),
 .UNSPECIFIED., .F., .F. ) 
 B_SPLINE_CURVE_WITH_KNOTS ( ( 2, 2 ),
 ( 1.084202172485504434E-19, 0.0005113447558650972401 ),
 .UNSPECIFIED. ) 
 CURVE ( )  GEOMETRIC_REPRESENTATION_ITEM ( )  RATIONAL_B_SPLINE_CURVE ( ( 0.9945407480612347140, 0.9945407480612347140 ) ) 
 REPRESENTATION_ITEM ( '' )  );
#1395 = DIRECTION ( 'NONE',  ( -0.000000000000000000, -1.000000000000000000, -0.000000000000000000 ) ) ;
#1396 = CARTESIAN_POINT ( 'NONE',  ( 3.123800134296363495, -0.5786437499999997902, 0.4076393103397909501 ) ) ;
#1397 = CARTESIAN_POINT ( 'NONE',  ( -2.818614305945202236, 2.336006250000000506, -1.687777478647661811 ) ) ;
#1398 = CARTESIAN_POINT ( 'NONE',  ( 0.5576433768133152169, -3.007518750000000018, -3.331856705246527106 ) ) ;
#1399 = ORIENTED_EDGE ( 'NONE', *, *, #3747, .F. ) ;
#1400 = CARTESIAN_POINT ( 'NONE',  ( -2.800353958795492648, -1.000217606553380101, -1.782574047813563212 ) ) ;
#1401 = ORIENTED_EDGE ( 'NONE', *, *, #910, .T. ) ;
#1402 = EDGE_CURVE ( 'NONE', #5010, #323, #6485, .T. ) ;
#1403 = AXIS2_PLACEMENT_3D ( 'NONE', #3826, #7207, #6535 ) ;
#1404 = CARTESIAN_POINT ( 'NONE',  ( 3.507985658467566381, 1.850231249999996219, -0.5823852848294659434 ) ) ;
#1405 = CYLINDRICAL_SURFACE ( 'NONE', #4458, 3.556000000000000050 ) ;
#1406 =( BOUNDED_CURVE ( )  B_SPLINE_CURVE ( 1, ( #4530, #5615 ),
 .UNSPECIFIED., .F., .T. ) 
 B_SPLINE_CURVE_WITH_KNOTS ( ( 2, 2 ),
 ( 0.000000000000000000, 0.0005566452967378116576 ),
 .UNSPECIFIED. ) 
 CURVE ( )  GEOMETRIC_REPRESENTATION_ITEM ( )  RATIONAL_B_SPLINE_CURVE ( ( 0.9945407480612344919, 0.9945407480612344919 ) ) 
 REPRESENTATION_ITEM ( '' )  );
#1407 = ORIENTED_EDGE ( 'NONE', *, *, #4895, .F. ) ;
#1408 = CARTESIAN_POINT ( 'NONE',  ( -2.886698227749187495, -0.09286875000000054114, -1.161208677159147884 ) ) ;
#1409 = CIRCLE ( 'NONE', #5842, 3.556000000000000050 ) ;
#1410 = CARTESIAN_POINT ( 'NONE',  ( -2.850695967042041090, -1.067499318559818056, -1.563809417916095068 ) ) ;
#1411 = VERTEX_POINT ( 'NONE', #6950 ) ;
#1412 = CARTESIAN_POINT ( 'NONE',  ( 2.546683841962730011, 0.5572124999999997774, 2.219602813362322458 ) ) ;
#1413 = CARTESIAN_POINT ( 'NONE',  ( 0.07178755000435133038, 1.788314232907193269, -3.556000000000000938 ) ) ;
#1414 = ADVANCED_FACE ( 'NONE', ( #4706 ), #4711, .T. ) ;
#1415 = CARTESIAN_POINT ( 'NONE',  ( 1.146999415110605325, 2.821781249999997687, 3.365936473217513214 ) ) ;
#1416 = CIRCLE ( 'NONE', #5499, 2.933033249999999814 ) ;
#1417 = AXIS2_PLACEMENT_3D ( 'NONE', #6483, #4794, #5449 ) ;
#1418 = DIRECTION ( 'NONE',  ( -0.000000000000000000, -1.000000000000000000, -0.000000000000000000 ) ) ;
#1419 = CARTESIAN_POINT ( 'NONE',  ( 1.595140177375367063, 1.200149999999999828, -2.825699795983802165 ) ) ;
#1420 = DIRECTION ( 'NONE',  ( -0.000000000000000000, -1.000000000000000000, -0.000000000000000000 ) ) ;
#1421 = CARTESIAN_POINT ( 'NONE',  ( 3.139102963252985656, -1.179124203889763356, 0.1059471172368569442 ) ) ;
#1422 = ORIENTED_EDGE ( 'NONE', *, *, #6147, .T. ) ;
#1423 = ADVANCED_FACE ( 'NONE', ( #4301 ), #3253, .T. ) ;
#1424 = CARTESIAN_POINT ( 'NONE',  ( -0.1102064630480263235, -1.550193750000000037, -3.418533734936420654 ) ) ;
#1425 = CARTESIAN_POINT ( 'NONE',  ( -1.451545173690342194, 2.600324999999999331, 3.246252086443114582 ) ) ;
#1426 = EDGE_CURVE ( 'NONE', #6438, #2433, #2272, .T. ) ;
#1428 = CARTESIAN_POINT ( 'NONE',  ( 1.998634570021659229, -1.036468050703329036, 2.603834783285107868 ) ) ;
#1427 = AXIS2_PLACEMENT_3D ( 'NONE', #6365, #6397, #5729 ) ;
#1429 = DIRECTION ( 'NONE',  ( -0.000000000000000000, -1.000000000000000000, -0.000000000000000000 ) ) ;
#1430 = ORIENTED_EDGE ( 'NONE', *, *, #6007, .T. ) ;
#1431 =( BOUNDED_CURVE ( )  B_SPLINE_CURVE ( 1, ( #4174, #2415 ),
 .UNSPECIFIED., .F., .T. ) 
 B_SPLINE_CURVE_WITH_KNOTS ( ( 2, 2 ),
 ( 0.000000000000000000, 0.0005566452967378121997 ),
 .UNSPECIFIED. ) 
 CURVE ( )  GEOMETRIC_REPRESENTATION_ITEM ( )  RATIONAL_B_SPLINE_CURVE ( ( 0.9956508716769392198, 0.9956508716769392198 ) ) 
 REPRESENTATION_ITEM ( '' )  );
#1432 = CARTESIAN_POINT ( 'NONE',  ( -0.4251095664972072141, 4.279106249999998113, -3.257677282909066552 ) ) ;
#1433 = ORIENTED_EDGE ( 'NONE', *, *, #4960, .F. ) ;
#1434 = CARTESIAN_POINT ( 'NONE',  ( -1.439824681139965090, 0.5572124999999999995, -3.056000675323914173 ) ) ;
#1435 = CARTESIAN_POINT ( 'NONE',  ( -3.237285505707919953, 0.8786812500000020787, -0.2214363950063651110 ) ) ;
#1436 = CARTESIAN_POINT ( 'NONE',  ( 2.621767861210193562, 2.600324999999999331, -2.402388245460203020 ) ) ;
#1437 = CARTESIAN_POINT ( 'NONE',  ( 2.556568766490480815, -1.207420750006950483, 1.773524285766999720 ) ) ;
#1438 = ORIENTED_EDGE ( 'NONE', *, *, #3481, .F. ) ;
#1439 = CARTESIAN_POINT ( 'NONE',  ( -1.702082463320817141, 0.5572124999999997774, -2.604678010437323721 ) ) ;
#1440 =( BOUNDED_CURVE ( )  B_SPLINE_CURVE ( 1, ( #2285, #4518 ),
 .UNSPECIFIED., .F., .T. ) 
 B_SPLINE_CURVE_WITH_KNOTS ( ( 2, 2 ),
 ( 0.000000000000000000, 0.0005566452967378108987 ),
 .UNSPECIFIED. ) 
 CURVE ( )  GEOMETRIC_REPRESENTATION_ITEM ( )  RATIONAL_B_SPLINE_CURVE ( ( 0.9956508716769392198, 0.9956508716769392198 ) ) 
 REPRESENTATION_ITEM ( '' )  );
#1441 = VERTEX_POINT ( 'NONE', #3060 ) ;
#1442 = CARTESIAN_POINT ( 'NONE',  ( 2.979599481761274760, 2.223636876399968099, -1.988605864194066264 ) ) ;
#1443 = CARTESIAN_POINT ( 'NONE',  ( -0.5589514769558362461, -1.005087262691942263, 3.266388956714552538 ) ) ;
#1444 = CARTESIAN_POINT ( 'NONE',  ( 2.242473041775877807, 0.8786812499999986370, 2.759791777817389047 ) ) ;
#1445 = DIRECTION ( 'NONE',  ( 0.000000000000000000, 0.000000000000000000, -1.000000000000000000 ) ) ;
#1446 = VERTEX_POINT ( 'NONE', #2542 ) ;
#1447 = CARTESIAN_POINT ( 'NONE',  ( -1.724237050589107589, -0.09286875000000033298, 2.590065412953073576 ) ) ;
#1448 = EDGE_CURVE ( 'NONE', #3011, #6084, #6496, .T. ) ;
#1449 = CARTESIAN_POINT ( 'NONE',  ( 3.026673351758422115, 4.764881249999995738, 1.169743537813085821 ) ) ;
#1450 = ORIENTED_EDGE ( 'NONE', *, *, #5168, .T. ) ;
#1451 = DIRECTION ( 'NONE',  ( 0.000000000000000000, 0.000000000000000000, -1.000000000000000000 ) ) ;
#1452 = CARTESIAN_POINT ( 'NONE',  ( 0.9918469607394209131, 2.600324999999999775, -3.414875635579134538 ) ) ;
#1453 = DIRECTION ( 'NONE',  ( 0.000000000000000000, 0.000000000000000000, -1.000000000000000000 ) ) ;
#1454 =( BOUNDED_SURFACE ( )  B_SPLINE_SURFACE ( 1, 2, ( 
 ( #1631, #423, #2770, #2650, #2109, #4414, #7209, #6054, #5395 ),
 ( #1011, #6017, #1565, #4993, #3828, #3315, #500, #390, #5541 ) ),
 .UNSPECIFIED., .F., .F., .T. ) 
 B_SPLINE_SURFACE_WITH_KNOTS ( ( 2, 2 ),
 ( 3, 2, 2, 2, 3 ),
 ( 0.000000000000000000, 1.000000000000000000 ),
 ( 0.000000000000000000, 0.05000000000000000278, 0.1000000000000000056, 0.1499999999999999944, 0.2000000000000000111 ),
 .UNSPECIFIED. ) 
 GEOMETRIC_REPRESENTATION_ITEM ( )  RATIONAL_B_SPLINE_SURFACE ( (
 ( 1.000000000000000000, 0.9876883405951377704, 1.000000000000000000, 0.9876883405951377704, 1.000000000000000000, 0.9876883405951377704, 1.000000000000000000, 0.9876883405951377704, 1.000000000000000000),
 ( 1.000000000000000000, 0.9876883405951377704, 1.000000000000000000, 0.9876883405951377704, 1.000000000000000000, 0.9876883405951377704, 1.000000000000000000, 0.9876883405951377704, 1.000000000000000000) ) ) 
 REPRESENTATION_ITEM ( '' )  SURFACE ( )  );
#1455 = CARTESIAN_POINT ( 'NONE',  ( 0.9929086769423164371, 4.279106249999997225, -3.460705068926821504 ) ) ;
#1456 = CARTESIAN_POINT ( 'NONE',  ( -2.498777543337406204, 1.850231250000000660, -2.530068534429986027 ) ) ;
#1457 = ORIENTED_EDGE ( 'NONE', *, *, #3031, .F. ) ;
#1458 = CARTESIAN_POINT ( 'NONE',  ( -3.220139381078885865, 0.5572124999999997774, -1.021243167137430019 ) ) ;
#1459 = EDGE_CURVE ( 'NONE', #6549, #4654, #4012, .T. ) ;
#1460 = CARTESIAN_POINT ( 'NONE',  ( 1.529586471455791186, 0.5572124999999997774, -2.709575146833803405 ) ) ;
#1461 = EDGE_CURVE ( 'NONE', #1043, #3708, #846, .T. ) ;
#1462 = VERTEX_POINT ( 'NONE', #1518 ) ;
#1463 = CARTESIAN_POINT ( 'NONE',  ( 3.488331708929242492, 2.600324999999999331, -0.6904186327720424066 ) ) ;
#1464 = COORDINATED_UNIVERSAL_TIME_OFFSET ( 6, 0, .BEHIND. ) ;
#1465 = CARTESIAN_POINT ( 'NONE',  ( -3.186352197407890774, -1.127509193519551367, 0.1796312804742781766 ) ) ;
#1466 = EDGE_CURVE ( 'NONE', #3668, #4492, #227, .T. ) ;
#1467 = CARTESIAN_POINT ( 'NONE',  ( 2.567200295926222342, -0.9407207499999045153, -2.195841041741557031 ) ) ;
#1468 = CARTESIAN_POINT ( 'NONE',  ( 3.420178739383787470, -0.5786437499999995682, -0.02992911731133751640 ) ) ;
#1469 = ORIENTED_EDGE ( 'NONE', *, *, #551, .T. ) ;
#1470 = CARTESIAN_POINT ( 'NONE',  ( -0.8457088935308458844, 1.200150000000000050, 3.453970536556854043 ) ) ;
#1471 = VERTEX_POINT ( 'NONE', #1930 ) ;
#1472 = EDGE_CURVE ( 'NONE', #5033, #2399, #5490, .T. ) ;
#1473 = CARTESIAN_POINT ( 'NONE',  ( -0.09929026466776946780, 4.764881249999997515, 3.554613543459011371 ) ) ;
#1474 = CARTESIAN_POINT ( 'NONE',  ( -3.225658337427877331, -0.9407207500002858769, 1.003675012233884445 ) ) ;
#1475 = CARTESIAN_POINT ( 'NONE',  ( -0.8241566426284662183, -1.127509193519549147, -3.083159670088836624 ) ) ;
#1476 = CARTESIAN_POINT ( 'NONE',  ( 0.000000000000000000, 1.200150000000000050, 0.000000000000000000 ) ) ;
#1477 =( BOUNDED_CURVE ( )  B_SPLINE_CURVE ( 2, ( #6710, #2207, #3305, #1072, #2757 ),
 .UNSPECIFIED., .F., .T. ) 
 B_SPLINE_CURVE_WITH_KNOTS ( ( 3, 2, 3 ),
 ( 0.01659028043918809453, 0.05000000000000000278, 0.09358265573073307197 ),
 .UNSPECIFIED. ) 
 CURVE ( )  GEOMETRIC_REPRESENTATION_ITEM ( )  RATIONAL_B_SPLINE_CURVE ( ( 0.9945407480612344919, 0.9917734182391063635, 1.000000000000000000, 0.9892685037336769183, 0.9972452917573861875 ) ) 
 REPRESENTATION_ITEM ( '' )  );
#1478 = ORIENTED_EDGE ( 'NONE', *, *, #5923, .F. ) ;
#1479 = CARTESIAN_POINT ( 'NONE',  ( -2.733990573625975529, -1.029273648346683334, -1.829500914659377031 ) ) ;
#1480 = ORIENTED_EDGE ( 'NONE', *, *, #1234, .F. ) ;
#1481 = CARTESIAN_POINT ( 'NONE',  ( 1.618416760347072048, -2.521743749999999729, 2.702780841317317773 ) ) ;
#1482 = CARTESIAN_POINT ( 'NONE',  ( 2.535928740015385152, 0.3929062500000001235, 1.869053908245623452 ) ) ;
#1483 = CARTESIAN_POINT ( 'NONE',  ( 3.299889064199682753, 1.850231249999996441, 1.325091756813603805 ) ) ;
#1484 =( BOUNDED_CURVE ( )  B_SPLINE_CURVE ( 1, ( #1022, #365 ),
 .UNSPECIFIED., .F., .F. ) 
 B_SPLINE_CURVE_WITH_KNOTS ( ( 2, 2 ),
 ( 2.168404344971008868E-19, 0.0005566452967378107903 ),
 .UNSPECIFIED. ) 
 CURVE ( )  GEOMETRIC_REPRESENTATION_ITEM ( )  RATIONAL_B_SPLINE_CURVE ( ( 0.9956508716769392198, 0.9956508716769392198 ) ) 
 REPRESENTATION_ITEM ( '' )  );
#1485 = ORIENTED_EDGE ( 'NONE', *, *, #1872, .F. ) ;
#1486 = CARTESIAN_POINT ( 'NONE',  ( 3.112500025737316101, 4.764881249999995738, 1.719732418077084102 ) ) ;
#1487 = VERTEX_POINT ( 'NONE', #6122 ) ;
#1488 = CARTESIAN_POINT ( 'NONE',  ( 2.398542606927273724, -0.5156196993881072554, 2.424055741790615226 ) ) ;
#1489 = CARTESIAN_POINT ( 'NONE',  ( -0.02243692639632863597, 4.279106249999998113, 3.285220846068512834 ) ) ;
#1490 = CARTESIAN_POINT ( 'NONE',  ( 3.552925781429887131, 4.764881249999994850, -0.1478323092252719628 ) ) ;
#1491 = FACE_OUTER_BOUND ( 'NONE', #4811, .T. ) ;
#1492 = VERTEX_POINT ( 'NONE', #3861 ) ;
#1493 = CARTESIAN_POINT ( 'NONE',  ( 3.553102726135324296, 4.764881249999994850, -0.1435166106407010089 ) ) ;
#1494 = CARTESIAN_POINT ( 'NONE',  ( -3.102409053345960288, -1.207420750006952259, 0.2376769145647394665 ) ) ;
#1495 = ORIENTED_EDGE ( 'NONE', *, *, #259, .F. ) ;
#1496 = CARTESIAN_POINT ( 'NONE',  ( -3.157762810675740273, 4.764881250000000179, -0.7467165151603689655 ) ) ;
#1497 = EDGE_CURVE ( 'NONE', #6644, #1262, #5516, .T. ) ;
#1498 = LINE ( 'NONE', #2591, #5274 ) ;
#1499 = CARTESIAN_POINT ( 'NONE',  ( 1.986778340440582324, -1.097987288839242570, 2.535257984483288318 ) ) ;
#1500 = FACE_OUTER_BOUND ( 'NONE', #6399, .T. ) ;
#1501 = ORIENTED_EDGE ( 'NONE', *, *, #70, .T. ) ;
#1502 = CARTESIAN_POINT ( 'NONE',  ( -0.4093608304976029122, 2.600324999999999331, -3.218924546017555066 ) ) ;
#1503 = ORIENTED_EDGE ( 'NONE', *, *, #1564, .F. ) ;
#1504 = CARTESIAN_POINT ( 'NONE',  ( 3.349955994259368630, 0.8786812499999978598, 1.192866646581139278 ) ) ;
#1505 = CARTESIAN_POINT ( 'NONE',  ( 3.242765306387297652, 1.200150000000000272, 0.1162957015151435541 ) ) ;
#1506 = EDGE_CURVE ( 'NONE', #4700, #3833, #2129, .T. ) ;
#1507 = CARTESIAN_POINT ( 'NONE',  ( -0.7812085044867130845, -0.9407207500002878753, -3.286631788399528631 ) ) ;
#1508 = CARTESIAN_POINT ( 'NONE',  ( -2.625138794197548364, 3.793331250000000487, 1.907274975901231517 ) ) ;
#1509 = EDGE_LOOP ( 'NONE', ( #1495, #3301, #2360, #827 ) ) ;
#1510 = EDGE_LOOP ( 'NONE', ( #1517, #5242, #3226, #806 ) ) ;
#1511 = CARTESIAN_POINT ( 'NONE',  ( 1.892956724038341365, 1.526976102460969154, -2.657578915009644049 ) ) ;
#1512 = CARTESIAN_POINT ( 'NONE',  ( 2.185085436008181947, -0.09286874999999979174, 2.215137442089074593 ) ) ;
#1513 = CARTESIAN_POINT ( 'NONE',  ( -3.092941978593007235, -0.09286875000000033298, -0.3393260483033759822 ) ) ;
#1514 =( BOUNDED_CURVE ( )  B_SPLINE_CURVE ( 1, ( #3202, #1009 ),
 .UNSPECIFIED., .F., .F. ) 
 B_SPLINE_CURVE_WITH_KNOTS ( ( 2, 2 ),
 ( 0.000000000000000000, 0.0005566452967378095976 ),
 .UNSPECIFIED. ) 
 CURVE ( )  GEOMETRIC_REPRESENTATION_ITEM ( )  RATIONAL_B_SPLINE_CURVE ( ( 0.9956508716769392198, 0.9956508716769392198 ) ) 
 REPRESENTATION_ITEM ( '' )  );
#1515 = CARTESIAN_POINT ( 'NONE',  ( -1.849485442888298081, 0.8786812500000008574, -3.037192716398530390 ) ) ;
#1516 = ADVANCED_FACE ( 'NONE', ( #5536 ), #7205, .T. ) ;
#1517 = ORIENTED_EDGE ( 'NONE', *, *, #973, .F. ) ;
#1518 = CARTESIAN_POINT ( 'NONE',  ( -3.553792151347328954, 1.200149999999999828, -0.1252890458983599298 ) ) ;
#1519 = CARTESIAN_POINT ( 'NONE',  ( -3.196726419352481585, 1.200149999999999606, -0.5567690026517844171 ) ) ;
#1520 = ORIENTED_EDGE ( 'NONE', *, *, #3931, .F. ) ;
#1521 = CARTESIAN_POINT ( 'NONE',  ( -3.401319053270758452, 4.279106250000000777, 1.180413449898140454 ) ) ;
#1522 = CARTESIAN_POINT ( 'NONE',  ( 1.278489883388563619, -2.035968750000000327, 2.836705107703848316 ) ) ;
#1523 =( BOUNDED_CURVE ( )  B_SPLINE_CURVE ( 2, ( #6541, #394, #5362, #6471, #900 ),
 .UNSPECIFIED., .F., .T. ) 
 B_SPLINE_CURVE_WITH_KNOTS ( ( 3, 2, 3 ),
 ( 0.01659028043918801473, 0.05000000000000000278, 0.08854378023972298006 ),
 .UNSPECIFIED. ) 
 CURVE ( )  GEOMETRIC_REPRESENTATION_ITEM ( )  RATIONAL_B_SPLINE_CURVE ( ( 0.9945407480612347140, 0.9917734182391064746, 1.000000000000000000, 0.9905092421102534850, 0.9956508716769392198 ) ) 
 REPRESENTATION_ITEM ( '' )  );
#1524 = CARTESIAN_POINT ( 'NONE',  ( -1.317116250329242844, -3.007518750000000463, 2.818978012173674497 ) ) ;
#1525 = CARTESIAN_POINT ( 'NONE',  ( -0.5928644172743138263, -0.9407207500002892075, 3.325770139791779378 ) ) ;
#1526 = AXIS2_PLACEMENT_3D ( 'NONE', #1789, #1276, #1238 ) ;
#1527 = ORIENTED_EDGE ( 'NONE', *, *, #1557, .F. ) ;
#1528 = CARTESIAN_POINT ( 'NONE',  ( -1.195516883112587969, 1.200149999999999828, 3.016585968390883110 ) ) ;
#1529 = CARTESIAN_POINT ( 'NONE',  ( 2.092506220924828853, -1.064418749999999969, 2.302791776385979094 ) ) ;
#1530 = ORIENTED_EDGE ( 'NONE', *, *, #6421, .T. ) ;
#1531 = AXIS2_PLACEMENT_3D ( 'NONE', #3033, #5843, #399 ) ;
#1532 = CARTESIAN_POINT ( 'NONE',  ( -1.497214124249495594E-11, -1.177963633540397570, -3.140957116459603959 ) ) ;
#1533 = CARTESIAN_POINT ( 'NONE',  ( -3.054782626116106847, -2.035968750000000327, -0.5913842720086299742 ) ) ;
#1534 = CARTESIAN_POINT ( 'NONE',  ( 3.153890977100239468, 1.200149999999999606, -0.7629044678501426535 ) ) ;
#1535 = MANIFOLD_SOLID_BREP ( 'Combine1', #4658 ) ;
#1536 = CARTESIAN_POINT ( 'NONE',  ( 3.174650536196669925, 2.600324999999999331, -1.602101736166031909 ) ) ;
#1537 = VECTOR ( 'NONE', #5789, 1000.000000000000000 ) ;
#1538 = CC_DESIGN_APPROVAL ( #4529, ( #599 ) ) ;
#1539 = VERTEX_POINT ( 'NONE', #3343 ) ;
#1540 =( BOUNDED_SURFACE ( )  B_SPLINE_SURFACE ( 1, 2, ( 
 ( #776, #4617, #847, #6931, #4106, #6262, #155, #1943, #6860 ),
 ( #4651, #193, #1252, #700, #2380, #1832, #3550, #2487, #6969 ) ),
 .UNSPECIFIED., .F., .F., .T. ) 
 B_SPLINE_SURFACE_WITH_KNOTS ( ( 2, 2 ),
 ( 3, 2, 2, 2, 3 ),
 ( 0.000000000000000000, 1.000000000000000000 ),
 ( 0.000000000000000000, 0.05000000000000000278, 0.1000000000000000056, 0.1499999999999999944, 0.2000000000000000111 ),
 .UNSPECIFIED. ) 
 GEOMETRIC_REPRESENTATION_ITEM ( )  RATIONAL_B_SPLINE_SURFACE ( (
 ( 1.000000000000000000, 0.9876883405951377704, 1.000000000000000000, 0.9876883405951377704, 1.000000000000000000, 0.9876883405951377704, 1.000000000000000000, 0.9876883405951377704, 1.000000000000000000),
 ( 1.000000000000000000, 0.9876883405951377704, 1.000000000000000000, 0.9876883405951377704, 1.000000000000000000, 0.9876883405951377704, 1.000000000000000000, 0.9876883405951377704, 1.000000000000000000) ) ) 
 REPRESENTATION_ITEM ( '' )  SURFACE ( )  );
#1541 = EDGE_CURVE ( 'NONE', #297, #6644, #1079, .T. ) ;
#1542 = CARTESIAN_POINT ( 'NONE',  ( 2.374411018047445143, -1.550193749999999815, 2.070379048324041182 ) ) ;
#1543 = CARTESIAN_POINT ( 'NONE',  ( -3.196726419352481585, 1.200149999999999606, -0.5567690026517844171 ) ) ;
#1544 = CARTESIAN_POINT ( 'NONE',  ( 3.110339041046436659, -0.09286874999999979174, -0.08498999789590343246 ) ) ;
#1545 = CARTESIAN_POINT ( 'NONE',  ( -1.808274342099952747, -1.149975985603238993, -2.603661111629870906 ) ) ;
#1546 = CARTESIAN_POINT ( 'NONE',  ( 3.216377815977179200, 2.223636876399967655, -0.5831211913227842825 ) ) ;
#1547 = CARTESIAN_POINT ( 'NONE',  ( -3.456826004951356168, 1.200149999999999828, 0.8339604136240782450 ) ) ;
#1548 = ORIENTED_EDGE ( 'NONE', *, *, #2216, .T. ) ;
#1549 = ORIENTED_EDGE ( 'NONE', *, *, #6552, .T. ) ;
#1550 = AXIS2_PLACEMENT_3D ( 'NONE', #3722, #4242, #2550 ) ;
#1551 = CARTESIAN_POINT ( 'NONE',  ( -3.474600802576267800, 2.600324999999999331, -0.7564953818341242364 ) ) ;
#1552 = EDGE_CURVE ( 'NONE', #1471, #5282, #967, .T. ) ;
#1553 = ORIENTED_EDGE ( 'NONE', *, *, #1227, .F. ) ;
#1554 = CARTESIAN_POINT ( 'NONE',  ( 0.1175223847898548418, 1.200149999999999828, 3.554057468453953206 ) ) ;
#1555 = CARTESIAN_POINT ( 'NONE',  ( -5.436418769526067695E-17, 1.722305397514738434, -3.556000000000000494 ) ) ;
#1556 = FACE_OUTER_BOUND ( 'NONE', #4230, .T. ) ;
#1557 = EDGE_CURVE ( 'NONE', #1957, #812, #1956, .T. ) ;
#1558 = ORIENTED_EDGE ( 'NONE', *, *, #5572, .F. ) ;
#1559 = CARTESIAN_POINT ( 'NONE',  ( 0.7424005100875713525, -1.179124203889762024, -3.051890182850001132 ) ) ;
#1560 = CARTESIAN_POINT ( 'NONE',  ( 2.902289515384800289, -3.007518749999999574, 1.121671885574148098 ) ) ;
#1561 = ORIENTED_EDGE ( 'NONE', *, *, #1371, .F. ) ;
#1562 =( BOUNDED_CURVE ( )  B_SPLINE_CURVE ( 1, ( #2209, #529 ),
 .UNSPECIFIED., .F., .F. ) 
 B_SPLINE_CURVE_WITH_KNOTS ( ( 2, 2 ),
 ( 0.000000000000000000, 0.0005113447558650969149 ),
 .UNSPECIFIED. ) 
 CURVE ( )  GEOMETRIC_REPRESENTATION_ITEM ( )  RATIONAL_B_SPLINE_CURVE ( ( 0.9945407480612347140, 0.9945407480612347140 ) ) 
 REPRESENTATION_ITEM ( '' )  );
#1563 = CARTESIAN_POINT ( 'NONE',  ( -0.4863480619007466976, 0.8786812500000007464, 3.522584500432230925 ) ) ;
#1564 = EDGE_CURVE ( 'NONE', #858, #1245, #6252, .T. ) ;
#1565 = CARTESIAN_POINT ( 'NONE',  ( -0.6259939812971690998, 1.850231249999998884, 3.500466759645023629 ) ) ;
#1566 = CARTESIAN_POINT ( 'NONE',  ( -2.397382083512071826, 0.5572124999999998884, 2.380082852687131378 ) ) ;
#1567 = ORIENTED_EDGE ( 'NONE', *, *, #3112, .F. ) ;
#1568 = DIRECTION ( 'NONE',  ( 0.000000000000000000, 0.000000000000000000, -1.000000000000000000 ) ) ;
#1569 = CARTESIAN_POINT ( 'NONE',  ( -3.191467324165537800, -1.060154572504551140, 0.6637784206566468281 ) ) ;
#1570 = ORIENTED_EDGE ( 'NONE', *, *, #3366, .T. ) ;
#1571 = DIRECTION ( 'NONE',  ( 0.000000000000000000, 0.000000000000000000, -1.000000000000000000 ) ) ;
#1572 = CARTESIAN_POINT ( 'NONE',  ( 2.865834777561208302, 2.600324999999999331, 1.521854970166578003 ) ) ;
#1573 = CARTESIAN_POINT ( 'NONE',  ( -0.4192395760537755978, 1.364456249999999482, -3.575833524188922752 ) ) ;
#1574 = CARTESIAN_POINT ( 'NONE',  ( 2.702376723823504800, -1.120186029920317683, -1.711450803260262221 ) ) ;
#1575 = CARTESIAN_POINT ( 'NONE',  ( 2.787128230295548903, -2.521743749999999729, 1.468405023913315510 ) ) ;
#1576 = ORIENTED_EDGE ( 'NONE', *, *, #1337, .T. ) ;
#1577 = CARTESIAN_POINT ( 'NONE',  ( -3.375790823302679655, 0.5572125000000002215, -0.1275600145242255234 ) ) ;
#1578 = FACE_OUTER_BOUND ( 'NONE', #4293, .T. ) ;
#1579 = CARTESIAN_POINT ( 'NONE',  ( -3.377110557073028207, -0.09286875000000044400, 0.08578767572277311293 ) ) ;
#1580 = CARTESIAN_POINT ( 'NONE',  ( -2.807641174033054909, 0.5572124999999997774, -1.341112705134916760 ) ) ;
#1581 = CYLINDRICAL_SURFACE ( 'NONE', #4543, 3.378200000000000092 ) ;
#1582 = ORIENTED_EDGE ( 'NONE', *, *, #5302, .F. ) ;
#1583 = ORIENTED_EDGE ( 'NONE', *, *, #1506, .T. ) ;
#1584 = CARTESIAN_POINT ( 'NONE',  ( -3.071339951361440335, 0.3929062499999993463, 1.505121013263390761 ) ) ;
#1585 = VERTEX_POINT ( 'NONE', #1078 ) ;
#1586 = CARTESIAN_POINT ( 'NONE',  ( -2.842289570436365320, -0.9407207499999041822, 1.825821797927991597 ) ) ;
#1587 = EDGE_CURVE ( 'NONE', #6196, #2308, #6816, .T. ) ;
#1588 = CARTESIAN_POINT ( 'NONE',  ( -3.238332851259723810, -1.064418750000000413, -0.9619956260046524932 ) ) ;
#1589 = CARTESIAN_POINT ( 'NONE',  ( 1.887137423043240059, 3.793331249999997379, 3.013942326347631262 ) ) ;
#1590 = EDGE_CURVE ( 'NONE', #5357, #5131, #7243, .T. ) ;
#1591 = ORIENTED_EDGE ( 'NONE', *, *, #1690, .F. ) ;
#1592 = CARTESIAN_POINT ( 'NONE',  ( -0.7991123308668410807, 0.5572124999999999995, 3.282324591300586736 ) ) ;
#1593 = CYLINDRICAL_SURFACE ( 'NONE', #4425, 3.162299999999999667 ) ;
#1594 = ORIENTED_EDGE ( 'NONE', *, *, #5466, .F. ) ;
#1595 = CARTESIAN_POINT ( 'NONE',  ( 1.681393788141934520, -3.007518750000000018, 2.930042690678368089 ) ) ;
#1596 = CARTESIAN_POINT ( 'NONE',  ( 3.185313151847209312, 0.8786812500000001913, 1.125173482032523431 ) ) ;
#1597 = ADVANCED_FACE ( 'NONE', ( #3791 ), #2041, .F. ) ;
#1598 = CARTESIAN_POINT ( 'NONE',  ( -2.334086262575282067, 1.200150000000000050, -2.682755545862752111 ) ) ;
#1599 = ORIENTED_EDGE ( 'NONE', *, *, #4336, .T. ) ;
#1600 = CARTESIAN_POINT ( 'NONE',  ( -3.169449355731136286, 2.336006250000000506, -0.8647370725050997908 ) ) ;
#1601 = EDGE_LOOP ( 'NONE', ( #5720, #3390, #1023, #231 ) ) ;
#1602 =( BOUNDED_CURVE ( )  B_SPLINE_CURVE ( 1, ( #6190, #4007 ),
 .UNSPECIFIED., .F., .F. ) 
 B_SPLINE_CURVE_WITH_KNOTS ( ( 2, 2 ),
 ( 0.000000000000000000, 0.0005113447558650974570 ),
 .UNSPECIFIED. ) 
 CURVE ( )  GEOMETRIC_REPRESENTATION_ITEM ( )  RATIONAL_B_SPLINE_CURVE ( ( 0.9945407480612344919, 0.9945407480612344919 ) ) 
 REPRESENTATION_ITEM ( '' )  );
#1603 = CARTESIAN_POINT ( 'NONE',  ( 0.7160295350852843299, -0.09286874999999999991, 3.027991736264408207 ) ) ;
#1604 = CARTESIAN_POINT ( 'NONE',  ( 0.000000000000000000, -0.9407207500000012157, 0.000000000000000000 ) ) ;
#1605 = CARTESIAN_POINT ( 'NONE',  ( -2.070379048324074045, -1.550193750000000259, -2.374411018047414501 ) ) ;
#1606 = CARTESIAN_POINT ( 'NONE',  ( 2.573824319290568763, -1.155006032159971552, 1.840146572373496214 ) ) ;
#1608 = EDGE_CURVE ( 'NONE', #2055, #1655, #2634, .T. ) ;
#1607 = CARTESIAN_POINT ( 'NONE',  ( 0.5876198498660587521, -1.550193749999999815, 3.369454150665844860 ) ) ;
#1609 = VERTEX_POINT ( 'NONE', #5678 ) ;
#1610 = CARTESIAN_POINT ( 'NONE',  ( 0.5496048259812167380, -0.09286874999999988889, -3.062575188506914348 ) ) ;
#1611 = CARTESIAN_POINT ( 'NONE',  ( -0.4820689678720710969, 0.8786812499999998582, 3.523172648368904980 ) ) ;
#1612 = CARTESIAN_POINT ( 'NONE',  ( -2.291254941301946957, -0.9706622954021474348, -2.442671276236412226 ) ) ;
#1613 = CARTESIAN_POINT ( 'NONE',  ( -1.002713794197548136, 1.850231249999999772, 3.086035736900329063 ) ) ;
#1614 = AXIS2_PLACEMENT_3D ( 'NONE', #559, #5125, #5019 ) ;
#1615 = ORIENTED_EDGE ( 'NONE', *, *, #1461, .T. ) ;
#1616 = ORIENTED_EDGE ( 'NONE', *, *, #4960, .T. ) ;
#1617 = CARTESIAN_POINT ( 'NONE',  ( -3.566701833722619508, 2.223636876399969875, -0.3334732135251248786 ) ) ;
#1618 = ORIENTED_EDGE ( 'NONE', *, *, #4588, .F. ) ;
#1619 = AXIS2_PLACEMENT_3D ( 'NONE', #4877, #7091, #4269 ) ;
#1620 = CARTESIAN_POINT ( 'NONE',  ( 0.000000000000000000, 1.200150000000000050, 0.000000000000000000 ) ) ;
#1621 = CARTESIAN_POINT ( 'NONE',  ( -1.931456555377507600, 1.364456250000000370, 3.038391480624638152 ) ) ;
#1622 = CARTESIAN_POINT ( 'NONE',  ( 2.346784848349109165, -0.5786437499999999012, 2.488195980415320196 ) ) ;
#1623 = CARTESIAN_POINT ( 'NONE',  ( -2.347482055776668464, -1.029273648346682668, 2.304583704537921385 ) ) ;
#1624 = CARTESIAN_POINT ( 'NONE',  ( -0.2724006610422158303, 2.336006249999999174, -3.590006280594352450 ) ) ;
#1625 = ORIENTED_EDGE ( 'NONE', *, *, #5337, .T. ) ;
#1626 = CARTESIAN_POINT ( 'NONE',  ( -2.664930261732229688, -1.097987288839242348, 1.809134578198614118 ) ) ;
#1627 = ORIENTED_EDGE ( 'NONE', *, *, #1190, .T. ) ;
#1628 = EDGE_CURVE ( 'NONE', #1585, #4081, #4699, .T. ) ;
#1629 = CARTESIAN_POINT ( 'NONE',  ( 2.287603020804096943, -2.521743749999999729, 2.165910779688823506 ) ) ;
#1630 =( BOUNDED_SURFACE ( )  B_SPLINE_SURFACE ( 1, 2, ( 
 ( #2846, #3389, #1050, #3425, #1087, #5102, #4491, #540, #2774 ),
 ( #4455, #6615, #2256, #1600, #5508, #63, #6655, #6727, #505 ) ),
 .UNSPECIFIED., .F., .F., .T. ) 
 B_SPLINE_SURFACE_WITH_KNOTS ( ( 2, 2 ),
 ( 3, 2, 2, 2, 3 ),
 ( 0.000000000000000000, 1.000000000000000000 ),
 ( 0.000000000000000000, 0.05000000000000000278, 0.1000000000000000056, 0.1499999999999999944, 0.2000000000000000111 ),
 .UNSPECIFIED. ) 
 GEOMETRIC_REPRESENTATION_ITEM ( )  RATIONAL_B_SPLINE_SURFACE ( (
 ( 1.000000000000000000, 0.9876883405951377704, 1.000000000000000000, 0.9876883405951377704, 1.000000000000000000, 0.9876883405951377704, 1.000000000000000000, 0.9876883405951377704, 1.000000000000000000),
 ( 1.000000000000000000, 0.9876883405951377704, 1.000000000000000000, 0.9876883405951377704, 1.000000000000000000, 0.9876883405951377704, 1.000000000000000000, 0.9876883405951377704, 1.000000000000000000) ) ) 
 REPRESENTATION_ITEM ( '' )  SURFACE ( )  );
#1631 = CARTESIAN_POINT ( 'NONE',  ( 0.8754500528888291555, 0.8786812499999990811, 3.124522159850518843 ) ) ;
#1632 = CARTESIAN_POINT ( 'NONE',  ( -2.662749455556045586, 4.764881249999999291, 2.356883819142558067 ) ) ;
#1633 = ORIENTED_EDGE ( 'NONE', *, *, #7158, .T. ) ;
#1634 = CARTESIAN_POINT ( 'NONE',  ( -1.710076973711816439, -2.035968750000000327, 2.913395267378017461 ) ) ;
#1635 = CARTESIAN_POINT ( 'NONE',  ( 3.153890977100239468, 1.200149999999999606, -0.7629044678501426535 ) ) ;
#1636 = EDGE_LOOP ( 'NONE', ( #5653, #1802, #1561, #6094 ) ) ;
#1637 = EDGE_CURVE ( 'NONE', #4066, #5128, #6574, .T. ) ;
#1638 = CARTESIAN_POINT ( 'NONE',  ( 1.893496895359175536, 4.279106249999996336, -3.062191490111014325 ) ) ;
#1639 = CARTESIAN_POINT ( 'NONE',  ( -3.130420238782365416, -0.5786437500000006784, 1.378037550293047975 ) ) ;
#1640 = CARTESIAN_POINT ( 'NONE',  ( -0.7573210922523886390, -3.007518750000000463, -3.017929259149334076 ) ) ;
#1641 = CARTESIAN_POINT ( 'NONE',  ( 0.000000000000000000, 2.600324999999999331, 0.000000000000000000 ) ) ;
#1642 = EDGE_CURVE ( 'NONE', #4081, #1174, #1251, .T. ) ;
#1643 =( BOUNDED_CURVE ( )  B_SPLINE_CURVE ( 1, ( #2224, #2119 ),
 .UNSPECIFIED., .F., .T. ) 
 B_SPLINE_CURVE_WITH_KNOTS ( ( 2, 2 ),
 ( 6.776263578034402713E-20, 0.0005113447558650964812 ),
 .UNSPECIFIED. ) 
 CURVE ( )  GEOMETRIC_REPRESENTATION_ITEM ( )  RATIONAL_B_SPLINE_CURVE ( ( 0.9945407480612344919, 0.9945407480612344919 ) ) 
 REPRESENTATION_ITEM ( '' )  );
#1644 = CARTESIAN_POINT ( 'NONE',  ( -0.2970489091376888879, -0.09286874999999999991, -3.097288200277804826 ) ) ;
#1645 = CIRCLE ( 'NONE', #1531, 3.378200000000000092 ) ;
#1646 = CARTESIAN_POINT ( 'NONE',  ( 3.017929259149345178, -0.09286874999999968072, 0.7573210922523458954 ) ) ;
#1647 = CARTESIAN_POINT ( 'NONE',  ( 3.285274454757873830, -0.5786437499999996792, -0.9515724451197965506 ) ) ;
#1648 = CARTESIAN_POINT ( 'NONE',  ( -1.121671885574190286, -0.09286875000000022196, -2.902289515384782970 ) ) ;
#1649 = CARTESIAN_POINT ( 'NONE',  ( -2.375160832158841107, -0.9407207500002883194, -2.402258575045402189 ) ) ;
#1650 = EDGE_CURVE ( 'NONE', #4833, #1953, #1997, .T. ) ;
#1651 = VECTOR ( 'NONE', #121, 1000.000000000000000 ) ;
#1652 = APPROVAL_PERSON_ORGANIZATION ( #1904, #4215, #293 ) ;
#1653 = DIRECTION ( 'NONE',  ( -0.000000000000000000, -1.000000000000000000, -0.000000000000000000 ) ) ;
#1654 = CARTESIAN_POINT ( 'NONE',  ( -2.650944757334922741, 0.8786812500000016346, -1.871241143214440017 ) ) ;
#1655 = VERTEX_POINT ( 'NONE', #2427 ) ;
#1656 = CARTESIAN_POINT ( 'NONE',  ( -3.150211770202682171, -0.5786437500000005674, 0.02151486092798871735 ) ) ;
#1657 = EDGE_LOOP ( 'NONE', ( #7204, #5459, #6371, #5226 ) ) ;
#1658 = CARTESIAN_POINT ( 'NONE',  ( 3.503631749925566918, 1.200149999999999828, 0.6080300657973449763 ) ) ;
#1659 = CARTESIAN_POINT ( 'NONE',  ( -0.9079468811090101177, 4.279106249999998113, 3.157342535138314865 ) ) ;
#1660 = CARTESIAN_POINT ( 'NONE',  ( 0.1089721338555684760, -1.005087262691941818, -3.312076183329853762 ) ) ;
#1661 = CARTESIAN_POINT ( 'NONE',  ( 2.598843063979327184, 4.764881249999995738, 1.942952971975025145 ) ) ;
#1662 = CARTESIAN_POINT ( 'NONE',  ( -2.774251606121275859, -1.207420750006949595, -1.408886182746333926 ) ) ;
#1663 = ORIENTED_EDGE ( 'NONE', *, *, #3481, .T. ) ;
#1664 = AXIS2_PLACEMENT_3D ( 'NONE', #1307, #1340, #1232 ) ;
#1665 = CARTESIAN_POINT ( 'NONE',  ( 3.209663031985435122, 1.200150000000000272, 1.530751195036639478 ) ) ;
#1666 = ORIENTED_EDGE ( 'NONE', *, *, #5652, .T. ) ;
#1667 = CARTESIAN_POINT ( 'NONE',  ( -0.3984980917924292876, -1.207420750006951593, 3.085876135044598456 ) ) ;
#1668 = CARTESIAN_POINT ( 'NONE',  ( -1.352995350925078943, -1.550193750000000259, -2.844942998855933602 ) ) ;
#1669 = VERTEX_POINT ( 'NONE', #1810 ) ;
#1670 = CARTESIAN_POINT ( 'NONE',  ( 3.024279019137205093, 0.5572124999999997774, -0.7315522294453868923 ) ) ;
#1671 = CARTESIAN_POINT ( 'NONE',  ( 2.040899452062746366, 0.5572124999999995554, 2.348651033374261843 ) ) ;
#1672 = EDGE_LOOP ( 'NONE', ( #6823, #3814, #5783, #6817 ) ) ;
#1673 = B_SPLINE_CURVE_WITH_KNOTS ( 'NONE', 3,
 ( #251, #5728, #103, #6396, #5693, #3542, #4570, #4135, #6255, #4644 ),
 .UNSPECIFIED., .F., .F.,
 ( 4, 3, 3, 4 ),
 ( 2.003014144448146215E-16, 0.0002589485462244645866, 0.0005341756780451703719, 0.0008103109524490874392 ),
 .UNSPECIFIED. ) ;
#1674 =( BOUNDED_CURVE ( )  B_SPLINE_CURVE ( 2, ( #3698, #5305, #3108, #6933, #6516 ),
 .UNSPECIFIED., .F., .T. ) 
 B_SPLINE_CURVE_WITH_KNOTS ( ( 3, 2, 3 ),
 ( 0.01659028043918803902, 0.05000000000000000278, 0.08854378023972300782 ),
 .UNSPECIFIED. ) 
 CURVE ( )  GEOMETRIC_REPRESENTATION_ITEM ( )  RATIONAL_B_SPLINE_CURVE ( ( 0.9945407480612344919, 0.9917734182391063635, 1.000000000000000000, 0.9905092421102533740, 0.9956508716769392198 ) ) 
 REPRESENTATION_ITEM ( '' )  );
#1675 = CARTESIAN_POINT ( 'NONE',  ( -1.952421949097518317, 0.2303863975390293140, -2.779757853378262755 ) ) ;
#1676 = CARTESIAN_POINT ( 'NONE',  ( 1.274781476088618470, -2.521743749999999729, -2.880838293723822385 ) ) ;
#1677 = EDGE_CURVE ( 'NONE', #6596, #7194, #2743, .T. ) ;
#1679 = EDGE_CURVE ( 'NONE', #5282, #5398, #3491, .T. ) ;
#1678 = CARTESIAN_POINT ( 'NONE',  ( 1.060312575875612229, 0.2303863975390294805, -2.943588499024015093 ) ) ;
#1680 = CARTESIAN_POINT ( 'NONE',  ( 2.128366571436828281, 1.200150000000000050, 2.449307506233188825 ) ) ;
#1681 = CARTESIAN_POINT ( 'NONE',  ( 3.317848424875368796, -2.035968749999999439, 0.6357020289035075766 ) ) ;
#1682 = EDGE_CURVE ( 'NONE', #1462, #1705, #3645, .T. ) ;
#1683 = CARTESIAN_POINT ( 'NONE',  ( -1.491493837208024642, 2.336006249999999618, 2.927221473800658558 ) ) ;
#1684 = CARTESIAN_POINT ( 'NONE',  ( 0.000000000000000000, -2.857500000000000373, 0.000000000000000000 ) ) ;
#1685 =( BOUNDED_CURVE ( )  B_SPLINE_CURVE ( 1, ( #757, #2571 ),
 .UNSPECIFIED., .F., .T. ) 
 B_SPLINE_CURVE_WITH_KNOTS ( ( 2, 2 ),
 ( 1.084202172485504434E-19, 0.0005113447558650961559 ),
 .UNSPECIFIED. ) 
 CURVE ( )  GEOMETRIC_REPRESENTATION_ITEM ( )  RATIONAL_B_SPLINE_CURVE ( ( 0.9945407480612344919, 0.9945407480612344919 ) ) 
 REPRESENTATION_ITEM ( '' )  );
#1686 = DIRECTION ( 'NONE',  ( 0.000000000000000000, 0.000000000000000000, -1.000000000000000000 ) ) ;
#1687 = CARTESIAN_POINT ( 'NONE',  ( -3.091611401274928728, -1.550193750000000259, -1.463030179081344251 ) ) ;
#1688 = ORIENTED_EDGE ( 'NONE', *, *, #4812, .T. ) ;
#1689 = CARTESIAN_POINT ( 'NONE',  ( 0.000000000000000000, 1.200150000000000050, 0.000000000000000000 ) ) ;
#1690 = EDGE_CURVE ( 'NONE', #1669, #4059, #4286, .T. ) ;
#1691 = ORIENTED_EDGE ( 'NONE', *, *, #6112, .F. ) ;
#1692 = CARTESIAN_POINT ( 'NONE',  ( 2.428156464004158188, -1.067499318559820054, -2.162411519204344046 ) ) ;
#1693 = CARTESIAN_POINT ( 'NONE',  ( -2.775838946009840935, 2.336006250000000062, 2.292829117195194666 ) ) ;
#1694 = CARTESIAN_POINT ( 'NONE',  ( -2.836705107703867856, -1.064418750000000191, -1.278489883388523873 ) ) ;
#1695 = CARTESIAN_POINT ( 'NONE',  ( -3.196726419352481585, 1.200149999999999606, -0.5567690026517844171 ) ) ;
#1696 = CARTESIAN_POINT ( 'NONE',  ( 1.322735693447402161, 2.600324999999998887, -2.963008911188123040 ) ) ;
#1697 = ORIENTED_EDGE ( 'NONE', *, *, #6830, .F. ) ;
#1698 = CARTESIAN_POINT ( 'NONE',  ( -2.924473731083175654, 2.600324999999999331, 2.023014927331100665 ) ) ;
#1699 = DIRECTION ( 'NONE',  ( 0.000000000000000000, 0.000000000000000000, -1.000000000000000000 ) ) ;
#1700 = EDGE_CURVE ( 'NONE', #6144, #5578, #496, .T. ) ;
#1701 = ORIENTED_EDGE ( 'NONE', *, *, #698, .T. ) ;
#1702 = DIRECTION ( 'NONE',  ( 0.000000000000000000, 0.000000000000000000, -1.000000000000000000 ) ) ;
#1703 = CARTESIAN_POINT ( 'NONE',  ( 3.240008046131256592, 3.793331249999996047, 0.1771987119161472501 ) ) ;
#1704 = CARTESIAN_POINT ( 'NONE',  ( -2.987618185871062870, -1.155006032159968887, 1.041560660663603421 ) ) ;
#1705 = VERTEX_POINT ( 'NONE', #5953 ) ;
#1706 = CARTESIAN_POINT ( 'NONE',  ( 0.000000000000000000, 1.200150000000000050, 0.000000000000000000 ) ) ;
#1707 =( BOUNDED_SURFACE ( )  B_SPLINE_SURFACE ( 1, 2, ( 
 ( #4837, #3266, #3818, #1622, #2172, #1074, #6006, #4871, #4406 ),
 ( #5968, #1482, #1512, #1000, #3307, #451, #6638, #5531, #3709 ) ),
 .UNSPECIFIED., .F., .F., .F. ) 
 B_SPLINE_SURFACE_WITH_KNOTS ( ( 2, 2 ),
 ( 3, 2, 2, 2, 3 ),
 ( 0.000000000000000000, 1.000000000000000000 ),
 ( 0.000000000000000000, 0.05000000000000000278, 0.1000000000000000056, 0.1499999999999999944, 0.2000000000000000111 ),
 .UNSPECIFIED. ) 
 GEOMETRIC_REPRESENTATION_ITEM ( )  RATIONAL_B_SPLINE_SURFACE ( (
 ( 1.000000000000000000, 0.9876883405951377704, 1.000000000000000000, 0.9876883405951377704, 1.000000000000000000, 0.9876883405951377704, 1.000000000000000000, 0.9876883405951377704, 1.000000000000000000),
 ( 1.000000000000000000, 0.9876883405951377704, 1.000000000000000000, 0.9876883405951377704, 1.000000000000000000, 0.9876883405951377704, 1.000000000000000000, 0.9876883405951377704, 1.000000000000000000) ) ) 
 REPRESENTATION_ITEM ( '' )  SURFACE ( )  );
#1708 = CARTESIAN_POINT ( 'NONE',  ( 0.000000000000000000, -2.857500000000000373, 0.000000000000000000 ) ) ;
#1709 = ORIENTED_EDGE ( 'NONE', *, *, #6392, .T. ) ;
#1710 = DIRECTION ( 'NONE',  ( -0.000000000000000000, -1.000000000000000000, -0.000000000000000000 ) ) ;
#1711 = CARTESIAN_POINT ( 'NONE',  ( -3.020633321376275937, 1.200150000000000272, 1.185253500434113816 ) ) ;
#1712 = PLANE ( 'NONE',  #5376 ) ;
#1713 = CARTESIAN_POINT ( 'NONE',  ( 1.312162984137011490, 1.200149999999999828, -3.305051331380600033 ) ) ;
#1714 = FACE_OUTER_BOUND ( 'NONE', #6021, .T. ) ;
#1715 =( BOUNDED_CURVE ( )  B_SPLINE_CURVE ( 1, ( #5444, #3181 ),
 .UNSPECIFIED., .F., .F. ) 
 B_SPLINE_CURVE_WITH_KNOTS ( ( 2, 2 ),
 ( 0.000000000000000000, 0.0005113447558650961559 ),
 .UNSPECIFIED. ) 
 CURVE ( )  GEOMETRIC_REPRESENTATION_ITEM ( )  RATIONAL_B_SPLINE_CURVE ( ( 0.9945407480612344919, 0.9945407480612344919 ) ) 
 REPRESENTATION_ITEM ( '' )  );
#1716 = CARTESIAN_POINT ( 'NONE',  ( 0.2830163189864909334, -1.064418749999999969, -3.366323959928300802 ) ) ;
#1717 = EDGE_CURVE ( 'NONE', #6473, #5852, #1484, .T. ) ;
#1718 = CARTESIAN_POINT ( 'NONE',  ( -0.02243692639632863597, 4.279106249999998113, 3.285220846068512834 ) ) ;
#1719 = CARTESIAN_POINT ( 'NONE',  ( 1.331558898750882847, 0.5572124999999997774, 2.812184764406018278 ) ) ;
#1720 = CARTESIAN_POINT ( 'NONE',  ( -0.3601255013985467102, -1.090493833097040177, -3.209314952483421912 ) ) ;
#1721 = CARTESIAN_POINT ( 'NONE',  ( -3.076444829810998094, -1.064418750000000413, -0.4657461316309398081 ) ) ;
#1722 = ORIENTED_EDGE ( 'NONE', *, *, #2724, .T. ) ;
#1723 = CARTESIAN_POINT ( 'NONE',  ( -3.088720415111247064, 1.850231250000001104, -1.762084616945227111 ) ) ;
#1724 = ORIENTED_EDGE ( 'NONE', *, *, #3441, .T. ) ;
#1725 = EDGE_CURVE ( 'NONE', #6923, #6001, #1715, .T. ) ;
#1726 = FACE_OUTER_BOUND ( 'NONE', #1870, .T. ) ;
#1727 =( BOUNDED_CURVE ( )  B_SPLINE_CURVE ( 2, ( #2652, #3965, #6191, #3414, #6152 ),
 .UNSPECIFIED., .F., .T. ) 
 B_SPLINE_CURVE_WITH_KNOTS ( ( 3, 2, 3 ),
 ( 0.01659028043918810147, 0.05000000000000000278, 0.08854378023972314660 ),
 .UNSPECIFIED. ) 
 CURVE ( )  GEOMETRIC_REPRESENTATION_ITEM ( )  RATIONAL_B_SPLINE_CURVE ( ( 0.9945407480612347140, 0.9917734182391064746, 1.000000000000000000, 0.9905092421102533740, 0.9956508716769392198 ) ) 
 REPRESENTATION_ITEM ( '' )  );
#1728 = CARTESIAN_POINT ( 'NONE',  ( -0.3978915892084884387, 3.793331249999998711, 3.220362371804942558 ) ) ;
#1729 = CARTESIAN_POINT ( 'NONE',  ( -2.931844859172721307, 0.8786812499999995252, -1.041977913269995115 ) ) ;
#1730 = CARTESIAN_POINT ( 'NONE',  ( -1.884293588737367076, 0.5572124999999999995, 2.476059353376504291 ) ) ;
#1731 = CARTESIAN_POINT ( 'NONE',  ( -2.842289570436365320, -0.9407207499999041822, 1.825821797927991597 ) ) ;
#1732 = CARTESIAN_POINT ( 'NONE',  ( 3.104478572187526542, -1.550193749999999815, 0.5352661778898031297 ) ) ;
#1733 = ORIENTED_EDGE ( 'NONE', *, *, #6052, .T. ) ;
#1734 = CARTESIAN_POINT ( 'NONE',  ( -2.818063048906697787, 0.5572124999999997774, -1.862996482118709496 ) ) ;
#1735 = EDGE_CURVE ( 'NONE', #3470, #6352, #2464, .T. ) ;
#1736 = AXIS2_PLACEMENT_3D ( 'NONE', #1225, #675, #1882 ) ;
#1737 = CARTESIAN_POINT ( 'NONE',  ( -1.655039654546634376, 0.5572124999999997774, 2.945009164990519679 ) ) ;
#1738 = ORIENTED_EDGE ( 'NONE', *, *, #435, .T. ) ;
#1739 = CARTESIAN_POINT ( 'NONE',  ( 3.498475300240815766, 3.307556249999995313, -0.8503045268890905284 ) ) ;
#1740 = EDGE_CURVE ( 'NONE', #3085, #6389, #1292, .T. ) ;
#1741 = CARTESIAN_POINT ( 'NONE',  ( 1.507232062579015208, 4.764881249999996626, -3.220774364890195418 ) ) ;
#1742 = EDGE_LOOP ( 'NONE', ( #874, #958, #3003, #1375 ) ) ;
#1743 = CARTESIAN_POINT ( 'NONE',  ( 0.5349382368427326728, -1.179124203889764244, 3.095001338984860961 ) ) ;
#1744 = CARTESIAN_POINT ( 'NONE',  ( 2.817965523871994282, -1.155006032159971330, -1.438673465612795077 ) ) ;
#1745 = ORIENTED_EDGE ( 'NONE', *, *, #1243, .T. ) ;
#1746 = CARTESIAN_POINT ( 'NONE',  ( 1.420666390181117400, 0.3929062499999999014, -3.111306055213093114 ) ) ;
#1747 = CARTESIAN_POINT ( 'NONE',  ( 3.142392726550628623, 0.5572124999999998884, -1.240001287145177988 ) ) ;
#1748 = CARTESIAN_POINT ( 'NONE',  ( -3.027991736264421530, -3.007518750000000463, -0.7160295350852423635 ) ) ;
#1749 =( BOUNDED_SURFACE ( )  B_SPLINE_SURFACE ( 1, 2, ( 
 ( #3588, #3482, #6343, #1837, #5814, #1326, #1357, #1949, #4691 ),
 ( #4179, #5403, #398, #5705, #2935, #3726, #5948, #3042, #5272 ) ),
 .UNSPECIFIED., .F., .F., .F. ) 
 B_SPLINE_SURFACE_WITH_KNOTS ( ( 2, 2 ),
 ( 3, 2, 2, 2, 3 ),
 ( 0.000000000000000000, 1.000000000000000000 ),
 ( 0.000000000000000000, 0.05000000000000000278, 0.1000000000000000056, 0.1499999999999999944, 0.2000000000000000111 ),
 .UNSPECIFIED. ) 
 GEOMETRIC_REPRESENTATION_ITEM ( )  RATIONAL_B_SPLINE_SURFACE ( (
 ( 1.000000000000000000, 0.9876883405951377704, 1.000000000000000000, 0.9876883405951377704, 1.000000000000000000, 0.9876883405951377704, 1.000000000000000000, 0.9876883405951377704, 1.000000000000000000),
 ( 1.000000000000000000, 0.9876883405951377704, 1.000000000000000000, 0.9876883405951377704, 1.000000000000000000, 0.9876883405951377704, 1.000000000000000000, 0.9876883405951377704, 1.000000000000000000) ) ) 
 REPRESENTATION_ITEM ( '' )  SURFACE ( )  );
#1750 = CARTESIAN_POINT ( 'NONE',  ( 3.097288200277807491, -3.007518750000000018, 0.2970489091376462554 ) ) ;
#1751 = ORIENTED_EDGE ( 'NONE', *, *, #1364, .T. ) ;
#1752 = CARTESIAN_POINT ( 'NONE',  ( -0.4535683379412137617, 0.8786812499999998582, 3.347612731905714512 ) ) ;
#1753 = AXIS2_PLACEMENT_3D ( 'NONE', #5511, #5438, #1571 ) ;
#1754 = CARTESIAN_POINT ( 'NONE',  ( -1.863105589565090758, -0.09286875000000033298, -2.492041294226746473 ) ) ;
#1755 = CARTESIAN_POINT ( 'NONE',  ( -5.436418769526067695E-17, 1.722305397514738434, -3.556000000000000494 ) ) ;
#1756 =( BOUNDED_CURVE ( )  B_SPLINE_CURVE ( 1, ( #400, #3806 ),
 .UNSPECIFIED., .F., .F. ) 
 B_SPLINE_CURVE_WITH_KNOTS ( ( 2, 2 ),
 ( 0.000000000000000000, 0.0005113447558650968065 ),
 .UNSPECIFIED. ) 
 CURVE ( )  GEOMETRIC_REPRESENTATION_ITEM ( )  RATIONAL_B_SPLINE_CURVE ( ( 0.9945407480612347140, 0.9945407480612347140 ) ) 
 REPRESENTATION_ITEM ( '' )  );
#1757 = CARTESIAN_POINT ( 'NONE',  ( -3.180966796103246175, 0.8786812499999995252, 1.137402955020185846 ) ) ;
#1758 = EDGE_CURVE ( 'NONE', #6001, #4740, #3212, .T. ) ;
#1759 = CIRCLE ( 'NONE', #2466, 3.378200000000000092 ) ;
#1760 = ORIENTED_EDGE ( 'NONE', *, *, #3597, .F. ) ;
#1761 = CARTESIAN_POINT ( 'NONE',  ( -2.818614305945202236, 2.336006250000000506, -1.687777478647661811 ) ) ;
#1762 = ORIENTED_EDGE ( 'NONE', *, *, #878, .T. ) ;
#1763 = B_SPLINE_CURVE_WITH_KNOTS ( 'NONE', 3,
 ( #2416, #5772, #3002, #1321, #5231, #4175, #6405, #4071, #228, #2450 ),
 .UNSPECIFIED., .F., .F.,
 ( 4, 3, 3, 4 ),
 ( 8.096208561746570518E-16, 0.0001296210011224984272, 0.0002688043935199184572, 0.0004095291194012583595 ),
 .UNSPECIFIED. ) ;
#1764 = DIRECTION ( 'NONE',  ( 0.000000000000000000, 0.000000000000000000, -1.000000000000000000 ) ) ;
#1765 = AXIS2_PLACEMENT_3D ( 'NONE', #3458, #2396, #3422 ) ;
#1766 = AXIS2_PLACEMENT_3D ( 'NONE', #6045, #2102, #962 ) ;
#1767 = DIRECTION ( 'NONE',  ( 0.000000000000000000, 0.000000000000000000, -1.000000000000000000 ) ) ;
#1768 = CARTESIAN_POINT ( 'NONE',  ( 3.482061769968179288, 0.8786812499999977488, -0.7213749580669401862 ) ) ;
#1769 = CARTESIAN_POINT ( 'NONE',  ( -0.008182456097775517995, -1.187920500187881867, -3.131000249812080138 ) ) ;
#1770 = CARTESIAN_POINT ( 'NONE',  ( 3.064432368067693702, -0.9407207499999045153, -1.421790948606492577 ) ) ;
#1771 = ADVANCED_FACE ( 'NONE', ( #906 ), #3959, .T. ) ;
#1772 = ORIENTED_EDGE ( 'NONE', *, *, #5714, .T. ) ;
#1773 = CARTESIAN_POINT ( 'NONE',  ( 1.690753263582209120, -1.127509193519549591, -2.706743638495717530 ) ) ;
#1774 = ADVANCED_FACE ( 'NONE', ( #1500 ), #5450, .T. ) ;
#1775 = CIRCLE ( 'NONE', #6809, 3.556000000000000050 ) ;
#1776 = CARTESIAN_POINT ( 'NONE',  ( 0.000000000000000000, 2.600324999999999331, 0.000000000000000000 ) ) ;
#1777 = ORIENTED_EDGE ( 'NONE', *, *, #5351, .F. ) ;
#1778 =( BOUNDED_CURVE ( )  B_SPLINE_CURVE ( 2, ( #3513, #3037, #1353, #6338, #5737 ),
 .UNSPECIFIED., .F., .T. ) 
 B_SPLINE_CURVE_WITH_KNOTS ( ( 3, 2, 3 ),
 ( 0.01659028043918801126, 0.05000000000000000278, 0.08854378023972303557 ),
 .UNSPECIFIED. ) 
 CURVE ( )  GEOMETRIC_REPRESENTATION_ITEM ( )  RATIONAL_B_SPLINE_CURVE ( ( 0.9945407480612347140, 0.9917734182391063635, 1.000000000000000000, 0.9905092421102533740, 0.9956508716769392198 ) ) 
 REPRESENTATION_ITEM ( '' )  );
#1779 = CARTESIAN_POINT ( 'NONE',  ( 0.7160295350852843299, -0.09286874999999999991, 3.027991736264408207 ) ) ;
#1780 = EDGE_CURVE ( 'NONE', #5722, #870, #6200, .T. ) ;
#1781 = CARTESIAN_POINT ( 'NONE',  ( 0.9619956260046990115, -2.035968750000000327, 3.238332851259707379 ) ) ;
#1782 = CARTESIAN_POINT ( 'NONE',  ( -3.376255986770155815, 0.5572124999999998884, -0.1145894925317853114 ) ) ;
#1783 = VERTEX_POINT ( 'NONE', #7218 ) ;
#1784 = CARTESIAN_POINT ( 'NONE',  ( 1.105754543413184798, 1.526976102460969154, -3.069742291839314685 ) ) ;
#1785 = CARTESIAN_POINT ( 'NONE',  ( 3.286034448411979447, -3.007518749999999574, 0.7837173239438904870 ) ) ;
#1786 = ORIENTED_EDGE ( 'NONE', *, *, #5466, .T. ) ;
#1787 = EDGE_CURVE ( 'NONE', #1154, #6084, #5538, .T. ) ;
#1788 = CARTESIAN_POINT ( 'NONE',  ( -2.835253898595173183, -0.9407207500002887635, 1.836728224452794933 ) ) ;
#1789 = CARTESIAN_POINT ( 'NONE',  ( 0.000000000000000000, -2.857500000000000373, 0.000000000000000000 ) ) ;
#1790 = CARTESIAN_POINT ( 'NONE',  ( -3.376756042106030531, -0.09286875000000044400, 0.09876169348697970418 ) ) ;
#1791 = DIRECTION ( 'NONE',  ( -0.000000000000000000, -1.000000000000000000, -0.000000000000000000 ) ) ;
#1792 = CARTESIAN_POINT ( 'NONE',  ( -0.3984980917924292876, -1.207420750006951593, 3.085876135044598456 ) ) ;
#1793 = CARTESIAN_POINT ( 'NONE',  ( 2.565523221158255929, -0.09286874999999988889, -2.197800227886455904 ) ) ;
#1794 = ORIENTED_EDGE ( 'NONE', *, *, #7193, .F. ) ;
#1795 = CARTESIAN_POINT ( 'NONE',  ( -3.222629128298467371, 2.223636876399968987, 1.564361804782171683 ) ) ;
#1796 = CARTESIAN_POINT ( 'NONE',  ( -2.473334880200381836, 0.8786812499999996362, -2.301054065071954202 ) ) ;
#1797 =( BOUNDED_CURVE ( )  B_SPLINE_CURVE ( 1, ( #634, #6867 ),
 .UNSPECIFIED., .F., .T. ) 
 B_SPLINE_CURVE_WITH_KNOTS ( ( 2, 2 ),
 ( 0.000000000000000000, 0.0005566452967378107903 ),
 .UNSPECIFIED. ) 
 CURVE ( )  GEOMETRIC_REPRESENTATION_ITEM ( )  RATIONAL_B_SPLINE_CURVE ( ( 0.9945407480612344919, 0.9945407480612344919 ) ) 
 REPRESENTATION_ITEM ( '' )  );
#1798 = DIRECTION ( 'NONE',  ( -0.000000000000000000, -1.000000000000000000, -0.000000000000000000 ) ) ;
#1799 = CARTESIAN_POINT ( 'NONE',  ( -1.702082463320817141, 0.5572124999999997774, -2.604678010437323721 ) ) ;
#1800 = ORIENTED_EDGE ( 'NONE', *, *, #6336, .T. ) ;
#1801 = CARTESIAN_POINT ( 'NONE',  ( -2.670987589186775590, 4.279106249999999889, -1.912852509086737207 ) ) ;
#1802 = ORIENTED_EDGE ( 'NONE', *, *, #5081, .F. ) ;
#1803 = CARTESIAN_POINT ( 'NONE',  ( 0.4418403513199806176, 0.8786812499999995252, -3.214627291995984404 ) ) ;
#1804 = CARTESIAN_POINT ( 'NONE',  ( -1.468161441773084608, -0.9407207500002883194, 3.042488655836110389 ) ) ;
#1805 = CARTESIAN_POINT ( 'NONE',  ( 0.08498999789586049458, -3.007518750000000463, -3.110339041046436659 ) ) ;
#1806 = CARTESIAN_POINT ( 'NONE',  ( 3.460705068926836159, 2.336006249999996953, -0.9929086769422632575 ) ) ;
#1807 = CARTESIAN_POINT ( 'NONE',  ( -2.882200295591533123, -1.029273648346682890, 1.585780410241995675 ) ) ;
#1808 = CARTESIAN_POINT ( 'NONE',  ( 2.897981381806990164, -0.5786437499999996792, 1.235314128901757513 ) ) ;
#1809 = ORIENTED_EDGE ( 'NONE', *, *, #5955, .F. ) ;
#1810 = CARTESIAN_POINT ( 'NONE',  ( -0.9763550932164087870, 1.200150000000000272, -3.094476087231952999 ) ) ;
#1811 = CARTESIAN_POINT ( 'NONE',  ( 1.279896038715339079, 1.850231249999998662, 3.317680233247442434 ) ) ;
#1812 = EDGE_LOOP ( 'NONE', ( #1923, #3666, #1306, #1017 ) ) ;
#1813 = ADVANCED_FACE ( 'NONE', ( #4426 ), #6663, .T. ) ;
#1814 = DIRECTION ( 'NONE',  ( 0.000000000000000000, 0.000000000000000000, -1.000000000000000000 ) ) ;
#1815 = CARTESIAN_POINT ( 'NONE',  ( 0.8719769162781459970, -1.155006032159969553, -3.041441646960789669 ) ) ;
#1816 = CARTESIAN_POINT ( 'NONE',  ( 0.8326915585192161684, 3.793331249999997823, -3.136188178485286748 ) ) ;
#1817 = VERTEX_POINT ( 'NONE', #4970 ) ;
#1818 = CARTESIAN_POINT ( 'NONE',  ( -3.549853190847274131, 2.600324999999998887, 0.2089935966278322066 ) ) ;
#1819 = CARTESIAN_POINT ( 'NONE',  ( -0.4664263125550577871, 0.8786812499999997472, 3.345845443973211264 ) ) ;
#1820 = ORIENTED_EDGE ( 'NONE', *, *, #696, .F. ) ;
#1821 = CYLINDRICAL_SURFACE ( 'NONE', #4218, 3.556000000000000050 ) ;
#1822 = CARTESIAN_POINT ( 'NONE',  ( 2.090667847536802348, 4.279106249999996336, -2.534223228996427046 ) ) ;
#1823 = EDGE_CURVE ( 'NONE', #1004, #328, #6968, .T. ) ;
#1824 = CARTESIAN_POINT ( 'NONE',  ( -3.362144308073117038, -3.007518750000000463, -0.3289694388412988668 ) ) ;
#1825 = CARTESIAN_POINT ( 'NONE',  ( -3.349095279683631077, -0.9706622954021473237, 0.007278556988346714628 ) ) ;
#1826 = CARTESIAN_POINT ( 'NONE',  ( -2.818063048906697787, 0.5572124999999997774, -1.862996482118709496 ) ) ;
#1827 = ORIENTED_EDGE ( 'NONE', *, *, #5955, .T. ) ;
#1828 = CARTESIAN_POINT ( 'NONE',  ( 3.872700572943674989E-16, -2.766060000000000407, -3.162299999999999667 ) ) ;
#1829 = DIRECTION ( 'NONE',  ( 0.000000000000000000, -1.000000000000000000, -0.000000000000000000 ) ) ;
#1830 = EDGE_CURVE ( 'NONE', #6226, #4288, #454, .T. ) ;
#1831 = CARTESIAN_POINT ( 'NONE',  ( 1.050091099178201537, -0.09286875000000022196, -3.210847851179919665 ) ) ;
#1832 = CARTESIAN_POINT ( 'NONE',  ( 0.8034226385261088454, -1.550193749999999815, -3.324609815497098886 ) ) ;
#1833 = ORIENTED_EDGE ( 'NONE', *, *, #5047, .F. ) ;
#1834 = DIRECTION ( 'NONE',  ( 0.000000000000000000, 0.000000000000000000, -1.000000000000000000 ) ) ;
#1835 = ORIENTED_EDGE ( 'NONE', *, *, #5251, .T. ) ;
#1836 =( BOUNDED_SURFACE ( )  B_SPLINE_SURFACE ( 1, 2, ( 
 ( #4416, #5030, #26, #4452, #6688, #6128, #2253, #4487, #1524 ),
 ( #6279, #3386, #208, #640, #93, #2326, #6316, #5719, #721 ) ),
 .UNSPECIFIED., .F., .F., .F. ) 
 B_SPLINE_SURFACE_WITH_KNOTS ( ( 2, 2 ),
 ( 3, 2, 2, 2, 3 ),
 ( 0.000000000000000000, 1.000000000000000000 ),
 ( 0.000000000000000000, 0.05000000000000000278, 0.1000000000000000056, 0.1499999999999999944, 0.2000000000000000111 ),
 .UNSPECIFIED. ) 
 GEOMETRIC_REPRESENTATION_ITEM ( )  RATIONAL_B_SPLINE_SURFACE ( (
 ( 1.000000000000000000, 0.9876883405951377704, 1.000000000000000000, 0.9876883405951377704, 1.000000000000000000, 0.9876883405951377704, 1.000000000000000000, 0.9876883405951377704, 1.000000000000000000),
 ( 1.000000000000000000, 0.9876883405951377704, 1.000000000000000000, 0.9876883405951377704, 1.000000000000000000, 0.9876883405951377704, 1.000000000000000000, 0.9876883405951377704, 1.000000000000000000) ) ) 
 REPRESENTATION_ITEM ( '' )  SURFACE ( )  );
#1837 = CARTESIAN_POINT ( 'NONE',  ( 3.257677282909059002, 2.336006249999996953, 0.4251095664972568411 ) ) ;
#1838 = CARTESIAN_POINT ( 'NONE',  ( 3.110222088497124560, -1.135696009622294778, 0.1148021833886186949 ) ) ;
#1839 = CARTESIAN_POINT ( 'NONE',  ( -1.847742839379879376, 4.279106249999999001, -3.090015147918129479 ) ) ;
#1840 = DIRECTION ( 'NONE',  ( -0.000000000000000000, -1.000000000000000000, -0.000000000000000000 ) ) ;
#1841 = FACE_OUTER_BOUND ( 'NONE', #3781, .T. ) ;
#1842 = PRODUCT_RELATED_PRODUCT_CATEGORY ( 'detail', '', ( #4607 ) ) ;
#1843 = ORIENTED_EDGE ( 'NONE', *, *, #5890, .T. ) ;
#1844 = CARTESIAN_POINT ( 'NONE',  ( 1.814009531873846726, -1.005087262691940264, -2.773281988620833527 ) ) ;
#1845 = CARTESIAN_POINT ( 'NONE',  ( 0.000000000000000000, -2.857500000000000373, 0.000000000000000000 ) ) ;
#1846 = ORIENTED_EDGE ( 'NONE', *, *, #2403, .F. ) ;
#1847 = CARTESIAN_POINT ( 'NONE',  ( 1.842539447956307308, 0.5572124999999997774, 2.831480818004045386 ) ) ;
#1848 = CARTESIAN_POINT ( 'NONE',  ( -2.572723599587936061, 2.600324999999999331, -2.454837933575923614 ) ) ;
#1849 = CARTESIAN_POINT ( 'NONE',  ( -2.923238845763016958, -1.207420750006947152, 1.065883155238942948 ) ) ;
#1850 = ORIENTED_EDGE ( 'NONE', *, *, #6879, .T. ) ;
#1851 = CARTESIAN_POINT ( 'NONE',  ( -0.4251095664972072141, 4.279106249999998113, -3.257677282909066552 ) ) ;
#1852 = EDGE_CURVE ( 'NONE', #3378, #6490, #6293, .T. ) ;
#1853 = AXIS2_PLACEMENT_3D ( 'NONE', #288, #2616, #4782 ) ;
#1854 = ORIENTED_EDGE ( 'NONE', *, *, #3166, .F. ) ;
#1855 = AXIS2_PLACEMENT_3D ( 'NONE', #410, #883, #4868 ) ;
#1856 = CARTESIAN_POINT ( 'NONE',  ( 2.595302935114529586, -1.064418749999999747, 2.162553563495227760 ) ) ;
#1857 = CARTESIAN_POINT ( 'NONE',  ( 3.575672005030048783, 1.526976102460968709, 0.01307791341726745327 ) ) ;
#1858 = CARTESIAN_POINT ( 'NONE',  ( 0.9619982949524914506, 2.223636876399968987, -3.124047992491203907 ) ) ;
#1859 = FACE_OUTER_BOUND ( 'NONE', #1265, .T. ) ;
#1860 = CARTESIAN_POINT ( 'NONE',  ( -1.638661810900958971, -1.029273648346818559, 2.852466568236876832 ) ) ;
#1861 = EDGE_CURVE ( 'NONE', #7206, #4222, #2786, .T. ) ;
#1862 = EDGE_LOOP ( 'NONE', ( #5261, #6428, #4724, #3869 ) ) ;
#1863 = CARTESIAN_POINT ( 'NONE',  ( -2.517256377997648453, -2.035968750000000327, 1.828893812508030514 ) ) ;
#1864 = FACE_OUTER_BOUND ( 'NONE', #3903, .T. ) ;
#1865 = APPROVAL_STATUS ( 'not_yet_approved' ) ;
#1866 =( BOUNDED_SURFACE ( )  B_SPLINE_SURFACE ( 1, 2, ( 
 ( #3924, #1584, #3262, #3333, #3891, #7226, #4328, #6076, #1069 ),
 ( #5455, #4370, #996, #1656, #5557, #3227, #7155, #7195, #5487 ) ),
 .UNSPECIFIED., .F., .F., .T. ) 
 B_SPLINE_SURFACE_WITH_KNOTS ( ( 2, 2 ),
 ( 3, 2, 2, 2, 3 ),
 ( 0.000000000000000000, 1.000000000000000000 ),
 ( 0.000000000000000000, 0.05000000000000000278, 0.1000000000000000056, 0.1499999999999999944, 0.2000000000000000111 ),
 .UNSPECIFIED. ) 
 GEOMETRIC_REPRESENTATION_ITEM ( )  RATIONAL_B_SPLINE_SURFACE ( (
 ( 1.000000000000000000, 0.9876883405951377704, 1.000000000000000000, 0.9876883405951377704, 1.000000000000000000, 0.9876883405951377704, 1.000000000000000000, 0.9876883405951377704, 1.000000000000000000),
 ( 1.000000000000000000, 0.9876883405951377704, 1.000000000000000000, 0.9876883405951377704, 1.000000000000000000, 0.9876883405951377704, 1.000000000000000000, 0.9876883405951377704, 1.000000000000000000) ) ) 
 REPRESENTATION_ITEM ( '' )  SURFACE ( )  );
#1867 = ADVANCED_FACE ( 'NONE', ( #2781 ), #3534, .T. ) ;
#1868 = DIRECTION ( 'NONE',  ( -0.000000000000000000, -1.000000000000000000, -0.000000000000000000 ) ) ;
#1869 = CARTESIAN_POINT ( 'NONE',  ( -2.807641174033054909, 0.5572124999999997774, -1.341112705134916760 ) ) ;
#1870 = EDGE_LOOP ( 'NONE', ( #4996, #5939, #445, #2962 ) ) ;
#1871 = EDGE_LOOP ( 'NONE', ( #4634, #552, #4456, #4375 ) ) ;
#1872 = EDGE_CURVE ( 'NONE', #6144, #3470, #5023, .T. ) ;
#1873 = CARTESIAN_POINT ( 'NONE',  ( 3.060582921162898984, -1.036468050703291510, 1.186308520502697972 ) ) ;
#1874 = DIRECTION ( 'NONE',  ( 0.000000000000000000, 0.000000000000000000, -1.000000000000000000 ) ) ;
#1875 = CARTESIAN_POINT ( 'NONE',  ( 0.4488387158635145369, -1.207420750006948706, 3.078956975526289774 ) ) ;
#1876 = AXIS2_PLACEMENT_3D ( 'NONE', #5571, #5605, #1702 ) ;
#1877 = CARTESIAN_POINT ( 'NONE',  ( 2.883028168637141953, 2.600324999999998887, 2.081654288983834533 ) ) ;
#1878 = CARTESIAN_POINT ( 'NONE',  ( -1.507273265453093813, -1.064418750000000191, -3.023303250296001554 ) ) ;
#1879 = ORIENTED_EDGE ( 'NONE', *, *, #3575, .T. ) ;
#1880 = CARTESIAN_POINT ( 'NONE',  ( 0.4742748286644341560, 2.600324999999999331, -3.210002322334881253 ) ) ;
#1881 =( BOUNDED_CURVE ( )  B_SPLINE_CURVE ( 2, ( #2313, #5671, #746, #2901, #5122 ),
 .UNSPECIFIED., .F., .T. ) 
 B_SPLINE_CURVE_WITH_KNOTS ( ( 3, 2, 3 ),
 ( 0.01659028043918808065, 0.05000000000000000278, 0.08703413987182917477 ),
 .UNSPECIFIED. ) 
 CURVE ( )  GEOMETRIC_REPRESENTATION_ITEM ( )  RATIONAL_B_SPLINE_CURVE ( ( 0.9945407480612347140, 0.9917734182391064746, 1.000000000000000000, 0.9908809656709202107, 0.9952705550554066249 ) ) 
 REPRESENTATION_ITEM ( '' )  );
#1882 = DIRECTION ( 'NONE',  ( 0.000000000000000000, 0.000000000000000000, -1.000000000000000000 ) ) ;
#1883 = ORIENTED_EDGE ( 'NONE', *, *, #3391, .F. ) ;
#1884 = AXIS2_PLACEMENT_3D ( 'NONE', #3483, #4692, #2456 ) ;
#1885 = CARTESIAN_POINT ( 'NONE',  ( -0.4967759126372028877, -1.097987288839243014, 3.182457370422040022 ) ) ;
#1886 = CARTESIAN_POINT ( 'NONE',  ( 0.1175223847898548418, 1.200149999999999828, 3.554057468453953206 ) ) ;
#1887 = CARTESIAN_POINT ( 'NONE',  ( -2.294311465737591593, -1.181751568882861037, -2.139746340176586159 ) ) ;
#1888 = AXIS2_PLACEMENT_3D ( 'NONE', #748, #2972, #3664 ) ;
#1889 = ORIENTED_EDGE ( 'NONE', *, *, #1920, .T. ) ;
#1890 = CARTESIAN_POINT ( 'NONE',  ( -0.5344165258952647823, 3.793331249999998711, -3.515613030020522167 ) ) ;
#1891 = CARTESIAN_POINT ( 'NONE',  ( 3.367386446817282053, -2.035968749999999439, -0.2700810207905710025 ) ) ;
#1892 = ORIENTED_EDGE ( 'NONE', *, *, #6796, .F. ) ;
#1893 = CARTESIAN_POINT ( 'NONE',  ( -3.281543913905691223, 1.364456250000001258, 0.1569998860436803978 ) ) ;
#1894 = DIRECTION ( 'NONE',  ( -0.000000000000000000, -1.000000000000000000, -0.000000000000000000 ) ) ;
#1895 = AXIS2_PLACEMENT_3D ( 'NONE', #3941, #6093, #2773 ) ;
#1896 = CARTESIAN_POINT ( 'NONE',  ( 2.557060473695170533, -0.09286874999999988889, -2.207640589830199840 ) ) ;
#1897 = CARTESIAN_POINT ( 'NONE',  ( -1.842175731049353393, 0.3929062499999995683, 2.881823543752932704 ) ) ;
#1898 = CARTESIAN_POINT ( 'NONE',  ( 2.427841540623939309, 1.526976102460969598, 2.625107002199284612 ) ) ;
#1899 = CARTESIAN_POINT ( 'NONE',  ( -1.896814513034272620, -1.179124203889784672, 2.503454994342198869 ) ) ;
#1900 = EDGE_LOOP ( 'NONE', ( #638, #2789, #5898, #1663 ) ) ;
#1901 = CARTESIAN_POINT ( 'NONE',  ( 2.694692970731273896, 1.850231249999996885, -2.320294333374862461 ) ) ;
#1902 = B_SPLINE_CURVE_WITH_KNOTS ( 'NONE', 3,
 ( #6777, #5626, #4973, #622, #3296, #7222, #5046, #3401, #2198, #2856 ),
 .UNSPECIFIED., .F., .F.,
 ( 4, 3, 3, 4 ),
 ( 2.009979830376885353E-16, 0.0002589485462244647492, 0.0005341756780451716730, 0.0008103109524490910171 ),
 .UNSPECIFIED. ) ;
#1903 = ADVANCED_FACE ( 'NONE', ( #1128 ), #5768, .F. ) ;
#1904 = PERSON_AND_ORGANIZATION ( #2687, #3284 ) ;
#1905 = B_SPLINE_CURVE_WITH_KNOTS ( 'NONE', 3,
 ( #1288, #6182, #1214, #5156, #6340, #4545, #3956 ),
 .UNSPECIFIED., .F., .F.,
 ( 4, 3, 4 ),
 ( 2.004301381016421832E-16, 0.0002589485462217326140, 0.0003515712624694047298 ),
 .UNSPECIFIED. ) ;
#1906 = EDGE_CURVE ( 'NONE', #4214, #988, #6095, .T. ) ;
#1907 = CARTESIAN_POINT ( 'NONE',  ( 0.000000000000000000, 2.600324999999999331, 0.000000000000000000 ) ) ;
#1908 = FACE_OUTER_BOUND ( 'NONE', #3517, .T. ) ;
#1909 = EDGE_LOOP ( 'NONE', ( #1948, #3164, #2367, #861 ) ) ;
#1910 = CARTESIAN_POINT ( 'NONE',  ( -1.209742461051023898, 1.526976102460970042, 3.364836474080895368 ) ) ;
#1911 = EDGE_LOOP ( 'NONE', ( #744, #2383, #6359, #2411 ) ) ;
#1912 = ADVANCED_FACE ( 'NONE', ( #6328 ), #5223, .T. ) ;
#1913 =( BOUNDED_CURVE ( )  B_SPLINE_CURVE ( 2, ( #7110, #4898, #4936, #3883, #646 ),
 .UNSPECIFIED., .F., .T. ) 
 B_SPLINE_CURVE_WITH_KNOTS ( ( 3, 2, 3 ),
 ( 0.01659028043918798351, 0.05000000000000000278, 0.08854378023972289680 ),
 .UNSPECIFIED. ) 
 CURVE ( )  GEOMETRIC_REPRESENTATION_ITEM ( )  RATIONAL_B_SPLINE_CURVE ( ( 0.9945407480612347140, 0.9917734182391063635, 1.000000000000000000, 0.9905092421102534850, 0.9956508716769392198 ) ) 
 REPRESENTATION_ITEM ( '' )  );
#1914 = CARTESIAN_POINT ( 'NONE',  ( 2.547360598038309387, 3.307556249999995757, -2.544268303148284893 ) ) ;
#1915 = CARTESIAN_POINT ( 'NONE',  ( -2.393694106376065278, 2.600324999999998887, 2.190725917955162583 ) ) ;
#1916 = CARTESIAN_POINT ( 'NONE',  ( -3.311120691599563237, 2.336006250000000950, -1.413798776525268641 ) ) ;
#1917 = ADVANCED_FACE ( 'NONE', ( #6921 ), #5639, .F. ) ;
#1918 = CARTESIAN_POINT ( 'NONE',  ( -2.291261887953862875, -1.207420750006951815, -2.105124986980607016 ) ) ;
#1919 = FACE_OUTER_BOUND ( 'NONE', #4212, .T. ) ;
#1920 = EDGE_CURVE ( 'NONE', #5485, #5398, #808, .T. ) ;
#1921 = VERTEX_POINT ( 'NONE', #6961 ) ;
#1922 = CARTESIAN_POINT ( 'NONE',  ( 0.3675163212188587991, 1.200149999999999828, -3.536957414733426397 ) ) ;
#1923 = ORIENTED_EDGE ( 'NONE', *, *, #5338, .T. ) ;
#1924 = CARTESIAN_POINT ( 'NONE',  ( 3.600226425858527257, 2.336006249999996509, -0.02677493964658066855 ) ) ;
#1925 = CARTESIAN_POINT ( 'NONE',  ( -0.3703593241461075602, 3.307556249999998421, 3.581226212606679837 ) ) ;
#1926 = CARTESIAN_POINT ( 'NONE',  ( -2.334574637023024035, -1.036468050703329258, -2.307435153433327724 ) ) ;
#1927 =( BOUNDED_CURVE ( )  B_SPLINE_CURVE ( 1, ( #4972, #6626 ),
 .UNSPECIFIED., .F., .T. ) 
 B_SPLINE_CURVE_WITH_KNOTS ( ( 2, 2 ),
 ( 1.084202172485504434E-19, 0.0005113447558650966980 ),
 .UNSPECIFIED. ) 
 CURVE ( )  GEOMETRIC_REPRESENTATION_ITEM ( )  RATIONAL_B_SPLINE_CURVE ( ( 0.9945407480612344919, 0.9945407480612344919 ) ) 
 REPRESENTATION_ITEM ( '' )  );
#1928 = EDGE_CURVE ( 'NONE', #2653, #3601, #6360, .T. ) ;
#1929 = EDGE_LOOP ( 'NONE', ( #340, #4599, #5811, #3822 ) ) ;
#1930 = CARTESIAN_POINT ( 'NONE',  ( -0.7991123308668410807, 0.5572124999999999995, 3.282324591300587180 ) ) ;
#1931 = ORIENTED_EDGE ( 'NONE', *, *, #1198, .F. ) ;
#1932 = CARTESIAN_POINT ( 'NONE',  ( -1.851494787755278093, 4.279106249999999001, -3.087768492901980188 ) ) ;
#1933 = CARTESIAN_POINT ( 'NONE',  ( 1.419720742580283135, -1.120186029920318127, -2.866408348880274293 ) ) ;
#1934 = CARTESIAN_POINT ( 'NONE',  ( 0.6138874506321061464, 3.307556249999997089, 3.547603333632376899 ) ) ;
#1935 = CARTESIAN_POINT ( 'NONE',  ( 2.437777774433497413, 2.336006249999997397, -2.649450270777167216 ) ) ;
#1936 = CARTESIAN_POINT ( 'NONE',  ( 0.5731593185233161414, 1.850231249999998884, -3.193828410871486945 ) ) ;
#1937 = CARTESIAN_POINT ( 'NONE',  ( 3.334852429094004922, 3.793331249999996047, -1.234461532882200618 ) ) ;
#1938 = ORIENTED_EDGE ( 'NONE', *, *, #345, .T. ) ;
#1939 = CARTESIAN_POINT ( 'NONE',  ( -1.161197594759082685, -0.5786437500000003453, -3.217163114814297398 ) ) ;
#1940 = APPROVAL_DATE_TIME ( #2377, #4529 ) ;
#1941 = CARTESIAN_POINT ( 'NONE',  ( -2.517217743920512341, 1.200150000000000050, 2.511722681685167213 ) ) ;
#1942 = CARTESIAN_POINT ( 'NONE',  ( 2.254722372306786404, -0.5156196993881075885, -2.558374464454486574 ) ) ;
#1943 = CARTESIAN_POINT ( 'NONE',  ( 1.274781476088618470, -2.521743749999999729, -2.880838293723822385 ) ) ;
#1944 = ORIENTED_EDGE ( 'NONE', *, *, #5699, .F. ) ;
#1945 = EDGE_CURVE ( 'NONE', #4708, #2488, #3297, .T. ) ;
#1946 =( BOUNDED_SURFACE ( )  B_SPLINE_SURFACE ( 1, 2, ( 
 ( #6977, #851, #7006, #1916, #1359, #6450, #6375, #1839, #1291 ),
 ( #1435, #3522, #4077, #1397, #3008, #2457, #6308, #2494, #5744 ) ),
 .UNSPECIFIED., .F., .F., .F. ) 
 B_SPLINE_SURFACE_WITH_KNOTS ( ( 2, 2 ),
 ( 3, 2, 2, 2, 3 ),
 ( 0.000000000000000000, 1.000000000000000000 ),
 ( 0.000000000000000000, 0.05000000000000000278, 0.1000000000000000056, 0.1499999999999999944, 0.2000000000000000111 ),
 .UNSPECIFIED. ) 
 GEOMETRIC_REPRESENTATION_ITEM ( )  RATIONAL_B_SPLINE_SURFACE ( (
 ( 1.000000000000000000, 0.9876883405951377704, 1.000000000000000000, 0.9876883405951377704, 1.000000000000000000, 0.9876883405951377704, 1.000000000000000000, 0.9876883405951377704, 1.000000000000000000),
 ( 1.000000000000000000, 0.9876883405951377704, 1.000000000000000000, 0.9876883405951377704, 1.000000000000000000, 0.9876883405951377704, 1.000000000000000000, 0.9876883405951377704, 1.000000000000000000) ) ) 
 REPRESENTATION_ITEM ( '' )  SURFACE ( )  );
#1947 = CARTESIAN_POINT ( 'NONE',  ( 0.03374416451731977046, 2.600324999999999331, -3.555839891131355124 ) ) ;
#1948 = ORIENTED_EDGE ( 'NONE', *, *, #5556, .F. ) ;
#1949 = CARTESIAN_POINT ( 'NONE',  ( 2.385643150267100943, 4.279106249999996336, 2.258735527389807096 ) ) ;
#1950 = CARTESIAN_POINT ( 'NONE',  ( 3.247680610174119575, 0.3929062500000002345, -1.072888165511665326 ) ) ;
#1951 = CARTESIAN_POINT ( 'NONE',  ( 2.348970292876011001, 2.600324999999998887, 2.238613429265092769 ) ) ;
#1952 = CARTESIAN_POINT ( 'NONE',  ( 2.151759380991248971, 1.200149999999999828, -2.831089466321435211 ) ) ;
#1953 = VERTEX_POINT ( 'NONE', #1826 ) ;
#1954 = DIRECTION ( 'NONE',  ( -0.000000000000000000, -1.000000000000000000, -0.000000000000000000 ) ) ;
#1955 = EDGE_CURVE ( 'NONE', #5401, #4740, #269, .T. ) ;
#1956 =( BOUNDED_CURVE ( )  B_SPLINE_CURVE ( 2, ( #5460, #6642, #5498, #6049, #3311 ),
 .UNSPECIFIED., .F., .F. ) 
 B_SPLINE_CURVE_WITH_KNOTS ( ( 3, 2, 3 ),
 ( 0.01659028043918823331, 0.05000000000000000278, 0.08854378023972320211 ),
 .UNSPECIFIED. ) 
 CURVE ( )  GEOMETRIC_REPRESENTATION_ITEM ( )  RATIONAL_B_SPLINE_CURVE ( ( 0.9945407480612344919, 0.9917734182391064746, 1.000000000000000000, 0.9905092421102533740, 0.9956508716769392198 ) ) 
 REPRESENTATION_ITEM ( '' )  );
#1957 = VERTEX_POINT ( 'NONE', #7176 ) ;
#1958 = CARTESIAN_POINT ( 'NONE',  ( -0.1009433955661307863, 0.5572124999999997774, -3.109862164291463227 ) ) ;
#1959 = CARTESIAN_POINT ( 'NONE',  ( 3.234297810965540254, 1.526976102460968709, -0.4304979890421267164 ) ) ;
#1960 = DIRECTION ( 'NONE',  ( 0.000000000000000000, 0.000000000000000000, -1.000000000000000000 ) ) ;
#1961 = EDGE_CURVE ( 'NONE', #2578, #5578, #188, .T. ) ;
#1962 = ORIENTED_EDGE ( 'NONE', *, *, #1700, .T. ) ;
#1963 = CARTESIAN_POINT ( 'NONE',  ( -2.702780841317341309, -0.5786437500000005674, -1.618416760347034078 ) ) ;
#1964 = CARTESIAN_POINT ( 'NONE',  ( -2.621711271007837851, 0.2303863975390292029, -2.160008148643505432 ) ) ;
#1965 = ORIENTED_EDGE ( 'NONE', *, *, #7158, .F. ) ;
#1966 = DIRECTION ( 'NONE',  ( 0.000000000000000000, 0.000000000000000000, -1.000000000000000000 ) ) ;
#1967 = CARTESIAN_POINT ( 'NONE',  ( -1.128294075507651151, 2.821781249999999019, 3.042368156826905867 ) ) ;
#1968 = EDGE_CURVE ( 'NONE', #7137, #3211, #5139, .T. ) ;
#1969 =( BOUNDED_CURVE ( )  B_SPLINE_CURVE ( 2, ( #4680, #6925, #1901, #221, #4138 ),
 .UNSPECIFIED., .F., .T. ) 
 B_SPLINE_CURVE_WITH_KNOTS ( ( 3, 2, 3 ),
 ( 0.01659028043918818127, 0.05000000000000000278, 0.08854378023972321599 ),
 .UNSPECIFIED. ) 
 CURVE ( )  GEOMETRIC_REPRESENTATION_ITEM ( )  RATIONAL_B_SPLINE_CURVE ( ( 0.9945407480612347140, 0.9917734182391064746, 1.000000000000000000, 0.9905092421102533740, 0.9956508716769392198 ) ) 
 REPRESENTATION_ITEM ( '' )  );
#1970 = DIRECTION ( 'NONE',  ( 0.000000000000000000, 0.000000000000000000, -1.000000000000000000 ) ) ;
#1971 = CARTESIAN_POINT ( 'NONE',  ( 0.4418403513199806176, 0.8786812499999995252, -3.214627291995984404 ) ) ;
#1972 = CARTESIAN_POINT ( 'NONE',  ( -2.765435832662955118, 1.526976102460970708, -2.266708180335242240 ) ) ;
#1973 = CARTESIAN_POINT ( 'NONE',  ( 3.056241410165780881, 3.307556249999995313, -1.205225234508942478 ) ) ;
#1974 = CARTESIAN_POINT ( 'NONE',  ( -3.396010638022621375, 1.850231250000001104, 1.054631569050159978 ) ) ;
#1975 = VERTEX_POINT ( 'NONE', #7136 ) ;
#1976 = VECTOR ( 'NONE', #447, 1000.000000000000000 ) ;
#1977 = CARTESIAN_POINT ( 'NONE',  ( -2.464476118225157109, 0.8786812499999995252, -2.310539483042403752 ) ) ;
#1978 = DIRECTION ( 'NONE',  ( 0.000000000000000000, 0.000000000000000000, -1.000000000000000000 ) ) ;
#1979 = CARTESIAN_POINT ( 'NONE',  ( 2.203899881681182560, 0.5572124999999997774, -2.196419259049981143 ) ) ;
#1980 = ORIENTED_EDGE ( 'NONE', *, *, #5120, .F. ) ;
#1981 = CARTESIAN_POINT ( 'NONE',  ( -3.481182977436556580, 0.8786812500000025228, -0.7256039399052142125 ) ) ;
#1982 = ORIENTED_EDGE ( 'NONE', *, *, #1628, .T. ) ;
#1983 = CARTESIAN_POINT ( 'NONE',  ( 2.931844859172707540, 0.8786812500000001913, -1.041977913270036638 ) ) ;
#1984 = CARTESIAN_POINT ( 'NONE',  ( -2.441674810749013158, -2.035968750000000327, 2.334621887705537802 ) ) ;
#1985 = EDGE_CURVE ( 'NONE', #5685, #4110, #3920, .T. ) ;
#1986 = FACE_OUTER_BOUND ( 'NONE', #6406, .T. ) ;
#1987 = CARTESIAN_POINT ( 'NONE',  ( 0.000000000000000000, 3.873499999999999055, 0.000000000000000000 ) ) ;
#1988 =( BOUNDED_CURVE ( )  B_SPLINE_CURVE ( 1, ( #3888, #6821 ),
 .UNSPECIFIED., .F., .T. ) 
 B_SPLINE_CURVE_WITH_KNOTS ( ( 2, 2 ),
 ( 0.000000000000000000, 0.0005566452967378105734 ),
 .UNSPECIFIED. ) 
 CURVE ( )  GEOMETRIC_REPRESENTATION_ITEM ( )  RATIONAL_B_SPLINE_CURVE ( ( 0.9945407480612344919, 0.9945407480612344919 ) ) 
 REPRESENTATION_ITEM ( '' )  );
#1989 = ORIENTED_EDGE ( 'NONE', *, *, #5749, .F. ) ;
#1990 = CARTESIAN_POINT ( 'NONE',  ( -0.5176166722461867931, 2.600324999999998887, 3.518125776690313344 ) ) ;
#1991 = EDGE_LOOP ( 'NONE', ( #4906, #409, #7248, #1883 ) ) ;
#1992 = CARTESIAN_POINT ( 'NONE',  ( 2.650944757334950275, 0.8786812499999979709, -1.871241143214403158 ) ) ;
#1993 = EDGE_CURVE ( 'NONE', #4557, #4134, #4666, .T. ) ;
#1994 = DIRECTION ( 'NONE',  ( -0.000000000000000000, -1.000000000000000000, -0.000000000000000000 ) ) ;
#1995 = CARTESIAN_POINT ( 'NONE',  ( -1.930480037656714165, -2.035968750000000327, 2.440221111745600080 ) ) ;
#1996 = EDGE_CURVE ( 'NONE', #2847, #1048, #5053, .T. ) ;
#1997 =( BOUNDED_CURVE ( )  B_SPLINE_CURVE ( 1, ( #5129, #1734 ),
 .UNSPECIFIED., .F., .T. ) 
 B_SPLINE_CURVE_WITH_KNOTS ( ( 2, 2 ),
 ( 4.336808689942017736E-19, 0.0005113447558650968065 ),
 .UNSPECIFIED. ) 
 CURVE ( )  GEOMETRIC_REPRESENTATION_ITEM ( )  RATIONAL_B_SPLINE_CURVE ( ( 0.9945407480612347140, 0.9945407480612347140 ) ) 
 REPRESENTATION_ITEM ( '' )  );
#1998 = VERTEX_POINT ( 'NONE', #869 ) ;
#1999 = CARTESIAN_POINT ( 'NONE',  ( -2.745979112067526540, -1.550193750000000481, 1.543986982604808267 ) ) ;
#2000 = AXIS2_PLACEMENT_3D ( 'NONE', #548, #5587, #6590 ) ;
#2001 = CARTESIAN_POINT ( 'NONE',  ( 0.4464721189080050889, 2.600324999999998887, 3.527860349707429233 ) ) ;
#2002 = ORIENTED_EDGE ( 'NONE', *, *, #2486, .T. ) ;
#2003 = EDGE_CURVE ( 'NONE', #87, #2286, #5841, .T. ) ;
#2004 = CARTESIAN_POINT ( 'NONE',  ( 2.898242035314085641, 0.2303863975390295915, 1.771778286206923347 ) ) ;
#2005 = FACE_OUTER_BOUND ( 'NONE', #2644, .T. ) ;
#2006 = AXIS2_PLACEMENT_3D ( 'NONE', #3120, #825, #5753 ) ;
#2007 = AXIS2_PLACEMENT_3D ( 'NONE', #549, #1388, #2521 ) ;
#2008 = CARTESIAN_POINT ( 'NONE',  ( -0.1274651759490635916, -0.09286875000000011093, 3.108888045414352597 ) ) ;
#2009 = CARTESIAN_POINT ( 'NONE',  ( 1.532054160833712597, 2.821781249999997687, -2.860395352179855522 ) ) ;
#2010 = B_SPLINE_CURVE_WITH_KNOTS ( 'NONE', 3,
 ( #1731, #5637, #5675, #1807, #3376, #5599, #5163, #594, #2316, #558 ),
 .UNSPECIFIED., .F., .F.,
 ( 4, 3, 3, 4 ),
 ( 2.016620704052797101E-16, 0.0002589485462244644782, 0.0005341756780451697214, 0.0008103109524490886319 ),
 .UNSPECIFIED. ) ;
#2012 = EDGE_CURVE ( 'NONE', #5398, #2052, #5929, .T. ) ;
#2011 = CARTESIAN_POINT ( 'NONE',  ( -2.078008750811795480, -1.097987288839230580, 2.461036540460090016 ) ) ;
#2013 = ORIENTED_EDGE ( 'NONE', *, *, #3035, .T. ) ;
#2014 =( BOUNDED_CURVE ( )  B_SPLINE_CURVE ( 1, ( #4366, #5452 ),
 .UNSPECIFIED., .F., .T. ) 
 B_SPLINE_CURVE_WITH_KNOTS ( ( 2, 2 ),
 ( 0.000000000000000000, 0.0005566452967378098145 ),
 .UNSPECIFIED. ) 
 CURVE ( )  GEOMETRIC_REPRESENTATION_ITEM ( )  RATIONAL_B_SPLINE_CURVE ( ( 0.9945407480612344919, 0.9945407480612344919 ) ) 
 REPRESENTATION_ITEM ( '' )  );
#2015 = CARTESIAN_POINT ( 'NONE',  ( -3.285220846068508394, 2.336006250000000950, 0.02243692639628606933 ) ) ;
#2016 = DIRECTION ( 'NONE',  ( -0.000000000000000000, -1.000000000000000000, -0.000000000000000000 ) ) ;
#2017 = CARTESIAN_POINT ( 'NONE',  ( 2.885554539756490122, 2.600324999999999331, 2.078150860281980261 ) ) ;
#2018 = CARTESIAN_POINT ( 'NONE',  ( 2.455909902810741841, 0.3929062500000002345, 2.380551387950287090 ) ) ;
#2019 = ORIENTED_EDGE ( 'NONE', *, *, #1735, .T. ) ;
#2020 = ORIENTED_EDGE ( 'NONE', *, *, #2990, .T. ) ;
#2021 = CARTESIAN_POINT ( 'NONE',  ( 2.400444653845446030, -3.007518750000000018, 2.376994047915315100 ) ) ;
#2022 = CARTESIAN_POINT ( 'NONE',  ( -0.8352502671455065419, -1.155006032159969775, -3.051731971458642168 ) ) ;
#2023 = CARTESIAN_POINT ( 'NONE',  ( -0.4136305714212059614, 2.206989088361125173, -3.556000000000000938 ) ) ;
#2024 = ORIENTED_EDGE ( 'NONE', *, *, #5652, .F. ) ;
#2025 = CARTESIAN_POINT ( 'NONE',  ( -2.517604081254934290, -1.120186029920318571, -1.973214002456842087 ) ) ;
#2026 = B_SPLINE_CURVE_WITH_KNOTS ( 'NONE', 3,
 ( #2627, #6443, #3250, #5332, #1499, #7073, #1428, #2556, #905, #3729 ),
 .UNSPECIFIED., .F., .F.,
 ( 4, 3, 3, 4 ),
 ( 8.097063399577265862E-16, 0.0001296210011225060708, 0.0002688043935198809438, 0.0004095291194012235566 ),
 .UNSPECIFIED. ) ;
#2027 = EDGE_LOOP ( 'NONE', ( #6903, #1582, #4475, #4262 ) ) ;
#2028 = CARTESIAN_POINT ( 'NONE',  ( 3.416709566188536495, 0.3929062500000003455, -0.1568888195877954916 ) ) ;
#2029 = CARTESIAN_POINT ( 'NONE',  ( 1.588452458639300735, -0.5786437499999999012, 3.029081898536035933 ) ) ;
#2030 = CARTESIAN_POINT ( 'NONE',  ( 0.000000000000000000, -2.857500000000000373, -3.162299999999999667 ) ) ;
#2031 =( BOUNDED_SURFACE ( )  B_SPLINE_SURFACE ( 1, 2, ( 
 ( #1444, #2468, #207, #277, #6947, #1925, #4737, #309, #2430 ),
 ( #4190, #343, #4665, #4228, #6908, #2503, #6422, #3633, #3672 ) ),
 .UNSPECIFIED., .F., .F., .T. ) 
 B_SPLINE_SURFACE_WITH_KNOTS ( ( 2, 2 ),
 ( 3, 2, 2, 2, 3 ),
 ( 0.000000000000000000, 1.000000000000000000 ),
 ( 0.000000000000000000, 0.05000000000000000278, 0.1000000000000000056, 0.1499999999999999944, 0.2000000000000000111 ),
 .UNSPECIFIED. ) 
 GEOMETRIC_REPRESENTATION_ITEM ( )  RATIONAL_B_SPLINE_SURFACE ( (
 ( 1.000000000000000000, 0.9876883405951377704, 1.000000000000000000, 0.9876883405951377704, 1.000000000000000000, 0.9876883405951377704, 1.000000000000000000, 0.9876883405951377704, 1.000000000000000000),
 ( 1.000000000000000000, 0.9876883405951377704, 1.000000000000000000, 0.9876883405951377704, 1.000000000000000000, 0.9876883405951377704, 1.000000000000000000, 0.9876883405951377704, 1.000000000000000000) ) ) 
 REPRESENTATION_ITEM ( '' )  SURFACE ( )  );
#2032 = CARTESIAN_POINT ( 'NONE',  ( -3.037954454803998061, -3.007518750000000463, 1.477520886666763955 ) ) ;
#2033 = ORIENTED_EDGE ( 'NONE', *, *, #2003, .T. ) ;
#2034 = CARTESIAN_POINT ( 'NONE',  ( -2.232636852928749249, -0.09286875000000033298, 2.535264862483682879 ) ) ;
#2035 = CARTESIAN_POINT ( 'NONE',  ( 3.459496471560983277, 2.336006249999996509, -0.9971115173842116652 ) ) ;
#2036 = EDGE_LOOP ( 'NONE', ( #4161, #626, #7109, #3228 ) ) ;
#2037 = EDGE_CURVE ( 'NONE', #6158, #5024, #140, .T. ) ;
#2038 = CARTESIAN_POINT ( 'NONE',  ( -2.863663931156157805, 3.307556250000000642, 1.610157853287830898 ) ) ;
#2039 = CARTESIAN_POINT ( 'NONE',  ( -0.8117169222540171480, 0.5572124999999997774, 3.279230226459629360 ) ) ;
#2040 = CARTESIAN_POINT ( 'NONE',  ( 2.644611400301734250, 1.364456249999997706, 1.949156218599043866 ) ) ;
#2041 =( BOUNDED_SURFACE ( )  B_SPLINE_SURFACE ( 1, 2, ( 
 ( #1113, #2683, #2798, #5602, #5021, #17, #2248, #597, #2837 ),
 ( #6012, #4917, #2142, #1297, #2906, #715, #4517, #4118, #2944 ) ),
 .UNSPECIFIED., .F., .F., .F. ) 
 B_SPLINE_SURFACE_WITH_KNOTS ( ( 2, 2 ),
 ( 3, 2, 2, 2, 3 ),
 ( 0.000000000000000000, 1.000000000000000000 ),
 ( 0.000000000000000000, 0.05000000000000000278, 0.1000000000000000056, 0.1499999999999999944, 0.2000000000000000111 ),
 .UNSPECIFIED. ) 
 GEOMETRIC_REPRESENTATION_ITEM ( )  RATIONAL_B_SPLINE_SURFACE ( (
 ( 1.000000000000000000, 0.9876883405951377704, 1.000000000000000000, 0.9876883405951377704, 1.000000000000000000, 0.9876883405951377704, 1.000000000000000000, 0.9876883405951377704, 1.000000000000000000),
 ( 1.000000000000000000, 0.9876883405951377704, 1.000000000000000000, 0.9876883405951377704, 1.000000000000000000, 0.9876883405951377704, 1.000000000000000000, 0.9876883405951377704, 1.000000000000000000) ) ) 
 REPRESENTATION_ITEM ( '' )  SURFACE ( )  );
#2042 = CARTESIAN_POINT ( 'NONE',  ( 2.787483685754712059, 2.821781249999996355, -2.207956227295132301 ) ) ;
#2043 = ORIENTED_EDGE ( 'NONE', *, *, #4649, .F. ) ;
#2044 = FACE_OUTER_BOUND ( 'NONE', #6146, .T. ) ;
#2045 = CARTESIAN_POINT ( 'NONE',  ( -3.222938010608142001, -0.9706622954021475458, 0.9105837411069024334 ) ) ;
#2046 = ORIENTED_EDGE ( 'NONE', *, *, #1637, .F. ) ;
#2047 = EDGE_CURVE ( 'NONE', #6613, #971, #877, .T. ) ;
#2048 = CARTESIAN_POINT ( 'NONE',  ( -0.6357020289035542060, -1.064418750000000191, -3.317848424875359470 ) ) ;
#2049 = DIRECTION ( 'NONE',  ( 0.000000000000000000, 0.000000000000000000, -1.000000000000000000 ) ) ;
#2050 = CARTESIAN_POINT ( 'NONE',  ( 2.613374592568330712, -0.09286874999999979174, -1.688699348290958246 ) ) ;
#2051 = CARTESIAN_POINT ( 'NONE',  ( 1.393624628095443851, -1.064418749999999969, 2.781949432675912881 ) ) ;
#2052 = VERTEX_POINT ( 'NONE', #2186 ) ;
#2053 =( BOUNDED_CURVE ( )  B_SPLINE_CURVE ( 2, ( #547, #3809, #2818, #6104, #3917 ),
 .UNSPECIFIED., .F., .T. ) 
 B_SPLINE_CURVE_WITH_KNOTS ( ( 3, 2, 3 ),
 ( 0.01659028043918823331, 0.05000000000000000278, 0.08854378023972322986 ),
 .UNSPECIFIED. ) 
 CURVE ( )  GEOMETRIC_REPRESENTATION_ITEM ( )  RATIONAL_B_SPLINE_CURVE ( ( 0.9945407480612344919, 0.9917734182391064746, 1.000000000000000000, 0.9905092421102533740, 0.9956508716769392198 ) ) 
 REPRESENTATION_ITEM ( '' )  );
#2054 = CARTESIAN_POINT ( 'NONE',  ( 3.544909369216122652, 2.600324999999998443, 0.2806306541412994515 ) ) ;
#2055 = VERTEX_POINT ( 'NONE', #6165 ) ;
#2056 = CARTESIAN_POINT ( 'NONE',  ( -2.057641582905462396, -1.060154572504550030, -2.528275417996244112 ) ) ;
#2057 = EDGE_CURVE ( 'NONE', #1441, #3601, #2951, .T. ) ;
#2058 = CARTESIAN_POINT ( 'NONE',  ( -2.482451689767964265, 0.5572124999999997774, 1.875864029712221548 ) ) ;
#2059 = CARTESIAN_POINT ( 'NONE',  ( -1.680866936522161348, 2.821781249999999908, 3.133659576550491987 ) ) ;
#2060 = ORIENTED_EDGE ( 'NONE', *, *, #165, .T. ) ;
#2061 = LINE ( 'NONE', #338, #4083 ) ;
#2062 = ORIENTED_EDGE ( 'NONE', *, *, #3061, .T. ) ;
#2063 = CARTESIAN_POINT ( 'NONE',  ( 2.856393038293261633, -1.550193749999999815, 1.881365773098284233 ) ) ;
#2064 = CARTESIAN_POINT ( 'NONE',  ( -1.006137219131494343, -3.007518750000000463, 3.224891182083257313 ) ) ;
#2065 = CARTESIAN_POINT ( 'NONE',  ( 3.147269084541449491, 1.850231249999996885, 0.7897777104917776958 ) ) ;
#2066 = CARTESIAN_POINT ( 'NONE',  ( -1.169743537813039636, 1.850231249999999994, -3.026673351758434105 ) ) ;
#2067 = VERTEX_POINT ( 'NONE', #3872 ) ;
#2068 = CARTESIAN_POINT ( 'NONE',  ( -3.413440754973006808, -2.521743750000000173, 0.2166577339612405229 ) ) ;
#2069 = CARTESIAN_POINT ( 'NONE',  ( -3.553792151347328954, 1.200149999999999828, -0.1252890458983599298 ) ) ;
#2070 = EDGE_LOOP ( 'NONE', ( #2203, #1031, #5680, #2327 ) ) ;
#2071 =( BOUNDED_CURVE ( )  B_SPLINE_CURVE ( 2, ( #6620, #2702, #4461, #6098, #6697 ),
 .UNSPECIFIED., .F., .T. ) 
 B_SPLINE_CURVE_WITH_KNOTS ( ( 3, 2, 3 ),
 ( 0.01659028043918807718, 0.05000000000000000278, 0.09358265573071418431 ),
 .UNSPECIFIED. ) 
 CURVE ( )  GEOMETRIC_REPRESENTATION_ITEM ( )  RATIONAL_B_SPLINE_CURVE ( ( 0.9945407480612344919, 0.9917734182391063635, 1.000000000000000000, 0.9892685037336815812, 0.9972452917573793041 ) ) 
 REPRESENTATION_ITEM ( '' )  );
#2072 = DIRECTION ( 'NONE',  ( 0.000000000000000000, 0.000000000000000000, -1.000000000000000000 ) ) ;
#2073 = FACE_OUTER_BOUND ( 'NONE', #1253, .T. ) ;
#2074 = CARTESIAN_POINT ( 'NONE',  ( 0.3649343171555303189, 0.3929062499999999014, 3.129076545967913958 ) ) ;
#2075 = CARTESIAN_POINT ( 'NONE',  ( 2.696865457069765881, 4.279106249999995448, -1.876191922371783338 ) ) ;
#2076 = EDGE_CURVE ( 'NONE', #5416, #5401, #693, .T. ) ;
#2077 = EDGE_LOOP ( 'NONE', ( #929, #6531, #3409, #6989 ) ) ;
#2078 = CARTESIAN_POINT ( 'NONE',  ( 1.292751776387601526, 0.8786812499999989701, -2.976213091689960955 ) ) ;
#2079 = CARTESIAN_POINT ( 'NONE',  ( 1.250678338589076954, 0.5572125000000001105, -3.138158525853030678 ) ) ;
#2080 = EDGE_LOOP ( 'NONE', ( #5119, #7020, #6092, #6669 ) ) ;
#2081 = CARTESIAN_POINT ( 'NONE',  ( -2.634212203062794355, -1.550193750000000259, -1.727779834237954670 ) ) ;
#2082 = CARTESIAN_POINT ( 'NONE',  ( -3.538887510459937324, 1.364456250000001258, 0.6622857413184947140 ) ) ;
#2083 = CARTESIAN_POINT ( 'NONE',  ( -3.216965417673295136, -1.097987288839243236, 0.1611046970891221730 ) ) ;
#2085 = ADVANCED_FACE ( 'NONE', ( #2736 ), #1630, .F. ) ;
#2084 = CARTESIAN_POINT ( 'NONE',  ( 3.591929781405258488E-16, -1.385887500000000383, 2.933033249999999814 ) ) ;
#2086 = CIRCLE ( 'NONE', #6650, 3.022600000000000176 ) ;
#2087 = CARTESIAN_POINT ( 'NONE',  ( -3.474600802576267800, 2.600324999999999331, -0.7564953818341242364 ) ) ;
#2088 = ORIENTED_EDGE ( 'NONE', *, *, #5421, .T. ) ;
#2089 = CARTESIAN_POINT ( 'NONE',  ( -1.965049028254716168, 1.200150000000000050, 2.582176182806896314 ) ) ;
#2090 = AXIS2_PLACEMENT_3D ( 'NONE', #5084, #5118, #3445 ) ;
#2091 = ORIENTED_EDGE ( 'NONE', *, *, #2769, .F. ) ;
#2092 = EDGE_CURVE ( 'NONE', #4833, #1921, #5172, .T. ) ;
#2093 = CARTESIAN_POINT ( 'NONE',  ( 3.339162565169064401, -1.064418749999999747, 0.5120826138169244368 ) ) ;
#2094 = CARTESIAN_POINT ( 'NONE',  ( -1.828893812508030070, -1.064418750000000191, 2.517256377997649341 ) ) ;
#2095 = CARTESIAN_POINT ( 'NONE',  ( 0.000000000000000000, -2.857500000000000373, 0.000000000000000000 ) ) ;
#2096 = CARTESIAN_POINT ( 'NONE',  ( -2.037754609529634386, 0.3929062499999995683, 2.402468155398735927 ) ) ;
#2097 = ORIENTED_EDGE ( 'NONE', *, *, #3663, .T. ) ;
#2098 = ORIENTED_EDGE ( 'NONE', *, *, #4415, .F. ) ;
#2099 = ADVANCED_FACE ( 'NONE', ( #2221 ), #571, .T. ) ;
#2100 = ORIENTED_EDGE ( 'NONE', *, *, #2671, .T. ) ;
#2101 = CARTESIAN_POINT ( 'NONE',  ( -1.976060766819758729, 0.2303863975390292584, 2.763003625870151136 ) ) ;
#2102 = DIRECTION ( 'NONE',  ( -0.000000000000000000, -1.000000000000000000, -0.000000000000000000 ) ) ;
#2103 = CARTESIAN_POINT ( 'NONE',  ( 3.509762980481260453, 1.364456249999996817, 0.8024406742472792731 ) ) ;
#2104 = CARTESIAN_POINT ( 'NONE',  ( -3.274389914527659151, -0.9407207499999040712, -0.8310270318346358875 ) ) ;
#2105 = ORIENTED_EDGE ( 'NONE', *, *, #3957, .T. ) ;
#2106 = CARTESIAN_POINT ( 'NONE',  ( -3.540587227371617463, 1.526976102460970930, -0.4998433802181388996 ) ) ;
#2107 = ORIENTED_EDGE ( 'NONE', *, *, #382, .T. ) ;
#2108 = CARTESIAN_POINT ( 'NONE',  ( -1.370325746458405547, 1.364456250000000370, 2.985864493191616287 ) ) ;
#2109 = CARTESIAN_POINT ( 'NONE',  ( -1.128294075507651151, 2.821781249999999019, 3.042368156826905867 ) ) ;
#2110 = CARTESIAN_POINT ( 'NONE',  ( -1.726118569230436606, 4.279106249999999001, 2.795298572257908898 ) ) ;
#2111 = CARTESIAN_POINT ( 'NONE',  ( 2.952734973696399035, -3.007518749999999574, 1.641216443711834838 ) ) ;
#2112 = CIRCLE ( 'NONE', #6197, 3.962399999999999700 ) ;
#2113 = ORIENTED_EDGE ( 'NONE', *, *, #4060, .F. ) ;
#2114 = CARTESIAN_POINT ( 'NONE',  ( 0.000000000000000000, -2.857500000000000373, 0.000000000000000000 ) ) ;
#2115 = ORIENTED_EDGE ( 'NONE', *, *, #1541, .F. ) ;
#2116 =( BOUNDED_CURVE ( )  B_SPLINE_CURVE ( 2, ( #6410, #6976, #5273, #268, #7004 ),
 .UNSPECIFIED., .F., .T. ) 
 B_SPLINE_CURVE_WITH_KNOTS ( ( 3, 2, 3 ),
 ( 0.01659028043918809453, 0.05000000000000000278, 0.08854378023972303557 ),
 .UNSPECIFIED. ) 
 CURVE ( )  GEOMETRIC_REPRESENTATION_ITEM ( )  RATIONAL_B_SPLINE_CURVE ( ( 0.9945407480612344919, 0.9917734182391063635, 1.000000000000000000, 0.9905092421102533740, 0.9956508716769392198 ) ) 
 REPRESENTATION_ITEM ( '' )  );
#2117 = CIRCLE ( 'NONE', #3278, 3.378200000000000092 ) ;
#2118 = CARTESIAN_POINT ( 'NONE',  ( -0.2547163501299569699, -1.064418750000000191, 3.101056566877887555 ) ) ;
#2119 = CARTESIAN_POINT ( 'NONE',  ( 3.361717945140812791, 0.5572124999999997774, -0.3332982107936210414 ) ) ;
#2120 = CARTESIAN_POINT ( 'NONE',  ( -0.9614767173892873053, 0.8786812500000001913, -3.423550572420148708 ) ) ;
#2121 = CARTESIAN_POINT ( 'NONE',  ( 2.617431313700816720, -1.000217606553379657, -2.041716397675843897 ) ) ;
#2122 = AXIS2_PLACEMENT_3D ( 'NONE', #2921, #1791, #1202 ) ;
#2123 = ORIENTED_EDGE ( 'NONE', *, *, #3795, .T. ) ;
#2124 = CARTESIAN_POINT ( 'NONE',  ( 0.5234627133953004829, 0.5572124999999999995, 3.067151616351045273 ) ) ;
#2125 = EDGE_CURVE ( 'NONE', #4654, #4081, #7156, .T. ) ;
#2126 = EDGE_CURVE ( 'NONE', #3923, #1817, #5593, .T. ) ;
#2127 = CARTESIAN_POINT ( 'NONE',  ( -3.285022622275590720, 0.5572124999999998884, 0.7879477210688655697 ) ) ;
#2128 = CARTESIAN_POINT ( 'NONE',  ( 0.3622684167810417133, 2.223636876399968543, 3.248673294297657499 ) ) ;
#2129 = CIRCLE ( 'NONE', #1192, 3.378200000000000092 ) ;
#2130 = CARTESIAN_POINT ( 'NONE',  ( -2.588842476472333232, 1.200149999999999828, 1.956258202414140390 ) ) ;
#2131 = CARTESIAN_POINT ( 'NONE',  ( 0.1963467729940667761, 2.821781249999997687, 3.550575156891461859 ) ) ;
#2132 = ORIENTED_EDGE ( 'NONE', *, *, #4730, .T. ) ;
#2133 = VERTEX_POINT ( 'NONE', #1671 ) ;
#2134 = FACE_OUTER_BOUND ( 'NONE', #6897, .T. ) ;
#2135 = ORIENTED_EDGE ( 'NONE', *, *, #5475, .T. ) ;
#2136 = EDGE_CURVE ( 'NONE', #6608, #6218, #181, .T. ) ;
#2137 = CARTESIAN_POINT ( 'NONE',  ( 0.000000000000000000, -2.857500000000000373, -3.962399999999999700 ) ) ;
#2138 = CARTESIAN_POINT ( 'NONE',  ( -0.8706339955839413891, -2.521743750000000173, 3.027588732324422605 ) ) ;
#2139 = CARTESIAN_POINT ( 'NONE',  ( -2.414236403218889659, -1.090493833097039511, 2.144960472914112071 ) ) ;
#2140 = CARTESIAN_POINT ( 'NONE',  ( 0.8634149444223373493, 4.764881249999997515, 3.449587023651993878 ) ) ;
#2141 = ORIENTED_EDGE ( 'NONE', *, *, #7164, .T. ) ;
#2142 = CARTESIAN_POINT ( 'NONE',  ( 2.694692970731273896, 1.850231249999996885, -2.320294333374862461 ) ) ;
#2143 = DIRECTION ( 'NONE',  ( 0.000000000000000000, 0.000000000000000000, -1.000000000000000000 ) ) ;
#2144 = ORIENTED_EDGE ( 'NONE', *, *, #6830, .T. ) ;
#2145 = CARTESIAN_POINT ( 'NONE',  ( 0.000000000000000000, 1.200150000000000050, 0.000000000000000000 ) ) ;
#2146 =( BOUNDED_SURFACE ( )  B_SPLINE_SURFACE ( 1, 2, ( 
 ( #5631, #3479, #3999, #1761, #158, #5740, #6862, #2418, #627 ),
 ( #702, #6743, #1723, #2309, #79, #2382, #4109, #6227, #2275 ) ),
 .UNSPECIFIED., .F., .F., .F. ) 
 B_SPLINE_SURFACE_WITH_KNOTS ( ( 2, 2 ),
 ( 3, 2, 2, 2, 3 ),
 ( 0.000000000000000000, 1.000000000000000000 ),
 ( 0.000000000000000000, 0.05000000000000000278, 0.1000000000000000056, 0.1499999999999999944, 0.2000000000000000111 ),
 .UNSPECIFIED. ) 
 GEOMETRIC_REPRESENTATION_ITEM ( )  RATIONAL_B_SPLINE_SURFACE ( (
 ( 1.000000000000000000, 0.9876883405951377704, 1.000000000000000000, 0.9876883405951377704, 1.000000000000000000, 0.9876883405951377704, 1.000000000000000000, 0.9876883405951377704, 1.000000000000000000),
 ( 1.000000000000000000, 0.9876883405951377704, 1.000000000000000000, 0.9876883405951377704, 1.000000000000000000, 0.9876883405951377704, 1.000000000000000000, 0.9876883405951377704, 1.000000000000000000) ) ) 
 REPRESENTATION_ITEM ( '' )  SURFACE ( )  );
#2147 = CARTESIAN_POINT ( 'NONE',  ( 3.007103179627478529, 0.3929062500000001235, 1.629677522846228355 ) ) ;
#2148 = ADVANCED_FACE ( 'NONE', ( #3603, #4707 ), #5721, .T. ) ;
#2149 = CARTESIAN_POINT ( 'NONE',  ( 4.085078299733584928E-17, 2.570952788568593661, -3.556000000000002270 ) ) ;
#2150 = ORIENTED_EDGE ( 'NONE', *, *, #3290, .F. ) ;
#2151 = CARTESIAN_POINT ( 'NONE',  ( -0.5619329613636252496, 0.5572124999999997774, -3.331135930419698354 ) ) ;
#2152 = CARTESIAN_POINT ( 'NONE',  ( 3.311071345996126070, 1.200149999999999828, -1.296897274930984389 ) ) ;
#2153 = ORIENTED_EDGE ( 'NONE', *, *, #842, .F. ) ;
#2154 = CARTESIAN_POINT ( 'NONE',  ( -2.028825172535843713, -3.007518750000000463, 2.359088948998087076 ) ) ;
#2155 = CARTESIAN_POINT ( 'NONE',  ( -3.143797575456075855, -0.5786437500000006784, -1.347239832380416447 ) ) ;
#2156 = CARTESIAN_POINT ( 'NONE',  ( 2.653404295433157589, -1.064418749999999969, -2.090856495548384153 ) ) ;
#2157 =( BOUNDED_CURVE ( )  B_SPLINE_CURVE ( 2, ( #3286, #6097, #6545, #5988, #2777 ),
 .UNSPECIFIED., .F., .T. ) 
 B_SPLINE_CURVE_WITH_KNOTS ( ( 3, 2, 3 ),
 ( 0.01659028043918808412, 0.05000000000000000278, 0.09358265573071412879 ),
 .UNSPECIFIED. ) 
 CURVE ( )  GEOMETRIC_REPRESENTATION_ITEM ( )  RATIONAL_B_SPLINE_CURVE ( ( 0.9945407480612344919, 0.9917734182391063635, 1.000000000000000000, 0.9892685037336815812, 0.9972452917573791931 ) ) 
 REPRESENTATION_ITEM ( '' )  );
#2158 = CARTESIAN_POINT ( 'NONE',  ( 3.341105311122364085, -1.064418749999999747, 0.4992499774561141024 ) ) ;
#2159 = ORIENTED_EDGE ( 'NONE', *, *, #1402, .F. ) ;
#2160 = CARTESIAN_POINT ( 'NONE',  ( 3.396846136142766870, 0.2303863975390296748, 0.02101233227955615762 ) ) ;
#2161 = CARTESIAN_POINT ( 'NONE',  ( 0.000000000000000000, 1.200150000000000050, 0.000000000000000000 ) ) ;
#2162 = DIRECTION ( 'NONE',  ( -0.000000000000000000, -1.000000000000000000, -0.000000000000000000 ) ) ;
#2163 = CARTESIAN_POINT ( 'NONE',  ( -0.9226905757984162904, 2.600324999999999331, -3.434207055687352739 ) ) ;
#2164 = CARTESIAN_POINT ( 'NONE',  ( -3.201768801730839442, 4.764881250000000179, 1.547195055661394258 ) ) ;
#2165 = ADVANCED_FACE ( 'NONE', ( #5176 ), #2401, .T. ) ;
#2166 = ORIENTED_EDGE ( 'NONE', *, *, #4498, .T. ) ;
#2167 = ORIENTED_EDGE ( 'NONE', *, *, #1010, .T. ) ;
#2168 = CARTESIAN_POINT ( 'NONE',  ( -2.756140273678251429, 0.8786812499999995252, 1.953439538815769705 ) ) ;
#2169 = ORIENTED_EDGE ( 'NONE', *, *, #5254, .F. ) ;
#2170 = CARTESIAN_POINT ( 'NONE',  ( 2.453305505878440762, 1.526976102460968931, -2.601325318794530883 ) ) ;
#2171 = CARTESIAN_POINT ( 'NONE',  ( -3.242126104503538553, 4.764881250000000179, 0.1329279692040228611 ) ) ;
#2172 = CARTESIAN_POINT ( 'NONE',  ( 1.904907513715248246, -1.064418749999999969, 2.789903690845113360 ) ) ;
#2173 = CARTESIAN_POINT ( 'NONE',  ( -3.039198012344941358, -0.5786437500000004563, -0.8291999325390934095 ) ) ;
#2174 = CARTESIAN_POINT ( 'NONE',  ( -0.7685757019148906632, -0.9407207499999037381, -3.289608887151534766 ) ) ;
#2175 = ORIENTED_EDGE ( 'NONE', *, *, #6392, .F. ) ;
#2176 = CARTESIAN_POINT ( 'NONE',  ( 0.5190917408945364686, -1.090493833097038623, -3.187465545778700005 ) ) ;
#2177 = DIRECTION ( 'NONE',  ( -0.000000000000000000, -1.000000000000000000, -0.000000000000000000 ) ) ;
#2178 = ORIENTED_EDGE ( 'NONE', *, *, #5086, .F. ) ;
#2179 =( BOUNDED_CURVE ( )  B_SPLINE_CURVE ( 2, ( #4949, #1511, #4331, #1036, #3669 ),
 .UNSPECIFIED., .F., .F. ) 
 B_SPLINE_CURVE_WITH_KNOTS ( ( 3, 2, 3 ),
 ( 0.01659028043918815698, 0.05000000000000000278, 0.08854378023972321599 ),
 .UNSPECIFIED. ) 
 CURVE ( )  GEOMETRIC_REPRESENTATION_ITEM ( )  RATIONAL_B_SPLINE_CURVE ( ( 0.9945407480612347140, 0.9917734182391064746, 1.000000000000000000, 0.9905092421102533740, 0.9956508716769392198 ) ) 
 REPRESENTATION_ITEM ( '' )  );
#2180 = CARTESIAN_POINT ( 'NONE',  ( -1.775028854605957163, 1.200150000000000050, -2.716307068027520533 ) ) ;
#2181 = EDGE_CURVE ( 'NONE', #2067, #7047, #2663, .T. ) ;
#2182 = CARTESIAN_POINT ( 'NONE',  ( -2.663736076578383738, -0.5786437500000005674, -2.145466959831987541 ) ) ;
#2183 = CARTESIAN_POINT ( 'NONE',  ( 0.03374416451731977046, 2.600324999999999331, -3.555839891131355124 ) ) ;
#2184 = VERTEX_POINT ( 'NONE', #6358 ) ;
#2185 = CARTESIAN_POINT ( 'NONE',  ( 5.436829296080015131E-17, 0.03910948689280710489, -3.378200000000000536 ) ) ;
#2186 = CARTESIAN_POINT ( 'NONE',  ( -2.234571648527155840, -0.9407207500001902867, 2.533559706736562056 ) ) ;
#2187 = ORIENTED_EDGE ( 'NONE', *, *, #1758, .F. ) ;
#2188 = ADVANCED_FACE ( 'NONE', ( #4601 ), #4200, .T. ) ;
#2189 =( BOUNDED_SURFACE ( )  B_SPLINE_SURFACE ( 1, 2, ( 
 ( #2790, #587, #1102, #4474, #2205, #6042, #6597, #5012, #4979 ),
 ( #2168, #5592, #3815, #6002, #3853, #4436, #1033, #4401, #6632 ) ),
 .UNSPECIFIED., .F., .F., .T. ) 
 B_SPLINE_SURFACE_WITH_KNOTS ( ( 2, 2 ),
 ( 3, 2, 2, 2, 3 ),
 ( 0.000000000000000000, 1.000000000000000000 ),
 ( 0.000000000000000000, 0.05000000000000000278, 0.1000000000000000056, 0.1499999999999999944, 0.2000000000000000111 ),
 .UNSPECIFIED. ) 
 GEOMETRIC_REPRESENTATION_ITEM ( )  RATIONAL_B_SPLINE_SURFACE ( (
 ( 1.000000000000000000, 0.9876883405951377704, 1.000000000000000000, 0.9876883405951377704, 1.000000000000000000, 0.9876883405951377704, 1.000000000000000000, 0.9876883405951377704, 1.000000000000000000),
 ( 1.000000000000000000, 0.9876883405951377704, 1.000000000000000000, 0.9876883405951377704, 1.000000000000000000, 0.9876883405951377704, 1.000000000000000000, 0.9876883405951377704, 1.000000000000000000) ) ) 
 REPRESENTATION_ITEM ( '' )  SURFACE ( )  );
#2190 = CARTESIAN_POINT ( 'NONE',  ( 0.8545533504413383996, 3.307556249999997533, -3.497439890275831242 ) ) ;
#2191 = CARTESIAN_POINT ( 'NONE',  ( 1.308147509299083522, 1.200149999999999606, -3.306642722447439287 ) ) ;
#2192 = CARTESIAN_POINT ( 'NONE',  ( 2.204568759285982171, 3.793331249999996491, -2.790163541009791803 ) ) ;
#2193 = DIRECTION ( 'NONE',  ( -0.000000000000000000, -1.000000000000000000, -0.000000000000000000 ) ) ;
#2194 = CARTESIAN_POINT ( 'NONE',  ( -0.7876111672624793725, 0.3929062499999999014, -3.050240275055017936 ) ) ;
#2195 = CARTESIAN_POINT ( 'NONE',  ( -2.244288937232437942, -0.9407207499999040712, 2.524955921638321055 ) ) ;
#2196 = CARTESIAN_POINT ( 'NONE',  ( -3.549853190847274131, 2.600324999999998887, 0.2089935966278322066 ) ) ;
#2197 = DIRECTION ( 'NONE',  ( -0.000000000000000000, -1.000000000000000000, -0.000000000000000000 ) ) ;
#2198 = CARTESIAN_POINT ( 'NONE',  ( 2.065174630867026462, -1.179124203889764244, 2.366483879002288848 ) ) ;
#2199 =( BOUNDED_CURVE ( )  B_SPLINE_CURVE ( 1, ( #5197, #1915 ),
 .UNSPECIFIED., .F., .T. ) 
 B_SPLINE_CURVE_WITH_KNOTS ( ( 2, 2 ),
 ( 0.000000000000000000, 0.0005566452967378106818 ),
 .UNSPECIFIED. ) 
 CURVE ( )  GEOMETRIC_REPRESENTATION_ITEM ( )  RATIONAL_B_SPLINE_CURVE ( ( 0.9956508716769392198, 0.9956508716769392198 ) ) 
 REPRESENTATION_ITEM ( '' )  );
#2200 = CARTESIAN_POINT ( 'NONE',  ( 2.214494057658361381, 2.600324999999999331, 2.782292592197273429 ) ) ;
#2201 = CARTESIAN_POINT ( 'NONE',  ( -1.087066668363717126, 3.307556249999998865, -3.432292713824933728 ) ) ;
#2202 = AXIS2_PLACEMENT_3D ( 'NONE', #3377, #5676, #672 ) ;
#2203 = ORIENTED_EDGE ( 'NONE', *, *, #1717, .T. ) ;
#2204 = ORIENTED_EDGE ( 'NONE', *, *, #1098, .T. ) ;
#2205 = CARTESIAN_POINT ( 'NONE',  ( -3.088018712689668099, -1.064418750000000413, 0.3815398800629350995 ) ) ;
#2206 = ORIENTED_EDGE ( 'NONE', *, *, #108, .T. ) ;
#2207 = CARTESIAN_POINT ( 'NONE',  ( 2.324384696292803199, 0.2303863975390295915, -2.477143712903168371 ) ) ;
#2208 = DIRECTION ( 'NONE',  ( -0.000000000000000000, -1.000000000000000000, -0.000000000000000000 ) ) ;
#2209 = CARTESIAN_POINT ( 'NONE',  ( 1.238612496337700986, 0.5572124999999998884, -3.142940394585313157 ) ) ;
#2210 = ORIENTED_EDGE ( 'NONE', *, *, #6156, .F. ) ;
#2211 = CARTESIAN_POINT ( 'NONE',  ( -2.950619321332848877, 0.5572124999999997774, 1.645016978811246089 ) ) ;
#2212 = CARTESIAN_POINT ( 'NONE',  ( -2.939791355552545671, 1.850231250000001104, 1.373564089629067730 ) ) ;
#2213 = EDGE_LOOP ( 'NONE', ( #2565, #610, #7210, #6204 ) ) ;
#2214 = EDGE_CURVE ( 'NONE', #4777, #7206, #6679, .T. ) ;
#2215 = CARTESIAN_POINT ( 'NONE',  ( 3.301424013186233353, -0.5786437499999996792, 0.8939339162115034210 ) ) ;
#2216 = EDGE_CURVE ( 'NONE', #4412, #2946, #2086, .T. ) ;
#2217 = CARTESIAN_POINT ( 'NONE',  ( -1.870377801862320943, -1.550193750000000259, -2.863600048836532519 ) ) ;
#2218 = ORIENTED_EDGE ( 'NONE', *, *, #878, .F. ) ;
#2219 = CARTESIAN_POINT ( 'NONE',  ( 0.000000000000000000, 1.200150000000000050, 0.000000000000000000 ) ) ;
#2220 =( BOUNDED_CURVE ( )  B_SPLINE_CURVE ( 1, ( #341, #3118 ),
 .UNSPECIFIED., .F., .T. ) 
 B_SPLINE_CURVE_WITH_KNOTS ( ( 2, 2 ),
 ( 0.000000000000000000, 0.0005566452967378097061 ),
 .UNSPECIFIED. ) 
 CURVE ( )  GEOMETRIC_REPRESENTATION_ITEM ( )  RATIONAL_B_SPLINE_CURVE ( ( 0.9945407480612344919, 0.9945407480612344919 ) ) 
 REPRESENTATION_ITEM ( '' )  );
#2221 = FACE_OUTER_BOUND ( 'NONE', #2574, .T. ) ;
#2222 = ORIENTED_EDGE ( 'NONE', *, *, #1787, .F. ) ;
#2223 = CARTESIAN_POINT ( 'NONE',  ( -0.8213659315736828725, 1.364456249999999704, -3.180964858271670526 ) ) ;
#2224 = CARTESIAN_POINT ( 'NONE',  ( 3.109500978727546716, 0.5572124999999997774, 0.1115164261103648025 ) ) ;
#2225 = CIRCLE ( 'NONE', #6319, 3.378200000000000092 ) ;
#2226 = DIRECTION ( 'NONE',  ( -0.000000000000000000, -1.000000000000000000, -0.000000000000000000 ) ) ;
#2227 = ADVANCED_FACE ( 'NONE', ( #1308 ), #5364, .T. ) ;
#2228 = CARTESIAN_POINT ( 'NONE',  ( 3.037489286802370625, -2.035968749999999883, -0.6746043896691127362 ) ) ;
#2229 = CARTESIAN_POINT ( 'NONE',  ( 1.670598541261443692, -1.550193749999999815, -2.984563431279534829 ) ) ;
#2230 =( BOUNDED_SURFACE ( )  B_SPLINE_SURFACE ( 1, 2, ( 
 ( #3028, #4029, #5258, #2479, #6960, #1242, #1937, #3648, #1493 ),
 ( #2078, #4204, #2586, #5912, #2515, #1973, #5326, #4818, #5876 ) ),
 .UNSPECIFIED., .F., .F., .T. ) 
 B_SPLINE_SURFACE_WITH_KNOTS ( ( 2, 2 ),
 ( 3, 2, 2, 2, 3 ),
 ( 0.000000000000000000, 1.000000000000000000 ),
 ( 0.000000000000000000, 0.05000000000000000278, 0.1000000000000000056, 0.1499999999999999944, 0.2000000000000000111 ),
 .UNSPECIFIED. ) 
 GEOMETRIC_REPRESENTATION_ITEM ( )  RATIONAL_B_SPLINE_SURFACE ( (
 ( 1.000000000000000000, 0.9876883405951377704, 1.000000000000000000, 0.9876883405951377704, 1.000000000000000000, 0.9876883405951377704, 1.000000000000000000, 0.9876883405951377704, 1.000000000000000000),
 ( 1.000000000000000000, 0.9876883405951377704, 1.000000000000000000, 0.9876883405951377704, 1.000000000000000000, 0.9876883405951377704, 1.000000000000000000, 0.9876883405951377704, 1.000000000000000000) ) ) 
 REPRESENTATION_ITEM ( '' )  SURFACE ( )  );
#2231 = AXIS2_PLACEMENT_3D ( 'NONE', #5874, #6467, #3718 ) ;
#2232 = CARTESIAN_POINT ( 'NONE',  ( 3.091138567563787021, 1.200149999999999606, 0.9868707507164856674 ) ) ;
#2233 = DIRECTION ( 'NONE',  ( -0.000000000000000000, -1.000000000000000000, -0.000000000000000000 ) ) ;
#2234 = AXIS2_PLACEMENT_3D ( 'NONE', #2431, #2876, #6801 ) ;
#2235 = LOCAL_TIME ( 23, 8, 25.00000000000000000, #257 ) ;
#2236 = DIRECTION ( 'NONE',  ( -0.000000000000000000, -1.000000000000000000, -0.000000000000000000 ) ) ;
#2237 = ORIENTED_EDGE ( 'NONE', *, *, #5558, .F. ) ;
#2238 = CARTESIAN_POINT ( 'NONE',  ( -3.386891662655337587, 1.200149999999999828, -1.083559350213809891 ) ) ;
#2239 = ORIENTED_EDGE ( 'NONE', *, *, #6752, .T. ) ;
#2240 = CARTESIAN_POINT ( 'NONE',  ( 2.558745063158733846, -0.9407207500002894296, -2.205687861362403801 ) ) ;
#2241 =( BOUNDED_SURFACE ( )  B_SPLINE_SURFACE ( 1, 2, ( 
 ( #2585, #4166, #7096, #3069, #5911, #7025, #1381, #6432, #5325 ),
 ( #320, #4817, #1936, #4275, #2009, #4241, #898, #2075, #976 ) ),
 .UNSPECIFIED., .F., .F., .T. ) 
 B_SPLINE_SURFACE_WITH_KNOTS ( ( 2, 2 ),
 ( 3, 2, 2, 2, 3 ),
 ( 0.000000000000000000, 1.000000000000000000 ),
 ( 0.000000000000000000, 0.05000000000000000278, 0.1000000000000000056, 0.1499999999999999944, 0.2000000000000000111 ),
 .UNSPECIFIED. ) 
 GEOMETRIC_REPRESENTATION_ITEM ( )  RATIONAL_B_SPLINE_SURFACE ( (
 ( 1.000000000000000000, 0.9876883405951377704, 1.000000000000000000, 0.9876883405951377704, 1.000000000000000000, 0.9876883405951377704, 1.000000000000000000, 0.9876883405951377704, 1.000000000000000000),
 ( 1.000000000000000000, 0.9876883405951377704, 1.000000000000000000, 0.9876883405951377704, 1.000000000000000000, 0.9876883405951377704, 1.000000000000000000, 0.9876883405951377704, 1.000000000000000000) ) ) 
 REPRESENTATION_ITEM ( '' )  SURFACE ( )  );
#2242 = CARTESIAN_POINT ( 'NONE',  ( -3.016284578912807657, 0.2303863975390292862, 0.8312661121200753955 ) ) ;
#2243 = DIRECTION ( 'NONE',  ( 0.000000000000000000, 0.000000000000000000, -1.000000000000000000 ) ) ;
#2244 = CARTESIAN_POINT ( 'NONE',  ( 1.762084616945186921, 4.764881249999996626, 3.088720415111275930 ) ) ;
#2245 = CARTESIAN_POINT ( 'NONE',  ( -3.138045372662942700, 1.526976102460971152, -0.8936901519511535330 ) ) ;
#2246 = CARTESIAN_POINT ( 'NONE',  ( 2.473334880200348973, 0.8786812500000000803, -2.301054065071987509 ) ) ;
#2247 = EDGE_LOOP ( 'NONE', ( #6265, #541, #4435, #64 ) ) ;
#2248 = CARTESIAN_POINT ( 'NONE',  ( 3.167667399093916369, 3.793331249999996047, -0.7035160063691738852 ) ) ;
#2249 = CARTESIAN_POINT ( 'NONE',  ( -2.595819495958695544, -1.155006032159971108, 1.808986505972396630 ) ) ;
#2250 = ORIENTED_EDGE ( 'NONE', *, *, #3707, .T. ) ;
#2251 = CARTESIAN_POINT ( 'NONE',  ( 3.267150412576873997, -1.036468050703292842, 0.3165815925319548918 ) ) ;
#2252 = CARTESIAN_POINT ( 'NONE',  ( 2.423165630833119977, -1.550193750000000037, -2.413873792671239915 ) ) ;
#2253 = CARTESIAN_POINT ( 'NONE',  ( -0.3815398800628924114, -2.035968750000000327, 3.088018712689676093 ) ) ;
#2254 = ORIENTED_EDGE ( 'NONE', *, *, #1852, .F. ) ;
#2255 = DIRECTION ( 'NONE',  ( -0.000000000000000000, -1.000000000000000000, -0.000000000000000000 ) ) ;
#2256 = CARTESIAN_POINT ( 'NONE',  ( -3.225496634818413977, 1.850231250000001548, -0.3538685932307097937 ) ) ;
#2257 = ORIENTED_EDGE ( 'NONE', *, *, #5935, .F. ) ;
#2258 = CARTESIAN_POINT ( 'NONE',  ( 2.978123067616361919, -1.550193749999999815, -1.682052720793026035 ) ) ;
#2259 = CARTESIAN_POINT ( 'NONE',  ( -3.088021554570584026, 4.279106249999999889, -1.121294921783154486 ) ) ;
#2260 = CARTESIAN_POINT ( 'NONE',  ( 1.219584288370882508, -1.005087262691942041, 3.081288323688124553 ) ) ;
#2261 = DIRECTION ( 'NONE',  ( 0.000000000000000000, 0.000000000000000000, -1.000000000000000000 ) ) ;
#2262 = B_SPLINE_CURVE_WITH_KNOTS ( 'NONE', 3,
 ( #3494, #5717, #5170, #6799, #3972, #6125, #2251, #23, #603, #4014 ),
 .UNSPECIFIED., .F., .F.,
 ( 4, 3, 3, 4 ),
 ( 8.096641404547545182E-16, 0.0001296210011224979393, 0.0002688043935199187825, 0.0004095291194012580342 ),
 .UNSPECIFIED. ) ;
#2263 =( BOUNDED_CURVE ( )  B_SPLINE_CURVE ( 1, ( #5121, #5054 ),
 .UNSPECIFIED., .F., .T. ) 
 B_SPLINE_CURVE_WITH_KNOTS ( ( 2, 2 ),
 ( 2.168404344971008868E-19, 0.0005113447558650963728 ),
 .UNSPECIFIED. ) 
 CURVE ( )  GEOMETRIC_REPRESENTATION_ITEM ( )  RATIONAL_B_SPLINE_CURVE ( ( 0.9945407480612347140, 0.9945407480612347140 ) ) 
 REPRESENTATION_ITEM ( '' )  );
#2264 = CARTESIAN_POINT ( 'NONE',  ( -0.3023561591343501553, 1.463814098810295894, -3.556000000000000938 ) ) ;
#2265 = CARTESIAN_POINT ( 'NONE',  ( 3.396901794579070266, 0.2303863975390296748, 0.007961703422086678639 ) ) ;
#2266 = ADVANCED_FACE ( 'NONE', ( #5391 ), #4116, .F. ) ;
#2267 = CARTESIAN_POINT ( 'NONE',  ( 0.8161896553308120028, -1.550193749999999815, -3.321498578642915867 ) ) ;
#2268 = CARTESIAN_POINT ( 'NONE',  ( 3.332281444802239534, -0.9407207500002878753, -0.5550996420710003765 ) ) ;
#2269 = CARTESIAN_POINT ( 'NONE',  ( 0.000000000000000000, 3.873499999999999055, 0.000000000000000000 ) ) ;
#2270 = EDGE_CURVE ( 'NONE', #3506, #1705, #4851, .T. ) ;
#2271 = CARTESIAN_POINT ( 'NONE',  ( -3.229490588810609353, -0.9407207499999041822, 0.9912748240442841308 ) ) ;
#2272 =( BOUNDED_CURVE ( )  B_SPLINE_CURVE ( 2, ( #385, #5425, #3197, #6987, #4741 ),
 .UNSPECIFIED., .F., .F. ) 
 B_SPLINE_CURVE_WITH_KNOTS ( ( 3, 2, 3 ),
 ( 0.01659028043918805637, 0.05000000000000000278, 0.08854378023972306333 ),
 .UNSPECIFIED. ) 
 CURVE ( )  GEOMETRIC_REPRESENTATION_ITEM ( )  RATIONAL_B_SPLINE_CURVE ( ( 0.9945407480612344919, 0.9917734182391063635, 1.000000000000000000, 0.9905092421102533740, 0.9956508716769392198 ) ) 
 REPRESENTATION_ITEM ( '' )  );
#2273 = CARTESIAN_POINT ( 'NONE',  ( -3.060713460321038415, -1.550193750000000481, 0.7458754588896832072 ) ) ;
#2274 = ORIENTED_EDGE ( 'NONE', *, *, #80, .T. ) ;
#2275 = CARTESIAN_POINT ( 'NONE',  ( -0.3899479078217168992, 4.764881249999997515, -3.534554657829680480 ) ) ;
#2276 = ORIENTED_EDGE ( 'NONE', *, *, #3152, .T. ) ;
#2277 = EDGE_CURVE ( 'NONE', #6613, #1335, #6167, .T. ) ;
#2278 = DIRECTION ( 'NONE',  ( 0.000000000000000000, 0.000000000000000000, -1.000000000000000000 ) ) ;
#2279 = CARTESIAN_POINT ( 'NONE',  ( -1.213828693984865703, 1.526976102460970708, 3.363364568558384615 ) ) ;
#2280 = CARTESIAN_POINT ( 'NONE',  ( 3.110408843009436541, 4.764881249999995738, 1.723511772320902580 ) ) ;
#2281 = CARTESIAN_POINT ( 'NONE',  ( -2.631916346094004044, 2.600324999999998887, -1.897911449373543835 ) ) ;
#2282 = CARTESIAN_POINT ( 'NONE',  ( 3.315381610181129979, -2.035968749999999883, 0.6484443066854481685 ) ) ;
#2283 = ORIENTED_EDGE ( 'NONE', *, *, #1386, .T. ) ;
#2284 = CARTESIAN_POINT ( 'NONE',  ( 0.000000000000000000, 1.200150000000000050, 0.000000000000000000 ) ) ;
#2285 = CARTESIAN_POINT ( 'NONE',  ( 0.4742748286644341560, 2.600324999999999331, -3.210002322334881253 ) ) ;
#2286 = VERTEX_POINT ( 'NONE', #6575 ) ;
#2287 = CARTESIAN_POINT ( 'NONE',  ( 0.000000000000000000, -2.857500000000000373, -3.022600000000000176 ) ) ;
#2288 = CARTESIAN_POINT ( 'NONE',  ( -0.08578767572272363862, -3.007518750000000463, 3.377110557073026875 ) ) ;
#2289 = CARTESIAN_POINT ( 'NONE',  ( 3.332281444802239534, -0.9407207500002878753, -0.5550996420710003765 ) ) ;
#2290 = ORIENTED_EDGE ( 'NONE', *, *, #4226, .T. ) ;
#2291 = CARTESIAN_POINT ( 'NONE',  ( 3.024279019137205093, 0.5572124999999997774, -0.7315522294453868923 ) ) ;
#2292 = CARTESIAN_POINT ( 'NONE',  ( -3.118848667412458031, 0.2303863975390292307, 1.346026812703005504 ) ) ;
#2293 = VERTEX_POINT ( 'NONE', #2610 ) ;
#2294 = CARTESIAN_POINT ( 'NONE',  ( 3.375092090923686783, -3.007518750000000018, -0.1448744897639765161 ) ) ;
#2295 = FACE_OUTER_BOUND ( 'NONE', #1742, .T. ) ;
#2296 = CARTESIAN_POINT ( 'NONE',  ( 1.236303924089172446, -1.127509193519553810, 2.942220306185898249 ) ) ;
#2297 = ADVANCED_FACE ( 'NONE', ( #2577 ), #314, .T. ) ;
#2298 = CARTESIAN_POINT ( 'NONE',  ( -1.616685460535219221, 0.8786812499999996362, 2.658525977246422034 ) ) ;
#2299 = CARTESIAN_POINT ( 'NONE',  ( 2.643024439884041676, -1.005087262691941152, 1.999036112808755039 ) ) ;
#2300 = CARTESIAN_POINT ( 'NONE',  ( -0.5747268333598668510, 0.5572124999999997774, -3.328952433877083283 ) ) ;
#2301 = DIRECTION ( 'NONE',  ( -0.000000000000000000, -1.000000000000000000, -0.000000000000000000 ) ) ;
#2302 = EDGE_CURVE ( 'NONE', #1462, #3554, #2697, .T. ) ;
#2303 = CARTESIAN_POINT ( 'NONE',  ( 3.022600000000000176, 0.5572124999999997774, 0.000000000000000000 ) ) ;
#2304 =( BOUNDED_SURFACE ( )  B_SPLINE_SURFACE ( 1, 2, ( 
 ( #5247, #242, #2469, #3598, #7014, #1370, #1995, #6948, #3635 ),
 ( #5865, #3090, #4772, #2572, #6459, #4807, #310, #3674, #2032 ) ),
 .UNSPECIFIED., .F., .F., .F. ) 
 B_SPLINE_SURFACE_WITH_KNOTS ( ( 2, 2 ),
 ( 3, 2, 2, 2, 3 ),
 ( 0.000000000000000000, 1.000000000000000000 ),
 ( 0.000000000000000000, 0.05000000000000000278, 0.1000000000000000056, 0.1499999999999999944, 0.2000000000000000111 ),
 .UNSPECIFIED. ) 
 GEOMETRIC_REPRESENTATION_ITEM ( )  RATIONAL_B_SPLINE_SURFACE ( (
 ( 1.000000000000000000, 0.9876883405951377704, 1.000000000000000000, 0.9876883405951377704, 1.000000000000000000, 0.9876883405951377704, 1.000000000000000000, 0.9876883405951377704, 1.000000000000000000),
 ( 1.000000000000000000, 0.9876883405951377704, 1.000000000000000000, 0.9876883405951377704, 1.000000000000000000, 0.9876883405951377704, 1.000000000000000000, 0.9876883405951377704, 1.000000000000000000) ) ) 
 REPRESENTATION_ITEM ( '' )  SURFACE ( )  );
#2305 = CARTESIAN_POINT ( 'NONE',  ( 2.624684007109074901, 2.600324999999999775, -2.399201922061976244 ) ) ;
#2306 = EDGE_CURVE ( 'NONE', #4564, #2399, #6836, .T. ) ;
#2307 = CARTESIAN_POINT ( 'NONE',  ( -2.561220975932550825, -2.521743750000000173, -1.834242132000945436 ) ) ;
#2308 = VERTEX_POINT ( 'NONE', #4742 ) ;
#2309 = CARTESIAN_POINT ( 'NONE',  ( -2.809633629251902853, 2.336006250000000062, -2.251289871211591631 ) ) ;
#2310 = ORIENTED_EDGE ( 'NONE', *, *, #999, .F. ) ;
#2311 = EDGE_CURVE ( 'NONE', #6207, #6934, #5237, .T. ) ;
#2312 = CARTESIAN_POINT ( 'NONE',  ( 0.000000000000000000, 2.857499999999999485, 0.000000000000000000 ) ) ;
#2313 = CARTESIAN_POINT ( 'NONE',  ( -1.523733228317380339, 1.200150000000000050, -3.213000630084205334 ) ) ;
#2314 = CARTESIAN_POINT ( 'NONE',  ( -0.8499036624084167491, 1.200150000000000272, 3.452940741545496905 ) ) ;
#2315 = FACE_OUTER_BOUND ( 'NONE', #503, .T. ) ;
#2316 = CARTESIAN_POINT ( 'NONE',  ( -2.921430161458121066, -1.179124203889762912, 1.153446148408014293 ) ) ;
#2317 = CARTESIAN_POINT ( 'NONE',  ( 1.657893427392258756, 2.600324999999999775, 2.789344171290013108 ) ) ;
#2318 = EDGE_CURVE ( 'NONE', #1953, #6517, #5917, .T. ) ;
#2319 = ORIENTED_EDGE ( 'NONE', *, *, #1679, .F. ) ;
#2320 = DIRECTION ( 'NONE',  ( 0.000000000000000000, 0.000000000000000000, -1.000000000000000000 ) ) ;
#2321 = AXIS2_PLACEMENT_3D ( 'NONE', #3667, #3086, #4223 ) ;
#2322 = LINE ( 'NONE', #716, #4192 ) ;
#2323 = VERTEX_POINT ( 'NONE', #7019 ) ;
#2324 = DIRECTION ( 'NONE',  ( -0.000000000000000000, -1.000000000000000000, -0.000000000000000000 ) ) ;
#2325 = CARTESIAN_POINT ( 'NONE',  ( 1.558639439054573472, -0.5786437500000002343, -3.044529760146802655 ) ) ;
#2326 = CARTESIAN_POINT ( 'NONE',  ( -0.3432385385865346916, -1.550193750000000037, 3.403043588763579930 ) ) ;
#2327 = ORIENTED_EDGE ( 'NONE', *, *, #536, .T. ) ;
#2328 = CARTESIAN_POINT ( 'NONE',  ( -2.680423288466486920, -0.5786437500000005674, 1.655182189673023219 ) ) ;
#2329 = CARTESIAN_POINT ( 'NONE',  ( 1.660501111016105869, 1.526976102460969154, -3.166755023630535071 ) ) ;
#2330 = ORIENTED_EDGE ( 'NONE', *, *, #4677, .F. ) ;
#2331 = CARTESIAN_POINT ( 'NONE',  ( 3.361717945140812791, 0.5572124999999997774, -0.3332982107936210414 ) ) ;
#2332 = CARTESIAN_POINT ( 'NONE',  ( -1.277998193713298480, -1.155006032159972218, 2.894379320554758994 ) ) ;
#2333 = CARTESIAN_POINT ( 'NONE',  ( 3.311071345996126070, 1.200149999999999828, -1.296897274930984389 ) ) ;
#2334 = CARTESIAN_POINT ( 'NONE',  ( 1.784409186783352919, 2.223636876399968543, 3.106195455688881779 ) ) ;
#2335 = CARTESIAN_POINT ( 'NONE',  ( -2.681065534497555358, 2.223636876399968543, 2.375805958942859952 ) ) ;
#2336 = CARTESIAN_POINT ( 'NONE',  ( -3.283382208471565811, 3.307556250000000642, -0.1121637026920786900 ) ) ;
#2337 = VERTEX_POINT ( 'NONE', #2001 ) ;
#2338 = CARTESIAN_POINT ( 'NONE',  ( -1.947898589350536058, -0.5786437500000003453, 2.811442591802667756 ) ) ;
#2339 = AXIS2_PLACEMENT_3D ( 'NONE', #1082, #7093, #2072 ) ;
#2340 = CARTESIAN_POINT ( 'NONE',  ( -3.228397611311702331, 1.200150000000000272, 0.3263439685008610591 ) ) ;
#2341 = CARTESIAN_POINT ( 'NONE',  ( 3.041149378981909734, -1.207420750006950039, -0.6579078238765265763 ) ) ;
#2342 = CARTESIAN_POINT ( 'NONE',  ( 0.000000000000000000, 2.600324999999999331, 0.000000000000000000 ) ) ;
#2343 = CARTESIAN_POINT ( 'NONE',  ( -3.342907509025951018, 2.223636876399969431, -1.287453199505509627 ) ) ;
#2344 = AXIS2_PLACEMENT_3D ( 'NONE', #3607, #4814, #894 ) ;
#2345 = VERTEX_POINT ( 'NONE', #3862 ) ;
#2346 = CARTESIAN_POINT ( 'NONE',  ( -2.881054350932950037, 0.8786812500000017456, 1.492842037681921585 ) ) ;
#2347 = EDGE_CURVE ( 'NONE', #1043, #7194, #6113, .T. ) ;
#2348 = ORIENTED_EDGE ( 'NONE', *, *, #5216, .F. ) ;
#2349 =( BOUNDED_CURVE ( )  B_SPLINE_CURVE ( 1, ( #2942, #4044 ),
 .UNSPECIFIED., .F., .F. ) 
 B_SPLINE_CURVE_WITH_KNOTS ( ( 2, 2 ),
 ( 7.818293051731876896E-19, 0.0005566452967378090555 ),
 .UNSPECIFIED. ) 
 CURVE ( )  GEOMETRIC_REPRESENTATION_ITEM ( )  RATIONAL_B_SPLINE_CURVE ( ( 0.9956508716769392198, 0.9956508716769392198 ) ) 
 REPRESENTATION_ITEM ( '' )  );
#2350 = CARTESIAN_POINT ( 'NONE',  ( 2.461372996923222090, -1.036468050703329702, -2.171667261149430761 ) ) ;
#2351 = CARTESIAN_POINT ( 'NONE',  ( 2.972069205123430091, -0.09286874999999968072, -0.9209977687035837413 ) ) ;
#2352 = CIRCLE ( 'NONE', #3283, 3.556000000000000050 ) ;
#2353 = DIRECTION ( 'NONE',  ( -0.000000000000000000, -1.000000000000000000, -0.000000000000000000 ) ) ;
#2354 = CARTESIAN_POINT ( 'NONE',  ( 3.072052118437593293, 3.793331249999996491, 1.044771412368813213 ) ) ;
#2355 = CARTESIAN_POINT ( 'NONE',  ( 0.000000000000000000, 0.5572124999999997774, 0.000000000000000000 ) ) ;
#2356 = CARTESIAN_POINT ( 'NONE',  ( 3.288906091301595502, -0.5786437499999997902, -0.9389436000075659372 ) ) ;
#2357 = EDGE_LOOP ( 'NONE', ( #4867, #4546, #170, #3977 ) ) ;
#2358 = DIRECTION ( 'NONE',  ( 0.000000000000000000, 0.000000000000000000, -1.000000000000000000 ) ) ;
#2359 = EDGE_CURVE ( 'NONE', #2293, #4743, #449, .T. ) ;
#2360 = ORIENTED_EDGE ( 'NONE', *, *, #3259, .T. ) ;
#2361 = DIRECTION ( 'NONE',  ( 0.000000000000000000, 0.000000000000000000, -1.000000000000000000 ) ) ;
#2362 = CARTESIAN_POINT ( 'NONE',  ( 0.9985186116171808068, -1.005087262691938488, -3.159855084080915866 ) ) ;
#2363 = CIRCLE ( 'NONE', #3066, 3.022600000000000176 ) ;
#2364 = VERTEX_POINT ( 'NONE', #3344 ) ;
#2365 = CARTESIAN_POINT ( 'NONE',  ( -2.885389417858142291, 1.364456250000001258, -1.570893799854552686 ) ) ;
#2366 = CARTESIAN_POINT ( 'NONE',  ( 0.000000000000000000, -2.857500000000000373, 0.000000000000000000 ) ) ;
#2367 = ORIENTED_EDGE ( 'NONE', *, *, #4939, .T. ) ;
#2368 = CARTESIAN_POINT ( 'NONE',  ( -0.03276214749315092128, 2.600324999999998887, 3.244684601651084854 ) ) ;
#2369 = CARTESIAN_POINT ( 'NONE',  ( 3.537752129022467606, 1.200150000000000050, -0.3597858718696717584 ) ) ;
#2370 = EDGE_CURVE ( 'NONE', #4144, #6717, #2378, .T. ) ;
#2371 = CARTESIAN_POINT ( 'NONE',  ( -1.942952971974984955, 1.850231250000000660, -2.598843063979348500 ) ) ;
#2372 = CARTESIAN_POINT ( 'NONE',  ( -0.1052695410903459056, 1.200149999999999828, -3.243141971332526907 ) ) ;
#2373 = CARTESIAN_POINT ( 'NONE',  ( 3.057495353137266836, 0.8786812499999977488, -1.086634109552994776 ) ) ;
#2374 = ORIENTED_EDGE ( 'NONE', *, *, #1587, .F. ) ;
#2375 = CARTESIAN_POINT ( 'NONE',  ( 2.207640589830166533, -3.007518749999999574, -2.557060473695203395 ) ) ;
#2376 = DIRECTION ( 'NONE',  ( 0.000000000000000000, -0.000000000000000000, 1.000000000000000000 ) ) ;
#2377 = DATE_AND_TIME ( #2484, #7036 ) ;
#2378 =( BOUNDED_CURVE ( )  B_SPLINE_CURVE ( 2, ( #4957, #3969, #6643, #6050, #1147 ),
 .UNSPECIFIED., .F., .T. ) 
 B_SPLINE_CURVE_WITH_KNOTS ( ( 3, 2, 3 ),
 ( 0.01659028043918803208, 0.05000000000000000278, 0.08854378023972300782 ),
 .UNSPECIFIED. ) 
 CURVE ( )  GEOMETRIC_REPRESENTATION_ITEM ( )  RATIONAL_B_SPLINE_CURVE ( ( 0.9945407480612344919, 0.9917734182391063635, 1.000000000000000000, 0.9905092421102533740, 0.9956508716769392198 ) ) 
 REPRESENTATION_ITEM ( '' )  );
#2379 = CYLINDRICAL_SURFACE ( 'NONE', #5264, 3.556000000000000050 ) ;
#2380 = CARTESIAN_POINT ( 'NONE',  ( 0.2700810207905241511, -1.064418749999999969, -3.367386446817285606 ) ) ;
#2381 = ORIENTED_EDGE ( 'NONE', *, *, #5259, .F. ) ;
#2382 = CARTESIAN_POINT ( 'NONE',  ( -1.976433542033454449, 3.307556249999999753, -3.009328441491260886 ) ) ;
#2383 = ORIENTED_EDGE ( 'NONE', *, *, #1955, .F. ) ;
#2384 = CARTESIAN_POINT ( 'NONE',  ( 1.876191922371823528, 2.336006249999997841, -2.696865457069733907 ) ) ;
#2385 = CARTESIAN_POINT ( 'NONE',  ( -1.195516883112587969, 1.200149999999999828, 3.016585968390883110 ) ) ;
#2386 = CARTESIAN_POINT ( 'NONE',  ( 3.044529760146782671, -2.521743749999999284, -1.558639439054617437 ) ) ;
#2387 = EDGE_CURVE ( 'NONE', #6075, #1004, #6881, .T. ) ;
#2388 = CARTESIAN_POINT ( 'NONE',  ( -0.02540695377406645972, -1.207420750006951593, -3.111396268028217449 ) ) ;
#2389 = DIRECTION ( 'NONE',  ( 0.000000000000000000, 0.000000000000000000, -1.000000000000000000 ) ) ;
#2390 = ORIENTED_EDGE ( 'NONE', *, *, #3462, .F. ) ;
#2391 = CARTESIAN_POINT ( 'NONE',  ( 0.3264026488794553038, -0.9407207500002877643, 3.362394466865113785 ) ) ;
#2392 =( BOUNDED_SURFACE ( )  B_SPLINE_SURFACE ( 1, 2, ( 
 ( #4890, #2811, #6027, #1639, #5439, #432, #5512, #1018, #2700 ),
 ( #544, #3877, #3356, #2660, #6619, #4966, #1533, #3768, #4354 ) ),
 .UNSPECIFIED., .F., .F., .T. ) 
 B_SPLINE_SURFACE_WITH_KNOTS ( ( 2, 2 ),
 ( 3, 2, 2, 2, 3 ),
 ( 0.000000000000000000, 1.000000000000000000 ),
 ( 0.000000000000000000, 0.05000000000000000278, 0.1000000000000000056, 0.1499999999999999944, 0.2000000000000000111 ),
 .UNSPECIFIED. ) 
 GEOMETRIC_REPRESENTATION_ITEM ( )  RATIONAL_B_SPLINE_SURFACE ( (
 ( 1.000000000000000000, 0.9876883405951377704, 1.000000000000000000, 0.9876883405951377704, 1.000000000000000000, 0.9876883405951377704, 1.000000000000000000, 0.9876883405951377704, 1.000000000000000000),
 ( 1.000000000000000000, 0.9876883405951377704, 1.000000000000000000, 0.9876883405951377704, 1.000000000000000000, 0.9876883405951377704, 1.000000000000000000, 0.9876883405951377704, 1.000000000000000000) ) ) 
 REPRESENTATION_ITEM ( '' )  SURFACE ( )  );
#2393 = CARTESIAN_POINT ( 'NONE',  ( 1.943428860232676136, 1.200150000000000272, 2.977955719149420144 ) ) ;
#2394 = VERTEX_POINT ( 'NONE', #1737 ) ;
#2395 = CARTESIAN_POINT ( 'NONE',  ( 2.669702917633035355, 2.600324999999999775, -1.844380073109034290 ) ) ;
#2396 = DIRECTION ( 'NONE',  ( 0.000000000000000000, 1.000000000000000000, 0.000000000000000000 ) ) ;
#2397 = CARTESIAN_POINT ( 'NONE',  ( 0.5458968296836252954, 1.200149999999999828, 3.198600971337527188 ) ) ;
#2398 = EDGE_CURVE ( 'NONE', #4743, #2293, #913, .T. ) ;
#2399 = VERTEX_POINT ( 'NONE', #4483 ) ;
#2400 = CARTESIAN_POINT ( 'NONE',  ( -1.713878656497743291, 2.600324999999999331, 2.755298799277764221 ) ) ;
#2401 = CYLINDRICAL_SURFACE ( 'NONE', #2792, 3.200400000000000134 ) ;
#2402 = ORIENTED_EDGE ( 'NONE', *, *, #2410, .T. ) ;
#2403 = EDGE_CURVE ( 'NONE', #456, #3207, #4465, .T. ) ;
#2404 = CARTESIAN_POINT ( 'NONE',  ( 2.975526335744200335, -2.521743749999999729, -1.034669083164737602 ) ) ;
#2405 = CARTESIAN_POINT ( 'NONE',  ( -2.722240175966764930, 1.364456250000001036, 1.839181298149167976 ) ) ;
#2406 = DIRECTION ( 'NONE',  ( 0.000000000000000000, -0.000000000000000000, 1.000000000000000000 ) ) ;
#2407 = CARTESIAN_POINT ( 'NONE',  ( 3.358475500609527487, -0.9407207500001901757, 0.3645237328432933688 ) ) ;
#2408 = CARTESIAN_POINT ( 'NONE',  ( -3.176340105651403789, -1.120186029920317905, -0.3778456598581977355 ) ) ;
#2410 = EDGE_CURVE ( 'NONE', #5575, #3637, #3167, .T. ) ;
#2409 = CARTESIAN_POINT ( 'NONE',  ( -3.367327202128164387, 3.793331250000000487, -1.142910107492155491 ) ) ;
#2411 = ORIENTED_EDGE ( 'NONE', *, *, #2621, .F. ) ;
#2412 = DIRECTION ( 'NONE',  ( 0.000000000000000000, 0.000000000000000000, -1.000000000000000000 ) ) ;
#2413 = CARTESIAN_POINT ( 'NONE',  ( 2.835785103039459187, 1.200150000000000272, -2.145567255850884703 ) ) ;
#2414 = CARTESIAN_POINT ( 'NONE',  ( 0.000000000000000000, 0.000000000000000000, 0.000000000000000000 ) ) ;
#2415 = CARTESIAN_POINT ( 'NONE',  ( 3.545247624400003961, 2.600324999999999331, 0.2763245947905436650 ) ) ;
#2416 = CARTESIAN_POINT ( 'NONE',  ( -1.638339757382591300, -1.207420750006949595, -2.645236301236538079 ) ) ;
#2417 = ORIENTED_EDGE ( 'NONE', *, *, #1236, .T. ) ;
#2418 = CARTESIAN_POINT ( 'NONE',  ( -1.288256162997544196, 4.279106249999999001, -3.022180583884436000 ) ) ;
#2419 = ORIENTED_EDGE ( 'NONE', *, *, #72, .T. ) ;
#2420 =( BOUNDED_CURVE ( )  B_SPLINE_CURVE ( 2, ( #3080, #4688, #230, #5851, #1355 ),
 .UNSPECIFIED., .F., .F. ) 
 B_SPLINE_CURVE_WITH_KNOTS ( ( 3, 2, 3 ),
 ( 0.01659028043918810841, 0.05000000000000000278, 0.09358265573071422594 ),
 .UNSPECIFIED. ) 
 CURVE ( )  GEOMETRIC_REPRESENTATION_ITEM ( )  RATIONAL_B_SPLINE_CURVE ( ( 0.9945407480612344919, 0.9917734182391062525, 1.000000000000000000, 0.9892685037336815812, 0.9972452917573793041 ) ) 
 REPRESENTATION_ITEM ( '' )  );
#2421 = CARTESIAN_POINT ( 'NONE',  ( 2.974845535323108692, -1.155006032159969331, 1.077499454922214328 ) ) ;
#2422 = CARTESIAN_POINT ( 'NONE',  ( -2.936480877609144446, -0.09286875000000054114, -1.670124335322321629 ) ) ;
#2423 = CARTESIAN_POINT ( 'NONE',  ( 1.469093030936394983, -1.064418749999999747, -2.742844858254677387 ) ) ;
#2424 = FACE_OUTER_BOUND ( 'NONE', #1509, .T. ) ;
#2425 = CARTESIAN_POINT ( 'NONE',  ( -2.257806155216826927, 0.3929062499999995683, -2.196954358157964027 ) ) ;
#2426 = ORIENTED_EDGE ( 'NONE', *, *, #4498, .F. ) ;
#2427 = CARTESIAN_POINT ( 'NONE',  ( 1.868772392055559450, -0.9407207500002877643, -2.814236128453260211 ) ) ;
#2428 = CARTESIAN_POINT ( 'NONE',  ( -3.093857153653319703, -1.155006032159970442, -0.6623888187293457408 ) ) ;
#2429 = ORIENTED_EDGE ( 'NONE', *, *, #2500, .F. ) ;
#2430 = CARTESIAN_POINT ( 'NONE',  ( -1.931755674574586079, 4.764881249999999291, 2.985541159278986889 ) ) ;
#2431 = CARTESIAN_POINT ( 'NONE',  ( 0.000000000000000000, -2.857500000000000373, 0.000000000000000000 ) ) ;
#2432 =( BOUNDED_SURFACE ( )  B_SPLINE_SURFACE ( 1, 2, ( 
 ( #4381, #4305, #6536, #974, #458, #7171, #1522, #4451, #3754 ),
 ( #1596, #2147, #1046, #5502, #2731, #4015, #1781, #1189, #2288 ) ),
 .UNSPECIFIED., .F., .F., .T. ) 
 B_SPLINE_SURFACE_WITH_KNOTS ( ( 2, 2 ),
 ( 3, 2, 2, 2, 3 ),
 ( 0.000000000000000000, 1.000000000000000000 ),
 ( 0.000000000000000000, 0.05000000000000000278, 0.1000000000000000056, 0.1499999999999999944, 0.2000000000000000111 ),
 .UNSPECIFIED. ) 
 GEOMETRIC_REPRESENTATION_ITEM ( )  RATIONAL_B_SPLINE_SURFACE ( (
 ( 1.000000000000000000, 0.9876883405951377704, 1.000000000000000000, 0.9876883405951377704, 1.000000000000000000, 0.9876883405951377704, 1.000000000000000000, 0.9876883405951377704, 1.000000000000000000),
 ( 1.000000000000000000, 0.9876883405951377704, 1.000000000000000000, 0.9876883405951377704, 1.000000000000000000, 0.9876883405951377704, 1.000000000000000000, 0.9876883405951377704, 1.000000000000000000) ) ) 
 REPRESENTATION_ITEM ( '' )  SURFACE ( )  );
#2433 = VERTEX_POINT ( 'NONE', #6123 ) ;
#2434 = CARTESIAN_POINT ( 'NONE',  ( -1.834858196677226383, 2.821781249999999464, -2.676256138822741715 ) ) ;
#2435 = CARTESIAN_POINT ( 'NONE',  ( -3.108888045414350820, -3.007518750000000463, 0.1274651759491068070 ) ) ;
#2436 = EDGE_CURVE ( 'NONE', #3907, #4833, #5406, .T. ) ;
#2437 = ORIENTED_EDGE ( 'NONE', *, *, #956, .T. ) ;
#2438 = EDGE_CURVE ( 'NONE', #4743, #1975, #6719, .T. ) ;
#2439 = CARTESIAN_POINT ( 'NONE',  ( 3.489167758074392278, 2.600324999999998443, -0.6861809936264170462 ) ) ;
#2440 = CARTESIAN_POINT ( 'NONE',  ( 0.000000000000000000, 1.726051874797454699, -3.556000000000001382 ) ) ;
#2441 = CARTESIAN_POINT ( 'NONE',  ( 1.749710566339099493, 0.8786812499999999693, -2.889766110611948768 ) ) ;
#2442 = CARTESIAN_POINT ( 'NONE',  ( 0.000000000000000000, -2.857500000000000373, 0.000000000000000000 ) ) ;
#2443 = CARTESIAN_POINT ( 'NONE',  ( 0.03806326879993041784, 2.600324999999999331, -3.555796280380566277 ) ) ;
#2444 = CARTESIAN_POINT ( 'NONE',  ( -1.746006558552359200, -1.090493833097127885, 2.716772706444684715 ) ) ;
#2445 = EDGE_LOOP ( 'NONE', ( #1480, #7016, #2417, #4878 ) ) ;
#2446 = CARTESIAN_POINT ( 'NONE',  ( -3.228407555232105874, -2.521743750000000173, 1.129558771696348884 ) ) ;
#2447 = CARTESIAN_POINT ( 'NONE',  ( -2.795298572257928882, 2.336006250000000506, 1.726118569230397304 ) ) ;
#2448 = PERSON_AND_ORGANIZATION_ROLE ( 'creator' ) ;
#2449 = ADVANCED_FACE ( 'NONE', ( #5603 ), #2838, .T. ) ;
#2450 = CARTESIAN_POINT ( 'NONE',  ( -1.638961818485656030, -0.9407207500001887324, -2.953987034085733487 ) ) ;
#2451 = ORIENTED_EDGE ( 'NONE', *, *, #1243, .F. ) ;
#2452 =( BOUNDED_CURVE ( )  B_SPLINE_CURVE ( 2, ( #2314, #2279, #5089, #4004, #2866 ),
 .UNSPECIFIED., .F., .T. ) 
 B_SPLINE_CURVE_WITH_KNOTS ( ( 3, 2, 3 ),
 ( 0.01659028043918806677, 0.05000000000000000278, 0.08854378023972300782 ),
 .UNSPECIFIED. ) 
 CURVE ( )  GEOMETRIC_REPRESENTATION_ITEM ( )  RATIONAL_B_SPLINE_CURVE ( ( 0.9945407480612344919, 0.9917734182391063635, 1.000000000000000000, 0.9905092421102533740, 0.9956508716769392198 ) ) 
 REPRESENTATION_ITEM ( '' )  );
#2453 = CARTESIAN_POINT ( 'NONE',  ( 0.7418306300350195892, 0.5572124999999997774, -3.021774241458458743 ) ) ;
#2454 = ORIENTED_EDGE ( 'NONE', *, *, #3287, .F. ) ;
#2455 = CARTESIAN_POINT ( 'NONE',  ( 2.246966866870593993, 2.821781249999997243, -2.340980867432659096 ) ) ;
#2456 = DIRECTION ( 'NONE',  ( 0.000000000000000000, 0.000000000000000000, -1.000000000000000000 ) ) ;
#2457 = CARTESIAN_POINT ( 'NONE',  ( -2.159109578966497800, 3.307556249999999753, -2.476171490249479579 ) ) ;
#2458 = EDGE_CURVE ( 'NONE', #4059, #2067, #1440, .T. ) ;
#2459 = CIRCLE ( 'NONE', #2686, 3.556000000000000050 ) ;
#2460 = CARTESIAN_POINT ( 'NONE',  ( -0.7886563085597730893, -1.005087262691940708, -3.218655743801561275 ) ) ;
#2461 = CARTESIAN_POINT ( 'NONE',  ( 2.020665981408951151, 1.364456249999998150, 2.590383835396951273 ) ) ;
#2462 = ORIENTED_EDGE ( 'NONE', *, *, #3973, .F. ) ;
#2463 = DIRECTION ( 'NONE',  ( 0.000000000000000000, 0.000000000000000000, -1.000000000000000000 ) ) ;
#2464 =( BOUNDED_CURVE ( )  B_SPLINE_CURVE ( 2, ( #6030, #6065, #3841, #7107, #327 ),
 .UNSPECIFIED., .F., .T. ) 
 B_SPLINE_CURVE_WITH_KNOTS ( ( 3, 2, 3 ),
 ( 0.01659028043918818474, 0.05000000000000000278, 0.08854378023972313272 ),
 .UNSPECIFIED. ) 
 CURVE ( )  GEOMETRIC_REPRESENTATION_ITEM ( )  RATIONAL_B_SPLINE_CURVE ( ( 0.9945407480612344919, 0.9917734182391064746, 1.000000000000000000, 0.9905092421102533740, 0.9956508716769392198 ) ) 
 REPRESENTATION_ITEM ( '' )  );
#2465 = ORIENTED_EDGE ( 'NONE', *, *, #5749, .T. ) ;
#2466 = AXIS2_PLACEMENT_3D ( 'NONE', #7199, #118, #4003 ) ;
#2467 = CARTESIAN_POINT ( 'NONE',  ( -0.4497123587364588171, -1.155006032159971996, 3.131847670112511750 ) ) ;
#2468 = CARTESIAN_POINT ( 'NONE',  ( 1.805364965634013830, 1.364456249999998594, 3.114964615481921939 ) ) ;
#2469 = CARTESIAN_POINT ( 'NONE',  ( -0.1274651759490635916, -0.09286875000000011093, 3.108888045414352597 ) ) ;
#2470 = CIRCLE ( 'NONE', #5149, 3.556000000000000050 ) ;
#2471 = CC_DESIGN_APPROVAL ( #4215, ( #3404 ) ) ;
#2472 = ORIENTED_EDGE ( 'NONE', *, *, #5262, .F. ) ;
#2473 = CARTESIAN_POINT ( 'NONE',  ( 0.3718122435286925764, 1.200149999999999828, -3.536508398910168438 ) ) ;
#2474 = DIRECTION ( 'NONE',  ( 0.000000000000000000, 0.000000000000000000, -1.000000000000000000 ) ) ;
#2475 = ORIENTED_EDGE ( 'NONE', *, *, #1008, .T. ) ;
#2476 =( BOUNDED_CURVE ( )  B_SPLINE_CURVE ( 2, ( #5059, #4515, #5638, #1808, #854, #202, #1437 ),
 .UNSPECIFIED., .F., .T. ) 
 B_SPLINE_CURVE_WITH_KNOTS ( ( 3, 2, 2, 3 ),
 ( 0.01659028043918811188, 0.05000000000000000278, 0.1000000000000000056, 0.1074143368666445331 ),
 .UNSPECIFIED. ) 
 CURVE ( )  GEOMETRIC_REPRESENTATION_ITEM ( )  RATIONAL_B_SPLINE_CURVE ( ( 0.9945407480612344919, 0.9917734182391063635, 1.000000000000000000, 0.9876883405951377704, 1.000000000000000000, 0.9981743441956991703, 0.9968901294768235388 ) ) 
 REPRESENTATION_ITEM ( '' )  );
#2477 = DIRECTION ( 'NONE',  ( -0.000000000000000000, -1.000000000000000000, -0.000000000000000000 ) ) ;
#2478 = CARTESIAN_POINT ( 'NONE',  ( 0.000000000000000000, -0.9407207500000012157, 0.000000000000000000 ) ) ;
#2479 = CARTESIAN_POINT ( 'NONE',  ( 2.440994151913362664, 2.336006249999997841, -2.646487250142708358 ) ) ;
#2480 = AXIS2_PLACEMENT_3D ( 'NONE', #6993, #3133, #3688 ) ;
#2481 = CARTESIAN_POINT ( 'NONE',  ( 2.966869127378333193, 3.307556249999995313, 1.410980865964727160 ) ) ;
#2482 = ORIENTED_EDGE ( 'NONE', *, *, #2410, .F. ) ;
#2483 = DIRECTION ( 'NONE',  ( 0.000000000000000000, 0.000000000000000000, 1.000000000000000000 ) ) ;
#2484 = CALENDAR_DATE ( 2026, 8, 1 ) ;
#2485 = CARTESIAN_POINT ( 'NONE',  ( -3.102409053345960288, -1.207420750006952259, 0.2376769145647394665 ) ) ;
#2486 = EDGE_CURVE ( 'NONE', #3184, #5986, #1385, .T. ) ;
#2487 = CARTESIAN_POINT ( 'NONE',  ( 1.791461268363663040, -2.521743749999999729, -2.913620580197215926 ) ) ;
#2488 = VERTEX_POINT ( 'NONE', #4377 ) ;
#2489 = CARTESIAN_POINT ( 'NONE',  ( 2.348970292876011001, 2.600324999999998887, 2.238613429265092769 ) ) ;
#2490 = ORIENTED_EDGE ( 'NONE', *, *, #3694, .F. ) ;
#2491 = DIRECTION ( 'NONE',  ( -0.000000000000000000, -1.000000000000000000, -0.000000000000000000 ) ) ;
#2492 = ADVANCED_FACE ( 'NONE', ( #6607 ), #1593, .T. ) ;
#2493 = CARTESIAN_POINT ( 'NONE',  ( 3.701617415102790507E-16, 1.200150000000000050, 3.022600000000000176 ) ) ;
#2494 = CARTESIAN_POINT ( 'NONE',  ( -1.288256162997544196, 4.279106249999999001, -3.022180583884436000 ) ) ;
#2495 = CARTESIAN_POINT ( 'NONE',  ( 0.06454056879773785449, 0.3929062500000000124, -3.149624041269613262 ) ) ;
#2496 = CARTESIAN_POINT ( 'NONE',  ( 2.245823590519714141, 0.8786812499999979709, 2.757065904229556885 ) ) ;
#2497 =( BOUNDED_CURVE ( )  B_SPLINE_CURVE ( 1, ( #4815, #2039 ),
 .UNSPECIFIED., .F., .F. ) 
 B_SPLINE_CURVE_WITH_KNOTS ( ( 2, 2 ),
 ( 0.000000000000000000, 0.0005113447558650985412 ),
 .UNSPECIFIED. ) 
 CURVE ( )  GEOMETRIC_REPRESENTATION_ITEM ( )  RATIONAL_B_SPLINE_CURVE ( ( 0.9945407480612344919, 0.9945407480612344919 ) ) 
 REPRESENTATION_ITEM ( '' )  );
#2498 = VERTEX_POINT ( 'NONE', #5204 ) ;
#2499 = CARTESIAN_POINT ( 'NONE',  ( -3.375790823302679655, 0.5572125000000002215, -0.1275600145242255234 ) ) ;
#2500 = EDGE_CURVE ( 'NONE', #3477, #57, #3447, .T. ) ;
#2501 = EDGE_LOOP ( 'NONE', ( #455, #2257, #5775, #4905 ) ) ;
#2502 = CARTESIAN_POINT ( 'NONE',  ( -2.134463111423618553, -0.5786437500000004563, 2.316973092708688675 ) ) ;
#2503 = CARTESIAN_POINT ( 'NONE',  ( -0.7778415499849540282, 3.307556249999998421, 3.191886894334797997 ) ) ;
#2504 = CARTESIAN_POINT ( 'NONE',  ( -2.313490964105477055, -1.097987288839243458, -2.241111505689174610 ) ) ;
#2505 =( BOUNDED_CURVE ( )  B_SPLINE_CURVE ( 1, ( #5945, #4750 ),
 .UNSPECIFIED., .F., .T. ) 
 B_SPLINE_CURVE_WITH_KNOTS ( ( 2, 2 ),
 ( 0.000000000000000000, 0.0005566452967378113324 ),
 .UNSPECIFIED. ) 
 CURVE ( )  GEOMETRIC_REPRESENTATION_ITEM ( )  RATIONAL_B_SPLINE_CURVE ( ( 0.9945407480612344919, 0.9945407480612344919 ) ) 
 REPRESENTATION_ITEM ( '' )  );
#2506 = EDGE_LOOP ( 'NONE', ( #6580, #6378, #2204, #4826 ) ) ;
#2507 = CARTESIAN_POINT ( 'NONE',  ( -3.363383374867161990, -3.007518750000000463, -0.3160498594639448711 ) ) ;
#2508 = CARTESIAN_POINT ( 'NONE',  ( 3.598301066536878867, 3.307556249999994424, 0.1207337956113081895 ) ) ;
#2509 = ORIENTED_EDGE ( 'NONE', *, *, #1725, .F. ) ;
#2510 = CARTESIAN_POINT ( 'NONE',  ( 0.3134821273514056261, -0.9407207499999050704, 3.363623670363787621 ) ) ;
#2511 = CARTESIAN_POINT ( 'NONE',  ( -2.665610298909948828, 4.764881249999999291, 2.353647750693638852 ) ) ;
#2512 = CARTESIAN_POINT ( 'NONE',  ( 1.453351397870925599, 2.821781249999997687, 2.901175836933473917 ) ) ;
#2513 = DIRECTION ( 'NONE',  ( 0.000000000000000000, 0.000000000000000000, -1.000000000000000000 ) ) ;
#2514 = CARTESIAN_POINT ( 'NONE',  ( -2.190749329963547876, 2.223636876399969431, -2.834287164012030846 ) ) ;
#2515 = CARTESIAN_POINT ( 'NONE',  ( 2.795232319581119729, 2.821781249999997243, -1.647946541022852873 ) ) ;
#2516 = CARTESIAN_POINT ( 'NONE',  ( 1.209352165352724384, -0.9407207499999051814, 3.154314914550702564 ) ) ;
#2517 = ORIENTED_EDGE ( 'NONE', *, *, #1190, .F. ) ;
#2518 =( BOUNDED_SURFACE ( )  B_SPLINE_SURFACE ( 1, 2, ( 
 ( #5082, #4580, #77, #6822, #1721, #6741, #6779, #2307, #4975 ),
 ( #1757, #3996, #6225, #2896, #3443, #1687, #3922, #112, #6143 ) ),
 .UNSPECIFIED., .F., .F., .T. ) 
 B_SPLINE_SURFACE_WITH_KNOTS ( ( 2, 2 ),
 ( 3, 2, 2, 2, 3 ),
 ( 0.000000000000000000, 1.000000000000000000 ),
 ( 0.000000000000000000, 0.05000000000000000278, 0.1000000000000000056, 0.1499999999999999944, 0.2000000000000000111 ),
 .UNSPECIFIED. ) 
 GEOMETRIC_REPRESENTATION_ITEM ( )  RATIONAL_B_SPLINE_SURFACE ( (
 ( 1.000000000000000000, 0.9876883405951377704, 1.000000000000000000, 0.9876883405951377704, 1.000000000000000000, 0.9876883405951377704, 1.000000000000000000, 0.9876883405951377704, 1.000000000000000000),
 ( 1.000000000000000000, 0.9876883405951377704, 1.000000000000000000, 0.9876883405951377704, 1.000000000000000000, 0.9876883405951377704, 1.000000000000000000, 0.9876883405951377704, 1.000000000000000000) ) ) 
 REPRESENTATION_ITEM ( '' )  SURFACE ( )  );
#2519 = EDGE_CURVE ( 'NONE', #3378, #3225, #98, .T. ) ;
#2520 = CARTESIAN_POINT ( 'NONE',  ( -3.550811031809814722, 3.793331250000000487, -0.1920338938253284555 ) ) ;
#2521 = DIRECTION ( 'NONE',  ( 0.000000000000000000, 0.000000000000000000, -1.000000000000000000 ) ) ;
#2522 = CARTESIAN_POINT ( 'NONE',  ( 3.041149378981909734, -1.207420750006950039, -0.6579078238765265763 ) ) ;
#2523 = CARTESIAN_POINT ( 'NONE',  ( -1.531336667795313078, 2.336006249999999618, -2.906576583022501659 ) ) ;
#2524 = VERTEX_POINT ( 'NONE', #4011 ) ;
#2525 = ORIENTED_EDGE ( 'NONE', *, *, #4588, .T. ) ;
#2526 = EDGE_CURVE ( 'NONE', #1539, #5759, #6765, .T. ) ;
#2527 = EDGE_CURVE ( 'NONE', #4108, #5591, #5856, .T. ) ;
#2528 = CARTESIAN_POINT ( 'NONE',  ( 2.817381411825757187, 1.850231249999997551, 2.169676929936509513 ) ) ;
#2529 = CARTESIAN_POINT ( 'NONE',  ( -1.600732900695853500, -1.064418750000000191, 2.974876370646322599 ) ) ;
#2530 = CARTESIAN_POINT ( 'NONE',  ( -0.9051769861409754148, 0.8786812499999998582, -3.254672005557663450 ) ) ;
#2531 = DIRECTION ( 'NONE',  ( -0.000000000000000000, -1.000000000000000000, -0.000000000000000000 ) ) ;
#2532 = ORIENTED_EDGE ( 'NONE', *, *, #4069, .F. ) ;
#2533 = EDGE_CURVE ( 'NONE', #5578, #2337, #6153, .T. ) ;
#2534 = CARTESIAN_POINT ( 'NONE',  ( 2.710256222202066745, 1.200149999999999384, 1.784254110970461271 ) ) ;
#2535 = ORIENTED_EDGE ( 'NONE', *, *, #2894, .F. ) ;
#2536 = CARTESIAN_POINT ( 'NONE',  ( 3.488331708929242492, 2.600324999999999331, -0.6904186327720424066 ) ) ;
#2537 = CARTESIAN_POINT ( 'NONE',  ( -2.388220258351373637, 0.5572124999999997774, 2.389275881433559956 ) ) ;
#2538 =( BOUNDED_CURVE ( )  B_SPLINE_CURVE ( 1, ( #3089, #5864 ),
 .UNSPECIFIED., .F., .T. ) 
 B_SPLINE_CURVE_WITH_KNOTS ( ( 2, 2 ),
 ( 7.155939676778717561E-19, 0.0005566452967378106818 ),
 .UNSPECIFIED. ) 
 CURVE ( )  GEOMETRIC_REPRESENTATION_ITEM ( )  RATIONAL_B_SPLINE_CURVE ( ( 0.9956508716769392198, 0.9956508716769392198 ) ) 
 REPRESENTATION_ITEM ( '' )  );
#2539 = ADVANCED_FACE ( 'NONE', ( #2872 ), #4049, .T. ) ;
#2540 = CARTESIAN_POINT ( 'NONE',  ( 0.3264026488794553038, -0.9407207500002877643, 3.362394466865113785 ) ) ;
#2541 = VERTEX_POINT ( 'NONE', #6275 ) ;
#2542 = CARTESIAN_POINT ( 'NONE',  ( -1.638339757382591300, -1.207420750006949595, -2.645236301236538079 ) ) ;
#2543 = CARTESIAN_POINT ( 'NONE',  ( -2.870540830643713015, -1.036468050703327703, -1.592008499581076819 ) ) ;
#2544 = ORIENTED_EDGE ( 'NONE', *, *, #1823, .F. ) ;
#2545 = FACE_OUTER_BOUND ( 'NONE', #4869, .T. ) ;
#2546 = CARTESIAN_POINT ( 'NONE',  ( -2.416271939539061275, 4.279106249999999001, 2.225940101913203684 ) ) ;
#2547 = CARTESIAN_POINT ( 'NONE',  ( 2.581874300687609924, 1.364456249999997484, 2.509237396160833189 ) ) ;
#2548 = CARTESIAN_POINT ( 'NONE',  ( 1.339923899749513092, 0.8786812499999999693, 3.101102897822007876 ) ) ;
#2549 = CARTESIAN_POINT ( 'NONE',  ( 2.939781587034258958, 2.223636876399968543, -1.429265825315277239 ) ) ;
#2550 = DIRECTION ( 'NONE',  ( 0.000000000000000000, 0.000000000000000000, -1.000000000000000000 ) ) ;
#2551 = CARTESIAN_POINT ( 'NONE',  ( -1.943856213868751626, -1.207420750006950483, 2.429579237193931540 ) ) ;
#2552 = EDGE_LOOP ( 'NONE', ( #5773, #2647, #937, #703 ) ) ;
#2553 = CIRCLE ( 'NONE', #5115, 3.556000000000000050 ) ;
#2554 = CARTESIAN_POINT ( 'NONE',  ( -3.554613543459008707, 1.850231250000001104, 0.09929026466772239434 ) ) ;
#2555 = CARTESIAN_POINT ( 'NONE',  ( 0.1448744897639288876, -0.09286874999999999991, -3.375092090923689891 ) ) ;
#2556 = CARTESIAN_POINT ( 'NONE',  ( 2.005680435384985305, -1.005087262691941152, 2.637985891025914409 ) ) ;
#2557 = CARTESIAN_POINT ( 'NONE',  ( 2.542001822101981112, 0.8786812500000001913, -1.794340822260421353 ) ) ;
#2558 = EDGE_LOOP ( 'NONE', ( #6797, #2454, #4100, #5346 ) ) ;
#2559 = CARTESIAN_POINT ( 'NONE',  ( 2.987126655400007103, 1.526976102460968709, 1.312663396756601486 ) ) ;
#2560 = ORIENTED_EDGE ( 'NONE', *, *, #1830, .T. ) ;
#2561 = CARTESIAN_POINT ( 'NONE',  ( 2.009021906952082936, 2.821781249999997687, 2.934104118361622771 ) ) ;
#2562 = CARTESIAN_POINT ( 'NONE',  ( -1.775028854605957163, 1.200150000000000050, -2.716307068027520533 ) ) ;
#2563 = CARTESIAN_POINT ( 'NONE',  ( 2.586035369792897054, -2.521743749999999284, -1.799088144740102591 ) ) ;
#2564 = CARTESIAN_POINT ( 'NONE',  ( -2.927221473800658114, 4.279106249999999889, 1.491493837208024864 ) ) ;
#2565 = ORIENTED_EDGE ( 'NONE', *, *, #6963, .T. ) ;
#2566 = CARTESIAN_POINT ( 'NONE',  ( 2.621767861210193562, 2.600324999999999331, -2.402388245460203020 ) ) ;
#2567 = ORIENTED_EDGE ( 'NONE', *, *, #6242, .F. ) ;
#2568 = CARTESIAN_POINT ( 'NONE',  ( -2.234571648527155840, -0.9407207500001902867, 2.533559706736562056 ) ) ;
#2569 = CIRCLE ( 'NONE', #6790, 3.162299999999999667 ) ;
#2570 = CARTESIAN_POINT ( 'NONE',  ( 3.099443599628735058, 1.850231249999997107, -0.9604691016479798282 ) ) ;
#2571 = CARTESIAN_POINT ( 'NONE',  ( 3.109500978727546716, 0.5572124999999997774, 0.1115164261103648025 ) ) ;
#2572 = CARTESIAN_POINT ( 'NONE',  ( -1.117147092124326058, -0.5786437500000002343, 3.232723423980789157 ) ) ;
#2573 = ADVANCED_FACE ( 'NONE', ( #3529 ), #1264, .T. ) ;
#2574 = EDGE_LOOP ( 'NONE', ( #4897, #1223, #4697, #4935 ) ) ;
#2575 = CARTESIAN_POINT ( 'NONE',  ( -3.108888045414350820, -3.007518750000000463, 0.1274651759491068070 ) ) ;
#2576 = AXIS2_PLACEMENT_3D ( 'NONE', #984, #5001, #7250 ) ;
#2577 = FACE_OUTER_BOUND ( 'NONE', #3418, .T. ) ;
#2578 = VERTEX_POINT ( 'NONE', #5713 ) ;
#2579 = CARTESIAN_POINT ( 'NONE',  ( -0.3373187198758229033, 1.200150000000000050, 3.227269372661869973 ) ) ;
#2580 =( BOUNDED_SURFACE ( )  B_SPLINE_SURFACE ( 1, 2, ( 
 ( #416, #1039, #2066, #4299, #4374, #5458, #453, #6082, #7124 ),
 ( #1515, #4335, #6640, #1624, #3899, #1076, #5564, #5533, #4986 ) ),
 .UNSPECIFIED., .F., .F., .F. ) 
 B_SPLINE_SURFACE_WITH_KNOTS ( ( 2, 2 ),
 ( 3, 2, 2, 2, 3 ),
 ( 0.000000000000000000, 1.000000000000000000 ),
 ( 0.000000000000000000, 0.05000000000000000278, 0.1000000000000000056, 0.1499999999999999944, 0.2000000000000000111 ),
 .UNSPECIFIED. ) 
 GEOMETRIC_REPRESENTATION_ITEM ( )  RATIONAL_B_SPLINE_SURFACE ( (
 ( 1.000000000000000000, 0.9876883405951377704, 1.000000000000000000, 0.9876883405951377704, 1.000000000000000000, 0.9876883405951377704, 1.000000000000000000, 0.9876883405951377704, 1.000000000000000000),
 ( 1.000000000000000000, 0.9876883405951377704, 1.000000000000000000, 0.9876883405951377704, 1.000000000000000000, 0.9876883405951377704, 1.000000000000000000, 0.9876883405951377704, 1.000000000000000000) ) ) 
 REPRESENTATION_ITEM ( '' )  SURFACE ( )  );
#2581 = CARTESIAN_POINT ( 'NONE',  ( 3.144336125500588164, -2.521743749999999729, -0.1935133489871445622 ) ) ;
#2582 = AXIS2_PLACEMENT_3D ( 'NONE', #3878, #2226, #2261 ) ;
#2583 = AXIS2_PLACEMENT_3D ( 'NONE', #6946, #789, #4123 ) ;
#2584 = CARTESIAN_POINT ( 'NONE',  ( 0.9573175652070691211, 0.8786812499999988590, -3.424715912210240187 ) ) ;
#2585 = CARTESIAN_POINT ( 'NONE',  ( -0.9573175652070187169, 0.8786812500000008574, -3.424715912210253066 ) ) ;
#2586 = CARTESIAN_POINT ( 'NONE',  ( 2.149180425098966563, 1.850231249999997551, -2.431064586322511989 ) ) ;
#2587 = CARTESIAN_POINT ( 'NONE',  ( 1.983273135678616628, -1.207420750006950483, 2.397511192736232033 ) ) ;
#2588 = ORIENTED_EDGE ( 'NONE', *, *, #4151, .T. ) ;
#2589 = EDGE_CURVE ( 'NONE', #1154, #1193, #4540, .T. ) ;
#2590 = CARTESIAN_POINT ( 'NONE',  ( -2.615906308029246841, 4.279106249999999001, -2.473738345592741972 ) ) ;
#2591 = CARTESIAN_POINT ( 'NONE',  ( 0.000000000000000000, -1.385887500000000383, 2.933033249999999814 ) ) ;
#2592 = CARTESIAN_POINT ( 'NONE',  ( 2.701693470208846204, -0.09286874999999988889, 1.543465141501707105 ) ) ;
#2593 = CARTESIAN_POINT ( 'NONE',  ( -3.234884724928787758, 2.600324999999998887, -0.2541108791893525454 ) ) ;
#2594 = ORIENTED_EDGE ( 'NONE', *, *, #6811, .T. ) ;
#2595 = CARTESIAN_POINT ( 'NONE',  ( -3.095723736874233190, 0.5572124999999998884, 0.3129325725351154719 ) ) ;
#2596 = ORIENTED_EDGE ( 'NONE', *, *, #5338, .F. ) ;
#2597 = CARTESIAN_POINT ( 'NONE',  ( 1.453351397870925599, 2.821781249999997687, 2.901175836933473917 ) ) ;
#2598 = LINE ( 'NONE', #6555, #947 ) ;
#2599 = CARTESIAN_POINT ( 'NONE',  ( -3.102409053345960288, -1.207420750006952259, 0.2376769145647394665 ) ) ;
#2600 = CARTESIAN_POINT ( 'NONE',  ( 0.4820689678720707083, 0.8786812499999998582, 3.523172648368904536 ) ) ;
#2601 = ORIENTED_EDGE ( 'NONE', *, *, #1996, .F. ) ;
#2602 = FACE_OUTER_BOUND ( 'NONE', #6454, .T. ) ;
#2603 = ORIENTED_EDGE ( 'NONE', *, *, #2398, .T. ) ;
#2604 = EDGE_CURVE ( 'NONE', #2880, #1975, #2322, .T. ) ;
#2605 = CARTESIAN_POINT ( 'NONE',  ( 0.03806326879993041784, 2.600324999999999331, -3.555796280380566277 ) ) ;
#2606 = CARTESIAN_POINT ( 'NONE',  ( -3.085967712440325084, -1.550193750000000259, -1.474897162235984327 ) ) ;
#2607 =( BOUNDED_CURVE ( )  B_SPLINE_CURVE ( 1, ( #2630, #7219 ),
 .UNSPECIFIED., .F., .T. ) 
 B_SPLINE_CURVE_WITH_KNOTS ( ( 2, 2 ),
 ( 0.000000000000000000, 0.0005113447558650963728 ),
 .UNSPECIFIED. ) 
 CURVE ( )  GEOMETRIC_REPRESENTATION_ITEM ( )  RATIONAL_B_SPLINE_CURVE ( ( 0.9945407480612344919, 0.9945407480612344919 ) ) 
 REPRESENTATION_ITEM ( '' )  );
#2608 = ORIENTED_EDGE ( 'NONE', *, *, #5846, .F. ) ;
#2609 = CARTESIAN_POINT ( 'NONE',  ( 0.000000000000000000, 1.200150000000000050, 0.000000000000000000 ) ) ;
#2610 = CARTESIAN_POINT ( 'NONE',  ( 0.000000000000000000, -1.943100000000000049, -3.162299999999999667 ) ) ;
#2611 = ORIENTED_EDGE ( 'NONE', *, *, #1861, .T. ) ;
#2612 = CARTESIAN_POINT ( 'NONE',  ( 3.096877947796510711, 0.3929062500000002345, -0.5776193061315982868 ) ) ;
#2613 = EDGE_CURVE ( 'NONE', #4620, #3624, #4942, .T. ) ;
#2614 = LINE ( 'NONE', #3275, #4693 ) ;
#2615 = CARTESIAN_POINT ( 'NONE',  ( -1.081925825829213705, -1.064418750000000191, 2.917339328464170212 ) ) ;
#2616 = DIRECTION ( 'NONE',  ( -0.000000000000000000, -1.000000000000000000, -0.000000000000000000 ) ) ;
#2617 = ORIENTED_EDGE ( 'NONE', *, *, #1104, .F. ) ;
#2618 = FACE_OUTER_BOUND ( 'NONE', #2552, .T. ) ;
#2619 = CARTESIAN_POINT ( 'NONE',  ( -2.011500749115132880, -1.155006032159970664, 2.442248097695797426 ) ) ;
#2620 = ORIENTED_EDGE ( 'NONE', *, *, #4120, .T. ) ;
#2621 = EDGE_CURVE ( 'NONE', #6001, #5416, #6922, .T. ) ;
#2622 = B_SPLINE_CURVE_WITH_KNOTS ( 'NONE', 3,
 ( #4914, #6046, #3787, #3194, #6639, #2761, #4334, #5933, #4952, #5423 ),
 .UNSPECIFIED., .F., .F.,
 ( 4, 3, 3, 4 ),
 ( 2.012035330279075179E-16, 0.0002589485462244638277, 0.0005341756780451717814, 0.0008103109524490916676 ),
 .UNSPECIFIED. ) ;
#2623 =( BOUNDED_SURFACE ( )  B_SPLINE_SURFACE ( 1, 2, ( 
 ( #6883, #4604, #5072, #2918, #612, #4638, #5689, #2404, #575 ),
 ( #1275, #1746, #2809, #32, #6766, #2258, #6846, #5140, #2294 ) ),
 .UNSPECIFIED., .F., .F., .T. ) 
 B_SPLINE_SURFACE_WITH_KNOTS ( ( 2, 2 ),
 ( 3, 2, 2, 2, 3 ),
 ( 0.000000000000000000, 1.000000000000000000 ),
 ( 0.000000000000000000, 0.05000000000000000278, 0.1000000000000000056, 0.1499999999999999944, 0.2000000000000000111 ),
 .UNSPECIFIED. ) 
 GEOMETRIC_REPRESENTATION_ITEM ( )  RATIONAL_B_SPLINE_SURFACE ( (
 ( 1.000000000000000000, 0.9876883405951377704, 1.000000000000000000, 0.9876883405951377704, 1.000000000000000000, 0.9876883405951377704, 1.000000000000000000, 0.9876883405951377704, 1.000000000000000000),
 ( 1.000000000000000000, 0.9876883405951377704, 1.000000000000000000, 0.9876883405951377704, 1.000000000000000000, 0.9876883405951377704, 1.000000000000000000, 0.9876883405951377704, 1.000000000000000000) ) ) 
 REPRESENTATION_ITEM ( '' )  SURFACE ( )  );
#2624 = CARTESIAN_POINT ( 'NONE',  ( 2.699140644036563508, 0.5572124999999995554, -2.031471147643963082 ) ) ;
#2625 = CARTESIAN_POINT ( 'NONE',  ( -0.5928644172743138263, -0.9407207500002892075, 3.325770139791779378 ) ) ;
#2626 = EDGE_CURVE ( 'NONE', #2052, #3124, #6299, .T. ) ;
#2627 = CARTESIAN_POINT ( 'NONE',  ( 1.983273135678616628, -1.207420750006950483, 2.397511192736232033 ) ) ;
#2628 = CARTESIAN_POINT ( 'NONE',  ( 3.243534671109249867, 0.3929062500000003455, -1.085357636315383623 ) ) ;
#2629 = ORIENTED_EDGE ( 'NONE', *, *, #5216, .T. ) ;
#2630 = CARTESIAN_POINT ( 'NONE',  ( 1.331558898750882847, 0.5572124999999997774, 2.812184764406018278 ) ) ;
#2631 = EDGE_LOOP ( 'NONE', ( #4919, #346 ) ) ;
#2632 = DIRECTION ( 'NONE',  ( 0.000000000000000000, 0.000000000000000000, -1.000000000000000000 ) ) ;
#2633 = CARTESIAN_POINT ( 'NONE',  ( -1.891877725873064131, -1.120186029920316573, -2.579283326776764529 ) ) ;
#2634 = B_SPLINE_CURVE_WITH_KNOTS ( 'NONE', 3,
 ( #6794, #873, #167, #1773, #6236, #1224, #6754, #1844, #6350, #3455 ),
 .UNSPECIFIED., .F., .F.,
 ( 4, 3, 3, 4 ),
 ( 8.100839692329008250E-16, 0.0001296210011225062877, 0.0002688043935198817570, 0.0004095291194012239903 ),
 .UNSPECIFIED. ) ;
#2635 = CARTESIAN_POINT ( 'NONE',  ( -1.719732418077034808, 1.850231250000000660, -3.112500025737335640 ) ) ;
#2636 = CARTESIAN_POINT ( 'NONE',  ( -2.566953516744377772, 3.793331250000000487, 2.460870911460752986 ) ) ;
#2637 = ORIENTED_EDGE ( 'NONE', *, *, #5254, .T. ) ;
#2638 = CARTESIAN_POINT ( 'NONE',  ( 0.6746043896690716579, -1.064418749999999747, -3.037489286802381283 ) ) ;
#2639 = ORIENTED_EDGE ( 'NONE', *, *, #1299, .T. ) ;
#2640 = CARTESIAN_POINT ( 'NONE',  ( -2.393694106376065278, 2.600324999999998887, 2.190725917955162583 ) ) ;
#2641 = CARTESIAN_POINT ( 'NONE',  ( -0.2570599128063389416, 1.526976102460969598, 3.566443819914026037 ) ) ;
#2642 = CARTESIAN_POINT ( 'NONE',  ( -2.315038736922411466, -1.000217606553379435, 2.379106592195629144 ) ) ;
#2643 = CARTESIAN_POINT ( 'NONE',  ( 3.547562108395232450, 0.8786812499999977488, 0.2448246047242801926 ) ) ;
#2644 = EDGE_LOOP ( 'NONE', ( #4453, #6972, #5944, #3081 ) ) ;
#2645 = CARTESIAN_POINT ( 'NONE',  ( -1.235314128901798369, -2.521743750000000173, -2.897981381806973289 ) ) ;
#2646 = CARTESIAN_POINT ( 'NONE',  ( 2.725376360821287314, 1.850231249999997329, -1.761072177503387737 ) ) ;
#2647 = ORIENTED_EDGE ( 'NONE', *, *, #3419, .T. ) ;
#2648 = CARTESIAN_POINT ( 'NONE',  ( 3.416081592751567975, 0.3929062500000003455, -0.1700144495618902962 ) ) ;
#2649 =( BOUNDED_CURVE ( )  B_SPLINE_CURVE ( 2, ( #4360, #4319, #2745, #3427, #3293 ),
 .UNSPECIFIED., .F., .T. ) 
 B_SPLINE_CURVE_WITH_KNOTS ( ( 3, 2, 3 ),
 ( 0.01659028043918812922, 0.05000000000000000278, 0.08854378023972307721 ),
 .UNSPECIFIED. ) 
 CURVE ( )  GEOMETRIC_REPRESENTATION_ITEM ( )  RATIONAL_B_SPLINE_CURVE ( ( 0.9945407480612344919, 0.9917734182391064746, 1.000000000000000000, 0.9905092421102533740, 0.9956508716769392198 ) ) 
 REPRESENTATION_ITEM ( '' )  );
#2650 = CARTESIAN_POINT ( 'NONE',  ( -0.6464302977274303252, 2.336006249999999174, 3.221072382497675246 ) ) ;
#2651 = CARTESIAN_POINT ( 'NONE',  ( -0.2189756188775058843, 2.336006249999999174, 3.593660653592706922 ) ) ;
#2652 = CARTESIAN_POINT ( 'NONE',  ( 0.3718122435286925764, 1.200149999999999828, -3.536508398910168438 ) ) ;
#2653 = VERTEX_POINT ( 'NONE', #6943 ) ;
#2654 = CARTESIAN_POINT ( 'NONE',  ( -0.5747268333598668510, 0.5572124999999997774, -3.328952433877083283 ) ) ;
#2655 = EDGE_CURVE ( 'NONE', #6613, #4214, #369, .T. ) ;
#2656 = CARTESIAN_POINT ( 'NONE',  ( 1.608905754572279356, -1.090493833097040177, 2.800145552269635019 ) ) ;
#2657 = EDGE_CURVE ( 'NONE', #7194, #2323, #4881, .T. ) ;
#2658 = ORIENTED_EDGE ( 'NONE', *, *, #765, .T. ) ;
#2659 = CARTESIAN_POINT ( 'NONE',  ( 1.529586471455791186, 0.5572124999999997774, -2.709575146833803405 ) ) ;
#2660 = CARTESIAN_POINT ( 'NONE',  ( -3.027588732324410170, -0.5786437500000005674, 0.8706339955839836886 ) ) ;
#2661 = CARTESIAN_POINT ( 'NONE',  ( -2.631916346094004044, 2.600324999999998887, -1.897911449373543835 ) ) ;
#2662 = CARTESIAN_POINT ( 'NONE',  ( 3.068310879982879769, 2.600324999999999775, -1.055708229710603963 ) ) ;
#2663 = CIRCLE ( 'NONE', #685, 3.556000000000000050 ) ;
#2664 =( BOUNDED_CURVE ( )  B_SPLINE_CURVE ( 2, ( #467, #6584, #4313, #35, #5547 ),
 .UNSPECIFIED., .F., .T. ) 
 B_SPLINE_CURVE_WITH_KNOTS ( ( 3, 2, 3 ),
 ( 0.04376714424566325451, 0.05000000000000000278, 0.09358265573073296095 ),
 .UNSPECIFIED. ) 
 CURVE ( )  GEOMETRIC_REPRESENTATION_ITEM ( )  RATIONAL_B_SPLINE_CURVE ( ( 0.9973131596235522700, 0.9984652640566593629, 1.000000000000000000, 0.9892685037336770293, 0.9972452917573859654 ) ) 
 REPRESENTATION_ITEM ( '' )  );
#2665 = CARTESIAN_POINT ( 'NONE',  ( 0.4657461316309808308, -2.035968749999999883, 3.076444829810990989 ) ) ;
#2666 = ADVANCED_FACE ( 'NONE', ( #857 ), #5927, .T. ) ;
#2667 = ORIENTED_EDGE ( 'NONE', *, *, #5840, .T. ) ;
#2668 = CARTESIAN_POINT ( 'NONE',  ( 3.335273370192923803, 0.3929062500000004565, 0.7579379311512536299 ) ) ;
#2669 = CIRCLE ( 'NONE', #6770, 3.556000000000000050 ) ;
#2670 = CARTESIAN_POINT ( 'NONE',  ( 3.106857030536820385, -2.035968749999999883, 0.1699165730702323074 ) ) ;
#2671 = EDGE_CURVE ( 'NONE', #4620, #1262, #1117, .T. ) ;
#2672 = CARTESIAN_POINT ( 'NONE',  ( -3.086035736900329063, 4.764881250000000179, 1.002713794197548358 ) ) ;
#2673 = DIRECTION ( 'NONE',  ( -0.000000000000000000, -1.000000000000000000, -0.000000000000000000 ) ) ;
#2674 = CARTESIAN_POINT ( 'NONE',  ( 2.691315936529262487, 0.5572124999999997774, -2.041826087056294092 ) ) ;
#2675 = EDGE_LOOP ( 'NONE', ( #5233, #1212, #3660, #403 ) ) ;
#2676 = ORIENTED_EDGE ( 'NONE', *, *, #1098, .F. ) ;
#2677 = ORIENTED_EDGE ( 'NONE', *, *, #6101, .F. ) ;
#2678 = EDGE_CURVE ( 'NONE', #5288, #3153, #3820, .T. ) ;
#2679 = CARTESIAN_POINT ( 'NONE',  ( 2.374411018047445143, -1.550193749999999815, 2.070379048324041182 ) ) ;
#2680 = CARTESIAN_POINT ( 'NONE',  ( 3.237285505707923949, 0.8786812499999975268, -0.2214363950063187592 ) ) ;
#2681 = CARTESIAN_POINT ( 'NONE',  ( 0.000000000000000000, 2.600324999999999331, 0.000000000000000000 ) ) ;
#2682 = ORIENTED_EDGE ( 'NONE', *, *, #3391, .T. ) ;
#2683 = CARTESIAN_POINT ( 'NONE',  ( 1.764137621201474326, 1.364456249999998372, -2.771461325108260709 ) ) ;
#2684 = CARTESIAN_POINT ( 'NONE',  ( -2.802453651880320251, -0.9730674576370976769, 1.827866477707956516 ) ) ;
#2685 = ORIENTED_EDGE ( 'NONE', *, *, #3430, .T. ) ;
#2686 = AXIS2_PLACEMENT_3D ( 'NONE', #3465, #3393, #1200 ) ;
#2687 = PERSON ( 'UNSPECIFIED', 'UNSPECIFIED', 'UNSPECIFIED', ('UNSPECIFIED'), ('UNSPECIFIED'), ('UNSPECIFIED') ) ;
#2688 =( BOUNDED_CURVE ( )  B_SPLINE_CURVE ( 2, ( #3044, #6413, #818, #233, #3626 ),
 .UNSPECIFIED., .F., .T. ) 
 B_SPLINE_CURVE_WITH_KNOTS ( ( 3, 2, 3 ),
 ( 0.01659028043918812576, 0.05000000000000000278, 0.09358265573073312749 ),
 .UNSPECIFIED. ) 
 CURVE ( )  GEOMETRIC_REPRESENTATION_ITEM ( )  RATIONAL_B_SPLINE_CURVE ( ( 0.9945407480612347140, 0.9917734182391064746, 1.000000000000000000, 0.9892685037336769183, 0.9972452917573861875 ) ) 
 REPRESENTATION_ITEM ( '' )  );
#2689 = CARTESIAN_POINT ( 'NONE',  ( 0.000000000000000000, -2.857500000000000373, 0.000000000000000000 ) ) ;
#2690 = CC_DESIGN_PERSON_AND_ORGANIZATION_ASSIGNMENT ( #5697, #5265, ( #4607 ) ) ;
#2691 = CARTESIAN_POINT ( 'NONE',  ( -3.306215448764982412, 0.8786812499999994142, -0.6936675330068201584 ) ) ;
#2692 = CARTESIAN_POINT ( 'NONE',  ( -2.460192761098004777, 1.850231250000000882, 2.115774822787380494 ) ) ;
#2693 = ORIENTED_EDGE ( 'NONE', *, *, #2359, .T. ) ;
#2694 = DIRECTION ( 'NONE',  ( 0.000000000000000000, 0.000000000000000000, -1.000000000000000000 ) ) ;
#2695 = CARTESIAN_POINT ( 'NONE',  ( 1.262887209264354382, -1.207420750006950483, 2.843685662424116689 ) ) ;
#2696 = VERTEX_POINT ( 'NONE', #918 ) ;
#2697 =( BOUNDED_CURVE ( )  B_SPLINE_CURVE ( 2, ( #2069, #2106, #5870, #6462, #7058 ),
 .UNSPECIFIED., .F., .T. ) 
 B_SPLINE_CURVE_WITH_KNOTS ( ( 3, 2, 3 ),
 ( 0.01659028043918800085, 0.05000000000000000278, 0.08854378023972300782 ),
 .UNSPECIFIED. ) 
 CURVE ( )  GEOMETRIC_REPRESENTATION_ITEM ( )  RATIONAL_B_SPLINE_CURVE ( ( 0.9945407480612347140, 0.9917734182391063635, 1.000000000000000000, 0.9905092421102533740, 0.9956508716769392198 ) ) 
 REPRESENTATION_ITEM ( '' )  );
#2698 = CIRCLE ( 'NONE', #135, 3.378200000000000092 ) ;
#2699 = CARTESIAN_POINT ( 'NONE',  ( 1.374025122900257134, 3.793331249999997823, -3.279815690193423450 ) ) ;
#2700 = CARTESIAN_POINT ( 'NONE',  ( -3.148711984392884577, -3.007518750000000463, -1.223866038151486757 ) ) ;
#2701 = EDGE_CURVE ( 'NONE', #4142, #6114, #5683, .T. ) ;
#2702 = CARTESIAN_POINT ( 'NONE',  ( 1.581426685026610990, 0.2303863975390295360, -3.006342434025375709 ) ) ;
#2703 = CARTESIAN_POINT ( 'NONE',  ( -2.631916346094004044, 2.600324999999998887, -1.897911449373543835 ) ) ;
#2704 = CIRCLE ( 'NONE', #6449, 3.556000000000000050 ) ;
#2705 = CARTESIAN_POINT ( 'NONE',  ( 1.093849065754252559, -1.064418749999999747, 3.196205478586841231 ) ) ;
#2706 = EDGE_LOOP ( 'NONE', ( #4489, #2310, #5973, #1553 ) ) ;
#2707 = CARTESIAN_POINT ( 'NONE',  ( -2.926928844861714563, 2.600324999999998887, 2.019461199705621546 ) ) ;
#2708 = CARTESIAN_POINT ( 'NONE',  ( -3.229490588810609353, -0.9407207499999041822, 0.9912748240442841308 ) ) ;
#2709 = CARTESIAN_POINT ( 'NONE',  ( -0.5139337511870716302, 1.364456249999999482, 3.244850000000000012 ) ) ;
#2710 = ADVANCED_FACE ( 'NONE', ( #2602 ), #4834, .T. ) ;
#2711 =( BOUNDED_CURVE ( )  B_SPLINE_CURVE ( 2, ( #935, #837, #6469, #2549, #6395 ),
 .UNSPECIFIED., .F., .T. ) 
 B_SPLINE_CURVE_WITH_KNOTS ( ( 3, 2, 3 ),
 ( 0.01659028043918819167, 0.05000000000000000278, 0.08854378023972322986 ),
 .UNSPECIFIED. ) 
 CURVE ( )  GEOMETRIC_REPRESENTATION_ITEM ( )  RATIONAL_B_SPLINE_CURVE ( ( 0.9945407480612347140, 0.9917734182391064746, 1.000000000000000000, 0.9905092421102533740, 0.9956508716769392198 ) ) 
 REPRESENTATION_ITEM ( '' )  );
#2712 = DIRECTION ( 'NONE',  ( -0.000000000000000000, -1.000000000000000000, -0.000000000000000000 ) ) ;
#2713 = CARTESIAN_POINT ( 'NONE',  ( -2.177189854721734097, 3.307556250000000198, 2.867436407549411648 ) ) ;
#2714 = ORIENTED_EDGE ( 'NONE', *, *, #6594, .T. ) ;
#2715 = VERTEX_POINT ( 'NONE', #3050 ) ;
#2716 = CARTESIAN_POINT ( 'NONE',  ( 1.657893427392258756, 2.600324999999999775, 2.789344171290013108 ) ) ;
#2717 = ORIENTED_EDGE ( 'NONE', *, *, #3366, .F. ) ;
#2718 = EDGE_CURVE ( 'NONE', #3551, #6540, #2061, .T. ) ;
#2719 = CARTESIAN_POINT ( 'NONE',  ( -1.798132924185820825, 1.850231250000000660, 2.701068216365322794 ) ) ;
#2720 = CARTESIAN_POINT ( 'NONE',  ( -0.8754500528888720101, 0.8786812500000006354, 3.124522159850505965 ) ) ;
#2721 = CARTESIAN_POINT ( 'NONE',  ( -1.447601017000639478, 2.600324999999999775, 3.248012822569937619 ) ) ;
#2722 = CARTESIAN_POINT ( 'NONE',  ( -2.054419468376394775, -3.007518750000000463, -2.681715101936830603 ) ) ;
#2723 = CARTESIAN_POINT ( 'NONE',  ( 2.562542576509283965, 2.336006249999997397, 2.055858693268193260 ) ) ;
#2724 = EDGE_CURVE ( 'NONE', #3091, #5288, #6398, .T. ) ;
#2725 = B_SPLINE_CURVE_WITH_KNOTS ( 'NONE', 3,
 ( #1467, #5443, #2121, #7106, #434, #6586, #1574, #6029, #1021, #3693 ),
 .UNSPECIFIED., .F., .F.,
 ( 4, 3, 3, 4 ),
 ( 2.015893109793956027E-16, 0.0002589485462244641529, 0.0005341756780451704803, 0.0008103109524490899329 ),
 .UNSPECIFIED. ) ;
#2726 = VERTEX_POINT ( 'NONE', #1439 ) ;
#2727 = CARTESIAN_POINT ( 'NONE',  ( -3.165716835593479939, -0.5156196993881061452, -1.267789333207039570 ) ) ;
#2728 = CARTESIAN_POINT ( 'NONE',  ( 0.000000000000000000, -1.943100000000000049, 0.000000000000000000 ) ) ;
#2729 = VERTEX_POINT ( 'NONE', #5897 ) ;
#2730 = FACE_OUTER_BOUND ( 'NONE', #2445, .T. ) ;
#2731 = CARTESIAN_POINT ( 'NONE',  ( 1.915612093241132685, -1.064418749999999969, 2.782564563173391292 ) ) ;
#2732 = CARTESIAN_POINT ( 'NONE',  ( -1.318760403219943145, 3.307556249999998421, 3.350107194365924190 ) ) ;
#2733 = ORIENTED_EDGE ( 'NONE', *, *, #6421, .F. ) ;
#2734 = DIRECTION ( 'NONE',  ( -0.000000000000000000, -1.000000000000000000, -0.000000000000000000 ) ) ;
#2735 =( BOUNDED_SURFACE ( )  B_SPLINE_SURFACE ( 1, 2, ( 
 ( #142, #2882, #5036, #1160, #6170, #6767, #6847, #4531, #6286 ),
 ( #576, #2405, #729, #5179, #1311, #3540, #33, #2259, #6211 ) ),
 .UNSPECIFIED., .F., .F., .F. ) 
 B_SPLINE_SURFACE_WITH_KNOTS ( ( 2, 2 ),
 ( 3, 2, 2, 2, 3 ),
 ( 0.000000000000000000, 1.000000000000000000 ),
 ( 0.000000000000000000, 0.05000000000000000278, 0.1000000000000000056, 0.1499999999999999944, 0.2000000000000000111 ),
 .UNSPECIFIED. ) 
 GEOMETRIC_REPRESENTATION_ITEM ( )  RATIONAL_B_SPLINE_SURFACE ( (
 ( 1.000000000000000000, 0.9876883405951377704, 1.000000000000000000, 0.9876883405951377704, 1.000000000000000000, 0.9876883405951377704, 1.000000000000000000, 0.9876883405951377704, 1.000000000000000000),
 ( 1.000000000000000000, 0.9876883405951377704, 1.000000000000000000, 0.9876883405951377704, 1.000000000000000000, 0.9876883405951377704, 1.000000000000000000, 0.9876883405951377704, 1.000000000000000000) ) ) 
 REPRESENTATION_ITEM ( '' )  SURFACE ( )  );
#2736 = FACE_OUTER_BOUND ( 'NONE', #2070, .T. ) ;
#2737 = ORIENTED_EDGE ( 'NONE', *, *, #5307, .F. ) ;
#2738 = CARTESIAN_POINT ( 'NONE',  ( -1.266759100766399193, -3.007518750000000463, -3.131701872884057547 ) ) ;
#2739 = CARTESIAN_POINT ( 'NONE',  ( 1.688699348290920721, -3.007518750000000018, -2.613374592568356025 ) ) ;
#2740 = CARTESIAN_POINT ( 'NONE',  ( 3.405627291623958719, 2.223636876399968099, -1.110976644833340687 ) ) ;
#2741 = CARTESIAN_POINT ( 'NONE',  ( 2.680359758502417478, -1.064418749999999747, -1.580222710569896050 ) ) ;
#2742 = DIRECTION ( 'NONE',  ( 0.000000000000000000, 0.000000000000000000, -1.000000000000000000 ) ) ;
#2743 =( BOUNDED_CURVE ( )  B_SPLINE_CURVE ( 1, ( #1184, #124 ),
 .UNSPECIFIED., .F., .T. ) 
 B_SPLINE_CURVE_WITH_KNOTS ( ( 2, 2 ),
 ( 0.000000000000000000, 0.0005566452967378108987 ),
 .UNSPECIFIED. ) 
 CURVE ( )  GEOMETRIC_REPRESENTATION_ITEM ( )  RATIONAL_B_SPLINE_CURVE ( ( 0.9956508716769392198, 0.9956508716769392198 ) ) 
 REPRESENTATION_ITEM ( '' )  );
#2744 = ADVANCED_FACE ( 'NONE', ( #959 ), #3189, .T. ) ;
#2745 = CARTESIAN_POINT ( 'NONE',  ( -0.1329279692040685468, 1.850231249999999106, 3.242126104503538109 ) ) ;
#2746 = CARTESIAN_POINT ( 'NONE',  ( 3.079944889209229153, -2.521743749999999284, 0.6619943850201573943 ) ) ;
#2747 = CARTESIAN_POINT ( 'NONE',  ( -3.399882745551571439, 4.279106249999999889, 1.184544018322588377 ) ) ;
#2748 = CARTESIAN_POINT ( 'NONE',  ( 3.068919503624340628, -1.090493833097039511, -1.005547572850403748 ) ) ;
#2749 = CARTESIAN_POINT ( 'NONE',  ( -2.330825910387515076, 1.200150000000000272, -2.685588683225003770 ) ) ;
#2750 = CARTESIAN_POINT ( 'NONE',  ( -2.575703490097025039, 2.600324999999999331, -2.451711143487750544 ) ) ;
#2751 = ORIENTED_EDGE ( 'NONE', *, *, #6973, .T. ) ;
#2752 = EDGE_CURVE ( 'NONE', #90, #3708, #4431, .T. ) ;
#2753 = ORIENTED_EDGE ( 'NONE', *, *, #4884, .T. ) ;
#2754 = CARTESIAN_POINT ( 'NONE',  ( -2.871592714203492047, 2.223636876399970319, -2.141616594666867268 ) ) ;
#2755 = EDGE_CURVE ( 'NONE', #940, #6057, #919, .T. ) ;
#2756 = EDGE_LOOP ( 'NONE', ( #6163, #2091, #3236, #2588 ) ) ;
#2757 = CARTESIAN_POINT ( 'NONE',  ( 3.058947318407201799, -0.9407207500002884304, -1.433553815944851317 ) ) ;
#2758 =( BOUNDED_SURFACE ( )  B_SPLINE_SURFACE ( 1, 2, ( 
 ( #4659, #4731, #6452, #4182, #1878, #820, #5241, #6417, #1398 ),
 ( #3665, #2425, #6979, #4625, #5746, #749, #6347, #164, #5858 ) ),
 .UNSPECIFIED., .F., .F., .T. ) 
 B_SPLINE_SURFACE_WITH_KNOTS ( ( 2, 2 ),
 ( 3, 2, 2, 2, 3 ),
 ( 0.000000000000000000, 1.000000000000000000 ),
 ( 0.000000000000000000, 0.05000000000000000278, 0.1000000000000000056, 0.1499999999999999944, 0.2000000000000000111 ),
 .UNSPECIFIED. ) 
 GEOMETRIC_REPRESENTATION_ITEM ( )  RATIONAL_B_SPLINE_SURFACE ( (
 ( 1.000000000000000000, 0.9876883405951377704, 1.000000000000000000, 0.9876883405951377704, 1.000000000000000000, 0.9876883405951377704, 1.000000000000000000, 0.9876883405951377704, 1.000000000000000000),
 ( 1.000000000000000000, 0.9876883405951377704, 1.000000000000000000, 0.9876883405951377704, 1.000000000000000000, 0.9876883405951377704, 1.000000000000000000, 0.9876883405951377704, 1.000000000000000000) ) ) 
 REPRESENTATION_ITEM ( '' )  SURFACE ( )  );
#2759 = CARTESIAN_POINT ( 'NONE',  ( -3.539963469148098785, 4.764881250000000179, -0.3373346070253730455 ) ) ;
#2760 = CARTESIAN_POINT ( 'NONE',  ( -2.376994047915347519, -0.09286875000000033298, -2.400444653845410947 ) ) ;
#2761 = CARTESIAN_POINT ( 'NONE',  ( 2.829590983515474889, -1.090493833097039733, 1.556537088218310938 ) ) ;
#2762 = CARTESIAN_POINT ( 'NONE',  ( -2.897845211568034873, -1.149975985603239215, -1.285068251223620450 ) ) ;
#2763 = ADVANCED_FACE ( 'NONE', ( #1366 ), #2189, .T. ) ;
#2764 = ORIENTED_EDGE ( 'NONE', *, *, #2678, .T. ) ;
#2765 = CARTESIAN_POINT ( 'NONE',  ( 0.2212887554818071534, -0.9706622954021483229, -3.341784471878509688 ) ) ;
#2766 = CARTESIAN_POINT ( 'NONE',  ( -2.734156289907889725, -1.036468050703330590, 1.816283321920948879 ) ) ;
#2767 = ORIENTED_EDGE ( 'NONE', *, *, #6052, .F. ) ;
#2768 = CARTESIAN_POINT ( 'NONE',  ( 2.145466959832025733, -2.521743749999999729, 2.663736076578356204 ) ) ;
#2769 = EDGE_CURVE ( 'NONE', #2524, #4987, #2553, .T. ) ;
#2770 = CARTESIAN_POINT ( 'NONE',  ( -0.1329279692040685468, 1.850231249999999106, 3.242126104503538109 ) ) ;
#2771 = CARTESIAN_POINT ( 'NONE',  ( -1.685971980272479742, 0.8786812500000010795, 2.772462804842671158 ) ) ;
#2772 = ORIENTED_EDGE ( 'NONE', *, *, #339, .F. ) ;
#2773 = DIRECTION ( 'NONE',  ( 0.000000000000000000, 0.000000000000000000, -1.000000000000000000 ) ) ;
#2774 = CARTESIAN_POINT ( 'NONE',  ( -2.166253174655291325, 4.764881249999999291, -2.820014748772757152 ) ) ;
#2775 = VERTEX_POINT ( 'NONE', #2825 ) ;
#2776 = CARTESIAN_POINT ( 'NONE',  ( -2.220728013810153723, 0.5572124999999997774, -2.545702718048360680 ) ) ;
#2777 = CARTESIAN_POINT ( 'NONE',  ( -2.244288937232437942, -0.9407207499999040712, 2.524955921638321055 ) ) ;
#2778 = CARTESIAN_POINT ( 'NONE',  ( -2.162553563495264619, -2.035968750000000327, -2.595302935114498499 ) ) ;
#2779 =( BOUNDED_CURVE ( )  B_SPLINE_CURVE ( 1, ( #1425, #6403 ),
 .UNSPECIFIED., .F., .T. ) 
 B_SPLINE_CURVE_WITH_KNOTS ( ( 2, 2 ),
 ( 4.848699518061080308E-19, 0.0005566452967378097061 ),
 .UNSPECIFIED. ) 
 CURVE ( )  GEOMETRIC_REPRESENTATION_ITEM ( )  RATIONAL_B_SPLINE_CURVE ( ( 0.9956508716769392198, 0.9956508716769392198 ) ) 
 REPRESENTATION_ITEM ( '' )  );
#2780 = DIRECTION ( 'NONE',  ( 0.000000000000000000, 0.000000000000000000, -1.000000000000000000 ) ) ;
#2781 = FACE_OUTER_BOUND ( 'NONE', #2808, .T. ) ;
#2782 = CARTESIAN_POINT ( 'NONE',  ( -0.6198646690536572246, -0.5786437500000002343, 3.088699544860791679 ) ) ;
#2783 = CARTESIAN_POINT ( 'NONE',  ( -3.133659576550492876, 3.793331250000000487, 1.680866936522161570 ) ) ;
#2784 = DIRECTION ( 'NONE',  ( 0.000000000000000000, 0.000000000000000000, -1.000000000000000000 ) ) ;
#2785 = CARTESIAN_POINT ( 'NONE',  ( 0.4507569331500542176, 2.600324999999998887, 3.527315436308067209 ) ) ;
#2786 =( BOUNDED_CURVE ( )  B_SPLINE_CURVE ( 1, ( #511, #1093 ),
 .UNSPECIFIED., .F., .T. ) 
 B_SPLINE_CURVE_WITH_KNOTS ( ( 2, 2 ),
 ( 8.673617379884035472E-19, 0.0005566452967378117660 ),
 .UNSPECIFIED. ) 
 CURVE ( )  GEOMETRIC_REPRESENTATION_ITEM ( )  RATIONAL_B_SPLINE_CURVE ( ( 0.9956508716769392198, 0.9956508716769392198 ) ) 
 REPRESENTATION_ITEM ( '' )  );
#2787 = CARTESIAN_POINT ( 'NONE',  ( 1.657893427392258756, 2.600324999999999775, 2.789344171290013108 ) ) ;
#2788 = AXIS2_PLACEMENT_3D ( 'NONE', #1361, #786, #3009 ) ;
#2789 = ORIENTED_EDGE ( 'NONE', *, *, #6879, .F. ) ;
#2790 = CARTESIAN_POINT ( 'NONE',  ( -2.273996102851357559, 0.8786812499999995252, 2.123764105124868795 ) ) ;
#2791 = ORIENTED_EDGE ( 'NONE', *, *, #5489, .F. ) ;
#2792 = AXIS2_PLACEMENT_3D ( 'NONE', #2366, #4671, #2474 ) ;
#2793 = DIRECTION ( 'NONE',  ( 0.000000000000000000, 0.000000000000000000, -1.000000000000000000 ) ) ;
#2794 = CARTESIAN_POINT ( 'NONE',  ( -3.062170913104698133, 2.821781250000000352, 1.807828890945032629 ) ) ;
#2795 = CARTESIAN_POINT ( 'NONE',  ( 0.5448384728657962306, -3.007518750000000018, -3.333974546766257596 ) ) ;
#2796 = CARTESIAN_POINT ( 'NONE',  ( -0.3972780195898266142, -0.4535568597590719508, -3.378199999999999203 ) ) ;
#2797 = ORIENTED_EDGE ( 'NONE', *, *, #5276, .F. ) ;
#2798 = CARTESIAN_POINT ( 'NONE',  ( 2.149180425098966563, 1.850231249999997551, -2.431064586322511989 ) ) ;
#2799 = CARTESIAN_POINT ( 'NONE',  ( 0.000000000000000000, -1.943100000000000049, 0.000000000000000000 ) ) ;
#2800 = ORIENTED_EDGE ( 'NONE', *, *, #7069, .T. ) ;
#2801 = CARTESIAN_POINT ( 'NONE',  ( 0.2364427586297253858, -0.5786437500000001233, 3.141399673434730033 ) ) ;
#2802 = CARTESIAN_POINT ( 'NONE',  ( 3.064489182188991467, 2.336006249999997397, -1.889775983308545237 ) ) ;
#2803 = EDGE_CURVE ( 'NONE', #3585, #6389, #411, .T. ) ;
#2804 = CARTESIAN_POINT ( 'NONE',  ( 3.919359615991189252E-16, -2.857500000000000373, 3.200400000000000134 ) ) ;
#2805 = ORIENTED_EDGE ( 'NONE', *, *, #5251, .F. ) ;
#2806 = CARTESIAN_POINT ( 'NONE',  ( 3.147133543458879412, 0.5572124999999996664, -1.227919256154889505 ) ) ;
#2807 = CARTESIAN_POINT ( 'NONE',  ( -0.9333763555805499879, -1.135696009622294778, -2.969085643751183667 ) ) ;
#2808 = EDGE_LOOP ( 'NONE', ( #6408, #2105, #4858, #4958, #5100 ) ) ;
#2809 = CARTESIAN_POINT ( 'NONE',  ( 1.866623431903453367, -0.09286874999999999991, -2.815661947654398922 ) ) ;
#2810 = DIRECTION ( 'NONE',  ( -0.000000000000000000, -1.000000000000000000, -0.000000000000000000 ) ) ;
#2811 = CARTESIAN_POINT ( 'NONE',  ( -2.551369544908826725, 0.3929062499999994573, 2.277944645224645459 ) ) ;
#2812 = AXIS2_PLACEMENT_3D ( 'NONE', #1907, #1868, #811 ) ;
#2813 = CARTESIAN_POINT ( 'NONE',  ( -2.886698227749187495, -0.09286875000000054114, -1.161208677159147884 ) ) ;
#2814 = CARTESIAN_POINT ( 'NONE',  ( -3.396010638022621375, 1.850231250000001104, 1.054631569050159978 ) ) ;
#2816 = ADVANCED_FACE ( 'NONE', ( #5527 ), #1866, .T. ) ;
#2815 = CARTESIAN_POINT ( 'NONE',  ( 0.000000000000000000, -2.857500000000000373, 0.000000000000000000 ) ) ;
#2817 = AXIS2_PLACEMENT_3D ( 'NONE', #930, #3961, #3716 ) ;
#2818 = CARTESIAN_POINT ( 'NONE',  ( 3.507985658467566381, 1.850231249999996219, -0.5823852848294659434 ) ) ;
#2819 = CARTESIAN_POINT ( 'NONE',  ( -0.6619943850202016922, -0.5786437500000002343, -3.079944889209218051 ) ) ;
#2820 =( BOUNDED_CURVE ( )  B_SPLINE_CURVE ( 2, ( #2914, #5134, #1268, #133, #4054, #174, #5209 ),
 .UNSPECIFIED., .F., .T. ) 
 B_SPLINE_CURVE_WITH_KNOTS ( ( 3, 2, 2, 3 ),
 ( 0.01659028043918807371, 0.05000000000000000278, 0.1000000000000000056, 0.1074143368666444914 ),
 .UNSPECIFIED. ) 
 CURVE ( )  GEOMETRIC_REPRESENTATION_ITEM ( )  RATIONAL_B_SPLINE_CURVE ( ( 0.9945407480612344919, 0.9917734182391062525, 1.000000000000000000, 0.9876883405951377704, 1.000000000000000000, 0.9981743441956991703, 0.9968901294768236498 ) ) 
 REPRESENTATION_ITEM ( '' )  );
#2821 = CARTESIAN_POINT ( 'NONE',  ( -1.016188167162090483, -1.120186029920342108, 3.033029083006434590 ) ) ;
#2822 = CARTESIAN_POINT ( 'NONE',  ( 1.381721053059276505, 2.600324999999998887, 3.276580981989118069 ) ) ;
#2823 = CARTESIAN_POINT ( 'NONE',  ( -3.345314669369974681, -2.521743750000000173, -0.7123118167586366400 ) ) ;
#2824 = EDGE_LOOP ( 'NONE', ( #4525, #5334, #3038, #61 ) ) ;
#2825 = CARTESIAN_POINT ( 'NONE',  ( 0.000000000000000000, -2.857500000000000373, -2.500000000000000444 ) ) ;
#2826 = ORIENTED_EDGE ( 'NONE', *, *, #2003, .F. ) ;
#2827 = VECTOR ( 'NONE', #2193, 1000.000000000000000 ) ;
#2828 = DIRECTION ( 'NONE',  ( 0.000000000000000000, 0.000000000000000000, -1.000000000000000000 ) ) ;
#2829 = AXIS2_PLACEMENT_3D ( 'NONE', #2815, #6137, #2742 ) ;
#2830 = DIRECTION ( 'NONE',  ( -0.000000000000000000, -1.000000000000000000, -0.000000000000000000 ) ) ;
#2831 = FACE_OUTER_BOUND ( 'NONE', #7165, .T. ) ;
#2832 = CARTESIAN_POINT ( 'NONE',  ( -1.385395286121056557, -1.029273648346682890, -2.983698703724749102 ) ) ;
#2833 = CARTESIAN_POINT ( 'NONE',  ( 2.140421363582245551, -1.120186029920318127, -2.377078079442062286 ) ) ;
#2834 = CARTESIAN_POINT ( 'NONE',  ( -2.582087044416185861, -0.5156196993881074775, 2.227527636553947588 ) ) ;
#2835 = AXIS2_PLACEMENT_3D ( 'NONE', #5295, #868, #3101 ) ;
#2836 = ORIENTED_EDGE ( 'NONE', *, *, #1928, .F. ) ;
#2837 = CARTESIAN_POINT ( 'NONE',  ( 3.230029123146859416, 4.764881249999995738, 0.3097795766721622157 ) ) ;
#2838 = CYLINDRICAL_SURFACE ( 'NONE', #5353, 3.378200000000000092 ) ;
#2839 = EDGE_LOOP ( 'NONE', ( #6869, #5083, #4419, #1722 ) ) ;
#2840 = EDGE_CURVE ( 'NONE', #4987, #4287, #647, .T. ) ;
#2841 = CARTESIAN_POINT ( 'NONE',  ( 2.750873903827874223, -1.207420750006949373, -1.454003100147589267 ) ) ;
#2842 = CARTESIAN_POINT ( 'NONE',  ( 2.446449929616299368, 1.364456249999997706, -2.192729387085789128 ) ) ;
#2843 = CARTESIAN_POINT ( 'NONE',  ( 1.761072177503432812, 4.764881249999996626, -2.725376360821263333 ) ) ;
#2844 = VERTEX_POINT ( 'NONE', #6145 ) ;
#2845 = CARTESIAN_POINT ( 'NONE',  ( 1.209352165352724384, -0.9407207499999051814, 3.154314914550702564 ) ) ;
#2846 = CARTESIAN_POINT ( 'NONE',  ( -3.351402447955935227, 0.8786812500000024118, 1.188796715942201043 ) ) ;
#2847 = VERTEX_POINT ( 'NONE', #1136 ) ;
#2848 = EDGE_CURVE ( 'NONE', #265, #5390, #5051, .T. ) ;
#2849 = DIRECTION ( 'NONE',  ( 0.000000000000000000, 0.000000000000000000, -1.000000000000000000 ) ) ;
#2850 = DIRECTION ( 'NONE',  ( 0.000000000000000000, 0.000000000000000000, -1.000000000000000000 ) ) ;
#2851 = CARTESIAN_POINT ( 'NONE',  ( 0.4488387158635145369, -1.207420750006948706, 3.078956975526289774 ) ) ;
#2852 = CARTESIAN_POINT ( 'NONE',  ( 2.431028356689149739, 1.526976102460969154, 2.622156068648127558 ) ) ;
#2853 = EDGE_CURVE ( 'NONE', #5567, #3446, #7203, .T. ) ;
#2854 = CARTESIAN_POINT ( 'NONE',  ( -2.939791355552545671, 1.850231250000001104, 1.373564089629067730 ) ) ;
#2855 = DIRECTION ( 'NONE',  ( -0.000000000000000000, -1.000000000000000000, -0.000000000000000000 ) ) ;
#2856 = CARTESIAN_POINT ( 'NONE',  ( 1.983273135678616628, -1.207420750006950483, 2.397511192736232033 ) ) ;
#2857 = ADVANCED_FACE ( 'NONE', ( #2134 ), #2146, .F. ) ;
#2858 = CARTESIAN_POINT ( 'NONE',  ( 0.3447262146504814773, 0.5572124999999997774, -3.360565291276566668 ) ) ;
#2859 = FACE_OUTER_BOUND ( 'NONE', #5135, .T. ) ;
#2860 = ORIENTED_EDGE ( 'NONE', *, *, #4684, .T. ) ;
#2861 = CARTESIAN_POINT ( 'NONE',  ( -3.117497301564141843, 1.364456250000001258, 1.036527856764835942 ) ) ;
#2862 = ORIENTED_EDGE ( 'NONE', *, *, #3734, .T. ) ;
#2863 =( BOUNDED_CURVE ( )  B_SPLINE_CURVE ( 2, ( #508, #3322, #5038, #3836, #6062 ),
 .UNSPECIFIED., .F., .T. ) 
 B_SPLINE_CURVE_WITH_KNOTS ( ( 3, 2, 3 ),
 ( 0.01659028043918821249, 0.05000000000000000278, 0.08854378023972314660 ),
 .UNSPECIFIED. ) 
 CURVE ( )  GEOMETRIC_REPRESENTATION_ITEM ( )  RATIONAL_B_SPLINE_CURVE ( ( 0.9945407480612347140, 0.9917734182391064746, 1.000000000000000000, 0.9905092421102533740, 0.9956508716769392198 ) ) 
 REPRESENTATION_ITEM ( '' )  );
#2864 = CARTESIAN_POINT ( 'NONE',  ( 0.000000000000000000, -2.857500000000000373, 0.000000000000000000 ) ) ;
#2865 = CARTESIAN_POINT ( 'NONE',  ( -1.054631569050205719, 4.764881249999998403, 3.396010638022607608 ) ) ;
#2866 = CARTESIAN_POINT ( 'NONE',  ( -2.273546272396801182, 2.600324999999998887, 2.734250052074720383 ) ) ;
#2867 = CARTESIAN_POINT ( 'NONE',  ( 3.241060709092416392, 2.821781249999996799, 1.463099955566053101 ) ) ;
#2868 = CARTESIAN_POINT ( 'NONE',  ( 2.011810040621693663, -1.029273648346683778, -2.602767452898724798 ) ) ;
#2869 = CARTESIAN_POINT ( 'NONE',  ( 2.972069205123430091, -0.09286874999999968072, -0.9209977687035837413 ) ) ;
#2870 = ORIENTED_EDGE ( 'NONE', *, *, #435, .F. ) ;
#2871 = CARTESIAN_POINT ( 'NONE',  ( 3.544909369216122652, 2.600324999999998443, 0.2806306541412994515 ) ) ;
#2872 = FACE_OUTER_BOUND ( 'NONE', #2077, .T. ) ;
#2873 = ORIENTED_EDGE ( 'NONE', *, *, #666, .T. ) ;
#2874 = DIRECTION ( 'NONE',  ( -0.000000000000000000, -1.000000000000000000, -0.000000000000000000 ) ) ;
#2875 = FACE_OUTER_BOUND ( 'NONE', #2824, .T. ) ;
#2876 = DIRECTION ( 'NONE',  ( -0.000000000000000000, -1.000000000000000000, -0.000000000000000000 ) ) ;
#2877 = ORIENTED_EDGE ( 'NONE', *, *, #6251, .T. ) ;
#2878 = CARTESIAN_POINT ( 'NONE',  ( -1.594644491290852839, 2.821781249999999464, -3.178402892396709145 ) ) ;
#2879 = DIRECTION ( 'NONE',  ( -0.000000000000000000, -1.000000000000000000, -0.000000000000000000 ) ) ;
#2880 = VERTEX_POINT ( 'NONE', #2932 ) ;
#2881 = CARTESIAN_POINT ( 'NONE',  ( 3.105876717029535605, -1.207420750006950705, 0.1869814659634334852 ) ) ;
#2882 = CARTESIAN_POINT ( 'NONE',  ( -2.682499930699007606, 1.364456250000001258, 2.401362391777415617 ) ) ;
#2883 = CARTESIAN_POINT ( 'NONE',  ( 0.4742748286644341560, 2.600324999999999331, -3.210002322334881253 ) ) ;
#2884 = CARTESIAN_POINT ( 'NONE',  ( -2.650944757334922741, 0.8786812500000016346, -1.871241143214440017 ) ) ;
#2885 = EDGE_CURVE ( 'NONE', #3958, #2847, #1905, .T. ) ;
#2887 = EDGE_CURVE ( 'NONE', #2364, #3074, #6055, .T. ) ;
#2886 = CARTESIAN_POINT ( 'NONE',  ( -3.101527151200211385, 1.200150000000000050, 1.739443971609295758 ) ) ;
#2888 = CARTESIAN_POINT ( 'NONE',  ( 2.808469714965645458, -3.007518749999999574, -1.877427255613597801 ) ) ;
#2889 = ORIENTED_EDGE ( 'NONE', *, *, #4603, .T. ) ;
#2890 = CARTESIAN_POINT ( 'NONE',  ( 3.109500978727546716, 0.5572124999999997774, 0.1115164261103648025 ) ) ;
#2891 = CARTESIAN_POINT ( 'NONE',  ( -3.550104427863029599, 2.600324999999998443, 0.2046815850713119278 ) ) ;
#2892 = CARTESIAN_POINT ( 'NONE',  ( -0.9482833948862652296, -1.090493833097071263, 3.087094336746771805 ) ) ;
#2893 =( BOUNDED_CURVE ( )  B_SPLINE_CURVE ( 2, ( #3586, #4759, #5888, #1910, #4143 ),
 .UNSPECIFIED., .F., .T. ) 
 B_SPLINE_CURVE_WITH_KNOTS ( ( 3, 2, 3 ),
 ( 0.1114562197602769894, 0.1500000000000000222, 0.1834097195608119235 ),
 .UNSPECIFIED. ) 
 CURVE ( )  GEOMETRIC_REPRESENTATION_ITEM ( )  RATIONAL_B_SPLINE_CURVE ( ( 0.9956508716769392198, 0.9905092421102533740, 1.000000000000000000, 0.9917734182391063635, 0.9945407480612344919 ) ) 
 REPRESENTATION_ITEM ( '' )  );
#2894 = EDGE_CURVE ( 'NONE', #387, #90, #6442, .T. ) ;
#2895 = DIRECTION ( 'NONE',  ( 0.000000000000000000, 0.000000000000000000, -1.000000000000000000 ) ) ;
#2896 = CARTESIAN_POINT ( 'NONE',  ( -3.392398357654468732, -0.5786437500000005674, -0.4360639223544801046 ) ) ;
#2897 = EDGE_LOOP ( 'NONE', ( #4584, #220, #2115, #2617 ) ) ;
#2898 = CARTESIAN_POINT ( 'NONE',  ( -3.547603333632363576, 3.307556250000001086, -0.6138874506321537750 ) ) ;
#2899 = ORIENTED_EDGE ( 'NONE', *, *, #253, .T. ) ;
#2900 = CYLINDRICAL_SURFACE ( 'NONE', #1172, 2.500000000000000000 ) ;
#2901 = CARTESIAN_POINT ( 'NONE',  ( -0.4158196091882842005, 2.208877141217543194, -3.556000000000002270 ) ) ;
#2902 = CARTESIAN_POINT ( 'NONE',  ( -2.165910779688854149, -0.5786437500000004563, -2.287603020804064968 ) ) ;
#2903 = CARTESIAN_POINT ( 'NONE',  ( 0.000000000000000000, -2.857500000000000373, -2.500000000000000000 ) ) ;
#2904 = FACE_OUTER_BOUND ( 'NONE', #2357, .T. ) ;
#2905 = ORIENTED_EDGE ( 'NONE', *, *, #329, .T. ) ;
#2906 = CARTESIAN_POINT ( 'NONE',  ( 3.279815690193447875, 2.821781249999996355, -1.374025122900206730 ) ) ;
#2907 = AXIS2_PLACEMENT_3D ( 'NONE', #4619, #6898, #1834 ) ;
#2908 =( BOUNDED_CURVE ( )  B_SPLINE_CURVE ( 2, ( #6769, #4606, #3394, #5617, #3466 ),
 .UNSPECIFIED., .F., .T. ) 
 B_SPLINE_CURVE_WITH_KNOTS ( ( 3, 2, 3 ),
 ( 0.01659028043918807371, 0.05000000000000000278, 0.08663201837695332086 ),
 .UNSPECIFIED. ) 
 CURVE ( )  GEOMETRIC_REPRESENTATION_ITEM ( )  RATIONAL_B_SPLINE_CURVE ( ( 0.9945407480612344919, 0.9917734182391062525, 1.000000000000000000, 0.9909799813286059855, 0.9951768222464505431 ) ) 
 REPRESENTATION_ITEM ( '' )  );
#2909 = CARTESIAN_POINT ( 'NONE',  ( 1.629565197272841770, 1.526976102460969820, 3.182784722096685837 ) ) ;
#2910 = EDGE_CURVE ( 'NONE', #2399, #5288, #3840, .T. ) ;
#2911 = ORIENTED_EDGE ( 'NONE', *, *, #42, .F. ) ;
#2912 = DIRECTION ( 'NONE',  ( 0.000000000000000000, 0.000000000000000000, -1.000000000000000000 ) ) ;
#2913 = CARTESIAN_POINT ( 'NONE',  ( 0.8443166555217967995, -1.181751568882857040, -3.021507717567933238 ) ) ;
#2914 = CARTESIAN_POINT ( 'NONE',  ( -3.095723736874233190, 0.5572124999999998884, 0.3129325725351154719 ) ) ;
#2915 = ORIENTED_EDGE ( 'NONE', *, *, #3606, .F. ) ;
#2916 = CARTESIAN_POINT ( 'NONE',  ( -2.440221111745572991, -1.064418750000000413, 1.930480037656748360 ) ) ;
#2917 = ORIENTED_EDGE ( 'NONE', *, *, #5805, .F. ) ;
#2918 = CARTESIAN_POINT ( 'NONE',  ( 1.799088144740065731, -0.5786437500000001233, -2.586035369792920591 ) ) ;
#2919 = CARTESIAN_POINT ( 'NONE',  ( 0.000000000000000000, -2.857500000000000373, 0.000000000000000000 ) ) ;
#2920 = FACE_OUTER_BOUND ( 'NONE', #4964, .T. ) ;
#2921 = CARTESIAN_POINT ( 'NONE',  ( 0.000000000000000000, -2.857500000000000373, 0.000000000000000000 ) ) ;
#2922 = CARTESIAN_POINT ( 'NONE',  ( 3.515613030020511953, 2.821781249999996355, 0.5344165258953190722 ) ) ;
#2923 = EDGE_LOOP ( 'NONE', ( #1112, #7077, #2560, #2873 ) ) ;
#2924 = ADVANCED_FACE ( 'NONE', ( #114 ), #2934, .F. ) ;
#2925 =( BOUNDED_SURFACE ( )  B_SPLINE_SURFACE ( 1, 2, ( 
 ( #3555, #5776, #780, #3006, #5235, #232, #4145, #7178, #6026 ),
 ( #542, #6096, #1603, #5470, #2118, #3321, #6695, #4353, #2154 ) ),
 .UNSPECIFIED., .F., .F., .F. ) 
 B_SPLINE_SURFACE_WITH_KNOTS ( ( 2, 2 ),
 ( 3, 2, 2, 2, 3 ),
 ( 0.000000000000000000, 1.000000000000000000 ),
 ( 0.000000000000000000, 0.05000000000000000278, 0.1000000000000000056, 0.1499999999999999944, 0.2000000000000000111 ),
 .UNSPECIFIED. ) 
 GEOMETRIC_REPRESENTATION_ITEM ( )  RATIONAL_B_SPLINE_SURFACE ( (
 ( 1.000000000000000000, 0.9876883405951377704, 1.000000000000000000, 0.9876883405951377704, 1.000000000000000000, 0.9876883405951377704, 1.000000000000000000, 0.9876883405951377704, 1.000000000000000000),
 ( 1.000000000000000000, 0.9876883405951377704, 1.000000000000000000, 0.9876883405951377704, 1.000000000000000000, 0.9876883405951377704, 1.000000000000000000, 0.9876883405951377704, 1.000000000000000000) ) ) 
 REPRESENTATION_ITEM ( '' )  SURFACE ( )  );
#2926 = CARTESIAN_POINT ( 'NONE',  ( 3.404275322693558703, 2.223636876399967655, -1.115112497517070533 ) ) ;
#2927 = DATE_TIME_ROLE ( 'creation_date' ) ;
#2928 = DIRECTION ( 'NONE',  ( -0.000000000000000000, -1.000000000000000000, -0.000000000000000000 ) ) ;
#2929 = DIRECTION ( 'NONE',  ( -0.000000000000000000, -1.000000000000000000, -0.000000000000000000 ) ) ;
#2930 = AXIS2_PLACEMENT_3D ( 'NONE', #2303, #4538, #2376 ) ;
#2931 = VERTEX_POINT ( 'NONE', #4038 ) ;
#2932 = CARTESIAN_POINT ( 'NONE',  ( 0.000000000000000000, -2.857500000000000373, 3.070859999999999257 ) ) ;
#2933 = VERTEX_POINT ( 'NONE', #1254 ) ;
#2934 =( BOUNDED_SURFACE ( )  B_SPLINE_SURFACE ( 1, 2, ( 
 ( #6783, #3516, #195, #664, #5668, #2898, #2968, #743, #5774 ),
 ( #2346, #2861, #3408, #5194, #4583, #6824, #4653, #1801, #5703 ) ),
 .UNSPECIFIED., .F., .F., .T. ) 
 B_SPLINE_SURFACE_WITH_KNOTS ( ( 2, 2 ),
 ( 3, 2, 2, 2, 3 ),
 ( 0.000000000000000000, 1.000000000000000000 ),
 ( 0.000000000000000000, 0.05000000000000000278, 0.1000000000000000056, 0.1499999999999999944, 0.2000000000000000111 ),
 .UNSPECIFIED. ) 
 GEOMETRIC_REPRESENTATION_ITEM ( )  RATIONAL_B_SPLINE_SURFACE ( (
 ( 1.000000000000000000, 0.9876883405951377704, 1.000000000000000000, 0.9876883405951377704, 1.000000000000000000, 0.9876883405951377704, 1.000000000000000000, 0.9876883405951377704, 1.000000000000000000),
 ( 1.000000000000000000, 0.9876883405951377704, 1.000000000000000000, 0.9876883405951377704, 1.000000000000000000, 0.9876883405951377704, 1.000000000000000000, 0.9876883405951377704, 1.000000000000000000) ) ) 
 REPRESENTATION_ITEM ( '' )  SURFACE ( )  );
#2935 = CARTESIAN_POINT ( 'NONE',  ( 3.242835484156534331, 2.821781249999996355, 1.459162096100119044 ) ) ;
#2936 = EDGE_CURVE ( 'NONE', #694, #1446, #3121, .T. ) ;
#2937 = CARTESIAN_POINT ( 'NONE',  ( -1.048797666763527703, -0.5156196993881071444, 3.244853822708337443 ) ) ;
#2938 = CIRCLE ( 'NONE', #3874, 3.556000000000000050 ) ;
#2939 = AXIS2_PLACEMENT_3D ( 'NONE', #1258, #3928, #669 ) ;
#2940 = CARTESIAN_POINT ( 'NONE',  ( 3.810488515546989140E-16, 0.8786812499999998582, 3.111499999999999932 ) ) ;
#2941 = CARTESIAN_POINT ( 'NONE',  ( -1.627600686132253394, -0.9407207499999039602, -2.960262023284788047 ) ) ;
#2942 = CARTESIAN_POINT ( 'NONE',  ( -0.9226905757984162904, 2.600324999999999331, -3.434207055687352739 ) ) ;
#2943 = VERTEX_POINT ( 'NONE', #3732 ) ;
#2944 = CARTESIAN_POINT ( 'NONE',  ( 3.461058335304194600, 4.764881249999994850, 0.8162176178087727774 ) ) ;
#2945 = EDGE_CURVE ( 'NONE', #5320, #5506, #1674, .T. ) ;
#2946 = VERTEX_POINT ( 'NONE', #298 ) ;
#2947 = DIRECTION ( 'NONE',  ( 0.000000000000000000, -1.000000000000000000, -0.000000000000000000 ) ) ;
#2948 = CARTESIAN_POINT ( 'NONE',  ( 1.990902534943846725, -1.064418750000000191, -2.729201776409021285 ) ) ;
#2949 = EDGE_CURVE ( 'NONE', #2433, #6861, #3879, .T. ) ;
#2950 = CARTESIAN_POINT ( 'NONE',  ( -0.1207337956112501665, 3.307556249999998421, -3.598301066536876647 ) ) ;
#2951 = CIRCLE ( 'NONE', #5159, 3.378200000000000092 ) ;
#2952 =( BOUNDED_CURVE ( )  B_SPLINE_CURVE ( 1, ( #781, #4041 ),
 .UNSPECIFIED., .F., .T. ) 
 B_SPLINE_CURVE_WITH_KNOTS ( ( 2, 2 ),
 ( 0.000000000000000000, 0.0005113447558650977822 ),
 .UNSPECIFIED. ) 
 CURVE ( )  GEOMETRIC_REPRESENTATION_ITEM ( )  RATIONAL_B_SPLINE_CURVE ( ( 0.9945407480612344919, 0.9945407480612344919 ) ) 
 REPRESENTATION_ITEM ( '' )  );
#2953 = ORIENTED_EDGE ( 'NONE', *, *, #4718, .F. ) ;
#2954 = DIRECTION ( 'NONE',  ( -0.000000000000000000, -1.000000000000000000, -0.000000000000000000 ) ) ;
#2955 = ORIENTED_EDGE ( 'NONE', *, *, #7061, .F. ) ;
#2956 = CARTESIAN_POINT ( 'NONE',  ( -3.228732898775303450, -0.09286875000000065217, 0.9937399601334466759 ) ) ;
#2957 = CYLINDRICAL_SURFACE ( 'NONE', #3979, 3.556000000000000050 ) ;
#2958 = CARTESIAN_POINT ( 'NONE',  ( 0.5731593185233161414, 1.850231249999998884, -3.193828410871486945 ) ) ;
#2959 = CARTESIAN_POINT ( 'NONE',  ( -3.141399673434734918, -2.521743750000000173, -0.2364427586296811157 ) ) ;
#2960 = DIRECTION ( 'NONE',  ( 0.000000000000000000, 0.000000000000000000, -1.000000000000000000 ) ) ;
#2961 = CARTESIAN_POINT ( 'NONE',  ( -3.555697124339891158, 2.821781250000000352, -0.04641077419136193510 ) ) ;
#2962 = ORIENTED_EDGE ( 'NONE', *, *, #5877, .F. ) ;
#2963 = CARTESIAN_POINT ( 'NONE',  ( -0.1233394458946968780, -1.550193749999999815, -3.418085098777137176 ) ) ;
#2964 = CARTESIAN_POINT ( 'NONE',  ( 1.879570721995793114, -0.9407207499999044042, -2.807035650114998671 ) ) ;
#2965 = FACE_OUTER_BOUND ( 'NONE', #5570, .T. ) ;
#2966 = VERTEX_POINT ( 'NONE', #6971 ) ;
#2967 =( BOUNDED_SURFACE ( )  B_SPLINE_SURFACE ( 1, 2, ( 
 ( #3314, #2612, #5394, #4450, #7239, #5428, #972, #1629, #7130 ),
 ( #6577, #2648, #5978, #2215, #4304, #5540, #535, #2768, #1595 ) ),
 .UNSPECIFIED., .F., .F., .T. ) 
 B_SPLINE_SURFACE_WITH_KNOTS ( ( 2, 2 ),
 ( 3, 2, 2, 2, 3 ),
 ( 0.000000000000000000, 1.000000000000000000 ),
 ( 0.000000000000000000, 0.05000000000000000278, 0.1000000000000000056, 0.1499999999999999944, 0.2000000000000000111 ),
 .UNSPECIFIED. ) 
 GEOMETRIC_REPRESENTATION_ITEM ( )  RATIONAL_B_SPLINE_SURFACE ( (
 ( 1.000000000000000000, 0.9876883405951377704, 1.000000000000000000, 0.9876883405951377704, 1.000000000000000000, 0.9876883405951377704, 1.000000000000000000, 0.9876883405951377704, 1.000000000000000000),
 ( 1.000000000000000000, 0.9876883405951377704, 1.000000000000000000, 0.9876883405951377704, 1.000000000000000000, 0.9876883405951377704, 1.000000000000000000, 0.9876883405951377704, 1.000000000000000000) ) ) 
 REPRESENTATION_ITEM ( '' )  SURFACE ( )  );
#2968 = CARTESIAN_POINT ( 'NONE',  ( -3.365936473217493674, 3.793331250000000932, -1.146999415110650400 ) ) ;
#2969 = VERTEX_POINT ( 'NONE', #1470 ) ;
#2970 = FACE_OUTER_BOUND ( 'NONE', #3830, .T. ) ;
#2971 = CARTESIAN_POINT ( 'NONE',  ( -0.07664143102496367987, 0.3929062499999997904, 3.419450899259463661 ) ) ;
#2972 = DIRECTION ( 'NONE',  ( -0.000000000000000000, -1.000000000000000000, -0.000000000000000000 ) ) ;
#2973 = CARTESIAN_POINT ( 'NONE',  ( 0.6167293122375721026, 2.821781249999998131, 3.185701881521084911 ) ) ;
#2974 = EDGE_CURVE ( 'NONE', #5887, #2933, #2420, .T. ) ;
#2975 = ORIENTED_EDGE ( 'NONE', *, *, #4843, .T. ) ;
#2976 = CARTESIAN_POINT ( 'NONE',  ( -0.3097795766721147537, 1.850231249999999328, -3.230029123146856751 ) ) ;
#2977 = EDGE_CURVE ( 'NONE', #5033, #5722, #1394, .T. ) ;
#2978 = CARTESIAN_POINT ( 'NONE',  ( 3.045493445844348557, 0.5572124999999998884, 1.461918230038571798 ) ) ;
#2979 =( BOUNDED_CURVE ( )  B_SPLINE_CURVE ( 2, ( #4424, #2264, #4534 ),
 .UNSPECIFIED., .F., .T. ) 
 B_SPLINE_CURVE_WITH_KNOTS ( ( 3, 3 ),
 ( 0.01659028043918810494, 0.04355778107466955901 ),
 .UNSPECIFIED. ) 
 CURVE ( )  GEOMETRIC_REPRESENTATION_ITEM ( )  RATIONAL_B_SPLINE_CURVE ( ( 0.9945407480612344919, 0.9923070277631340641, 0.9972361924010797463 ) ) 
 REPRESENTATION_ITEM ( '' )  );
#2980 = ORIENTED_EDGE ( 'NONE', *, *, #5521, .F. ) ;
#2981 = CARTESIAN_POINT ( 'NONE',  ( 0.1474510261136244560, -0.9407207499999045153, -3.374980508817551961 ) ) ;
#2982 = EDGE_CURVE ( 'NONE', #3492, #2969, #2893, .T. ) ;
#2983 = CARTESIAN_POINT ( 'NONE',  ( -3.225658337427877331, -0.9407207500002858769, 1.003675012233884445 ) ) ;
#2984 = B_SPLINE_CURVE_WITH_KNOTS ( 'NONE', 3,
 ( #6289, #1825, #4064, #4167, #1278, #6814, #2408, #5801, #733, #186 ),
 .UNSPECIFIED., .F., .F.,
 ( 4, 3, 3, 4 ),
 ( 2.028739100919231679E-16, 0.0002589485462244643156, 0.0005341756780451732993, 0.0008103109524490941613 ),
 .UNSPECIFIED. ) ;
#2985 = DIRECTION ( 'NONE',  ( 0.000000000000000000, 0.000000000000000000, -1.000000000000000000 ) ) ;
#2986 = ORIENTED_EDGE ( 'NONE', *, *, #1236, .F. ) ;
#2987 = CARTESIAN_POINT ( 'NONE',  ( 0.7898608885645396205, -0.5156196993881067003, 3.317404505523795066 ) ) ;
#2988 = CARTESIAN_POINT ( 'NONE',  ( 2.345910891412858579, 0.3929062500000001235, -2.102617220493256056 ) ) ;
#2989 = ORIENTED_EDGE ( 'NONE', *, *, #6579, .T. ) ;
#2990 = EDGE_CURVE ( 'NONE', #1174, #3415, #1158, .T. ) ;
#2991 = CARTESIAN_POINT ( 'NONE',  ( 3.147133543458879412, 0.5572124999999996664, -1.227919256154889505 ) ) ;
#2992 = CARTESIAN_POINT ( 'NONE',  ( -1.468161441773084608, -0.9407207500002883194, 3.042488655836110389 ) ) ;
#2993 = CARTESIAN_POINT ( 'NONE',  ( 3.273083503299135000, 0.2303863975390296470, -0.9088066742530724884 ) ) ;
#2994 = CARTESIAN_POINT ( 'NONE',  ( -2.600326293921199294, 0.8786812500000014126, -2.425580170833782301 ) ) ;
#2995 = CARTESIAN_POINT ( 'NONE',  ( 0.000000000000000000, 1.200150000000000050, 0.000000000000000000 ) ) ;
#2996 = ORIENTED_EDGE ( 'NONE', *, *, #4058, .F. ) ;
#2997 = ADVANCED_FACE ( 'NONE', ( #908 ), #4390, .F. ) ;
#2998 = CARTESIAN_POINT ( 'NONE',  ( 0.1160814986977235230, 0.5572124999999997774, 3.376205018309772488 ) ) ;
#2999 = CARTESIAN_POINT ( 'NONE',  ( 1.424129952171891977, -3.007518750000000018, -3.063346065877456503 ) ) ;
#3000 = PERSON_AND_ORGANIZATION ( #2687, #3284 ) ;
#3001 = CARTESIAN_POINT ( 'NONE',  ( 1.238612496337700986, 0.5572124999999998884, -3.142940394585313157 ) ) ;
#3002 = CARTESIAN_POINT ( 'NONE',  ( -1.627624353832479720, -1.155006032159970442, -2.713217646485606149 ) ) ;
#3003 = ORIENTED_EDGE ( 'NONE', *, *, #2982, .F. ) ;
#3004 = CARTESIAN_POINT ( 'NONE',  ( -1.759453065306966879, -1.064418750000000191, -2.566273009829999729 ) ) ;
#3005 = VERTEX_POINT ( 'NONE', #2453 ) ;
#3006 = CARTESIAN_POINT ( 'NONE',  ( 0.7123118167586823812, -0.5786437500000001233, 3.345314669369960470 ) ) ;
#3007 = CARTESIAN_POINT ( 'NONE',  ( -2.375160832158841107, -0.9407207500002883194, -2.402258575045402189 ) ) ;
#3008 = CARTESIAN_POINT ( 'NONE',  ( -2.488861942455850240, 2.821781250000000352, -2.081974484448570806 ) ) ;
#3009 = DIRECTION ( 'NONE',  ( 0.000000000000000000, 0.000000000000000000, -1.000000000000000000 ) ) ;
#3010 =( BOUNDED_CURVE ( )  B_SPLINE_CURVE ( 1, ( #1658, #5670 ),
 .UNSPECIFIED., .F., .T. ) 
 B_SPLINE_CURVE_WITH_KNOTS ( ( 2, 2 ),
 ( 0.000000000000000000, 0.0005566452967378115492 ),
 .UNSPECIFIED. ) 
 CURVE ( )  GEOMETRIC_REPRESENTATION_ITEM ( )  RATIONAL_B_SPLINE_CURVE ( ( 0.9945407480612344919, 0.9945407480612344919 ) ) 
 REPRESENTATION_ITEM ( '' )  );
#3011 = VERTEX_POINT ( 'NONE', #264 ) ;
#3012 = CARTESIAN_POINT ( 'NONE',  ( 0.000000000000000000, -0.9407207500000012157, 0.000000000000000000 ) ) ;
#3013 = VERTEX_POINT ( 'NONE', #4725 ) ;
#3014 = CARTESIAN_POINT ( 'NONE',  ( 3.156325669269323786, 0.8786812499999973047, -1.637908504621540695 ) ) ;
#3015 = CYLINDRICAL_SURFACE ( 'NONE', #3994, 3.556000000000000050 ) ;
#3016 = CARTESIAN_POINT ( 'NONE',  ( 3.242765306387297652, 1.200150000000000272, 0.1162957015151435541 ) ) ;
#3017 = AXIS2_PLACEMENT_3D ( 'NONE', #88, #5750, #1334 ) ;
#3018 =( BOUNDED_CURVE ( )  B_SPLINE_CURVE ( 2, ( #3359, #578, #2814, #6136, #6662 ),
 .UNSPECIFIED., .F., .T. ) 
 B_SPLINE_CURVE_WITH_KNOTS ( ( 3, 2, 3 ),
 ( 0.01659028043918802861, 0.05000000000000000278, 0.08854378023972298006 ),
 .UNSPECIFIED. ) 
 CURVE ( )  GEOMETRIC_REPRESENTATION_ITEM ( )  RATIONAL_B_SPLINE_CURVE ( ( 0.9945407480612344919, 0.9917734182391063635, 1.000000000000000000, 0.9905092421102534850, 0.9956508716769392198 ) ) 
 REPRESENTATION_ITEM ( '' )  );
#3019 = ORIENTED_EDGE ( 'NONE', *, *, #3335, .T. ) ;
#3020 = CARTESIAN_POINT ( 'NONE',  ( 2.332588409096992166, 2.223636876399968543, -2.718749283874014822 ) ) ;
#3021 = CIRCLE ( 'NONE', #6295, 3.962399999999999700 ) ;
#3022 = ORIENTED_EDGE ( 'NONE', *, *, #6305, .T. ) ;
#3023 = CARTESIAN_POINT ( 'NONE',  ( 2.027994092226593548, -0.09286874999999979174, 2.701754097229061902 ) ) ;
#3024 = FACE_OUTER_BOUND ( 'NONE', #5862, .T. ) ;
#3025 = EDGE_CURVE ( 'NONE', #3282, #6596, #4626, .T. ) ;
#3026 = CARTESIAN_POINT ( 'NONE',  ( 2.930642448104152198, -1.550193749999999815, -1.155695430351080688 ) ) ;
#3027 = CARTESIAN_POINT ( 'NONE',  ( 0.3160498594639921666, -0.09286875000000011093, 3.363383374867157105 ) ) ;
#3028 = CARTESIAN_POINT ( 'NONE',  ( 0.9614767173893351559, 0.8786812499999995252, -3.423550572420137605 ) ) ;
#3029 = CARTESIAN_POINT ( 'NONE',  ( -2.849339831823944014, 4.764881249999999291, -2.127533436348655549 ) ) ;
#3030 = ORIENTED_EDGE ( 'NONE', *, *, #3441, .F. ) ;
#3031 = EDGE_CURVE ( 'NONE', #762, #6051, #3682, .T. ) ;
#3032 = CARTESIAN_POINT ( 'NONE',  ( -2.397382083512071826, 0.5572124999999998884, 2.380082852687131378 ) ) ;
#3033 = CARTESIAN_POINT ( 'NONE',  ( 0.000000000000000000, 0.5572124999999997774, 0.000000000000000000 ) ) ;
#3034 = MECHANICAL_CONTEXT ( 'NONE', #5650, 'mechanical' ) ;
#3035 = EDGE_CURVE ( 'NONE', #4954, #3749, #1913, .T. ) ;
#3036 = CARTESIAN_POINT ( 'NONE',  ( 2.920756056154579561, 4.764881249999995738, -1.413589609093241606 ) ) ;
#3037 = CARTESIAN_POINT ( 'NONE',  ( -2.780563420407663244, 1.526976102460970930, -1.707184206134952920 ) ) ;
#3038 = ORIENTED_EDGE ( 'NONE', *, *, #852, .T. ) ;
#3039 = AXIS2_PLACEMENT_3D ( 'NONE', #4477, #6746, #4001 ) ;
#3040 = CARTESIAN_POINT ( 'NONE',  ( -0.9180452162309442610, 3.793331249999999155, -3.112273205143709642 ) ) ;
#3041 = VERTEX_POINT ( 'NONE', #5410 ) ;
#3042 = CARTESIAN_POINT ( 'NONE',  ( 2.254700954252090384, 4.279106249999995448, 2.806897009463986681 ) ) ;
#3043 = CARTESIAN_POINT ( 'NONE',  ( 2.714760119853369513, 0.5572124999999996664, -1.520365002771937757 ) ) ;
#3044 = CARTESIAN_POINT ( 'NONE',  ( 3.329206089094517651, 0.5572124999999997774, 0.5732556640243327006 ) ) ;
#3045 = CIRCLE ( 'NONE', #7140, 3.556000000000000050 ) ;
#3046 = CARTESIAN_POINT ( 'NONE',  ( -2.340184116726644614, -1.135696009622295888, -2.051877014079191319 ) ) ;
#3047 = CARTESIAN_POINT ( 'NONE',  ( -0.3978915892084884387, 3.793331249999998711, 3.220362371804942558 ) ) ;
#3048 = CC_DESIGN_DATE_AND_TIME_ASSIGNMENT ( #774, #2927, ( #5190 ) ) ;
#3049 = EDGE_LOOP ( 'NONE', ( #2620, #6598, #6744, #5525 ) ) ;
#3050 = CARTESIAN_POINT ( 'NONE',  ( 1.322735693447402161, 2.600324999999998887, -2.963008911188123040 ) ) ;
#3051 = ORIENTED_EDGE ( 'NONE', *, *, #2216, .F. ) ;
#3052 = CIRCLE ( 'NONE', #7145, 2.933033249999999814 ) ;
#3053 = AXIS2_PLACEMENT_3D ( 'NONE', #6820, #3848, #6223 ) ;
#3054 = CARTESIAN_POINT ( 'NONE',  ( 2.598843063979327184, 4.764881249999995738, 1.942952971975025145 ) ) ;
#3055 = CARTESIAN_POINT ( 'NONE',  ( -2.833850895980837503, -0.09286875000000044400, 1.838892150004622028 ) ) ;
#3056 =( BOUNDED_CURVE ( )  B_SPLINE_CURVE ( 2, ( #872, #325, #2555, #5951, #3139 ),
 .UNSPECIFIED., .F., .T. ) 
 B_SPLINE_CURVE_WITH_KNOTS ( ( 3, 2, 3 ),
 ( 0.04315487585834447415, 0.05000000000000000278, 0.09358265573071419818 ),
 .UNSPECIFIED. ) 
 CURVE ( )  GEOMETRIC_REPRESENTATION_ITEM ( )  RATIONAL_B_SPLINE_CURVE ( ( 0.9970905038964716915, 0.9983145032596787427, 1.000000000000000000, 0.9892685037336815812, 0.9972452917573793041 ) ) 
 REPRESENTATION_ITEM ( '' )  );
#3057 = CARTESIAN_POINT ( 'NONE',  ( 0.000000000000000000, -2.857500000000000373, 0.000000000000000000 ) ) ;
#3058 = AXIS2_PLACEMENT_3D ( 'NONE', #6966, #4756, #3692 ) ;
#3059 = EDGE_LOOP ( 'NONE', ( #472, #676, #4184, #7085 ) ) ;
#3060 = CARTESIAN_POINT ( 'NONE',  ( 1.221461923758591750, -0.9407207500002896516, 3.149645378262225570 ) ) ;
#3061 = EDGE_CURVE ( 'NONE', #166, #5506, #3634, .T. ) ;
#3062 = DIRECTION ( 'NONE',  ( -0.000000000000000000, -1.000000000000000000, -0.000000000000000000 ) ) ;
#3063 = ORIENTED_EDGE ( 'NONE', *, *, #805, .T. ) ;
#3064 = CARTESIAN_POINT ( 'NONE',  ( 3.333974546766251379, -0.09286874999999968072, -0.5448384728658431930 ) ) ;
#3065 = CYLINDRICAL_SURFACE ( 'NONE', #4449, 3.378200000000000092 ) ;
#3066 = AXIS2_PLACEMENT_3D ( 'NONE', #1706, #4925, #5069 ) ;
#3067 = CARTESIAN_POINT ( 'NONE',  ( -1.815012681418311180, 2.600324999999999331, -3.057918404125707479 ) ) ;
#3068 = CARTESIAN_POINT ( 'NONE',  ( 1.685971980272443105, 0.8786812499999986370, 2.772462804842696471 ) ) ;
#3069 = CARTESIAN_POINT ( 'NONE',  ( 0.7105604706317116825, 2.336006249999999174, -3.529511443871341747 ) ) ;
#3070 = DIRECTION ( 'NONE',  ( 0.000000000000000000, 0.000000000000000000, -1.000000000000000000 ) ) ;
#3071 = EDGE_CURVE ( 'NONE', #139, #4110, #2649, .T. ) ;
#3072 = CARTESIAN_POINT ( 'NONE',  ( 2.303171439131121545, 0.2303863975390294250, 2.496879354856090139 ) ) ;
#3073 = EDGE_CURVE ( 'NONE', #5320, #3488, #3402, .T. ) ;
#3074 = VERTEX_POINT ( 'NONE', #5517 ) ;
#3075 = CARTESIAN_POINT ( 'NONE',  ( 3.061616997868383634E-16, -2.857500000000000373, 2.500000000000000444 ) ) ;
#3076 = CALENDAR_DATE ( 2026, 8, 1 ) ;
#3077 = CARTESIAN_POINT ( 'NONE',  ( 3.264972124177954349, -1.005087262691940486, -0.5671689329280924508 ) ) ;
#3078 = B_SPLINE_CURVE_WITH_KNOTS ( 'NONE', 3,
 ( #3880, #6621, #1606, #6100, #5619, #3324, #5041, #2299, #5549, #652 ),
 .UNSPECIFIED., .F., .F.,
 ( 4, 3, 3, 4 ),
 ( 8.096292481547835825E-16, 0.0001296210011225062606, 0.0002688043935198807270, 0.0004095291194012235024 ),
 .UNSPECIFIED. ) ;
#3079 = ORIENTED_EDGE ( 'NONE', *, *, #31, .F. ) ;
#3080 = CARTESIAN_POINT ( 'NONE',  ( 3.326979105667941194, 0.5572124999999997774, 0.5860420381243512944 ) ) ;
#3081 = ORIENTED_EDGE ( 'NONE', *, *, #352, .T. ) ;
#3082 = EDGE_CURVE ( 'NONE', #7157, #6656, #2607, .T. ) ;
#3083 = CARTESIAN_POINT ( 'NONE',  ( 1.469093030936394983, -1.064418749999999747, -2.742844858254677387 ) ) ;
#3084 = CARTESIAN_POINT ( 'NONE',  ( -2.046126904070099783, -0.5156196993880657331, -2.728079465300452533 ) ) ;
#3085 = VERTEX_POINT ( 'NONE', #3843 ) ;
#3086 = DIRECTION ( 'NONE',  ( -0.000000000000000000, -1.000000000000000000, -0.000000000000000000 ) ) ;
#3087 = ORIENTED_EDGE ( 'NONE', *, *, #2533, .F. ) ;
#3088 = CARTESIAN_POINT ( 'NONE',  ( 3.068310879982879769, 2.600324999999999775, -1.055708229710603963 ) ) ;
#3089 = CARTESIAN_POINT ( 'NONE',  ( 0.03806326879993041784, 2.600324999999999331, -3.555796280380566277 ) ) ;
#3090 = CARTESIAN_POINT ( 'NONE',  ( -0.06350354550099025774, 0.3929062499999999014, 3.419720114439880998 ) ) ;
#3091 = VERTEX_POINT ( 'NONE', #1577 ) ;
#3092 = CARTESIAN_POINT ( 'NONE',  ( -0.7573210922523886390, -3.007518750000000463, -3.017929259149334076 ) ) ;
#3093 = CARTESIAN_POINT ( 'NONE',  ( 2.446449929616299368, 1.364456249999997706, -2.192729387085789128 ) ) ;
#3094 = ORIENTED_EDGE ( 'NONE', *, *, #5880, .T. ) ;
#3095 = CARTESIAN_POINT ( 'NONE',  ( -1.713878656497743291, 2.600324999999999331, 2.755298799277764221 ) ) ;
#3096 =( BOUNDED_CURVE ( )  B_SPLINE_CURVE ( 1, ( #3611, #5910 ),
 .UNSPECIFIED., .F., .F. ) 
 B_SPLINE_CURVE_WITH_KNOTS ( ( 2, 2 ),
 ( 0.000000000000000000, 0.0005113447558650972401 ),
 .UNSPECIFIED. ) 
 CURVE ( )  GEOMETRIC_REPRESENTATION_ITEM ( )  RATIONAL_B_SPLINE_CURVE ( ( 0.9945407480612344919, 0.9945407480612344919 ) ) 
 REPRESENTATION_ITEM ( '' )  );
#3097 = CYLINDRICAL_SURFACE ( 'NONE', #3622, 3.022600000000000176 ) ;
#3098 = CARTESIAN_POINT ( 'NONE',  ( 1.691638814850690231, 0.3929062499999999014, -2.657565654213422945 ) ) ;
#3099 = CARTESIAN_POINT ( 'NONE',  ( 3.137189597075927594, 3.307556249999994868, -1.766462183813096720 ) ) ;
#3100 = CARTESIAN_POINT ( 'NONE',  ( 1.853404224539021650, 0.5572124999999997774, 2.824380997751704481 ) ) ;
#3101 = DIRECTION ( 'NONE',  ( 0.000000000000000000, 0.000000000000000000, -1.000000000000000000 ) ) ;
#3102 = CARTESIAN_POINT ( 'NONE',  ( -3.203158924671374308, -1.029273648346683778, 0.7493670373810857877 ) ) ;
#3103 = ORIENTED_EDGE ( 'NONE', *, *, #5111, .T. ) ;
#3104 = CARTESIAN_POINT ( 'NONE',  ( 1.435888628741938344, -3.007518750000000018, -3.057852037926230171 ) ) ;
#3105 = EDGE_CURVE ( 'NONE', #5282, #236, #5127, .T. ) ;
#3106 = CARTESIAN_POINT ( 'NONE',  ( 1.067918408573564459, 1.200149999999999828, 3.391855874389375636 ) ) ;
#3107 = ORIENTED_EDGE ( 'NONE', *, *, #2519, .T. ) ;
#3108 = CARTESIAN_POINT ( 'NONE',  ( -2.460192761098004777, 1.850231250000000882, 2.115774822787380494 ) ) ;
#3109 = EDGE_LOOP ( 'NONE', ( #2517, #5461, #6523, #6273 ) ) ;
#3110 = DIRECTION ( 'NONE',  ( -0.000000000000000000, -1.000000000000000000, -0.000000000000000000 ) ) ;
#3111 = FACE_OUTER_BOUND ( 'NONE', #4399, .T. ) ;
#3112 = EDGE_CURVE ( 'NONE', #3225, #1487, #4157, .T. ) ;
#3113 = CARTESIAN_POINT ( 'NONE',  ( -0.8639094619119257468, -1.207420750006950261, -2.989162540180619665 ) ) ;
#3114 = CARTESIAN_POINT ( 'NONE',  ( -3.544721828418575083, 1.526976102460971152, 0.4696258920756022914 ) ) ;
#3115 = ORIENTED_EDGE ( 'NONE', *, *, #2840, .T. ) ;
#3116 = CARTESIAN_POINT ( 'NONE',  ( 0.7451943768208353358, -1.135696009622293001, -3.021811761483635728 ) ) ;
#3117 = ORIENTED_EDGE ( 'NONE', *, *, #1497, .T. ) ;
#3118 = CARTESIAN_POINT ( 'NONE',  ( 3.502890616755781839, 1.200149999999999606, 0.6122853313973166678 ) ) ;
#3119 = DIRECTION ( 'NONE',  ( 0.000000000000000000, 0.000000000000000000, -1.000000000000000000 ) ) ;
#3120 = CARTESIAN_POINT ( 'NONE',  ( 0.000000000000000000, 1.200150000000000050, 0.000000000000000000 ) ) ;
#3121 =( BOUNDED_CURVE ( )  B_SPLINE_CURVE ( 2, ( #6264, #1323, #3553, #778, #3004, #4507, #7039 ),
 .UNSPECIFIED., .F., .T. ) 
 B_SPLINE_CURVE_WITH_KNOTS ( ( 3, 2, 2, 3 ),
 ( 0.01659028043918808065, 0.05000000000000000278, 0.1000000000000000056, 0.1074143368666444776 ),
 .UNSPECIFIED. ) 
 CURVE ( )  GEOMETRIC_REPRESENTATION_ITEM ( )  RATIONAL_B_SPLINE_CURVE ( ( 0.9945407480612347140, 0.9917734182391064746, 1.000000000000000000, 0.9876883405951377704, 1.000000000000000000, 0.9981743441956991703, 0.9968901294768236498 ) ) 
 REPRESENTATION_ITEM ( '' )  );
#3122 = CARTESIAN_POINT ( 'NONE',  ( 3.061616997868383141E-16, -2.857500000000000373, 2.500000000000000000 ) ) ;
#3123 = EDGE_CURVE ( 'NONE', #368, #3679, #6918, .T. ) ;
#3124 = VERTEX_POINT ( 'NONE', #2195 ) ;
#3125 = CARTESIAN_POINT ( 'NONE',  ( -2.070379048324074045, -1.550193750000000259, -2.374411018047414501 ) ) ;
#3126 = CARTESIAN_POINT ( 'NONE',  ( 2.982052258219451080, 1.364456249999997040, -2.017352607773712947 ) ) ;
#3127 = ORIENTED_EDGE ( 'NONE', *, *, #3217, .T. ) ;
#3128 = CARTESIAN_POINT ( 'NONE',  ( -1.002713794197548136, 1.850231249999999772, 3.086035736900329063 ) ) ;
#3129 = CARTESIAN_POINT ( 'NONE',  ( 2.025930955569043679, -0.9407207500002889855, 2.703301500622479647 ) ) ;
#3130 = CARTESIAN_POINT ( 'NONE',  ( 2.430077068900682757, -0.5786437500000000123, -2.004749990788710523 ) ) ;
#3131 = CARTESIAN_POINT ( 'NONE',  ( 3.193828410871502044, 4.764881249999995738, -0.5731593185232689569 ) ) ;
#3132 = AXIS2_PLACEMENT_3D ( 'NONE', #6868, #3559, #6377 ) ;
#3133 = DIRECTION ( 'NONE',  ( -0.000000000000000000, -1.000000000000000000, -0.000000000000000000 ) ) ;
#3134 = CARTESIAN_POINT ( 'NONE',  ( 1.523044306964585815, -1.120186029920318571, 2.812870393115547429 ) ) ;
#3135 = ORIENTED_EDGE ( 'NONE', *, *, #1541, .T. ) ;
#3136 = AXIS2_PLACEMENT_3D ( 'NONE', #3490, #1298, #6351 ) ;
#3137 =( BOUNDED_SURFACE ( )  B_SPLINE_SURFACE ( 1, 2, ( 
 ( #6393, #3098, #932, #3130, #5359, #3026, #353, #2581, #7062 ),
 ( #2441, #6917, #1896, #5799, #4132, #6363, #5256, #3610, #5833 ) ),
 .UNSPECIFIED., .F., .F., .T. ) 
 B_SPLINE_SURFACE_WITH_KNOTS ( ( 2, 2 ),
 ( 3, 2, 2, 2, 3 ),
 ( 0.000000000000000000, 1.000000000000000000 ),
 ( 0.000000000000000000, 0.05000000000000000278, 0.1000000000000000056, 0.1499999999999999944, 0.2000000000000000111 ),
 .UNSPECIFIED. ) 
 GEOMETRIC_REPRESENTATION_ITEM ( )  RATIONAL_B_SPLINE_SURFACE ( (
 ( 1.000000000000000000, 0.9876883405951377704, 1.000000000000000000, 0.9876883405951377704, 1.000000000000000000, 0.9876883405951377704, 1.000000000000000000, 0.9876883405951377704, 1.000000000000000000),
 ( 1.000000000000000000, 0.9876883405951377704, 1.000000000000000000, 0.9876883405951377704, 1.000000000000000000, 0.9876883405951377704, 1.000000000000000000, 0.9876883405951377704, 1.000000000000000000) ) ) 
 REPRESENTATION_ITEM ( '' )  SURFACE ( )  );
#3138 = CARTESIAN_POINT ( 'NONE',  ( -3.581226212606680281, 3.307556250000000642, 0.3703593241460583219 ) ) ;
#3139 = CARTESIAN_POINT ( 'NONE',  ( 1.052541986078847636, -0.9407207499999045153, -3.210045265653043600 ) ) ;
#3140 = CARTESIAN_POINT ( 'NONE',  ( -2.575703490097025039, 2.600324999999999331, -2.451711143487750544 ) ) ;
#3141 = CARTESIAN_POINT ( 'NONE',  ( 1.393624628095443851, -1.064418749999999969, 2.781949432675912881 ) ) ;
#3142 = ORIENTED_EDGE ( 'NONE', *, *, #6853, .T. ) ;
#3143 = ADVANCED_FACE ( 'NONE', ( #4859 ), #4893, .T. ) ;
#3144 = CARTESIAN_POINT ( 'NONE',  ( -3.057495353137251293, 0.8786812500000018566, -1.086634109553038519 ) ) ;
#3145 = ORIENTED_EDGE ( 'NONE', *, *, #5572, .T. ) ;
#3146 = CYLINDRICAL_SURFACE ( 'NONE', #591, 3.378200000000000092 ) ;
#3147 = CARTESIAN_POINT ( 'NONE',  ( -2.139013347186452751, -1.029273648346682890, -2.499279887082156204 ) ) ;
#3148 = CARTESIAN_POINT ( 'NONE',  ( 3.207801325124730596, 1.200150000000000272, 1.534648708508898007 ) ) ;
#3149 = FACE_OUTER_BOUND ( 'NONE', #1636, .T. ) ;
#3150 = ORIENTED_EDGE ( 'NONE', *, *, #3734, .F. ) ;
#3151 = CARTESIAN_POINT ( 'NONE',  ( -2.865313816027305727, -0.9706622954021475458, -1.733917214135107132 ) ) ;
#3152 = EDGE_CURVE ( 'NONE', #1300, #6114, #5879, .T. ) ;
#3153 = VERTEX_POINT ( 'NONE', #4565 ) ;
#3154 = CARTESIAN_POINT ( 'NONE',  ( 1.670124335322363374, -3.007518750000000018, 2.936480877609120910 ) ) ;
#3155 = VECTOR ( 'NONE', #2874, 1000.000000000000000 ) ;
#3156 = CARTESIAN_POINT ( 'NONE',  ( 0.5746702776127989853, -1.550193750000000037, 3.371686882470604996 ) ) ;
#3157 = FACE_OUTER_BOUND ( 'NONE', #7183, .T. ) ;
#3158 = CARTESIAN_POINT ( 'NONE',  ( -3.019729674991944890, -1.127509193519548036, 1.032637599946848006 ) ) ;
#3159 = EDGE_CURVE ( 'NONE', #5131, #2931, #6633, .T. ) ;
#3160 = ORIENTED_EDGE ( 'NONE', *, *, #2678, .F. ) ;
#3161 = CARTESIAN_POINT ( 'NONE',  ( -2.276662471292527190, -1.064418750000000191, -2.495805126969691923 ) ) ;
#3162 = CIRCLE ( 'NONE', #4912, 3.022600000000000176 ) ;
#3163 = CARTESIAN_POINT ( 'NONE',  ( 3.106857030536820385, -2.035968749999999883, 0.1699165730702323074 ) ) ;
#3164 = ORIENTED_EDGE ( 'NONE', *, *, #3615, .F. ) ;
#3165 = CARTESIAN_POINT ( 'NONE',  ( -2.863663931156157805, 3.307556250000000642, 1.610157853287830898 ) ) ;
#3166 = EDGE_CURVE ( 'NONE', #1462, #4400, #3358, .T. ) ;
#3167 =( BOUNDED_CURVE ( )  B_SPLINE_CURVE ( 2, ( #5569, #3381, #2212, #3271, #6684 ),
 .UNSPECIFIED., .F., .T. ) 
 B_SPLINE_CURVE_WITH_KNOTS ( ( 3, 2, 3 ),
 ( 0.01659028043918801473, 0.05000000000000000278, 0.08854378023972296619 ),
 .UNSPECIFIED. ) 
 CURVE ( )  GEOMETRIC_REPRESENTATION_ITEM ( )  RATIONAL_B_SPLINE_CURVE ( ( 0.9945407480612347140, 0.9917734182391064746, 1.000000000000000000, 0.9905092421102534850, 0.9956508716769392198 ) ) 
 REPRESENTATION_ITEM ( '' )  );
#3168 = DIRECTION ( 'NONE',  ( -0.000000000000000000, -1.000000000000000000, -0.000000000000000000 ) ) ;
#3169 = AXIS2_PLACEMENT_3D ( 'NONE', #3057, #6985, #1960 ) ;
#3170 = CIRCLE ( 'NONE', #1766, 3.378200000000000092 ) ;
#3171 = CARTESIAN_POINT ( 'NONE',  ( -1.061256455018113609, -0.5156196993879884616, 3.240800458719388377 ) ) ;
#3172 = EDGE_LOOP ( 'NONE', ( #5963, #3245, #5535, #4560 ) ) ;
#3173 = CYLINDRICAL_SURFACE ( 'NONE', #2480, 3.378200000000000092 ) ;
#3174 = CARTESIAN_POINT ( 'NONE',  ( -2.234571648527155840, -0.9407207500001902867, 2.533559706736562056 ) ) ;
#3175 = ORIENTED_EDGE ( 'NONE', *, *, #1564, .T. ) ;
#3176 = CARTESIAN_POINT ( 'NONE',  ( 3.037083119233793038, -1.067499318559793853, 1.161074295184473470 ) ) ;
#3177 = CARTESIAN_POINT ( 'NONE',  ( -3.520395851012949162, 4.279106249999999889, -0.7544271117967153994 ) ) ;
#3178 = CARTESIAN_POINT ( 'NONE',  ( -2.774251606121275859, -1.207420750006949595, -1.408886182746333926 ) ) ;
#3179 = CARTESIAN_POINT ( 'NONE',  ( 3.025859874904882396, -1.135696009622294333, -0.7285828700476105757 ) ) ;
#3180 =( BOUNDED_CURVE ( )  B_SPLINE_CURVE ( 2, ( #4642, #5105, #1790, #3984, #615 ),
 .UNSPECIFIED., .F., .T. ) 
 B_SPLINE_CURVE_WITH_KNOTS ( ( 3, 2, 3 ),
 ( 0.01659028043918807718, 0.05000000000000000278, 0.09358265573073305810 ),
 .UNSPECIFIED. ) 
 CURVE ( )  GEOMETRIC_REPRESENTATION_ITEM ( )  RATIONAL_B_SPLINE_CURVE ( ( 0.9945407480612344919, 0.9917734182391063635, 1.000000000000000000, 0.9892685037336769183, 0.9972452917573861875 ) ) 
 REPRESENTATION_ITEM ( '' )  );
#3181 = CARTESIAN_POINT ( 'NONE',  ( 2.598875829508853208, 0.5572124999999996664, 1.710928599560679109 ) ) ;
#3182 = ORIENTED_EDGE ( 'NONE', *, *, #5081, .T. ) ;
#3183 = CARTESIAN_POINT ( 'NONE',  ( -1.834858196677226383, 2.821781249999999464, -2.676256138822741715 ) ) ;
#3184 = VERTEX_POINT ( 'NONE', #4024 ) ;
#3185 = CARTESIAN_POINT ( 'NONE',  ( 0.000000000000000000, 1.200150000000000050, 0.000000000000000000 ) ) ;
#3186 = CARTESIAN_POINT ( 'NONE',  ( 3.147269084541449491, 1.850231249999996885, 0.7897777104917776958 ) ) ;
#3187 = CARTESIAN_POINT ( 'NONE',  ( -1.454893284690457200, 4.279106249999998113, 3.293270827764661401 ) ) ;
#3188 = ORIENTED_EDGE ( 'NONE', *, *, #5475, .F. ) ;
#3189 = CYLINDRICAL_SURFACE ( 'NONE', #1855, 3.556000000000000050 ) ;
#3190 = ORIENTED_EDGE ( 'NONE', *, *, #3105, .F. ) ;
#3191 = CARTESIAN_POINT ( 'NONE',  ( -1.451555021340229290, 0.5572124999999998884, -3.050446403400978390 ) ) ;
#3192 = CARTESIAN_POINT ( 'NONE',  ( 0.01903217956706002370, 2.583765375269875264, -3.556000000000000494 ) ) ;
#3193 = EDGE_CURVE ( 'NONE', #997, #5575, #1406, .T. ) ;
#3194 = CARTESIAN_POINT ( 'NONE',  ( 2.957643046954732569, -1.029273648346682224, 1.440182509342303518 ) ) ;
#3195 = ADVANCED_FACE ( 'NONE', ( #3944 ), #2623, .T. ) ;
#3196 = ORIENTED_EDGE ( 'NONE', *, *, #3193, .F. ) ;
#3197 = CARTESIAN_POINT ( 'NONE',  ( -1.169743537813039636, 1.850231249999999994, -3.026673351758434105 ) ) ;
#3198 = CARTESIAN_POINT ( 'NONE',  ( 2.597378125441521135, 0.8786812499999976378, -2.428736888482961653 ) ) ;
#3199 = VERTEX_POINT ( 'NONE', #4493 ) ;
#3200 =( BOUNDED_CURVE ( )  B_SPLINE_CURVE ( 2, ( #5056, #50, #6748, #4512, #3962, #6186, #1875 ),
 .UNSPECIFIED., .F., .F. ) 
 B_SPLINE_CURVE_WITH_KNOTS ( ( 3, 2, 2, 3 ),
 ( 0.01659028043918811535, 0.05000000000000000278, 0.1000000000000000056, 0.1074143368666444498 ),
 .UNSPECIFIED. ) 
 CURVE ( )  GEOMETRIC_REPRESENTATION_ITEM ( )  RATIONAL_B_SPLINE_CURVE ( ( 0.9945407480612344919, 0.9917734182391063635, 1.000000000000000000, 0.9876883405951377704, 1.000000000000000000, 0.9981743441956991703, 0.9968901294768236498 ) ) 
 REPRESENTATION_ITEM ( '' )  );
#3201 = ADVANCED_FACE ( 'NONE', ( #66 ), #1821, .T. ) ;
#3202 = CARTESIAN_POINT ( 'NONE',  ( 0.8438581907565864126, 2.600324999999999331, 3.133202016530857836 ) ) ;
#3203 = CARTESIAN_POINT ( 'NONE',  ( -0.4076393103398346929, -2.521743750000000173, -3.123800134296355502 ) ) ;
#3204 = EDGE_CURVE ( 'NONE', #533, #5093, #5493, .T. ) ;
#3205 = CARTESIAN_POINT ( 'NONE',  ( -2.356883819142590930, 1.850231250000001104, 2.662749455556010059 ) ) ;
#3206 = DIRECTION ( 'NONE',  ( -0.000000000000000000, -1.000000000000000000, -0.000000000000000000 ) ) ;
#3207 = VERTEX_POINT ( 'NONE', #1788 ) ;
#3208 = CARTESIAN_POINT ( 'NONE',  ( 0.000000000000000000, -2.857500000000000373, 0.000000000000000000 ) ) ;
#3210 = EDGE_CURVE ( 'NONE', #920, #5986, #3428, .T. ) ;
#3209 = CARTESIAN_POINT ( 'NONE',  ( 3.275363328016141384, -1.029273648346683334, -0.3062239750610601940 ) ) ;
#3211 = VERTEX_POINT ( 'NONE', #2881 ) ;
#3212 =( BOUNDED_CURVE ( )  B_SPLINE_CURVE ( 2, ( #4317, #987, #7037, #5408, #3141, #5474, #6622 ),
 .UNSPECIFIED., .F., .T. ) 
 B_SPLINE_CURVE_WITH_KNOTS ( ( 3, 2, 2, 3 ),
 ( 0.01659028043918811535, 0.05000000000000000278, 0.1000000000000000056, 0.1074143368666445331 ),
 .UNSPECIFIED. ) 
 CURVE ( )  GEOMETRIC_REPRESENTATION_ITEM ( )  RATIONAL_B_SPLINE_CURVE ( ( 0.9945407480612344919, 0.9917734182391063635, 1.000000000000000000, 0.9876883405951377704, 1.000000000000000000, 0.9981743441956991703, 0.9968901294768235388 ) ) 
 REPRESENTATION_ITEM ( '' )  );
#3213 = CARTESIAN_POINT ( 'NONE',  ( -2.302791776386009737, -2.035968750000000327, -2.092506220924798210 ) ) ;
#3214 = CARTESIAN_POINT ( 'NONE',  ( -3.311791490691795570, -1.005087262691940930, 0.1173059773383379190 ) ) ;
#3215 = CARTESIAN_POINT ( 'NONE',  ( 1.010288704766856061, 0.5572124999999997774, 3.223593022237842387 ) ) ;
#3217 = EDGE_CURVE ( 'NONE', #1115, #3041, #5374, .T. ) ;
#3216 = CARTESIAN_POINT ( 'NONE',  ( 2.763624927086100858, 0.8786812500000003023, 1.942836200606817165 ) ) ;
#3218 = ORIENTED_EDGE ( 'NONE', *, *, #5796, .F. ) ;
#3219 = CARTESIAN_POINT ( 'NONE',  ( 1.161208677159189406, -3.007518750000000018, 2.886698227749171508 ) ) ;
#3220 = CARTESIAN_POINT ( 'NONE',  ( 2.613374592568330712, -0.09286874999999979174, -1.688699348290958246 ) ) ;
#3221 = CARTESIAN_POINT ( 'NONE',  ( 0.000000000000000000, -2.857500000000000373, 0.000000000000000000 ) ) ;
#3222 = CARTESIAN_POINT ( 'NONE',  ( -0.03276214749315092128, 2.600324999999998887, 3.244684601651084854 ) ) ;
#3223 = DIRECTION ( 'NONE',  ( 0.000000000000000000, 0.000000000000000000, -1.000000000000000000 ) ) ;
#3224 = CARTESIAN_POINT ( 'NONE',  ( -3.554731524939287901, 1.850231250000001992, 0.09497255183892354402 ) ) ;
#3225 = VERTEX_POINT ( 'NONE', #2331 ) ;
#3226 = ORIENTED_EDGE ( 'NONE', *, *, #4146, .T. ) ;
#3227 = CARTESIAN_POINT ( 'NONE',  ( -3.002677889419313573, -1.550193750000000481, -0.9530071241898678824 ) ) ;
#3228 = ORIENTED_EDGE ( 'NONE', *, *, #713, .T. ) ;
#3229 = CARTESIAN_POINT ( 'NONE',  ( 3.297965208691649330, -0.5786437499999996792, 0.9066111865928844216 ) ) ;
#3230 = CARTESIAN_POINT ( 'NONE',  ( 0.000000000000000000, -2.857500000000000373, 0.000000000000000000 ) ) ;
#3231 = CARTESIAN_POINT ( 'NONE',  ( 1.687777478647624507, 4.279106249999996336, 2.818614305945228882 ) ) ;
#3232 = FACE_OUTER_BOUND ( 'NONE', #6284, .T. ) ;
#3233 = ORIENTED_EDGE ( 'NONE', *, *, #4023, .T. ) ;
#3234 = DIRECTION ( 'NONE',  ( 0.000000000000000000, 0.000000000000000000, -1.000000000000000000 ) ) ;
#3235 = CARTESIAN_POINT ( 'NONE',  ( -2.629147616925891828, -1.127509193519550701, 1.809057912634036480 ) ) ;
#3236 = ORIENTED_EDGE ( 'NONE', *, *, #604, .T. ) ;
#3237 = EDGE_CURVE ( 'NONE', #265, #6644, #5186, .T. ) ;
#3238 = CARTESIAN_POINT ( 'NONE',  ( 3.135586792539744039, -0.9407207500001877332, 1.257112050077780152 ) ) ;
#3239 = CARTESIAN_POINT ( 'NONE',  ( 2.669702917633035355, 2.600324999999999775, -1.844380073109034290 ) ) ;
#3240 = CARTESIAN_POINT ( 'NONE',  ( -1.804108067085569811, 3.793331249999999599, 3.064364547875594535 ) ) ;
#3241 = ORIENTED_EDGE ( 'NONE', *, *, #214, .T. ) ;
#3242 = CARTESIAN_POINT ( 'NONE',  ( -1.746217812079166043, 1.200150000000000272, 3.097718410827146052 ) ) ;
#3243 =( BOUNDED_SURFACE ( )  B_SPLINE_SURFACE ( 1, 2, ( 
 ( #1563, #6686, #3717, #6053, #4920, #4413, #4379, #1521, #4879 ),
 ( #1045, #2108, #3274, #4344, #3794, #3165, #499, #5941, #457 ) ),
 .UNSPECIFIED., .F., .F., .F. ) 
 B_SPLINE_SURFACE_WITH_KNOTS ( ( 2, 2 ),
 ( 3, 2, 2, 2, 3 ),
 ( 0.000000000000000000, 1.000000000000000000 ),
 ( 0.000000000000000000, 0.05000000000000000278, 0.1000000000000000056, 0.1499999999999999944, 0.2000000000000000111 ),
 .UNSPECIFIED. ) 
 GEOMETRIC_REPRESENTATION_ITEM ( )  RATIONAL_B_SPLINE_SURFACE ( (
 ( 1.000000000000000000, 0.9876883405951377704, 1.000000000000000000, 0.9876883405951377704, 1.000000000000000000, 0.9876883405951377704, 1.000000000000000000, 0.9876883405951377704, 1.000000000000000000),
 ( 1.000000000000000000, 0.9876883405951377704, 1.000000000000000000, 0.9876883405951377704, 1.000000000000000000, 0.9876883405951377704, 1.000000000000000000, 0.9876883405951377704, 1.000000000000000000) ) ) 
 REPRESENTATION_ITEM ( '' )  SURFACE ( )  );
#3244 = CARTESIAN_POINT ( 'NONE',  ( 2.964105475746108276, 0.5572124999999996664, 0.9463144184952146931 ) ) ;
#3245 = ORIENTED_EDGE ( 'NONE', *, *, #4537, .F. ) ;
#3246 = ADVANCED_FACE ( 'NONE', ( #4709 ), #6465, .T. ) ;
#3247 = CARTESIAN_POINT ( 'NONE',  ( -1.762771949166442642, -2.521743750000000173, -2.931066941683158511 ) ) ;
#3248 = CARTESIAN_POINT ( 'NONE',  ( 3.068310879982879769, 2.600324999999999775, -1.055708229710603963 ) ) ;
#3249 = CARTESIAN_POINT ( 'NONE',  ( -0.3097795766721147537, 1.850231249999999328, -3.230029123146856751 ) ) ;
#3250 = CARTESIAN_POINT ( 'NONE',  ( 1.981914327959034550, -1.155006032159971330, 2.466318436662259916 ) ) ;
#3251 = EDGE_CURVE ( 'NONE', #2946, #4412, #3162, .T. ) ;
#3252 = CARTESIAN_POINT ( 'NONE',  ( 2.996462750650441098, 0.8786812500000003023, -1.559950712030474529 ) ) ;
#3253 =( BOUNDED_SURFACE ( )  B_SPLINE_SURFACE ( 1, 2, ( 
 ( #5867, #3602, #1447, #7057, #862, #1999, #7017, #892, #2575 ),
 ( #347, #4810, #2034, #5355, #313, #3677, #4268, #2068, #2507 ) ),
 .UNSPECIFIED., .F., .F., .F. ) 
 B_SPLINE_SURFACE_WITH_KNOTS ( ( 2, 2 ),
 ( 3, 2, 2, 2, 3 ),
 ( 0.000000000000000000, 1.000000000000000000 ),
 ( 0.000000000000000000, 0.05000000000000000278, 0.1000000000000000056, 0.1499999999999999944, 0.2000000000000000111 ),
 .UNSPECIFIED. ) 
 GEOMETRIC_REPRESENTATION_ITEM ( )  RATIONAL_B_SPLINE_SURFACE ( (
 ( 1.000000000000000000, 0.9876883405951377704, 1.000000000000000000, 0.9876883405951377704, 1.000000000000000000, 0.9876883405951377704, 1.000000000000000000, 0.9876883405951377704, 1.000000000000000000),
 ( 1.000000000000000000, 0.9876883405951377704, 1.000000000000000000, 0.9876883405951377704, 1.000000000000000000, 0.9876883405951377704, 1.000000000000000000, 0.9876883405951377704, 1.000000000000000000) ) ) 
 REPRESENTATION_ITEM ( '' )  SURFACE ( )  );
#3254 = ORIENTED_EDGE ( 'NONE', *, *, #4457, .F. ) ;
#3255 = CARTESIAN_POINT ( 'NONE',  ( 3.357337387440092691, -0.09286874999999968072, 0.3748611835025444372 ) ) ;
#3256 = CARTESIAN_POINT ( 'NONE',  ( 0.1132053339522445939, 1.200149999999999606, 3.554197596134008208 ) ) ;
#3257 = CARTESIAN_POINT ( 'NONE',  ( 0.000000000000000000, 0.8786812499999998582, 3.244850000000000012 ) ) ;
#3258 = CARTESIAN_POINT ( 'NONE',  ( -2.215576515168617089, -1.000217606553379657, -2.471997822797039390 ) ) ;
#3259 = EDGE_CURVE ( 'NONE', #3426, #1953, #3514, .T. ) ;
#3260 = VERTEX_POINT ( 'NONE', #7021 ) ;
#3261 = ORIENTED_EDGE ( 'NONE', *, *, #3025, .F. ) ;
#3262 = CARTESIAN_POINT ( 'NONE',  ( -3.228732898775303450, -0.09286875000000065217, 0.9937399601334466759 ) ) ;
#3263 = ORIENTED_EDGE ( 'NONE', *, *, #2724, .F. ) ;
#3264 =( BOUNDED_SURFACE ( )  B_SPLINE_SURFACE ( 1, 2, ( 
 ( #6370, #3584, #5847, #5303, #7142, #326, #5918, #4285, #5952 ),
 ( #362, #5407, #2592, #4316, #4356, #4250, #6478, #3770, #6547 ) ),
 .UNSPECIFIED., .F., .F., .T. ) 
 B_SPLINE_SURFACE_WITH_KNOTS ( ( 2, 2 ),
 ( 3, 2, 2, 2, 3 ),
 ( 0.000000000000000000, 1.000000000000000000 ),
 ( 0.000000000000000000, 0.05000000000000000278, 0.1000000000000000056, 0.1499999999999999944, 0.2000000000000000111 ),
 .UNSPECIFIED. ) 
 GEOMETRIC_REPRESENTATION_ITEM ( )  RATIONAL_B_SPLINE_SURFACE ( (
 ( 1.000000000000000000, 0.9876883405951377704, 1.000000000000000000, 0.9876883405951377704, 1.000000000000000000, 0.9876883405951377704, 1.000000000000000000, 0.9876883405951377704, 1.000000000000000000),
 ( 1.000000000000000000, 0.9876883405951377704, 1.000000000000000000, 0.9876883405951377704, 1.000000000000000000, 0.9876883405951377704, 1.000000000000000000, 0.9876883405951377704, 1.000000000000000000) ) ) 
 REPRESENTATION_ITEM ( '' )  SURFACE ( )  );
#3265 = CARTESIAN_POINT ( 'NONE',  ( -3.150211770202682171, -0.5786437500000005674, 0.02151486092798871735 ) ) ;
#3266 = CARTESIAN_POINT ( 'NONE',  ( 3.000819865648922224, 0.3929062500000001235, 1.641218600711889630 ) ) ;
#3267 = FACE_OUTER_BOUND ( 'NONE', #6425, .T. ) ;
#3268 = CARTESIAN_POINT ( 'NONE',  ( 3.072418089926269857, 1.364456249999997262, 1.163368601864022800 ) ) ;
#3269 = ORIENTED_EDGE ( 'NONE', *, *, #5529, .F. ) ;
#3270 = DIRECTION ( 'NONE',  ( -0.000000000000000000, -1.000000000000000000, -0.000000000000000000 ) ) ;
#3271 = CARTESIAN_POINT ( 'NONE',  ( -3.107018640792174491, 2.223636876399968987, 1.015653358508585180 ) ) ;
#3272 = ORIENTED_EDGE ( 'NONE', *, *, #1317, .F. ) ;
#3273 = CIRCLE ( 'NONE', #3039, 3.378200000000000092 ) ;
#3274 = CARTESIAN_POINT ( 'NONE',  ( -1.798132924185820825, 1.850231250000000660, 2.701068216365322794 ) ) ;
#3275 = CARTESIAN_POINT ( 'NONE',  ( 0.000000000000000000, -2.857500000000000373, -3.556000000000000050 ) ) ;
#3276 = CARTESIAN_POINT ( 'NONE',  ( -3.539551111566226815, 4.764881250000000179, -0.3416342029280526882 ) ) ;
#3277 = ADVANCED_FACE ( 'NONE', ( #2545 ), #6894, .F. ) ;
#3278 = AXIS2_PLACEMENT_3D ( 'NONE', #4321, #5959, #4728 ) ;
#3279 = ORIENTED_EDGE ( 'NONE', *, *, #5389, .F. ) ;
#3280 = FACE_OUTER_BOUND ( 'NONE', #1991, .T. ) ;
#3281 = CARTESIAN_POINT ( 'NONE',  ( 0.000000000000000000, -0.9407207500000012157, 0.000000000000000000 ) ) ;
#3282 = VERTEX_POINT ( 'NONE', #4778 ) ;
#3283 = AXIS2_PLACEMENT_3D ( 'NONE', #5352, #4738, #3711 ) ;
#3284 = ORGANIZATION ( 'UNSPECIFIED', 'UNSPECIFIED', '' ) ;
#3285 = CARTESIAN_POINT ( 'NONE',  ( -1.234223936838645841, -0.5156196993881070334, -3.178953310492000917 ) ) ;
#3286 = CARTESIAN_POINT ( 'NONE',  ( -0.8117169222540171480, 0.5572124999999997774, 3.279230226459629360 ) ) ;
#3287 = EDGE_CURVE ( 'NONE', #6923, #1441, #933, .T. ) ;
#3288 =( BOUNDED_CURVE ( )  B_SPLINE_CURVE ( 2, ( #3339, #3375, #5563, #2796, #5017 ),
 .UNSPECIFIED., .F., .T. ) 
 B_SPLINE_CURVE_WITH_KNOTS ( ( 3, 2, 3 ),
 ( 0.01659028043918809453, 0.05000000000000000278, 0.08724308755158802220 ),
 .UNSPECIFIED. ) 
 CURVE ( )  GEOMETRIC_REPRESENTATION_ITEM ( )  RATIONAL_B_SPLINE_CURVE ( ( 0.9945407480612344919, 0.9917734182391063635, 1.000000000000000000, 0.9908295158175877138, 0.9953205174470167726 ) ) 
 REPRESENTATION_ITEM ( '' )  );
#3290 = EDGE_CURVE ( 'NONE', #4443, #57, #6202, .T. ) ;
#3289 = CARTESIAN_POINT ( 'NONE',  ( 0.7418306300350195892, 0.5572124999999997774, -3.021774241458458743 ) ) ;
#3291 = CIRCLE ( 'NONE', #3636, 3.556000000000000050 ) ;
#3292 = CARTESIAN_POINT ( 'NONE',  ( 3.360412623533912679, 0.5572124999999997774, -0.3462112643949348811 ) ) ;
#3293 = CARTESIAN_POINT ( 'NONE',  ( -0.9069526671401728635, 2.600324999999999331, 3.115523773311212441 ) ) ;
#3294 = EDGE_CURVE ( 'NONE', #3477, #1391, #1365, .T. ) ;
#3295 = CARTESIAN_POINT ( 'NONE',  ( 2.883028168637141953, 2.600324999999998887, 2.081654288983834533 ) ) ;
#3296 = CARTESIAN_POINT ( 'NONE',  ( 2.382743389825333402, -1.060154572504550918, 2.224544764932691265 ) ) ;
#3297 = CIRCLE ( 'NONE', #4237, 3.556000000000000050 ) ;
#3298 = CARTESIAN_POINT ( 'NONE',  ( 3.101381462569690051, 0.2303863975390295915, -0.4128062908623580940 ) ) ;
#3299 = CARTESIAN_POINT ( 'NONE',  ( -3.156325669269297141, 0.8786812500000023007, -1.637908504621585104 ) ) ;
#3300 = ORIENTED_EDGE ( 'NONE', *, *, #1008, .F. ) ;
#3301 = ORIENTED_EDGE ( 'NONE', *, *, #430, .F. ) ;
#3302 = DIRECTION ( 'NONE',  ( 0.000000000000000000, 0.000000000000000000, -1.000000000000000000 ) ) ;
#3303 = EDGE_CURVE ( 'NONE', #6656, #3958, #6169, .T. ) ;
#3304 = EDGE_LOOP ( 'NONE', ( #7213, #4282 ) ) ;
#3305 = CARTESIAN_POINT ( 'NONE',  ( 2.557060473695170533, -0.09286874999999988889, -2.207640589830199840 ) ) ;
#3306 = CARTESIAN_POINT ( 'NONE',  ( 2.020665981408951151, 1.364456249999998150, 2.590383835396951273 ) ) ;
#3307 = CARTESIAN_POINT ( 'NONE',  ( 1.393624628095443851, -1.064418749999999969, 2.781949432675912881 ) ) ;
#3308 = CARTESIAN_POINT ( 'NONE',  ( 3.272357585198482965, 1.364456249999997262, 0.2912992579859642883 ) ) ;
#3309 = CARTESIAN_POINT ( 'NONE',  ( -2.956611259202436948, -1.120186029920316795, -1.220800422428105270 ) ) ;
#3310 = ORIENTED_EDGE ( 'NONE', *, *, #70, .F. ) ;
#3311 = CARTESIAN_POINT ( 'NONE',  ( 2.885554539756490122, 2.600324999999999331, 2.078150860281980261 ) ) ;
#3312 = CARTESIAN_POINT ( 'NONE',  ( 2.203899881681182560, 0.5572124999999997774, -2.196419259049981143 ) ) ;
#3313 = ORIENTED_EDGE ( 'NONE', *, *, #1552, .T. ) ;
#3314 = CARTESIAN_POINT ( 'NONE',  ( 2.931844859172707540, 0.8786812500000001913, -1.041977913270036638 ) ) ;
#3315 = CARTESIAN_POINT ( 'NONE',  ( -2.173705294200082960, 3.307556249999998865, 2.870078833204702917 ) ) ;
#3316 = CARTESIAN_POINT ( 'NONE',  ( -3.386891662655337587, 1.200149999999999828, -1.083559350213809891 ) ) ;
#3317 = ORIENTED_EDGE ( 'NONE', *, *, #1945, .F. ) ;
#3318 = CARTESIAN_POINT ( 'NONE',  ( -0.2035419056831389295, -0.5786437500000001233, 3.414247948527872278 ) ) ;
#3319 = CARTESIAN_POINT ( 'NONE',  ( 0.3675163212188587991, 1.200149999999999828, -3.536957414733426397 ) ) ;
#3320 = ORIENTED_EDGE ( 'NONE', *, *, #3421, .F. ) ;
#3321 = CARTESIAN_POINT ( 'NONE',  ( -0.7458754588896394644, -1.550193750000000259, 3.060713460321045964 ) ) ;
#3322 = CARTESIAN_POINT ( 'NONE',  ( 3.575653482075259681, 1.526976102460968709, 0.01742112218003317309 ) ) ;
#3323 = CARTESIAN_POINT ( 'NONE',  ( -3.141653168019178821, 2.600324999999999331, -1.665878558561536327 ) ) ;
#3324 = CARTESIAN_POINT ( 'NONE',  ( 2.611205742708192723, -1.067499318559818944, 1.937413730033047843 ) ) ;
#3325 = B_SPLINE_CURVE_WITH_KNOTS ( 'NONE', 3,
 ( #2104, #4953, #4408, #6677, #7202, #6119, #3309, #2762, #3859, #1662 ),
 .UNSPECIFIED., .F., .F.,
 ( 4, 3, 3, 4 ),
 ( 2.018017147706602201E-16, 0.0002589485462244648034, 0.0005341756780451719982, 0.0008103109524490919929 ),
 .UNSPECIFIED. ) ;
#3326 = CARTESIAN_POINT ( 'NONE',  ( 1.168575674492967842, -1.064418749999999747, -3.169647635460970392 ) ) ;
#3327 = CARTESIAN_POINT ( 'NONE',  ( 2.674804083923781661, 1.200150000000000050, 2.343194211461069099 ) ) ;
#3328 =( BOUNDED_SURFACE ( )  B_SPLINE_SURFACE ( 1, 2, ( 
 ( #1141, #6829, #709, #1806, #5057, #3485, #4550, #5708, #2280 ),
 ( #4513, #5161, #5597, #51, #6749, #84, #2354, #6789, #1661 ) ),
 .UNSPECIFIED., .F., .F., .T. ) 
 B_SPLINE_SURFACE_WITH_KNOTS ( ( 2, 2 ),
 ( 3, 2, 2, 2, 3 ),
 ( 0.000000000000000000, 1.000000000000000000 ),
 ( 0.000000000000000000, 0.05000000000000000278, 0.1000000000000000056, 0.1499999999999999944, 0.2000000000000000111 ),
 .UNSPECIFIED. ) 
 GEOMETRIC_REPRESENTATION_ITEM ( )  RATIONAL_B_SPLINE_SURFACE ( (
 ( 1.000000000000000000, 0.9876883405951377704, 1.000000000000000000, 0.9876883405951377704, 1.000000000000000000, 0.9876883405951377704, 1.000000000000000000, 0.9876883405951377704, 1.000000000000000000),
 ( 1.000000000000000000, 0.9876883405951377704, 1.000000000000000000, 0.9876883405951377704, 1.000000000000000000, 0.9876883405951377704, 1.000000000000000000, 0.9876883405951377704, 1.000000000000000000) ) ) 
 REPRESENTATION_ITEM ( '' )  SURFACE ( )  );
#3329 = CYLINDRICAL_SURFACE ( 'NONE', #2007, 3.162299999999999667 ) ;
#3330 = CARTESIAN_POINT ( 'NONE',  ( -0.1085198319596050454, -1.179124203889763800, -3.139015076680252925 ) ) ;
#3331 = CARTESIAN_POINT ( 'NONE',  ( -3.539977476757080410, 1.526976102460971374, -0.5041436138914283660 ) ) ;
#3332 = EDGE_LOOP ( 'NONE', ( #2002, #6543 ) ) ;
#3333 = CARTESIAN_POINT ( 'NONE',  ( -3.386125846189167010, -0.5786437500000006784, 0.4823589070035025350 ) ) ;
#3334 = ORIENTED_EDGE ( 'NONE', *, *, #6888, .F. ) ;
#3335 = EDGE_CURVE ( 'NONE', #5287, #7075, #3651, .T. ) ;
#3336 = CARTESIAN_POINT ( 'NONE',  ( 2.256578695637662779, -1.207420750006950927, -2.142261618102285770 ) ) ;
#3337 = CARTESIAN_POINT ( 'NONE',  ( 2.371453078687844940, 0.8786812499999981929, 2.214782566773077832 ) ) ;
#3338 = CARTESIAN_POINT ( 'NONE',  ( -1.518877486369966112, -1.064418750000000191, -3.017490086379483127 ) ) ;
#3339 = CARTESIAN_POINT ( 'NONE',  ( -1.451555021340229290, 0.5572124999999998884, -3.050446403400978390 ) ) ;
#3340 = CARTESIAN_POINT ( 'NONE',  ( -1.941727881111138254, 0.2303863975390293140, -2.787238422964839035 ) ) ;
#3341 = CARTESIAN_POINT ( 'NONE',  ( -1.965430893083324859, 0.2303863975390293417, 2.770575137990226366 ) ) ;
#3342 = VERTEX_POINT ( 'NONE', #2439 ) ;
#3343 = CARTESIAN_POINT ( 'NONE',  ( -0.9268612820177519751, 2.600324999999999331, -3.433083768843460781 ) ) ;
#3344 = CARTESIAN_POINT ( 'NONE',  ( 2.835785103039459187, 1.200150000000000272, -2.145567255850884703 ) ) ;
#3345 = ORIENTED_EDGE ( 'NONE', *, *, #3757, .T. ) ;
#3346 = FACE_OUTER_BOUND ( 'NONE', #4194, .T. ) ;
#3347 = CARTESIAN_POINT ( 'NONE',  ( 0.006489430210091710546, 0.8786812499999996362, -3.378193766984886715 ) ) ;
#3348 = ADVANCED_FACE ( 'NONE', ( #4673 ), #5141, .F. ) ;
#3349 = CARTESIAN_POINT ( 'NONE',  ( -0.9268612820177519751, 2.600324999999999331, -3.433083768843460781 ) ) ;
#3350 = VERTEX_POINT ( 'NONE', #526 ) ;
#3351 = CARTESIAN_POINT ( 'NONE',  ( 0.000000000000000000, 2.600324999999999331, 0.000000000000000000 ) ) ;
#3352 = CARTESIAN_POINT ( 'NONE',  ( 2.015530085667858629, -0.9407207499999047373, 2.711065051555944461 ) ) ;
#3353 = ORIENTED_EDGE ( 'NONE', *, *, #966, .F. ) ;
#3354 = CARTESIAN_POINT ( 'NONE',  ( -3.228397611311702331, 1.200150000000000272, 0.3263439685008610591 ) ) ;
#3355 = CARTESIAN_POINT ( 'NONE',  ( -3.039198012344941358, -0.5786437500000004563, -0.8291999325390934095 ) ) ;
#3356 = CARTESIAN_POINT ( 'NONE',  ( -2.818978012173654513, -0.09286875000000054114, 1.317116250329281257 ) ) ;
#3357 = CARTESIAN_POINT ( 'NONE',  ( -3.455810478217991921, 1.200150000000000272, 0.8381586595858427913 ) ) ;
#3358 =( BOUNDED_CURVE ( )  B_SPLINE_CURVE ( 1, ( #182, #3354 ),
 .UNSPECIFIED., .F., .T. ) 
 B_SPLINE_CURVE_WITH_KNOTS ( ( 2, 2 ),
 ( 0.000000000000000000, 0.0005566452967378094892 ),
 .UNSPECIFIED. ) 
 CURVE ( )  GEOMETRIC_REPRESENTATION_ITEM ( )  RATIONAL_B_SPLINE_CURVE ( ( 0.9945407480612347140, 0.9945407480612347140 ) ) 
 REPRESENTATION_ITEM ( '' )  );
#3359 = CARTESIAN_POINT ( 'NONE',  ( -3.101527151200211385, 1.200150000000000050, 1.739443971609295758 ) ) ;
#3360 = CARTESIAN_POINT ( 'NONE',  ( -2.371453078687876026, 0.8786812500000014126, 2.214782566773045858 ) ) ;
#3361 = CARTESIAN_POINT ( 'NONE',  ( 3.217163114814314273, -2.521743749999999284, 1.161197594759036500 ) ) ;
#3362 = DIRECTION ( 'NONE',  ( 0.000000000000000000, 0.000000000000000000, -1.000000000000000000 ) ) ;
#3363 = CARTESIAN_POINT ( 'NONE',  ( 3.058882330310455533, -1.149975985603240325, -0.8319532257436010880 ) ) ;
#3364 = CARTESIAN_POINT ( 'NONE',  ( 1.480869980543641384, -0.5156196993881065893, -3.071819815236273232 ) ) ;
#3365 = CARTESIAN_POINT ( 'NONE',  ( -1.590782642599753105, 2.821781249999999908, -3.180337495298784400 ) ) ;
#3366 = EDGE_CURVE ( 'NONE', #1356, #3749, #6439, .T. ) ;
#3367 = CIRCLE ( 'NONE', #3132, 3.070859999999999257 ) ;
#3368 = ORIENTED_EDGE ( 'NONE', *, *, #4595, .F. ) ;
#3369 = CARTESIAN_POINT ( 'NONE',  ( -3.544148778666010635, 1.526976102460971374, 0.4739311701662599630 ) ) ;
#3370 = ORIENTED_EDGE ( 'NONE', *, *, #7105, .T. ) ;
#3371 =( BOUNDED_SURFACE ( )  B_SPLINE_SURFACE ( 1, 2, ( 
 ( #1504, #3661, #2528, #4829, #2561, #7042, #7078, #6482, #1473 ),
 ( #5922, #5373, #3736, #370, #2597, #5412, #6140, #1718, #7221 ) ),
 .UNSPECIFIED., .F., .F., .T. ) 
 B_SPLINE_SURFACE_WITH_KNOTS ( ( 2, 2 ),
 ( 3, 2, 2, 2, 3 ),
 ( 0.000000000000000000, 1.000000000000000000 ),
 ( 0.000000000000000000, 0.05000000000000000278, 0.1000000000000000056, 0.1499999999999999944, 0.2000000000000000111 ),
 .UNSPECIFIED. ) 
 GEOMETRIC_REPRESENTATION_ITEM ( )  RATIONAL_B_SPLINE_SURFACE ( (
 ( 1.000000000000000000, 0.9876883405951377704, 1.000000000000000000, 0.9876883405951377704, 1.000000000000000000, 0.9876883405951377704, 1.000000000000000000, 0.9876883405951377704, 1.000000000000000000),
 ( 1.000000000000000000, 0.9876883405951377704, 1.000000000000000000, 0.9876883405951377704, 1.000000000000000000, 0.9876883405951377704, 1.000000000000000000, 0.9876883405951377704, 1.000000000000000000) ) ) 
 REPRESENTATION_ITEM ( '' )  SURFACE ( )  );
#3372 = DIRECTION ( 'NONE',  ( 0.000000000000000000, 0.000000000000000000, -1.000000000000000000 ) ) ;
#3373 = CARTESIAN_POINT ( 'NONE',  ( -3.221072382497682351, 4.279106249999999889, 0.6464302977273849171 ) ) ;
#3374 = CYLINDRICAL_SURFACE ( 'NONE', #5732, 3.556000000000000050 ) ;
#3375 = CARTESIAN_POINT ( 'NONE',  ( -1.130051153543446985, 0.2303863975390293417, -3.203434029461352139 ) ) ;
#3376 = CARTESIAN_POINT ( 'NONE',  ( -2.894033783787748337, -1.060154572504549808, 1.500211295531717060 ) ) ;
#3377 = CARTESIAN_POINT ( 'NONE',  ( 0.000000000000000000, 0.5572124999999997774, 0.000000000000000000 ) ) ;
#3378 = VERTEX_POINT ( 'NONE', #6079 ) ;
#3379 = DIRECTION ( 'NONE',  ( -0.000000000000000000, -1.000000000000000000, -0.000000000000000000 ) ) ;
#3380 = ADVANCED_FACE ( 'NONE', ( #3896 ), #660, .F. ) ;
#3381 = CARTESIAN_POINT ( 'NONE',  ( -2.795023636640926679, 1.526976102460971152, 1.683405393600816646 ) ) ;
#3382 = ORIENTED_EDGE ( 'NONE', *, *, #75, .T. ) ;
#3383 = CARTESIAN_POINT ( 'NONE',  ( 0.000000000000000000, -2.766060000000000407, 0.000000000000000000 ) ) ;
#3384 = EDGE_CURVE ( 'NONE', #5354, #770, #3052, .T. ) ;
#3385 = CARTESIAN_POINT ( 'NONE',  ( 1.799088144740065731, -0.5786437500000001233, -2.586035369792920591 ) ) ;
#3386 = CARTESIAN_POINT ( 'NONE',  ( 1.722573023542755877, 0.3929062500000001235, 2.954870646908031695 ) ) ;
#3387 = ORIENTED_EDGE ( 'NONE', *, *, #1955, .T. ) ;
#3388 = CARTESIAN_POINT ( 'NONE',  ( -1.655182189672983473, -2.521743750000000173, 2.680423288466507348 ) ) ;
#3389 = CARTESIAN_POINT ( 'NONE',  ( -3.539689350470086815, 1.364456250000001925, 0.6579867149204189358 ) ) ;
#3390 = ORIENTED_EDGE ( 'NONE', *, *, #460, .F. ) ;
#3391 = EDGE_CURVE ( 'NONE', #254, #7157, #4170, .T. ) ;
#3392 = CARTESIAN_POINT ( 'NONE',  ( 0.8285270881438070445, -3.007518750000000018, 3.275023374605430693 ) ) ;
#3393 = DIRECTION ( 'NONE',  ( -0.000000000000000000, -1.000000000000000000, -0.000000000000000000 ) ) ;
#3394 = CARTESIAN_POINT ( 'NONE',  ( -0.7710867977994446676, -0.09286875000000011093, -3.289021190302582553 ) ) ;
#3395 = CARTESIAN_POINT ( 'NONE',  ( 1.647946541022895950, 3.793331249999997379, -2.795232319581093083 ) ) ;
#3396 = CARTESIAN_POINT ( 'NONE',  ( 2.060857941875686716, -0.09286874999999999991, -2.331157822501066512 ) ) ;
#3397 = CARTESIAN_POINT ( 'NONE',  ( -1.239624991056603953, 0.8786812499999998582, -2.853902964634210004 ) ) ;
#3398 = AXIS2_PLACEMENT_3D ( 'NONE', #513, #474, #6103 ) ;
#3399 = CARTESIAN_POINT ( 'NONE',  ( 1.802641997827957754, -2.521743749999999729, -2.906716392953182293 ) ) ;
#3400 = DIRECTION ( 'NONE',  ( 0.000000000000000000, 0.000000000000000000, -1.000000000000000000 ) ) ;
#3401 = CARTESIAN_POINT ( 'NONE',  ( 2.145963786249345695, -1.149975985603240769, 2.333183813722588429 ) ) ;
#3402 =( BOUNDED_CURVE ( )  B_SPLINE_CURVE ( 1, ( #2089, #5654 ),
 .UNSPECIFIED., .F., .T. ) 
 B_SPLINE_CURVE_WITH_KNOTS ( ( 2, 2 ),
 ( 0.000000000000000000, 0.0005566452967378106818 ),
 .UNSPECIFIED. ) 
 CURVE ( )  GEOMETRIC_REPRESENTATION_ITEM ( )  RATIONAL_B_SPLINE_CURVE ( ( 0.9945407480612344919, 0.9945407480612344919 ) ) 
 REPRESENTATION_ITEM ( '' )  );
#3403 = CIRCLE ( 'NONE', #598, 3.556000000000000050 ) ;
#3404 = SECURITY_CLASSIFICATION ( '', '', #4172 ) ;
#3405 = CARTESIAN_POINT ( 'NONE',  ( 1.529586471455791186, 0.5572124999999997774, -2.709575146833803405 ) ) ;
#3406 = CARTESIAN_POINT ( 'NONE',  ( -2.833850895980837503, -0.09286875000000044400, 1.838892150004622028 ) ) ;
#3407 = ORIENTED_EDGE ( 'NONE', *, *, #4739, .T. ) ;
#3408 = CARTESIAN_POINT ( 'NONE',  ( -3.201359073816325118, 1.850231250000001548, 0.5294823915805609849 ) ) ;
#3409 = ORIENTED_EDGE ( 'NONE', *, *, #2655, .T. ) ;
#3410 = AXIS2_PLACEMENT_3D ( 'NONE', #6805, #2954, #6877 ) ;
#3411 = CARTESIAN_POINT ( 'NONE',  ( 1.331558898750882847, 0.5572124999999997774, 2.812184764406017834 ) ) ;
#3412 = CARTESIAN_POINT ( 'NONE',  ( 2.081974484448537055, 3.793331249999996935, 2.488861942455883547 ) ) ;
#3413 = CARTESIAN_POINT ( 'NONE',  ( 0.8647370725050570472, 4.279106249999997225, 3.169449355731155826 ) ) ;
#3414 = CARTESIAN_POINT ( 'NONE',  ( 1.512579925011910742, 2.223636876399968543, -3.247255506619404652 ) ) ;
#3415 = VERTEX_POINT ( 'NONE', #6747 ) ;
#3416 = DIRECTION ( 'NONE',  ( -0.000000000000000000, -1.000000000000000000, -0.000000000000000000 ) ) ;
#3417 =( BOUNDED_SURFACE ( )  B_SPLINE_SURFACE ( 1, 2, ( 
 ( #1977, #6440, #4719, #1939, #2048, #1424, #3727, #871, #3104 ),
 ( #4171, #6475, #5329, #1054, #7179, #4930, #5471, #1676, #2739 ) ),
 .UNSPECIFIED., .F., .F., .T. ) 
 B_SPLINE_SURFACE_WITH_KNOTS ( ( 2, 2 ),
 ( 3, 2, 2, 2, 3 ),
 ( 0.000000000000000000, 1.000000000000000000 ),
 ( 0.000000000000000000, 0.05000000000000000278, 0.1000000000000000056, 0.1499999999999999944, 0.2000000000000000111 ),
 .UNSPECIFIED. ) 
 GEOMETRIC_REPRESENTATION_ITEM ( )  RATIONAL_B_SPLINE_SURFACE ( (
 ( 1.000000000000000000, 0.9876883405951377704, 1.000000000000000000, 0.9876883405951377704, 1.000000000000000000, 0.9876883405951377704, 1.000000000000000000, 0.9876883405951377704, 1.000000000000000000),
 ( 1.000000000000000000, 0.9876883405951377704, 1.000000000000000000, 0.9876883405951377704, 1.000000000000000000, 0.9876883405951377704, 1.000000000000000000, 0.9876883405951377704, 1.000000000000000000) ) ) 
 REPRESENTATION_ITEM ( '' )  SURFACE ( )  );
#3418 = EDGE_LOOP ( 'NONE', ( #3798, #1616, #788, #1892 ) ) ;
#3419 = EDGE_CURVE ( 'NONE', #770, #5354, #1060, .T. ) ;
#3420 = CARTESIAN_POINT ( 'NONE',  ( 3.537752129022467606, 1.200150000000000050, -0.3597858718696717584 ) ) ;
#3421 = EDGE_CURVE ( 'NONE', #5357, #4108, #6412, .T. ) ;
#3422 = DIRECTION ( 'NONE',  ( 0.000000000000000000, 0.000000000000000000, 1.000000000000000000 ) ) ;
#3423 = ORIENTED_EDGE ( 'NONE', *, *, #6242, .T. ) ;
#3424 = CARTESIAN_POINT ( 'NONE',  ( -2.145259543791487644, 0.2303863975390292584, 2.277462952479795355 ) ) ;
#3425 = CARTESIAN_POINT ( 'NONE',  ( -3.569773699408488987, 2.336006250000000950, -0.4680416112425709874 ) ) ;
#3426 = VERTEX_POINT ( 'NONE', #1176 ) ;
#3427 = CARTESIAN_POINT ( 'NONE',  ( -0.5276470441669807165, 2.223636876399968987, 3.225942525164029462 ) ) ;
#3428 = LINE ( 'NONE', #5656, #3868 ) ;
#3429 = FACE_OUTER_BOUND ( 'NONE', #5921, .T. ) ;
#3430 = EDGE_CURVE ( 'NONE', #1609, #4789, #1759, .T. ) ;
#3431 = CARTESIAN_POINT ( 'NONE',  ( 0.000000000000000000, 0.5572124999999997774, 0.000000000000000000 ) ) ;
#3432 = CARTESIAN_POINT ( 'NONE',  ( -2.365913973236883461, -0.9407207499999039602, -2.411366067448655670 ) ) ;
#3433 = EDGE_CURVE ( 'NONE', #3199, #7056, #383, .T. ) ;
#3434 = CARTESIAN_POINT ( 'NONE',  ( 3.041149378981909734, -1.207420750006950261, -0.6579078238765265763 ) ) ;
#3435 = CARTESIAN_POINT ( 'NONE',  ( -2.971330796472128721, 1.200149999999999828, -1.953542755594648073 ) ) ;
#3436 = ORIENTED_EDGE ( 'NONE', *, *, #4278, .T. ) ;
#3437 = CYLINDRICAL_SURFACE ( 'NONE', #3837, 3.378200000000000092 ) ;
#3438 =( BOUNDED_SURFACE ( )  B_SPLINE_SURFACE ( 1, 2, ( 
 ( #3857, #4913, #7122, #2029, #5385, #3156, #3745, #7161, #2064 ),
 ( #5931, #922, #4264, #4333, #7200, #4297, #1037, #2138, #4951 ) ),
 .UNSPECIFIED., .F., .F., .F. ) 
 B_SPLINE_SURFACE_WITH_KNOTS ( ( 2, 2 ),
 ( 3, 2, 2, 2, 3 ),
 ( 0.000000000000000000, 1.000000000000000000 ),
 ( 0.000000000000000000, 0.05000000000000000278, 0.1000000000000000056, 0.1499999999999999944, 0.2000000000000000111 ),
 .UNSPECIFIED. ) 
 GEOMETRIC_REPRESENTATION_ITEM ( )  RATIONAL_B_SPLINE_SURFACE ( (
 ( 1.000000000000000000, 0.9876883405951377704, 1.000000000000000000, 0.9876883405951377704, 1.000000000000000000, 0.9876883405951377704, 1.000000000000000000, 0.9876883405951377704, 1.000000000000000000),
 ( 1.000000000000000000, 0.9876883405951377704, 1.000000000000000000, 0.9876883405951377704, 1.000000000000000000, 0.9876883405951377704, 1.000000000000000000, 0.9876883405951377704, 1.000000000000000000) ) ) 
 REPRESENTATION_ITEM ( '' )  SURFACE ( )  );
#3439 = CARTESIAN_POINT ( 'NONE',  ( 3.326979105667941194, 0.5572124999999997774, 0.5860420381243512944 ) ) ;
#3440 = CYLINDRICAL_SURFACE ( 'NONE', #3053, 3.556000000000000050 ) ;
#3441 = EDGE_CURVE ( 'NONE', #5667, #3013, #2199, .T. ) ;
#3442 = CARTESIAN_POINT ( 'NONE',  ( 3.051087569131426758, 0.5572124999999997774, 1.450206842313079836 ) ) ;
#3443 = CARTESIAN_POINT ( 'NONE',  ( -3.242004879464698508, -1.064418750000000413, -0.9495470507179124553 ) ) ;
#3444 = VERTEX_POINT ( 'NONE', #6230 ) ;
#3445 = DIRECTION ( 'NONE',  ( 0.000000000000000000, 0.000000000000000000, -1.000000000000000000 ) ) ;
#3446 = VERTEX_POINT ( 'NONE', #3589 ) ;
#3447 =( BOUNDED_CURVE ( )  B_SPLINE_CURVE ( 1, ( #5130, #3561 ),
 .UNSPECIFIED., .F., .F. ) 
 B_SPLINE_CURVE_WITH_KNOTS ( ( 2, 2 ),
 ( 0.000000000000000000, 0.0005566452967378095976 ),
 .UNSPECIFIED. ) 
 CURVE ( )  GEOMETRIC_REPRESENTATION_ITEM ( )  RATIONAL_B_SPLINE_CURVE ( ( 0.9945407480612347140, 0.9945407480612347140 ) ) 
 REPRESENTATION_ITEM ( '' )  );
#3448 = DIRECTION ( 'NONE',  ( 0.000000000000000000, -1.000000000000000000, -0.000000000000000000 ) ) ;
#3449 = CARTESIAN_POINT ( 'NONE',  ( -0.3373187198758229033, 1.200150000000000050, 3.227269372661869973 ) ) ;
#3450 = CARTESIAN_POINT ( 'NONE',  ( 0.1228079939479038013, -0.9730674576370983431, -3.343614889290978720 ) ) ;
#3451 = CARTESIAN_POINT ( 'NONE',  ( -1.125839454327893563, -1.120186029920317461, -2.994059006185737282 ) ) ;
#3452 = CARTESIAN_POINT ( 'NONE',  ( -1.523733228317380339, 1.200150000000000050, -3.213000630084205334 ) ) ;
#3453 = APPROVAL ( #1865, 'UNSPECIFIED' ) ;
#3454 = ORIENTED_EDGE ( 'NONE', *, *, #2974, .T. ) ;
#3455 = CARTESIAN_POINT ( 'NONE',  ( 1.868772392055559450, -0.9407207500002877643, -2.814236128453260211 ) ) ;
#3456 = ORIENTED_EDGE ( 'NONE', *, *, #2306, .T. ) ;
#3457 = CARTESIAN_POINT ( 'NONE',  ( -4.085264775957162873E-17, 2.567191556671722275, -3.556000000000000938 ) ) ;
#3458 = CARTESIAN_POINT ( 'NONE',  ( 0.000000000000000000, -1.385887500000000383, 0.000000000000000000 ) ) ;
#3459 = CARTESIAN_POINT ( 'NONE',  ( -1.169743537813039636, 1.850231249999999994, -3.026673351758434105 ) ) ;
#3460 =( BOUNDED_CURVE ( )  B_SPLINE_CURVE ( 1, ( #235, #712 ),
 .UNSPECIFIED., .F., .T. ) 
 B_SPLINE_CURVE_WITH_KNOTS ( ( 2, 2 ),
 ( 8.940560153363745023E-19, 0.0005566452967378111155 ),
 .UNSPECIFIED. ) 
 CURVE ( )  GEOMETRIC_REPRESENTATION_ITEM ( )  RATIONAL_B_SPLINE_CURVE ( ( 0.9956508716769392198, 0.9956508716769392198 ) ) 
 REPRESENTATION_ITEM ( '' )  );
#3461 = ORIENTED_EDGE ( 'NONE', *, *, #4853, .T. ) ;
#3462 = EDGE_CURVE ( 'NONE', #533, #6075, #2952, .T. ) ;
#3463 = CARTESIAN_POINT ( 'NONE',  ( 2.880838293723803734, -0.5786437499999997902, -1.274781476088659993 ) ) ;
#3464 = ORIENTED_EDGE ( 'NONE', *, *, #4006, .F. ) ;
#3465 = CARTESIAN_POINT ( 'NONE',  ( 0.000000000000000000, 1.200150000000000050, 0.000000000000000000 ) ) ;
#3466 = CARTESIAN_POINT ( 'NONE',  ( -8.170926122742388347E-17, -0.8057609255913409374, -3.378200000000002756 ) ) ;
#3467 = CARTESIAN_POINT ( 'NONE',  ( 2.040636555446688760, 0.5572124999999997774, -2.692217986823258080 ) ) ;
#3468 = CARTESIAN_POINT ( 'NONE',  ( 0.000000000000000000, -0.9407207500000012157, 0.000000000000000000 ) ) ;
#3469 = CARTESIAN_POINT ( 'NONE',  ( 3.508690469549628599, 1.850231249999997107, -0.5781238525537796269 ) ) ;
#3470 = VERTEX_POINT ( 'NONE', #1218 ) ;
#3471 = CARTESIAN_POINT ( 'NONE',  ( -0.4928131860697941291, 0.3929062499999997904, 3.111500000000000377 ) ) ;
#3472 = DIRECTION ( 'NONE',  ( -0.000000000000000000, -1.000000000000000000, -0.000000000000000000 ) ) ;
#3473 = CARTESIAN_POINT ( 'NONE',  ( 2.298352733753267874, 1.200149999999999828, -2.290551513009231321 ) ) ;
#3474 = EDGE_CURVE ( 'NONE', #6292, #3085, #199, .T. ) ;
#3475 = FACE_OUTER_BOUND ( 'NONE', #1510, .T. ) ;
#3476 = CARTESIAN_POINT ( 'NONE',  ( 0.000000000000000000, -2.857500000000000373, 0.000000000000000000 ) ) ;
#3477 = VERTEX_POINT ( 'NONE', #3449 ) ;
#3478 =( BOUNDED_CURVE ( )  B_SPLINE_CURVE ( 2, ( #3531, #308, #4702, #1368, #5207 ),
 .UNSPECIFIED., .F., .F. ) 
 B_SPLINE_CURVE_WITH_KNOTS ( ( 3, 2, 3 ),
 ( 0.01659028043918799045, 0.05000000000000000278, 0.08854378023972302170 ),
 .UNSPECIFIED. ) 
 CURVE ( )  GEOMETRIC_REPRESENTATION_ITEM ( )  RATIONAL_B_SPLINE_CURVE ( ( 0.9945407480612347140, 0.9917734182391064746, 1.000000000000000000, 0.9905092421102533740, 0.9956508716769392198 ) ) 
 REPRESENTATION_ITEM ( '' )  );
#3479 = CARTESIAN_POINT ( 'NONE',  ( -3.202213426217352943, 1.364456250000001480, -0.7341720479986476589 ) ) ;
#3480 = ORIENTED_EDGE ( 'NONE', *, *, #2214, .T. ) ;
#3481 = EDGE_CURVE ( 'NONE', #5427, #4828, #7031, .T. ) ;
#3482 = CARTESIAN_POINT ( 'NONE',  ( 3.229601288416368732, 1.364456249999997262, -0.6023744192514781659 ) ) ;
#3483 = CARTESIAN_POINT ( 'NONE',  ( 0.000000000000000000, 2.600324999999999331, 0.000000000000000000 ) ) ;
#3484 = CARTESIAN_POINT ( 'NONE',  ( -3.002433870559405804, 0.8786812499999995252, -1.548426973711601651 ) ) ;
#3485 = CARTESIAN_POINT ( 'NONE',  ( 3.598151761816041017, 3.307556249999995313, 0.1251044115259770106 ) ) ;
#3486 = CARTESIAN_POINT ( 'NONE',  ( -2.896497705429292857, 0.5572124999999999995, 1.136544452471106359 ) ) ;
#3487 = CARTESIAN_POINT ( 'NONE',  ( 2.492041294226772674, -3.007518750000000018, 1.863105589565055897 ) ) ;
#3488 = VERTEX_POINT ( 'NONE', #668 ) ;
#3489 = CARTESIAN_POINT ( 'NONE',  ( 0.000000000000000000, 1.200150000000000050, 0.000000000000000000 ) ) ;
#3490 = CARTESIAN_POINT ( 'NONE',  ( 0.000000000000000000, -2.857500000000000373, 0.000000000000000000 ) ) ;
#3491 =( BOUNDED_CURVE ( )  B_SPLINE_CURVE ( 2, ( #1263, #4590, #6834, #4628, #4661, #5641, #4048 ),
 .UNSPECIFIED., .F., .T. ) 
 B_SPLINE_CURVE_WITH_KNOTS ( ( 3, 2, 2, 3 ),
 ( 0.01659028043918808759, 0.05000000000000000278, 0.1000000000000000056, 0.1074143368666445053 ),
 .UNSPECIFIED. ) 
 CURVE ( )  GEOMETRIC_REPRESENTATION_ITEM ( )  RATIONAL_B_SPLINE_CURVE ( ( 0.9945407480612344919, 0.9917734182391063635, 1.000000000000000000, 0.9876883405951377704, 1.000000000000000000, 0.9981743441956991703, 0.9968901294768235388 ) ) 
 REPRESENTATION_ITEM ( '' )  );
#3492 = VERTEX_POINT ( 'NONE', #3556 ) ;
#3493 = PRODUCT_DEFINITION_SHAPE ( 'NONE', 'NONE',  #5190 ) ;
#3494 = CARTESIAN_POINT ( 'NONE',  ( 3.105876717029535605, -1.207420750006950705, 0.1869814659634334852 ) ) ;
#3495 = CARTESIAN_POINT ( 'NONE',  ( 3.268073564944324438, 3.307556249999995313, -0.3359681491173456824 ) ) ;
#3496 = ORIENTED_EDGE ( 'NONE', *, *, #5868, .F. ) ;
#3497 = FACE_OUTER_BOUND ( 'NONE', #4254, .T. ) ;
#3498 = CARTESIAN_POINT ( 'NONE',  ( -2.745979112067526540, -1.550193750000000481, 1.543986982604808267 ) ) ;
#3499 = ORIENTED_EDGE ( 'NONE', *, *, #867, .F. ) ;
#3500 = CARTESIAN_POINT ( 'NONE',  ( 1.347239832380461966, -2.521743749999999729, 3.143797575456055426 ) ) ;
#3501 = DIRECTION ( 'NONE',  ( 0.000000000000000000, 0.000000000000000000, -1.000000000000000000 ) ) ;
#3502 = CARTESIAN_POINT ( 'NONE',  ( 1.251891131627179909, -1.181751568882860148, 2.876655713961490779 ) ) ;
#3503 = CYLINDRICAL_SURFACE ( 'NONE', #6564, 3.556000000000000050 ) ;
#3504 = CARTESIAN_POINT ( 'NONE',  ( -0.5619329613636252496, 0.5572124999999997774, -3.331135930419698354 ) ) ;
#3505 = CARTESIAN_POINT ( 'NONE',  ( 2.925836017126973054, 4.279106249999995448, 2.098054054529037149 ) ) ;
#3506 = VERTEX_POINT ( 'NONE', #198 ) ;
#3507 = CARTESIAN_POINT ( 'NONE',  ( 0.000000000000000000, -2.857500000000000373, 0.000000000000000000 ) ) ;
#3508 = AXIS2_PLACEMENT_3D ( 'NONE', #117, #554, #10 ) ;
#3509 = EDGE_CURVE ( 'NONE', #5506, #6717, #6938, .T. ) ;
#3510 = FACE_OUTER_BOUND ( 'NONE', #5031, .T. ) ;
#3511 = EDGE_CURVE ( 'NONE', #1245, #81, #1169, .T. ) ;
#3512 = CARTESIAN_POINT ( 'NONE',  ( 1.632565233317472275, 2.336006249999997841, -3.208906040040155894 ) ) ;
#3513 = CARTESIAN_POINT ( 'NONE',  ( -2.927968652920166726, 1.200149999999999828, -1.398588963926453710 ) ) ;
#3514 = CIRCLE ( 'NONE', #4686, 3.378200000000000092 ) ;
#3515 = ORIENTED_EDGE ( 'NONE', *, *, #7099, .F. ) ;
#3516 = CARTESIAN_POINT ( 'NONE',  ( -3.230905376258801809, 1.364456250000001702, 1.588583540297795915 ) ) ;
#3517 = EDGE_LOOP ( 'NONE', ( #27, #5234, #1070, #1077 ) ) ;
#3518 = FACE_OUTER_BOUND ( 'NONE', #113, .T. ) ;
#3519 = CARTESIAN_POINT ( 'NONE',  ( -3.141653168019178821, 2.600324999999999331, -1.665878558561536327 ) ) ;
#3520 = CIRCLE ( 'NONE', #6330, 3.556000000000000050 ) ;
#3521 = CIRCLE ( 'NONE', #3632, 3.378200000000000092 ) ;
#3522 = CARTESIAN_POINT ( 'NONE',  ( -3.202213426217352943, 1.364456250000001480, -0.7341720479986476589 ) ) ;
#3523 = DIRECTION ( 'NONE',  ( 0.000000000000000000, 0.000000000000000000, -1.000000000000000000 ) ) ;
#3524 = CARTESIAN_POINT ( 'NONE',  ( -2.527265385917706553, -1.207420750006950927, 1.815037718380041465 ) ) ;
#3525 =( BOUNDED_SURFACE ( )  B_SPLINE_SURFACE ( 1, 2, ( 
 ( #5514, #1125, #4932, #2155, #6585, #7180, #2778, #5582, #4496 ),
 ( #3946, #577, #2813, #5039, #6733, #1605, #4891, #1056, #1640 ) ),
 .UNSPECIFIED., .F., .F., .F. ) 
 B_SPLINE_SURFACE_WITH_KNOTS ( ( 2, 2 ),
 ( 3, 2, 2, 2, 3 ),
 ( 0.000000000000000000, 1.000000000000000000 ),
 ( 0.000000000000000000, 0.05000000000000000278, 0.1000000000000000056, 0.1499999999999999944, 0.2000000000000000111 ),
 .UNSPECIFIED. ) 
 GEOMETRIC_REPRESENTATION_ITEM ( )  RATIONAL_B_SPLINE_SURFACE ( (
 ( 1.000000000000000000, 0.9876883405951377704, 1.000000000000000000, 0.9876883405951377704, 1.000000000000000000, 0.9876883405951377704, 1.000000000000000000, 0.9876883405951377704, 1.000000000000000000),
 ( 1.000000000000000000, 0.9876883405951377704, 1.000000000000000000, 0.9876883405951377704, 1.000000000000000000, 0.9876883405951377704, 1.000000000000000000, 0.9876883405951377704, 1.000000000000000000) ) ) 
 REPRESENTATION_ITEM ( '' )  SURFACE ( )  );
#3526 = EDGE_CURVE ( 'NONE', #1115, #7227, #3893, .T. ) ;
#3527 = ORIENTED_EDGE ( 'NONE', *, *, #3251, .F. ) ;
#3528 = CARTESIAN_POINT ( 'NONE',  ( 0.000000000000000000, 1.200150000000000050, 0.000000000000000000 ) ) ;
#3529 = FACE_OUTER_BOUND ( 'NONE', #3109, .T. ) ;
#3530 = EDGE_LOOP ( 'NONE', ( #6419, #6311, #2989, #6605 ) ) ;
#3531 = CARTESIAN_POINT ( 'NONE',  ( -2.968955718300262170, 1.200149999999999828, -1.957150465031283426 ) ) ;
#3532 = CARTESIAN_POINT ( 'NONE',  ( 0.000000000000000000, 0.5572124999999997774, -3.022600000000000176 ) ) ;
#3533 = CARTESIAN_POINT ( 'NONE',  ( -1.719732418077034364, 1.850231250000000660, -3.112500025737335640 ) ) ;
#3534 =( BOUNDED_SURFACE ( )  B_SPLINE_SURFACE ( 1, 2, ( 
 ( #3397, #2194, #1644, #4499, #5004, #2, #6175, #4535, #5620 ),
 ( #3881, #3916, #6735, #6102, #3326, #2229, #6699, #1165, #2888 ) ),
 .UNSPECIFIED., .F., .F., .F. ) 
 B_SPLINE_SURFACE_WITH_KNOTS ( ( 2, 2 ),
 ( 3, 2, 2, 2, 3 ),
 ( 0.000000000000000000, 1.000000000000000000 ),
 ( 0.000000000000000000, 0.05000000000000000278, 0.1000000000000000056, 0.1499999999999999944, 0.2000000000000000111 ),
 .UNSPECIFIED. ) 
 GEOMETRIC_REPRESENTATION_ITEM ( )  RATIONAL_B_SPLINE_SURFACE ( (
 ( 1.000000000000000000, 0.9876883405951377704, 1.000000000000000000, 0.9876883405951377704, 1.000000000000000000, 0.9876883405951377704, 1.000000000000000000, 0.9876883405951377704, 1.000000000000000000),
 ( 1.000000000000000000, 0.9876883405951377704, 1.000000000000000000, 0.9876883405951377704, 1.000000000000000000, 0.9876883405951377704, 1.000000000000000000, 0.9876883405951377704, 1.000000000000000000) ) ) 
 REPRESENTATION_ITEM ( '' )  SURFACE ( )  );
#3535 = ORIENTED_EDGE ( 'NONE', *, *, #2126, .F. ) ;
#3536 = CARTESIAN_POINT ( 'NONE',  ( 0.5781238525538342499, 4.764881249999997515, -3.508690469549624602 ) ) ;
#3537 = CARTESIAN_POINT ( 'NONE',  ( 2.565523221158255929, -0.09286874999999988889, -2.197800227886455904 ) ) ;
#3538 = ORIENTED_EDGE ( 'NONE', *, *, #4368, .T. ) ;
#3539 = DIRECTION ( 'NONE',  ( -0.000000000000000000, -1.000000000000000000, -0.000000000000000000 ) ) ;
#3540 = CARTESIAN_POINT ( 'NONE',  ( -3.283382208471565811, 3.307556250000000642, -0.1121637026920786900 ) ) ;
#3541 = CARTESIAN_POINT ( 'NONE',  ( -1.044771412368766139, 2.821781249999999464, -3.072052118437605284 ) ) ;
#3542 = CARTESIAN_POINT ( 'NONE',  ( 3.144610754737970471, -1.090493833097038179, 0.7354019595959140343 ) ) ;
#3543 = CARTESIAN_POINT ( 'NONE',  ( -1.693232911461433288, -1.060154572504661497, 2.785503146738280478 ) ) ;
#3544 = ORIENTED_EDGE ( 'NONE', *, *, #31, .T. ) ;
#3545 = CARTESIAN_POINT ( 'NONE',  ( 0.000000000000000000, -2.857500000000000373, 0.000000000000000000 ) ) ;
#3546 =( BOUNDED_CURVE ( )  B_SPLINE_CURVE ( 1, ( #5666, #2787 ),
 .UNSPECIFIED., .F., .T. ) 
 B_SPLINE_CURVE_WITH_KNOTS ( ( 2, 2 ),
 ( 4.336808689942017736E-19, 0.0005566452967378088387 ),
 .UNSPECIFIED. ) 
 CURVE ( )  GEOMETRIC_REPRESENTATION_ITEM ( )  RATIONAL_B_SPLINE_CURVE ( ( 0.9956508716769392198, 0.9956508716769392198 ) ) 
 REPRESENTATION_ITEM ( '' )  );
#3547 = CARTESIAN_POINT ( 'NONE',  ( -2.542001822102006869, 0.8786812499999995252, -1.794340822260386714 ) ) ;
#3548 = CALENDAR_DATE ( 2026, 8, 1 ) ;
#3549 = CARTESIAN_POINT ( 'NONE',  ( 2.340980867432695511, 3.793331249999996935, -2.246966866870557578 ) ) ;
#3550 = CARTESIAN_POINT ( 'NONE',  ( 1.297441953444886442, -2.035968749999999883, -3.119115197847158072 ) ) ;
#3551 = VERTEX_POINT ( 'NONE', #6307 ) ;
#3552 = EDGE_CURVE ( 'NONE', #5068, #3211, #4130, .T. ) ;
#3553 = CARTESIAN_POINT ( 'NONE',  ( -2.466361275118889917, -0.09286875000000044400, -1.896969770606250716 ) ) ;
#3554 = VERTEX_POINT ( 'NONE', #3519 ) ;
#3555 = CARTESIAN_POINT ( 'NONE',  ( 2.126903435657355956, 0.8786812500000000803, 2.624598448408618445 ) ) ;
#3556 = CARTESIAN_POINT ( 'NONE',  ( -2.270223416658114335, 2.600324999999999331, 2.737009616069546070 ) ) ;
#3557 = CARTESIAN_POINT ( 'NONE',  ( 2.729201776408995084, -2.035968749999999439, -1.990902534943886693 ) ) ;
#3558 = CARTESIAN_POINT ( 'NONE',  ( 2.815661947654375385, -3.007518749999999574, -1.866623431903493779 ) ) ;
#3559 = DIRECTION ( 'NONE',  ( -0.000000000000000000, -1.000000000000000000, -0.000000000000000000 ) ) ;
#3560 = ORIENTED_EDGE ( 'NONE', *, *, #5805, .T. ) ;
#3561 = CARTESIAN_POINT ( 'NONE',  ( 0.1132053339522445939, 1.200149999999999606, 3.554197596134008208 ) ) ;
#3562 = EDGE_CURVE ( 'NONE', #6923, #2653, #128, .T. ) ;
#3563 = ORIENTED_EDGE ( 'NONE', *, *, #2949, .T. ) ;
#3564 = CARTESIAN_POINT ( 'NONE',  ( 2.533101828001673272, 4.764881249999995738, 2.495702532148940556 ) ) ;
#3565 = CARTESIAN_POINT ( 'NONE',  ( 2.831106982132823635, 1.200149999999999828, -1.585523502890694658 ) ) ;
#3566 =( BOUNDED_CURVE ( )  B_SPLINE_CURVE ( 2, ( #2058, #4943, #915, #4865, #4902, #6522, #2599 ),
 .UNSPECIFIED., .F., .F. ) 
 B_SPLINE_CURVE_WITH_KNOTS ( ( 3, 2, 2, 3 ),
 ( 0.01659028043918807371, 0.05000000000000000278, 0.1000000000000000056, 0.1074143368666446163 ),
 .UNSPECIFIED. ) 
 CURVE ( )  GEOMETRIC_REPRESENTATION_ITEM ( )  RATIONAL_B_SPLINE_CURVE ( ( 0.9945407480612344919, 0.9917734182391062525, 1.000000000000000000, 0.9876883405951377704, 1.000000000000000000, 0.9981743441956991703, 0.9968901294768235388 ) ) 
 REPRESENTATION_ITEM ( '' )  );
#3567 = CARTESIAN_POINT ( 'NONE',  ( -2.359811029508152469, -0.9730674576370970108, -2.371947351076222343 ) ) ;
#3568 = EDGE_CURVE ( 'NONE', #4142, #2578, #3934, .T. ) ;
#3569 = ORIENTED_EDGE ( 'NONE', *, *, #4023, .F. ) ;
#3570 = CARTESIAN_POINT ( 'NONE',  ( 2.040899452062746366, 0.5572124999999995554, 2.348651033374261843 ) ) ;
#3571 = CARTESIAN_POINT ( 'NONE',  ( -1.958685602722286978, -0.5786437500000004563, 2.803938136101498557 ) ) ;
#3572 = ORIENTED_EDGE ( 'NONE', *, *, #1386, .F. ) ;
#3573 = CARTESIAN_POINT ( 'NONE',  ( -2.958278183748297430, 2.821781250000000352, -1.333282306962360497 ) ) ;
#3574 = CARTESIAN_POINT ( 'NONE',  ( 1.538260402557898754, -1.179124203889763800, -2.738420555626344122 ) ) ;
#3575 = EDGE_CURVE ( 'NONE', #5343, #3551, #1881, .T. ) ;
#3576 = CARTESIAN_POINT ( 'NONE',  ( 1.680111379589104281, 2.336006249999997841, 3.184269612802648641 ) ) ;
#3577 = CARTESIAN_POINT ( 'NONE',  ( 2.860395352179882611, 3.793331249999996491, -1.532054160833668854 ) ) ;
#3578 = CARTESIAN_POINT ( 'NONE',  ( -2.896497705429292857, 0.5572124999999999995, 1.136544452471106359 ) ) ;
#3579 = EDGE_LOOP ( 'NONE', ( #586, #4122 ) ) ;
#3580 = CARTESIAN_POINT ( 'NONE',  ( 3.170153407116436561, 2.600324999999999331, 0.6922274899540424853 ) ) ;
#3581 = CARTESIAN_POINT ( 'NONE',  ( -3.233958991172654063, 3.793331250000000932, 0.2656327651355264163 ) ) ;
#3582 = CALENDAR_DATE ( 2026, 8, 1 ) ;
#3583 = CARTESIAN_POINT ( 'NONE',  ( 1.532054160833712597, 2.821781249999997687, -2.860395352179855522 ) ) ;
#3584 = CARTESIAN_POINT ( 'NONE',  ( 3.332336804084965465, 0.3929062500000001235, 0.7707462523663082266 ) ) ;
#3585 = VERTEX_POINT ( 'NONE', #5853 ) ;
#3586 = CARTESIAN_POINT ( 'NONE',  ( -2.270223416658114335, 2.600324999999999331, 2.737009616069546070 ) ) ;
#3587 = EDGE_LOOP ( 'NONE', ( #5453, #4678, #6040, #4000 ) ) ;
#3588 = CARTESIAN_POINT ( 'NONE',  ( 3.057495353137266836, 0.8786812499999977488, -1.086634109552994776 ) ) ;
#3589 = CARTESIAN_POINT ( 'NONE',  ( 1.385699958890311612, 2.600325000000000220, 3.274900246409256255 ) ) ;
#3590 = CARTESIAN_POINT ( 'NONE',  ( 1.034669083164695635, -0.5786437499999999012, -2.975526335744214990 ) ) ;
#3591 = ADVANCED_FACE ( 'NONE', ( #301 ), #4910, .T. ) ;
#3592 = CYLINDRICAL_SURFACE ( 'NONE', #1888, 3.378200000000000092 ) ;
#3593 = ORIENTED_EDGE ( 'NONE', *, *, #7120, .F. ) ;
#3594 = CARTESIAN_POINT ( 'NONE',  ( 0.7146875932003886600, 1.526976102460969598, 3.503544343018994756 ) ) ;
#3595 = ORIENTED_EDGE ( 'NONE', *, *, #5655, .T. ) ;
#3596 = CARTESIAN_POINT ( 'NONE',  ( 0.000000000000000000, -2.857500000000000373, 0.000000000000000000 ) ) ;
#3597 = EDGE_CURVE ( 'NONE', #57, #759, #2116, .T. ) ;
#3598 = CARTESIAN_POINT ( 'NONE',  ( -0.6198646690536572246, -0.5786437500000002343, 3.088699544860791679 ) ) ;
#3599 = ADVANCED_FACE ( 'NONE', ( #4255 ), #879, .T. ) ;
#3600 = AXIS2_PLACEMENT_3D ( 'NONE', #1776, #6237, #3706 ) ;
#3601 = VERTEX_POINT ( 'NONE', #7113 ) ;
#3602 = CARTESIAN_POINT ( 'NONE',  ( -1.314010989754596181, 0.3929062499999996794, 2.863157733197458921 ) ) ;
#3603 = FACE_BOUND ( 'NONE', #2631, .T. ) ;
#3604 = CIRCLE ( 'NONE', #1272, 3.556000000000000050 ) ;
#3605 = VERTEX_POINT ( 'NONE', #2493 ) ;
#3606 = EDGE_CURVE ( 'NONE', #3199, #236, #2117, .T. ) ;
#3607 = CARTESIAN_POINT ( 'NONE',  ( 0.000000000000000000, 1.200150000000000050, 0.000000000000000000 ) ) ;
#3608 =( BOUNDED_SURFACE ( )  B_SPLINE_SURFACE ( 1, 2, ( 
 ( #2691, #6578, #4845, #2182, #6687, #2217, #6089, #6126, #7131 ),
 ( #3796, #5430, #4880, #1083, #3866, #1668, #3905, #3203, #5980 ) ),
 .UNSPECIFIED., .F., .F., .T. ) 
 B_SPLINE_SURFACE_WITH_KNOTS ( ( 2, 2 ),
 ( 3, 2, 2, 2, 3 ),
 ( 0.000000000000000000, 1.000000000000000000 ),
 ( 0.000000000000000000, 0.05000000000000000278, 0.1000000000000000056, 0.1499999999999999944, 0.2000000000000000111 ),
 .UNSPECIFIED. ) 
 GEOMETRIC_REPRESENTATION_ITEM ( )  RATIONAL_B_SPLINE_SURFACE ( (
 ( 1.000000000000000000, 0.9876883405951377704, 1.000000000000000000, 0.9876883405951377704, 1.000000000000000000, 0.9876883405951377704, 1.000000000000000000, 0.9876883405951377704, 1.000000000000000000),
 ( 1.000000000000000000, 0.9876883405951377704, 1.000000000000000000, 0.9876883405951377704, 1.000000000000000000, 0.9876883405951377704, 1.000000000000000000, 0.9876883405951377704, 1.000000000000000000) ) ) 
 REPRESENTATION_ITEM ( '' )  SURFACE ( )  );
#3609 = CARTESIAN_POINT ( 'NONE',  ( 1.114685428564615277, -0.9706622954021483229, -3.158159046839903894 ) ) ;
#3610 = CARTESIAN_POINT ( 'NONE',  ( 3.411149341213687958, -2.521743749999999729, 0.2501570173577820078 ) ) ;
#3611 = CARTESIAN_POINT ( 'NONE',  ( 2.040899452062746366, 0.5572124999999995554, 2.348651033374261843 ) ) ;
#3612 = CARTESIAN_POINT ( 'NONE',  ( -2.388220258351373637, 0.5572124999999997774, 2.389275881433559956 ) ) ;
#3613 = CARTESIAN_POINT ( 'NONE',  ( 2.298352733753267874, 1.200149999999999828, -2.290551513009231321 ) ) ;
#3615 = EDGE_CURVE ( 'NONE', #7101, #4311, #1409, .T. ) ;
#3614 = CARTESIAN_POINT ( 'NONE',  ( 2.385643150267100943, 4.279106249999996336, 2.258735527389807096 ) ) ;
#3616 = EDGE_LOOP ( 'NONE', ( #127, #3175, #4473, #3094 ) ) ;
#3617 = CARTESIAN_POINT ( 'NONE',  ( 3.063346065877435187, -0.09286874999999979174, -1.424129952171933500 ) ) ;
#3618 = PERSON_AND_ORGANIZATION ( #2687, #3284 ) ;
#3619 = CARTESIAN_POINT ( 'NONE',  ( -1.965049028254716168, 1.200150000000000050, 2.582176182806896314 ) ) ;
#3620 = CARTESIAN_POINT ( 'NONE',  ( -0.1009433955661307863, 0.5572124999999997774, -3.109862164291463227 ) ) ;
#3621 = ORIENTED_EDGE ( 'NONE', *, *, #3073, .T. ) ;
#3622 = AXIS2_PLACEMENT_3D ( 'NONE', #5908, #1894, #1378 ) ;
#3623 = CARTESIAN_POINT ( 'NONE',  ( -1.410980865964682085, 3.307556249999998865, -2.966869127378353177 ) ) ;
#3624 = VERTEX_POINT ( 'NONE', #1434 ) ;
#3625 = DIRECTION ( 'NONE',  ( 0.000000000000000000, 0.000000000000000000, -1.000000000000000000 ) ) ;
#3626 = CARTESIAN_POINT ( 'NONE',  ( 2.680145956422362197, -0.9407207500002888745, 2.056466117463038756 ) ) ;
#3627 = AXIS2_PLACEMENT_3D ( 'NONE', #3856, #2830, #590 ) ;
#3628 = CARTESIAN_POINT ( 'NONE',  ( 1.682052720792984735, -1.550193749999999815, -2.978123067616386344 ) ) ;
#3629 = EDGE_LOOP ( 'NONE', ( #2451, #6515 ) ) ;
#3630 = CARTESIAN_POINT ( 'NONE',  ( 1.968758526333259651, 1.850231249999997329, -2.961270988104618862 ) ) ;
#3631 = ORIENTED_EDGE ( 'NONE', *, *, #4670, .F. ) ;
#3632 = AXIS2_PLACEMENT_3D ( 'NONE', #4984, #4440, #6788 ) ;
#3633 = CARTESIAN_POINT ( 'NONE',  ( -1.726118569230436606, 4.279106249999999001, 2.795298572257908898 ) ) ;
#3634 =( BOUNDED_CURVE ( )  B_SPLINE_CURVE ( 1, ( #2707, #7185 ),
 .UNSPECIFIED., .F., .T. ) 
 B_SPLINE_CURVE_WITH_KNOTS ( ( 2, 2 ),
 ( 0.000000000000000000, 0.0005566452967378100313 ),
 .UNSPECIFIED. ) 
 CURVE ( )  GEOMETRIC_REPRESENTATION_ITEM ( )  RATIONAL_B_SPLINE_CURVE ( ( 0.9956508716769392198, 0.9956508716769392198 ) ) 
 REPRESENTATION_ITEM ( '' )  );
#3635 = CARTESIAN_POINT ( 'NONE',  ( -2.590065412953049151, -3.007518750000000463, 1.724237050589144005 ) ) ;
#3636 = AXIS2_PLACEMENT_3D ( 'NONE', #699, #2236, #111 ) ;
#3637 = VERTEX_POINT ( 'NONE', #5339 ) ;
#3638 = CARTESIAN_POINT ( 'NONE',  ( -0.3748611835025920658, -3.007518750000000463, -3.357337387440087806 ) ) ;
#3639 = CARTESIAN_POINT ( 'NONE',  ( -1.627600686132253394, -0.9407207499999039602, -2.960262023284788047 ) ) ;
#3640 = ADVANCED_FACE ( 'NONE', ( #912 ), #3146, .T. ) ;
#3641 = EDGE_LOOP ( 'NONE', ( #4528, #3569, #2187, #2509 ) ) ;
#3642 = ADVANCED_FACE ( 'NONE', ( #6520 ), #3371, .F. ) ;
#3643 = CARTESIAN_POINT ( 'NONE',  ( -0.6774589644564441571, 1.526976102460970042, 3.191717437378093880 ) ) ;
#3644 = CARTESIAN_POINT ( 'NONE',  ( -1.322828664694917888, 3.307556249999998865, 3.348502880199537124 ) ) ;
#3645 = CIRCLE ( 'NONE', #6930, 3.556000000000000050 ) ;
#3646 = CARTESIAN_POINT ( 'NONE',  ( -3.051487774019278731, -1.207420750006950039, -0.6081567355631875005 ) ) ;
#3647 = CARTESIAN_POINT ( 'NONE',  ( -0.2166577339611925057, -0.5786437500000002343, 3.413440754973010360 ) ) ;
#3648 = CARTESIAN_POINT ( 'NONE',  ( 3.530371928081720956, 4.279106249999995448, -0.7062727973352274091 ) ) ;
#3649 = CARTESIAN_POINT ( 'NONE',  ( -0.05372286587797279328, -1.080496475066780038, 3.238424274933225266 ) ) ;
#3650 = ORIENTED_EDGE ( 'NONE', *, *, #2270, .T. ) ;
#3651 =( BOUNDED_CURVE ( )  B_SPLINE_CURVE ( 2, ( #2991, #5217, #3064, #6990, #212 ),
 .UNSPECIFIED., .F., .F. ) 
 B_SPLINE_CURVE_WITH_KNOTS ( ( 3, 2, 3 ),
 ( 0.01659028043918811188, 0.05000000000000000278, 0.09358265573071421206 ),
 .UNSPECIFIED. ) 
 CURVE ( )  GEOMETRIC_REPRESENTATION_ITEM ( )  RATIONAL_B_SPLINE_CURVE ( ( 0.9945407480612344919, 0.9917734182391063635, 1.000000000000000000, 0.9892685037336815812, 0.9972452917573793041 ) ) 
 REPRESENTATION_ITEM ( '' )  );
#3652 = ADVANCED_FACE ( 'NONE', ( #516 ), #424, .F. ) ;
#3653 = CARTESIAN_POINT ( 'NONE',  ( -2.670987589186775590, 4.279106249999999889, -1.912852509086737207 ) ) ;
#3654 = SHAPE_DEFINITION_REPRESENTATION ( #3493, #6270 ) ;
#3655 = DIRECTION ( 'NONE',  ( -0.000000000000000000, -1.000000000000000000, -0.000000000000000000 ) ) ;
#3656 = CARTESIAN_POINT ( 'NONE',  ( 0.7104314580047512706, 1.526976102460970042, 3.504409859427431329 ) ) ;
#3657 = CARTESIAN_POINT ( 'NONE',  ( 0.4488387158635145369, -1.207420750006948706, 3.078956975526289774 ) ) ;
#3658 = ORIENTED_EDGE ( 'NONE', *, *, #3061, .F. ) ;
#3659 = CARTESIAN_POINT ( 'NONE',  ( 2.621514726225367298, 2.223636876399967655, 1.952633380607681879 ) ) ;
#3660 = ORIENTED_EDGE ( 'NONE', *, *, #4732, .T. ) ;
#3661 = CARTESIAN_POINT ( 'NONE',  ( 3.161024478058808818, 1.364456249999997706, 1.723447551843734882 ) ) ;
#3662 = FACE_OUTER_BOUND ( 'NONE', #4367, .T. ) ;
#3663 = EDGE_CURVE ( 'NONE', #5456, #211, #6325, .T. ) ;
#3664 = DIRECTION ( 'NONE',  ( 0.000000000000000000, 0.000000000000000000, -1.000000000000000000 ) ) ;
#3665 = CARTESIAN_POINT ( 'NONE',  ( -2.542001822102006869, 0.8786812499999995252, -1.794340822260386714 ) ) ;
#3666 = ORIENTED_EDGE ( 'NONE', *, *, #1426, .F. ) ;
#3667 = CARTESIAN_POINT ( 'NONE',  ( 0.000000000000000000, -2.857500000000000373, 0.000000000000000000 ) ) ;
#3668 = VERTEX_POINT ( 'NONE', #4468 ) ;
#3669 = CARTESIAN_POINT ( 'NONE',  ( 2.669702917633035355, 2.600324999999999775, -1.844380073109034290 ) ) ;
#3670 =( BOUNDED_CURVE ( )  B_SPLINE_CURVE ( 2, ( #7022, #2004, #4236, #1488, #3129 ),
 .UNSPECIFIED., .F., .F. ) 
 B_SPLINE_CURVE_WITH_KNOTS ( ( 3, 2, 3 ),
 ( 0.01659028043918810494, 0.05000000000000000278, 0.09358265573073309973 ),
 .UNSPECIFIED. ) 
 CURVE ( )  GEOMETRIC_REPRESENTATION_ITEM ( )  RATIONAL_B_SPLINE_CURVE ( ( 0.9945407480612344919, 0.9917734182391063635, 1.000000000000000000, 0.9892685037336769183, 0.9972452917573861875 ) ) 
 REPRESENTATION_ITEM ( '' )  );
#3671 = CARTESIAN_POINT ( 'NONE',  ( -0.5769529890081963597, -0.9730674576370980100, 3.295749926760272785 ) ) ;
#3672 = CARTESIAN_POINT ( 'NONE',  ( -2.115774822787416021, 4.764881249999999291, 2.460192761097979464 ) ) ;
#3673 = CC_DESIGN_PERSON_AND_ORGANIZATION_ASSIGNMENT ( #224, #6858, ( #3404 ) ) ;
#3674 = CARTESIAN_POINT ( 'NONE',  ( -2.803938136101469691, -2.521743750000000173, 1.958685602722326724 ) ) ;
#3675 = B_SPLINE_CURVE_WITH_KNOTS ( 'NONE', 3,
 ( #4298, #5532, #2642, #1623, #7162, #2139, #4985, #1001, #923, #6568 ),
 .UNSPECIFIED., .F., .F.,
 ( 4, 3, 3, 4 ),
 ( 2.027290207188238586E-16, 0.0002589485462244645866, 0.0005341756780451736245, 0.0008103109524490947034 ),
 .UNSPECIFIED. ) ;
#3676 = ORIENTED_EDGE ( 'NONE', *, *, #1677, .T. ) ;
#3677 = CARTESIAN_POINT ( 'NONE',  ( -3.179424151247737029, -1.550193750000000481, 1.260864952268289985 ) ) ;
#3678 = CARTESIAN_POINT ( 'NONE',  ( 3.491589974409647468, 3.793331249999995602, 0.6737473195509415813 ) ) ;
#3679 = VERTEX_POINT ( 'NONE', #6177 ) ;
#3680 = CARTESIAN_POINT ( 'NONE',  ( -2.055858693268152848, 4.279106249999999001, -2.562542576509311942 ) ) ;
#3681 = CARTESIAN_POINT ( 'NONE',  ( 1.052541986078847636, -0.9407207499999045153, -3.210045265653043600 ) ) ;
#3682 =( BOUNDED_CURVE ( )  B_SPLINE_CURVE ( 2, ( #4827, #7076, #6624, #438, #7146 ),
 .UNSPECIFIED., .F., .T. ) 
 B_SPLINE_CURVE_WITH_KNOTS ( ( 3, 2, 3 ),
 ( 0.01659028043918810147, 0.05000000000000000278, 0.09358265573071652965 ),
 .UNSPECIFIED. ) 
 CURVE ( )  GEOMETRIC_REPRESENTATION_ITEM ( )  RATIONAL_B_SPLINE_CURVE ( ( 0.9945407480612347140, 0.9917734182391064746, 1.000000000000000000, 0.9892685037336810261, 0.9972452917573799702 ) ) 
 REPRESENTATION_ITEM ( '' )  );
#3683 = CARTESIAN_POINT ( 'NONE',  ( -1.050505799747986746, 4.764881249999998403, 3.397289149409550291 ) ) ;
#3684 = CARTESIAN_POINT ( 'NONE',  ( -0.2527723258420195296, 0.2303863975390294527, 3.387493371510015283 ) ) ;
#3685 = CARTESIAN_POINT ( 'NONE',  ( -8.170926122742388347E-17, -0.8057609255913409374, -3.378200000000002756 ) ) ;
#3686 = ADVANCED_FACE ( 'NONE', ( #4395 ), #6702, .T. ) ;
#3687 = EDGE_LOOP ( 'NONE', ( #1422, #3188, #6952, #5424 ) ) ;
#3688 = DIRECTION ( 'NONE',  ( 0.000000000000000000, 0.000000000000000000, -1.000000000000000000 ) ) ;
#3689 = CARTESIAN_POINT ( 'NONE',  ( 1.350122643904000608, -1.179124203889763800, 2.835905684604504984 ) ) ;
#3690 = ORIENTED_EDGE ( 'NONE', *, *, #3511, .F. ) ;
#3691 = FACE_OUTER_BOUND ( 'NONE', #2675, .T. ) ;
#3692 = DIRECTION ( 'NONE',  ( 0.000000000000000000, 0.000000000000000000, -1.000000000000000000 ) ) ;
#3694 = EDGE_CURVE ( 'NONE', #3005, #4789, #1927, .T. ) ;
#3693 = CARTESIAN_POINT ( 'NONE',  ( 2.750873903827874223, -1.207420750006949373, -1.454003100147589267 ) ) ;
#3695 =( BOUNDED_CURVE ( )  B_SPLINE_CURVE ( 2, ( #4062, #6212, #2958, #1858, #5763 ),
 .UNSPECIFIED., .F., .T. ) 
 B_SPLINE_CURVE_WITH_KNOTS ( ( 3, 2, 3 ),
 ( 0.01659028043918810147, 0.05000000000000000278, 0.08854378023972313272 ),
 .UNSPECIFIED. ) 
 CURVE ( )  GEOMETRIC_REPRESENTATION_ITEM ( )  RATIONAL_B_SPLINE_CURVE ( ( 0.9945407480612347140, 0.9917734182391064746, 1.000000000000000000, 0.9905092421102533740, 0.9956508716769392198 ) ) 
 REPRESENTATION_ITEM ( '' )  );
#3696 = CARTESIAN_POINT ( 'NONE',  ( 2.784574617731103263, -2.521743749999999284, 1.986117458682538306 ) ) ;
#3697 = ORIENTED_EDGE ( 'NONE', *, *, #5734, .T. ) ;
#3698 = CARTESIAN_POINT ( 'NONE',  ( -1.965049028254716168, 1.200150000000000050, 2.582176182806896314 ) ) ;
#3699 = ORIENTED_EDGE ( 'NONE', *, *, #6610, .T. ) ;
#3700 = ADVANCED_FACE ( 'NONE', ( #1062 ), #581, .T. ) ;
#3701 = CARTESIAN_POINT ( 'NONE',  ( 3.420268483358383182, -0.5786437499999996792, -0.01678878022002102191 ) ) ;
#3702 = CARTESIAN_POINT ( 'NONE',  ( 0.9959941348792566984, 2.600324999999999331, -3.413668361643546145 ) ) ;
#3703 = CARTESIAN_POINT ( 'NONE',  ( 2.984371566576158319, -1.064418749999999747, 0.8803173306324157954 ) ) ;
#3704 = CARTESIAN_POINT ( 'NONE',  ( -1.907274975901231517, 2.821781249999999908, 2.625138794197548364 ) ) ;
#3705 = VERTEX_POINT ( 'NONE', #3295 ) ;
#3706 = DIRECTION ( 'NONE',  ( 0.000000000000000000, 0.000000000000000000, -1.000000000000000000 ) ) ;
#3707 = EDGE_CURVE ( 'NONE', #2726, #4318, #5607, .T. ) ;
#3708 = VERTEX_POINT ( 'NONE', #6106 ) ;
#3709 = CARTESIAN_POINT ( 'NONE',  ( -0.5077228412416340264, -3.007518750000000463, 3.069796372152641784 ) ) ;
#3710 = CARTESIAN_POINT ( 'NONE',  ( 3.090015147918103722, 2.336006249999996509, 1.847742839379928670 ) ) ;
#3711 = DIRECTION ( 'NONE',  ( 0.000000000000000000, 0.000000000000000000, -1.000000000000000000 ) ) ;
#3712 = ORIENTED_EDGE ( 'NONE', *, *, #1557, .T. ) ;
#3713 = CARTESIAN_POINT ( 'NONE',  ( 0.000000000000000000, 2.600324999999999331, 0.000000000000000000 ) ) ;
#3714 = EDGE_LOOP ( 'NONE', ( #6932, #1980, #6980, #980 ) ) ;
#3715 =( BOUNDED_CURVE ( )  B_SPLINE_CURVE ( 2, ( #2776, #1675, #3835, #3285, #1123 ),
 .UNSPECIFIED., .F., .T. ) 
 B_SPLINE_CURVE_WITH_KNOTS ( ( 3, 2, 3 ),
 ( 0.01659028043918808759, 0.05000000000000000278, 0.09358265573073304422 ),
 .UNSPECIFIED. ) 
 CURVE ( )  GEOMETRIC_REPRESENTATION_ITEM ( )  RATIONAL_B_SPLINE_CURVE ( ( 0.9945407480612344919, 0.9917734182391063635, 1.000000000000000000, 0.9892685037336769183, 0.9972452917573861875 ) ) 
 REPRESENTATION_ITEM ( '' )  );
#3716 = DIRECTION ( 'NONE',  ( 0.000000000000000000, 0.000000000000000000, -1.000000000000000000 ) ) ;
#3717 = CARTESIAN_POINT ( 'NONE',  ( -1.551082968213567392, 1.850231250000000660, 3.199887127027731371 ) ) ;
#3718 = DIRECTION ( 'NONE',  ( 0.000000000000000000, 0.000000000000000000, -1.000000000000000000 ) ) ;
#3719 = CARTESIAN_POINT ( 'NONE',  ( 1.246857010606838623, 1.364456249999998594, 3.039494533340997506 ) ) ;
#3720 = CARTESIAN_POINT ( 'NONE',  ( 0.3289694388413454407, -0.09286874999999999991, 3.362144308073108157 ) ) ;
#3721 = VERTEX_POINT ( 'NONE', #1096 ) ;
#3722 = CARTESIAN_POINT ( 'NONE',  ( 0.000000000000000000, -2.857500000000000373, 0.000000000000000000 ) ) ;
#3723 = CARTESIAN_POINT ( 'NONE',  ( -1.978188746151791078, -1.181751568882859926, 2.434984350404019171 ) ) ;
#3724 = VERTEX_POINT ( 'NONE', #5045 ) ;
#3725 =( BOUNDED_CURVE ( )  B_SPLINE_CURVE ( 1, ( #4098, #3578 ),
 .UNSPECIFIED., .F., .T. ) 
 B_SPLINE_CURVE_WITH_KNOTS ( ( 2, 2 ),
 ( 0.000000000000000000, 0.0005113447558650968065 ),
 .UNSPECIFIED. ) 
 CURVE ( )  GEOMETRIC_REPRESENTATION_ITEM ( )  RATIONAL_B_SPLINE_CURVE ( ( 0.9945407480612344919, 0.9945407480612344919 ) ) 
 REPRESENTATION_ITEM ( '' )  );
#3726 = CARTESIAN_POINT ( 'NONE',  ( 3.011726912222940200, 3.307556249999995313, 1.972776779322798379 ) ) ;
#3727 = CARTESIAN_POINT ( 'NONE',  ( 0.4206829910358618196, -2.035968750000000327, -3.351904094847154791 ) ) ;
#3728 = CARTESIAN_POINT ( 'NONE',  ( -0.9268612820177519751, 2.600324999999999331, -3.433083768843460781 ) ) ;
#3729 = CARTESIAN_POINT ( 'NONE',  ( 2.025930955569043679, -0.9407207500002889855, 2.703301500622479647 ) ) ;
#3730 = CARTESIAN_POINT ( 'NONE',  ( 2.762654857058993496, 0.8786812500000001913, 1.431492364900472714 ) ) ;
#3731 = VERTEX_POINT ( 'NONE', #3327 ) ;
#3732 = CARTESIAN_POINT ( 'NONE',  ( 2.025930955569043679, -0.9407207500002889855, 2.703301500622479647 ) ) ;
#3733 = ORIENTED_EDGE ( 'NONE', *, *, #2626, .F. ) ;
#3734 = EDGE_CURVE ( 'NONE', #533, #5020, #4403, .T. ) ;
#3735 = EDGE_CURVE ( 'NONE', #870, #3260, #4639, .T. ) ;
#3736 = CARTESIAN_POINT ( 'NONE',  ( 2.278731954694218409, 1.850231249999997551, 2.310071903892923828 ) ) ;
#3737 = CARTESIAN_POINT ( 'NONE',  ( -1.975206756386069795, -1.090493833097038179, -2.554985540177876491 ) ) ;
#3738 = CARTESIAN_POINT ( 'NONE',  ( 3.024279019137205093, 0.5572124999999997774, -0.7315522294453868923 ) ) ;
#3739 = CARTESIAN_POINT ( 'NONE',  ( -1.616685460535219221, 0.8786812499999996362, 2.658525977246422034 ) ) ;
#3740 = EDGE_LOOP ( 'NONE', ( #7049, #7129, #1938, #2132 ) ) ;
#3741 = CARTESIAN_POINT ( 'NONE',  ( -0.08929546961023215879, 2.223636876399968543, 3.581144045403115594 ) ) ;
#3742 = ORIENTED_EDGE ( 'NONE', *, *, #4497, .T. ) ;
#3743 = DIRECTION ( 'NONE',  ( -0.000000000000000000, -1.000000000000000000, -0.000000000000000000 ) ) ;
#3744 = AXIS2_PLACEMENT_3D ( 'NONE', #6373, #1395, #6935 ) ;
#3745 = CARTESIAN_POINT ( 'NONE',  ( 0.03965282173154668216, -2.035968750000000327, 3.377967272447846003 ) ) ;
#3746 = CARTESIAN_POINT ( 'NONE',  ( 1.413798776525223788, 4.279106249999996336, 3.311120691599587662 ) ) ;
#3747 = EDGE_CURVE ( 'NONE', #5010, #1335, #6127, .T. ) ;
#3748 = CARTESIAN_POINT ( 'NONE',  ( -3.139627377803445363, 2.600324999999999331, -1.669693363629099814 ) ) ;
#3749 = VERTEX_POINT ( 'NONE', #2891 ) ;
#3750 = CARTESIAN_POINT ( 'NONE',  ( -1.942952971974984955, 1.850231250000000660, -2.598843063979348500 ) ) ;
#3751 = AXIS2_PLACEMENT_3D ( 'NONE', #737, #1829, #1167 ) ;
#3752 = CARTESIAN_POINT ( 'NONE',  ( -2.935205032548660498, -0.9407207500002860989, -1.672365587095618888 ) ) ;
#3753 = ORIENTED_EDGE ( 'NONE', *, *, #6617, .F. ) ;
#3754 = CARTESIAN_POINT ( 'NONE',  ( 0.3393260483034199471, -3.007518750000000463, 3.092941978593001018 ) ) ;
#3755 = CIRCLE ( 'NONE', #2122, 3.070859999999999257 ) ;
#3756 = APPROVAL_PERSON_ORGANIZATION ( #738, #3453, #4104 ) ;
#3757 = EDGE_CURVE ( 'NONE', #2488, #7117, #6651, .T. ) ;
#3758 = CARTESIAN_POINT ( 'NONE',  ( -3.103637692652537083, 1.200149999999999828, 1.735675393829858804 ) ) ;
#3759 = CARTESIAN_POINT ( 'NONE',  ( 0.1344834704988551732, -0.9407207500002887635, -3.375522098307642160 ) ) ;
#3760 = ORIENTED_EDGE ( 'NONE', *, *, #831, .F. ) ;
#3761 = CYLINDRICAL_SURFACE ( 'NONE', #2835, 2.500000000000000000 ) ;
#3762 =( BOUNDED_SURFACE ( )  B_SPLINE_SURFACE ( 1, 2, ( 
 ( #6895, #4070, #6369, #6337, #3583, #1320, #3549, #6300, #3036 ),
 ( #5230, #5771, #1285, #3512, #260, #775, #5191, #4650, #5267 ) ),
 .UNSPECIFIED., .F., .F., .F. ) 
 B_SPLINE_SURFACE_WITH_KNOTS ( ( 2, 2 ),
 ( 3, 2, 2, 2, 3 ),
 ( 0.000000000000000000, 1.000000000000000000 ),
 ( 0.000000000000000000, 0.05000000000000000278, 0.1000000000000000056, 0.1499999999999999944, 0.2000000000000000111 ),
 .UNSPECIFIED. ) 
 GEOMETRIC_REPRESENTATION_ITEM ( )  RATIONAL_B_SPLINE_SURFACE ( (
 ( 1.000000000000000000, 0.9876883405951377704, 1.000000000000000000, 0.9876883405951377704, 1.000000000000000000, 0.9876883405951377704, 1.000000000000000000, 0.9876883405951377704, 1.000000000000000000),
 ( 1.000000000000000000, 0.9876883405951377704, 1.000000000000000000, 0.9876883405951377704, 1.000000000000000000, 0.9876883405951377704, 1.000000000000000000, 0.9876883405951377704, 1.000000000000000000) ) ) 
 REPRESENTATION_ITEM ( '' )  SURFACE ( )  );
#3763 = CARTESIAN_POINT ( 'NONE',  ( 3.198205479878851065, -1.120186029920318349, -0.05818520358420788130 ) ) ;
#3764 = ORIENTED_EDGE ( 'NONE', *, *, #2370, .T. ) ;
#3765 = CIRCLE ( 'NONE', #146, 3.556000000000000050 ) ;
#3766 = AXIS2_PLACEMENT_3D ( 'NONE', #3528, #1429, #4082 ) ;
#3767 = CARTESIAN_POINT ( 'NONE',  ( -0.3097795766721147537, 1.850231249999999328, -3.230029123146856751 ) ) ;
#3768 = CARTESIAN_POINT ( 'NONE',  ( -2.961116559177286778, -2.521743750000000173, -1.075214308559146570 ) ) ;
#3769 = CARTESIAN_POINT ( 'NONE',  ( 3.198218318870456045, -1.067499318559818722, -0.5859752357516888610 ) ) ;
#3770 = CARTESIAN_POINT ( 'NONE',  ( 0.8291999325391361531, -2.521743750000000173, 3.039198012344926703 ) ) ;
#3771 = CARTESIAN_POINT ( 'NONE',  ( -0.02151486092794592866, -2.521743750000000173, 3.150211770202681283 ) ) ;
#3772 =( BOUNDED_CURVE ( )  B_SPLINE_CURVE ( 1, ( #5399, #978 ),
 .UNSPECIFIED., .F., .T. ) 
 B_SPLINE_CURVE_WITH_KNOTS ( ( 2, 2 ),
 ( 4.336808689942017736E-19, 0.0005566452967378118745 ),
 .UNSPECIFIED. ) 
 CURVE ( )  GEOMETRIC_REPRESENTATION_ITEM ( )  RATIONAL_B_SPLINE_CURVE ( ( 0.9956508716769392198, 0.9956508716769392198 ) ) 
 REPRESENTATION_ITEM ( '' )  );
#3773 = ORIENTED_EDGE ( 'NONE', *, *, #1198, .T. ) ;
#3774 = CARTESIAN_POINT ( 'NONE',  ( 1.996413889197258706, -2.035968749999999883, 2.386579944820679700 ) ) ;
#3775 = CARTESIAN_POINT ( 'NONE',  ( -0.1274651759490635916, -0.09286875000000011093, 3.108888045414352597 ) ) ;
#3776 = CARTESIAN_POINT ( 'NONE',  ( 2.776923525779266821, -2.521743749999999729, 1.996800964885978802 ) ) ;
#3777 = CARTESIAN_POINT ( 'NONE',  ( -0.9615063779976485980, -0.09286875000000022196, 2.959212350452370188 ) ) ;
#3778 = CARTESIAN_POINT ( 'NONE',  ( 2.817381411825756743, 1.850231249999997551, 2.169676929936509069 ) ) ;
#3779 = CARTESIAN_POINT ( 'NONE',  ( 3.502890616755781839, 1.200149999999999606, 0.6122853313973166678 ) ) ;
#3780 = ORIENTED_EDGE ( 'NONE', *, *, #2438, .T. ) ;
#3781 = EDGE_LOOP ( 'NONE', ( #4593, #6872, #4668, #2019 ) ) ;
#3782 = CARTESIAN_POINT ( 'NONE',  ( -3.455810478217991921, 1.200150000000000272, 0.8381586595858427913 ) ) ;
#3783 = ORIENTED_EDGE ( 'NONE', *, *, #2936, .F. ) ;
#3784 = CARTESIAN_POINT ( 'NONE',  ( -1.465838348128964075, -0.09286875000000022196, 3.043608578177316559 ) ) ;
#3785 =( BOUNDED_CURVE ( )  B_SPLINE_CURVE ( 2, ( #3779, #7116, #373, #5415, #993 ),
 .UNSPECIFIED., .F., .T. ) 
 B_SPLINE_CURVE_WITH_KNOTS ( ( 3, 2, 3 ),
 ( 0.01659028043918820208, 0.05000000000000000278, 0.08854378023972314660 ),
 .UNSPECIFIED. ) 
 CURVE ( )  GEOMETRIC_REPRESENTATION_ITEM ( )  RATIONAL_B_SPLINE_CURVE ( ( 0.9945407480612347140, 0.9917734182391064746, 1.000000000000000000, 0.9905092421102533740, 0.9956508716769392198 ) ) 
 REPRESENTATION_ITEM ( '' )  );
#3786 = CARTESIAN_POINT ( 'NONE',  ( -2.520266770887370278, 1.200149999999999828, 2.508663270261863865 ) ) ;
#3787 = CARTESIAN_POINT ( 'NONE',  ( 3.016998445762588688, -1.000217606553378991, 1.384656242085421596 ) ) ;
#3788 = CARTESIAN_POINT ( 'NONE',  ( 3.087768492901956208, 2.336006249999997397, 1.851494787755326055 ) ) ;
#3789 = EDGE_CURVE ( 'NONE', #2364, #3854, #5657, .T. ) ;
#3790 = ORIENTED_EDGE ( 'NONE', *, *, #302, .F. ) ;
#3791 = FACE_OUTER_BOUND ( 'NONE', #1871, .T. ) ;
#3792 = CARTESIAN_POINT ( 'NONE',  ( -2.815814677443395642, -1.127509193519549591, -1.502097009232521208 ) ) ;
#3793 = ORIENTED_EDGE ( 'NONE', *, *, #515, .F. ) ;
#3794 = CARTESIAN_POINT ( 'NONE',  ( -2.544802016534696953, 2.821781250000000352, 2.013214896413430655 ) ) ;
#3795 = EDGE_CURVE ( 'NONE', #4557, #5887, #4862, .T. ) ;
#3796 = CARTESIAN_POINT ( 'NONE',  ( -2.931844859172721307, 0.8786812499999995252, -1.041977913269995115 ) ) ;
#3797 = CARTESIAN_POINT ( 'NONE',  ( -3.233958991172654063, 3.793331250000000932, 0.2656327651355264163 ) ) ;
#3798 = ORIENTED_EDGE ( 'NONE', *, *, #2718, .F. ) ;
#3799 = CARTESIAN_POINT ( 'NONE',  ( 3.544909369216122652, 2.600324999999998443, 0.2806306541412994515 ) ) ;
#3800 = CARTESIAN_POINT ( 'NONE',  ( 3.169908969877953897, -1.149975985603240547, 0.02417443273375795634 ) ) ;
#3801 = ORIENTED_EDGE ( 'NONE', *, *, #329, .F. ) ;
#3802 = ADVANCED_FACE ( 'NONE', ( #3510, #191 ), #5188, .T. ) ;
#3803 = FACE_OUTER_BOUND ( 'NONE', #5804, .T. ) ;
#3804 = CARTESIAN_POINT ( 'NONE',  ( 0.7062727973352771471, 2.336006249999998285, -3.530371928081705413 ) ) ;
#3805 =( BOUNDED_CURVE ( )  B_SPLINE_CURVE ( 2, ( #1555, #1038, #528, #6008, #415 ),
 .UNSPECIFIED., .F., .T. ) 
 B_SPLINE_CURVE_WITH_KNOTS ( ( 3, 2, 3 ),
 ( 0.04336420826859078981, 0.05000000000000000278, 0.08854378023972310496 ),
 .UNSPECIFIED. ) 
 CURVE ( )  GEOMETRIC_REPRESENTATION_ITEM ( )  RATIONAL_B_SPLINE_CURVE ( ( 0.9971657983404598191, 0.9983660478464257970, 1.000000000000000000, 0.9905092421102533740, 0.9956508716769392198 ) ) 
 REPRESENTATION_ITEM ( '' )  );
#3806 = CARTESIAN_POINT ( 'NONE',  ( -2.482451689767964265, 0.5572124999999997774, 1.875864029712221548 ) ) ;
#3807 = CARTESIAN_POINT ( 'NONE',  ( 2.945803401241537056, -2.035968749999999883, 1.001835600901559431 ) ) ;
#3808 = ORIENTED_EDGE ( 'NONE', *, *, #2012, .T. ) ;
#3809 = CARTESIAN_POINT ( 'NONE',  ( 3.446604766342449722, 1.526976102460968265, -0.9521118127617476112 ) ) ;
#3810 = CARTESIAN_POINT ( 'NONE',  ( -2.927221473800658114, 4.279106249999999889, 1.491493837208024864 ) ) ;
#3811 = CARTESIAN_POINT ( 'NONE',  ( 2.699140644036563508, 0.5572124999999995554, -2.031471147643963082 ) ) ;
#3812 = CARTESIAN_POINT ( 'NONE',  ( 3.239356260952674038, 2.600324999999998443, -0.1887393364583336564 ) ) ;
#3813 = ORIENTED_EDGE ( 'NONE', *, *, #5210, .F. ) ;
#3814 = ORIENTED_EDGE ( 'NONE', *, *, #1020, .F. ) ;
#3815 = CARTESIAN_POINT ( 'NONE',  ( -3.224891182083241326, -0.09286875000000054114, 1.006137219131539196 ) ) ;
#3816 = ORIENTED_EDGE ( 'NONE', *, *, #1996, .T. ) ;
#3817 = ADVANCED_FACE ( 'NONE', ( #6334, #1864 ), #5735, .T. ) ;
#3818 = CARTESIAN_POINT ( 'NONE',  ( 2.673802356999015917, -0.09286874999999979174, 2.064707290563605024 ) ) ;
#3819 = CARTESIAN_POINT ( 'NONE',  ( -1.262636069562823149, 2.600324999999998887, -2.989113861722056953 ) ) ;
#3820 = B_SPLINE_CURVE_WITH_KNOTS ( 'NONE', 3,
 ( #306, #3151, #1400, #1479, #4294, #7011, #2025, #5820, #5417, #6489 ),
 .UNSPECIFIED., .F., .F.,
 ( 4, 3, 3, 4 ),
 ( 2.024365728099802232E-16, 0.0002589485462244641529, 0.0005341756780451742750, 0.0008103109524490966550 ),
 .UNSPECIFIED. ) ;
#3821 = CARTESIAN_POINT ( 'NONE',  ( 3.176981001915981206, 0.8786812499999976378, 0.6601842439538749829 ) ) ;
#3822 = ORIENTED_EDGE ( 'NONE', *, *, #6553, .F. ) ;
#3823 = CARTESIAN_POINT ( 'NONE',  ( 0.000000000000000000, -2.857500000000000373, 0.000000000000000000 ) ) ;
#3824 = ORIENTED_EDGE ( 'NONE', *, *, #6007, .F. ) ;
#3825 = EDGE_CURVE ( 'NONE', #6490, #1487, #718, .T. ) ;
#3826 = CARTESIAN_POINT ( 'NONE',  ( 0.000000000000000000, 0.5572124999999997774, 0.000000000000000000 ) ) ;
#3827 = ADVANCED_FACE ( 'NONE', ( #4103 ), #1127, .T. ) ;
#3828 = CARTESIAN_POINT ( 'NONE',  ( -1.677059372049136243, 2.821781249999999019, 3.135698943237723579 ) ) ;
#3829 = CARTESIAN_POINT ( 'NONE',  ( -0.7778415499849540282, 3.307556249999998421, 3.191886894334797997 ) ) ;
#3830 = EDGE_LOOP ( 'NONE', ( #6470, #7111, #5314, #5509 ) ) ;
#3831 = CARTESIAN_POINT ( 'NONE',  ( 1.195616311540843579, 0.3929062500000000124, 2.914583799094088157 ) ) ;
#3832 = CARTESIAN_POINT ( 'NONE',  ( -0.8639094619119257468, -1.207420750006950261, -2.989162540180619665 ) ) ;
#3833 = VERTEX_POINT ( 'NONE', #6776 ) ;
#3834 = EDGE_CURVE ( 'NONE', #4400, #2844, #5419, .T. ) ;
#3835 = CARTESIAN_POINT ( 'NONE',  ( -1.641216443711876138, -0.09286875000000022196, -2.952734973696376830 ) ) ;
#3836 = CARTESIAN_POINT ( 'NONE',  ( 3.487079676136232820, 2.223636876399967655, 0.8202692771868972388 ) ) ;
#3837 = AXIS2_PLACEMENT_3D ( 'NONE', #3545, #4612, #4500 ) ;
#3838 = ADVANCED_FACE ( 'NONE', ( #4034 ), #6368, .F. ) ;
#3839 = CARTESIAN_POINT ( 'NONE',  ( 1.239624991056563319, 0.8786812499999998582, -2.853902964634225103 ) ) ;
#3840 = CIRCLE ( 'NONE', #2090, 3.378200000000000092 ) ;
#3841 = CARTESIAN_POINT ( 'NONE',  ( 1.570980451596030836, 1.850231249999997996, 2.839202694983775199 ) ) ;
#3842 = EDGE_LOOP ( 'NONE', ( #4582, #4009, #655, #6110 ) ) ;
#3843 = CARTESIAN_POINT ( 'NONE',  ( -3.234884724928787758, 2.600324999999998887, -0.2541108791893525454 ) ) ;
#3844 = DIRECTION ( 'NONE',  ( 0.000000000000000000, 0.000000000000000000, -1.000000000000000000 ) ) ;
#3845 = CARTESIAN_POINT ( 'NONE',  ( -1.040084695950694416, 1.364456249999999482, 3.446820424694660101 ) ) ;
#3846 = B_SPLINE_CURVE_WITH_KNOTS ( 'NONE', 3,
 ( #3113, #7045, #2022, #1475, #4114, #6346, #5240, #2460, #4695, #1507 ),
 .UNSPECIFIED., .F., .F.,
 ( 4, 3, 3, 4 ),
 ( 8.102182698028696702E-16, 0.0001296210011225064232, 0.0002688043935198820822, 0.0004095291194012230145 ),
 .UNSPECIFIED. ) ;
#3847 =( BOUNDED_SURFACE ( )  B_SPLINE_SURFACE ( 1, 2, ( 
 ( #36, #6173, #3249, #1163, #5472, #4355, #3395, #509, #433 ),
 ( #2120, #1573, #7216, #3804, #1019, #6028, #2192, #4423, #731 ) ),
 .UNSPECIFIED., .F., .F., .F. ) 
 B_SPLINE_SURFACE_WITH_KNOTS ( ( 2, 2 ),
 ( 3, 2, 2, 2, 3 ),
 ( 0.000000000000000000, 1.000000000000000000 ),
 ( 0.000000000000000000, 0.05000000000000000278, 0.1000000000000000056, 0.1499999999999999944, 0.2000000000000000111 ),
 .UNSPECIFIED. ) 
 GEOMETRIC_REPRESENTATION_ITEM ( )  RATIONAL_B_SPLINE_SURFACE ( (
 ( 1.000000000000000000, 0.9876883405951377704, 1.000000000000000000, 0.9876883405951377704, 1.000000000000000000, 0.9876883405951377704, 1.000000000000000000, 0.9876883405951377704, 1.000000000000000000),
 ( 1.000000000000000000, 0.9876883405951377704, 1.000000000000000000, 0.9876883405951377704, 1.000000000000000000, 0.9876883405951377704, 1.000000000000000000, 0.9876883405951377704, 1.000000000000000000) ) ) 
 REPRESENTATION_ITEM ( '' )  SURFACE ( )  );
#3848 = DIRECTION ( 'NONE',  ( -0.000000000000000000, -1.000000000000000000, -0.000000000000000000 ) ) ;
#3849 = CARTESIAN_POINT ( 'NONE',  ( -2.895980214806367581, 2.600324999999999331, 1.463676917202039185 ) ) ;
#3850 = CARTESIAN_POINT ( 'NONE',  ( -3.263401286005548130, -1.064418750000000635, 0.8731822756431506516 ) ) ;
#3851 = ORIENTED_EDGE ( 'NONE', *, *, #3251, .T. ) ;
#3852 = VERTEX_POINT ( 'NONE', #3075 ) ;
#3853 = CARTESIAN_POINT ( 'NONE',  ( -3.377967272447843783, -1.064418750000000413, -0.03965282173149947686 ) ) ;
#3854 = VERTEX_POINT ( 'NONE', #1463 ) ;
#3855 = CARTESIAN_POINT ( 'NONE',  ( 0.000000000000000000, 2.600324999999999331, 0.000000000000000000 ) ) ;
#3856 = CARTESIAN_POINT ( 'NONE',  ( 0.000000000000000000, 2.600324999999999331, 0.000000000000000000 ) ) ;
#3857 = CARTESIAN_POINT ( 'NONE',  ( 2.756140273678280295, 0.8786812500000001913, 1.953439538815732401 ) ) ;
#3858 = CARTESIAN_POINT ( 'NONE',  ( 1.890796939900227125, 3.793331249999996935, 3.011647876506144961 ) ) ;
#3859 = CARTESIAN_POINT ( 'NONE',  ( -2.837011267511675872, -1.179124203889762246, -1.347797934991105784 ) ) ;
#3860 = ORIENTED_EDGE ( 'NONE', *, *, #3105, .T. ) ;
#3861 = CARTESIAN_POINT ( 'NONE',  ( 2.831106982132823635, 1.200149999999999828, -1.585523502890694658 ) ) ;
#3862 = CARTESIAN_POINT ( 'NONE',  ( -2.968955718300262170, 1.200149999999999828, -1.957150465031283426 ) ) ;
#3863 = ORIENTED_EDGE ( 'NONE', *, *, #1317, .T. ) ;
#3864 = CIRCLE ( 'NONE', #1293, 3.162299999999999667 ) ;
#3865 = CYLINDRICAL_SURFACE ( 'NONE', #2339, 3.378200000000000092 ) ;
#3866 = CARTESIAN_POINT ( 'NONE',  ( -1.759453065306966879, -1.064418750000000191, -2.566273009829999729 ) ) ;
#3867 = CARTESIAN_POINT ( 'NONE',  ( 1.418694880816679715, 0.8786812499999985260, 3.260742374850330361 ) ) ;
#3868 = VECTOR ( 'NONE', #6249, 1000.000000000000000 ) ;
#3869 = ORIENTED_EDGE ( 'NONE', *, *, #156, .F. ) ;
#3870 = CARTESIAN_POINT ( 'NONE',  ( -2.526668498166269483, -3.007518750000000463, 2.242360707017093446 ) ) ;
#3871 = EDGE_CURVE ( 'NONE', #5093, #7137, #7125, .T. ) ;
#3872 = CARTESIAN_POINT ( 'NONE',  ( 0.9918469607394209131, 2.600324999999999775, -3.414875635579134538 ) ) ;
#3873 = ORIENTED_EDGE ( 'NONE', *, *, #4884, .F. ) ;
#3874 = AXIS2_PLACEMENT_3D ( 'NONE', #2681, #493, #964 ) ;
#3875 = AXIS2_PLACEMENT_3D ( 'NONE', #3937, #91, #565 ) ;
#3876 = CARTESIAN_POINT ( 'NONE',  ( 1.947044624145271907, 1.200149999999999606, 2.975592921013726411 ) ) ;
#3877 = CARTESIAN_POINT ( 'NONE',  ( -2.610367292022899743, 0.3929062499999994573, 1.763598505074579714 ) ) ;
#3878 = CARTESIAN_POINT ( 'NONE',  ( 0.000000000000000000, 0.5572124999999997774, 0.000000000000000000 ) ) ;
#3879 =( BOUNDED_CURVE ( )  B_SPLINE_CURVE ( 1, ( #1502, #1947 ),
 .UNSPECIFIED., .F., .T. ) 
 B_SPLINE_CURVE_WITH_KNOTS ( ( 2, 2 ),
 ( 0.000000000000000000, 0.0005566452967378106818 ),
 .UNSPECIFIED. ) 
 CURVE ( )  GEOMETRIC_REPRESENTATION_ITEM ( )  RATIONAL_B_SPLINE_CURVE ( ( 0.9956508716769392198, 0.9956508716769392198 ) ) 
 REPRESENTATION_ITEM ( '' )  );
#3880 = CARTESIAN_POINT ( 'NONE',  ( 2.556568766490480815, -1.207420750006950483, 1.773524285766999720 ) ) ;
#3881 = CARTESIAN_POINT ( 'NONE',  ( -0.9176745552096903236, 0.8786812499999999693, -3.251170350922989449 ) ) ;
#3882 = ADVANCED_FACE ( 'NONE', ( #3691 ), #7172, .F. ) ;
#3883 = CARTESIAN_POINT ( 'NONE',  ( -3.525185062200766772, 2.223636876399968987, 0.6368960920398519798 ) ) ;
#3884 = CARTESIAN_POINT ( 'NONE',  ( 0.2268226366512693382, 0.2303863975390295638, -3.120501161936813705 ) ) ;
#3885 = CARTESIAN_POINT ( 'NONE',  ( -0.1699165730702769939, -1.064418750000000191, -3.106857030536817277 ) ) ;
#3886 = CARTESIAN_POINT ( 'NONE',  ( -1.151051411282414172, -1.179124203889771572, 2.922374523249748890 ) ) ;
#3887 = CIRCLE ( 'NONE', #4928, 3.378200000000000092 ) ;
#3888 = CARTESIAN_POINT ( 'NONE',  ( -0.8457088935308458844, 1.200150000000000050, 3.453970536556854043 ) ) ;
#3889 = CARTESIAN_POINT ( 'NONE',  ( -3.088720415111247064, 1.850231250000001104, -1.762084616945227111 ) ) ;
#3890 = ORIENTED_EDGE ( 'NONE', *, *, #4547, .T. ) ;
#3891 = CARTESIAN_POINT ( 'NONE',  ( -3.377789998427510820, -1.064418750000000635, -0.05263047143125548083 ) ) ;
#3892 = ORIENTED_EDGE ( 'NONE', *, *, #2519, .F. ) ;
#3893 =( BOUNDED_CURVE ( )  B_SPLINE_CURVE ( 2, ( #6374, #817, #2422, #1290, #3007 ),
 .UNSPECIFIED., .F., .F. ) 
 B_SPLINE_CURVE_WITH_KNOTS ( ( 3, 2, 3 ),
 ( 0.01659028043918807371, 0.05000000000000000278, 0.09358265573073304422 ),
 .UNSPECIFIED. ) 
 CURVE ( )  GEOMETRIC_REPRESENTATION_ITEM ( )  RATIONAL_B_SPLINE_CURVE ( ( 0.9945407480612344919, 0.9917734182391062525, 1.000000000000000000, 0.9892685037336769183, 0.9972452917573861875 ) ) 
 REPRESENTATION_ITEM ( '' )  );
#3894 = EDGE_CURVE ( 'NONE', #5033, #3091, #1645, .T. ) ;
#3895 = DIRECTION ( 'NONE',  ( -0.000000000000000000, -1.000000000000000000, -0.000000000000000000 ) ) ;
#3896 = FACE_OUTER_BOUND ( 'NONE', #6833, .T. ) ;
#3897 = CARTESIAN_POINT ( 'NONE',  ( -1.352995350925078943, -1.550193750000000259, -2.844942998855933602 ) ) ;
#3898 = CARTESIAN_POINT ( 'NONE',  ( 3.009328441491234241, 3.307556249999995313, 1.976433542033500634 ) ) ;
#3899 = CARTESIAN_POINT ( 'NONE',  ( 0.2889519329234649936, 2.821781249999997687, -3.544240790417577447 ) ) ;
#3900 = CARTESIAN_POINT ( 'NONE',  ( 0.000000000000000000, 0.5572124999999997774, 0.000000000000000000 ) ) ;
#3901 = ORIENTED_EDGE ( 'NONE', *, *, #2887, .T. ) ;
#3902 = CARTESIAN_POINT ( 'NONE',  ( -0.3234563067302406725, 0.5572124999999997774, 3.094641864196312930 ) ) ;
#3903 = EDGE_LOOP ( 'NONE', ( #1618, #1827, #1709, #1777, #3313, #3860, #2915, #1207, #3103, #2986, #2682, #6910, #47, #1751, #4037, #1342, #7134, #5050, #175, #2465, #2123, #6349, #4885, #5866, #3892, #2639, #3967, #2153, #4013, #209, #1068, #5365, #5821, #2953, #2239, #673, #9, #1835, #4589, #864, #1701, #106, #483, #5795, #238, #1157, #6708, #7169, #553, #849, #1332, #4085, #366, #6032, #2210, #3127, #1633, #6876, #3954, #4032, #4267, #2475, #5739, #2772, #2658, #273, #2733, #3241, #663 ) ) ;
#3904 = CARTESIAN_POINT ( 'NONE',  ( 2.348970292876011001, 2.600324999999998887, 2.238613429265092769 ) ) ;
#3905 = CARTESIAN_POINT ( 'NONE',  ( -0.8803173306324569847, -2.035968750000000327, -2.984371566576144996 ) ) ;
#3906 = CARTESIAN_POINT ( 'NONE',  ( -1.418694880816723680, 0.8786812500000011905, 3.260742374850307268 ) ) ;
#3907 = VERTEX_POINT ( 'NONE', #4822 ) ;
#3908 = CARTESIAN_POINT ( 'NONE',  ( 0.7160295350852843299, -0.09286874999999999991, 3.027991736264408207 ) ) ;
#3909 = CARTESIAN_POINT ( 'NONE',  ( 2.750873903827874223, -1.207420750006949373, -1.454003100147589267 ) ) ;
#3910 = ORIENTED_EDGE ( 'NONE', *, *, #524, .F. ) ;
#3911 = CARTESIAN_POINT ( 'NONE',  ( -3.046420138823542789, 0.8786812499999996362, 0.6330533846133045150 ) ) ;
#3912 = CARTESIAN_POINT ( 'NONE',  ( 3.337741269324379090, 2.600324999999998443, 1.226629210091173761 ) ) ;
#3913 = ADVANCED_FACE ( 'NONE', ( #4208 ), #6556, .T. ) ;
#3914 = CARTESIAN_POINT ( 'NONE',  ( 2.838389141402891447, 1.200149999999999828, -2.142121164165595726 ) ) ;
#3915 = CARTESIAN_POINT ( 'NONE',  ( 2.206793427009849484, -1.135696009622295000, -2.194703568045654585 ) ) ;
#3916 = CARTESIAN_POINT ( 'NONE',  ( -0.4027397587790264577, 0.3929062500000000124, -3.396515721749943317 ) ) ;
#3917 = CARTESIAN_POINT ( 'NONE',  ( 3.545247624400003961, 2.600324999999999331, 0.2763245947905436650 ) ) ;
#3918 = CARTESIAN_POINT ( 'NONE',  ( -1.002713794197548136, 1.850231249999999772, 3.086035736900329063 ) ) ;
#3919 = CARTESIAN_POINT ( 'NONE',  ( 2.155196598958115661, 1.200149999999999606, -2.828473726206304661 ) ) ;
#3920 =( BOUNDED_CURVE ( )  B_SPLINE_CURVE ( 1, ( #1016, #5435 ),
 .UNSPECIFIED., .F., .F. ) 
 B_SPLINE_CURVE_WITH_KNOTS ( ( 2, 2 ),
 ( 6.133173666733496745E-19, 0.0005566452967378101397 ),
 .UNSPECIFIED. ) 
 CURVE ( )  GEOMETRIC_REPRESENTATION_ITEM ( )  RATIONAL_B_SPLINE_CURVE ( ( 0.9956508716769392198, 0.9956508716769392198 ) ) 
 REPRESENTATION_ITEM ( '' )  );
#3921 = ADVANCED_FACE ( 'NONE', ( #5404 ), #3417, .T. ) ;
#3922 = CARTESIAN_POINT ( 'NONE',  ( -2.789903690845140893, -2.035968750000000327, -1.904907513715210055 ) ) ;
#3923 = VERTEX_POINT ( 'NONE', #7139 ) ;
#3924 = CARTESIAN_POINT ( 'NONE',  ( -2.763624927086075544, 0.8786812499999994142, 1.942836200606856245 ) ) ;
#3925 = ORIENTED_EDGE ( 'NONE', *, *, #6070, .T. ) ;
#3926 = EDGE_CURVE ( 'NONE', #2308, #1783, #5892, .T. ) ;
#3927 = CARTESIAN_POINT ( 'NONE',  ( -3.065621083504908917, -1.135696009622294778, -0.5372414293931538909 ) ) ;
#3928 = DIRECTION ( 'NONE',  ( -0.000000000000000000, -1.000000000000000000, -0.000000000000000000 ) ) ;
#3929 = CARTESIAN_POINT ( 'NONE',  ( -2.634212203062794355, -1.550193750000000259, -1.727779834237954670 ) ) ;
#3930 = CARTESIAN_POINT ( 'NONE',  ( 2.522203549921135490, 1.526976102460968709, 2.069903403869615133 ) ) ;
#3931 = EDGE_CURVE ( 'NONE', #940, #5010, #5930, .T. ) ;
#3932 = ORIENTED_EDGE ( 'NONE', *, *, #2752, .T. ) ;
#3933 = DIRECTION ( 'NONE',  ( -0.000000000000000000, -1.000000000000000000, -0.000000000000000000 ) ) ;
#3934 =( BOUNDED_CURVE ( )  B_SPLINE_CURVE ( 1, ( #6787, #4076 ),
 .UNSPECIFIED., .F., .T. ) 
 B_SPLINE_CURVE_WITH_KNOTS ( ( 2, 2 ),
 ( 0.000000000000000000, 0.0005566452967378115492 ),
 .UNSPECIFIED. ) 
 CURVE ( )  GEOMETRIC_REPRESENTATION_ITEM ( )  RATIONAL_B_SPLINE_CURVE ( ( 0.9945407480612347140, 0.9945407480612347140 ) ) 
 REPRESENTATION_ITEM ( '' )  );
#3935 = DIRECTION ( 'NONE',  ( -0.000000000000000000, -1.000000000000000000, -0.000000000000000000 ) ) ;
#3936 = VERTEX_POINT ( 'NONE', #3248 ) ;
#3937 = CARTESIAN_POINT ( 'NONE',  ( 0.000000000000000000, 0.5572124999999997774, 0.000000000000000000 ) ) ;
#3938 = CARTESIAN_POINT ( 'NONE',  ( 2.697509346810934350, 1.850231249999997551, -2.317019491473399917 ) ) ;
#3939 = CARTESIAN_POINT ( 'NONE',  ( 0.000000000000000000, -2.857500000000000373, 0.000000000000000000 ) ) ;
#3940 = ORIENTED_EDGE ( 'NONE', *, *, #1461, .F. ) ;
#3941 = CARTESIAN_POINT ( 'NONE',  ( 0.000000000000000000, 0.5572124999999997774, 0.000000000000000000 ) ) ;
#3942 = CARTESIAN_POINT ( 'NONE',  ( -2.125755972115634940, 0.2303863975390292862, -2.295678016874568517 ) ) ;
#3943 = ORIENTED_EDGE ( 'NONE', *, *, #3082, .F. ) ;
#3944 = FACE_OUTER_BOUND ( 'NONE', #4055, .T. ) ;
#3945 = CARTESIAN_POINT ( 'NONE',  ( -1.247881225749536860, -1.181751568882860148, 2.878397461876296859 ) ) ;
#3946 = CARTESIAN_POINT ( 'NONE',  ( -3.104246375336364938, 0.8786812499999994142, -0.2123362691841413352 ) ) ;
#3947 = CARTESIAN_POINT ( 'NONE',  ( 1.432609351640310447, 0.3929062499999997904, -3.105824980096052457 ) ) ;
#3948 = CARTESIAN_POINT ( 'NONE',  ( 3.358752802968900664, -0.09286874999999968072, 0.3619597333248066318 ) ) ;
#3949 = CARTESIAN_POINT ( 'NONE',  ( 0.5458968296836252954, 1.200149999999999828, 3.198600971337527188 ) ) ;
#3950 =( BOUNDED_CURVE ( )  B_SPLINE_CURVE ( 2, ( #7121, #2101, #6005, #6599, #1586 ),
 .UNSPECIFIED., .F., .F. ) 
 B_SPLINE_CURVE_WITH_KNOTS ( ( 3, 2, 3 ),
 ( 0.01659028043918808065, 0.05000000000000000278, 0.09358265573071417043 ),
 .UNSPECIFIED. ) 
 CURVE ( )  GEOMETRIC_REPRESENTATION_ITEM ( )  RATIONAL_B_SPLINE_CURVE ( ( 0.9945407480612347140, 0.9917734182391064746, 1.000000000000000000, 0.9892685037336815812, 0.9972452917573791931 ) ) 
 REPRESENTATION_ITEM ( '' )  );
#3951 = CARTESIAN_POINT ( 'NONE',  ( -3.065354100748962196, 0.5572124999999997774, -0.5338880847345455205 ) ) ;
#3952 = AXIS2_PLACEMENT_3D ( 'NONE', #3012, #237, #2463 ) ;
#3953 = CARTESIAN_POINT ( 'NONE',  ( 1.633429989897629664, 1.526976102460969154, 3.180803009851123964 ) ) ;
#3954 = ORIENTED_EDGE ( 'NONE', *, *, #2977, .T. ) ;
#3955 = EDGE_CURVE ( 'NONE', #1655, #5476, #5726, .T. ) ;
#3956 = CARTESIAN_POINT ( 'NONE',  ( 3.139987941543699337E-13, -1.060263880825500715, 3.258656869174497483 ) ) ;
#3957 = EDGE_CURVE ( 'NONE', #6084, #1349, #2664, .T. ) ;
#3958 = VERTEX_POINT ( 'NONE', #1124 ) ;
#3959 =( BOUNDED_SURFACE ( )  B_SPLINE_SURFACE ( 1, 2, ( 
 ( #3730, #436, #471, #7074, #2051, #7143, #2665, #3771, #5333 ),
 ( #3216, #2018, #401, #5369, #2705, #1607, #6479, #6514, #4896 ) ),
 .UNSPECIFIED., .F., .F., .F. ) 
 B_SPLINE_SURFACE_WITH_KNOTS ( ( 2, 2 ),
 ( 3, 2, 2, 2, 3 ),
 ( 0.000000000000000000, 1.000000000000000000 ),
 ( 0.000000000000000000, 0.05000000000000000278, 0.1000000000000000056, 0.1499999999999999944, 0.2000000000000000111 ),
 .UNSPECIFIED. ) 
 GEOMETRIC_REPRESENTATION_ITEM ( )  RATIONAL_B_SPLINE_SURFACE ( (
 ( 1.000000000000000000, 0.9876883405951377704, 1.000000000000000000, 0.9876883405951377704, 1.000000000000000000, 0.9876883405951377704, 1.000000000000000000, 0.9876883405951377704, 1.000000000000000000),
 ( 1.000000000000000000, 0.9876883405951377704, 1.000000000000000000, 0.9876883405951377704, 1.000000000000000000, 0.9876883405951377704, 1.000000000000000000, 0.9876883405951377704, 1.000000000000000000) ) ) 
 REPRESENTATION_ITEM ( '' )  SURFACE ( )  );
#3960 = CARTESIAN_POINT ( 'NONE',  ( 3.556000000000000050, 1.200149999999999828, 0.000000000000000000 ) ) ;
#3961 = DIRECTION ( 'NONE',  ( -0.000000000000000000, -1.000000000000000000, -0.000000000000000000 ) ) ;
#3962 = CARTESIAN_POINT ( 'NONE',  ( 0.5913842720086726068, -1.064418749999999969, 3.054782626116100630 ) ) ;
#3963 = CARTESIAN_POINT ( 'NONE',  ( 3.472792976693598987, 2.336006249999997397, 0.9497663690986056784 ) ) ;
#3964 = CARTESIAN_POINT ( 'NONE',  ( 1.801827541419582790, 3.307556249999996645, 2.747107011765488327 ) ) ;
#3965 = CARTESIAN_POINT ( 'NONE',  ( 0.7445449450368289979, 1.526976102460969598, -3.497320995304126434 ) ) ;
#3966 = ADVANCED_FACE ( 'NONE', ( #4388 ), #2392, .T. ) ;
#3967 = ORIENTED_EDGE ( 'NONE', *, *, #1227, .T. ) ;
#3968 = CARTESIAN_POINT ( 'NONE',  ( 0.3663550556816920212, -1.067499318559818722, 3.230750898049752795 ) ) ;
#3969 = CARTESIAN_POINT ( 'NONE',  ( -2.781942459652073207, 1.526976102460970708, 2.246418810142023492 ) ) ;
#3970 = EDGE_CURVE ( 'NONE', #3721, #2308, #2863, .T. ) ;
#3971 = ORIENTED_EDGE ( 'NONE', *, *, #38, .F. ) ;
#3972 = CARTESIAN_POINT ( 'NONE',  ( 3.208939514930127856, -1.097987288839230580, 0.2784392419364775662 ) ) ;
#3973 = EDGE_CURVE ( 'NONE', #1034, #3124, #2157, .T. ) ;
#3974 = CARTESIAN_POINT ( 'NONE',  ( 2.742844858254656071, -2.035968749999999883, -1.469093030936433175 ) ) ;
#3975 = CARTESIAN_POINT ( 'NONE',  ( 0.3359681491173966417, 3.307556249999997533, -3.268073564944317777 ) ) ;
#3976 =( BOUNDED_CURVE ( )  B_SPLINE_CURVE ( 2, ( #1095, #3884, #1610, #4394, #4937, #6551, #7186 ),
 .UNSPECIFIED., .F., .T. ) 
 B_SPLINE_CURVE_WITH_KNOTS ( ( 3, 2, 2, 3 ),
 ( 0.01659028043918809800, 0.05000000000000000278, 0.1000000000000000056, 0.1074143368666445192 ),
 .UNSPECIFIED. ) 
 CURVE ( )  GEOMETRIC_REPRESENTATION_ITEM ( )  RATIONAL_B_SPLINE_CURVE ( ( 0.9945407480612344919, 0.9917734182391062525, 1.000000000000000000, 0.9876883405951377704, 1.000000000000000000, 0.9981743441956991703, 0.9968901294768235388 ) ) 
 REPRESENTATION_ITEM ( '' )  );
#3977 = ORIENTED_EDGE ( 'NONE', *, *, #4497, .F. ) ;
#3978 = CARTESIAN_POINT ( 'NONE',  ( -3.104246375336364938, 0.8786812499999994142, -0.2123362691841413352 ) ) ;
#3979 = AXIS2_PLACEMENT_3D ( 'NONE', #2919, #6884, #183 ) ;
#3980 = CARTESIAN_POINT ( 'NONE',  ( 2.850992948127833326, -1.127509193519550701, -1.434206028636157315 ) ) ;
#3981 = ORIENTED_EDGE ( 'NONE', *, *, #614, .F. ) ;
#3982 = CARTESIAN_POINT ( 'NONE',  ( -3.365705814108892469, -0.5156196993879220702, 0.5487050659752892301 ) ) ;
#3983 = EDGE_CURVE ( 'NONE', #5020, #7137, #5269, .T. ) ;
#3984 = CARTESIAN_POINT ( 'NONE',  ( -3.390368936447507142, -0.5156196993881074775, -0.3666760850196459365 ) ) ;
#3985 = AXIS2_PLACEMENT_3D ( 'NONE', #3431, #4567, #1239 ) ;
#3986 = CARTESIAN_POINT ( 'NONE',  ( -1.815012681418311180, 2.600324999999999331, -3.057918404125707479 ) ) ;
#3987 = CARTESIAN_POINT ( 'NONE',  ( 4.852540476941472549E-16, 3.873499999999999055, 3.962399999999999700 ) ) ;
#3988 = CARTESIAN_POINT ( 'NONE',  ( 2.050964830792880722, 0.5572124999999997774, -2.684358117474402672 ) ) ;
#3989 = ORIENTED_EDGE ( 'NONE', *, *, #4336, .F. ) ;
#3990 = AXIS2_PLACEMENT_3D ( 'NONE', #3221, #2197, #4430 ) ;
#3991 = CARTESIAN_POINT ( 'NONE',  ( -0.9615063779976485980, -0.09286875000000022196, 2.959212350452370188 ) ) ;
#3992 = CARTESIAN_POINT ( 'NONE',  ( -2.108883719947461710, 0.3929062499999996794, -2.692791825807645090 ) ) ;
#3993 = CARTESIAN_POINT ( 'NONE',  ( 3.071285731169419719, -1.029273648346682890, -1.178550809651539133 ) ) ;
#3994 = AXIS2_PLACEMENT_3D ( 'NONE', #790, #6458, #4703 ) ;
#3995 = CARTESIAN_POINT ( 'NONE',  ( 2.964105475746108276, 0.5572124999999996664, 0.9463144184952146931 ) ) ;
#3996 = CARTESIAN_POINT ( 'NONE',  ( -3.361113726557591441, 0.3929062499999994573, 0.6335873093284396518 ) ) ;
#3997 = EDGE_LOOP ( 'NONE', ( #521, #3971, #2290, #6970 ) ) ;
#3998 =( BOUNDED_CURVE ( )  B_SPLINE_CURVE ( 1, ( #719, #639 ),
 .UNSPECIFIED., .F., .F. ) 
 B_SPLINE_CURVE_WITH_KNOTS ( ( 2, 2 ),
 ( 0.000000000000000000, 0.0005566452967378104650 ),
 .UNSPECIFIED. ) 
 CURVE ( )  GEOMETRIC_REPRESENTATION_ITEM ( )  RATIONAL_B_SPLINE_CURVE ( ( 0.9945407480612347140, 0.9945407480612347140 ) ) 
 REPRESENTATION_ITEM ( '' )  );
#3999 = CARTESIAN_POINT ( 'NONE',  ( -3.010413866081277590, 1.850231250000001326, -1.210974763323154901 ) ) ;
#4000 = ORIENTED_EDGE ( 'NONE', *, *, #266, .T. ) ;
#4001 = DIRECTION ( 'NONE',  ( 0.000000000000000000, 0.000000000000000000, -1.000000000000000000 ) ) ;
#4002 = VECTOR ( 'NONE', #4231, 1000.000000000000000 ) ;
#4003 = DIRECTION ( 'NONE',  ( 0.000000000000000000, 0.000000000000000000, -1.000000000000000000 ) ) ;
#4004 = CARTESIAN_POINT ( 'NONE',  ( -1.940659575061661313, 2.223636876399969431, 3.011047453717820233 ) ) ;
#4005 = CARTESIAN_POINT ( 'NONE',  ( -1.971371349709225118, -2.521743750000000173, -2.457232607611639530 ) ) ;
#4006 = EDGE_CURVE ( 'NONE', #123, #3225, #1643, .T. ) ;
#4007 = CARTESIAN_POINT ( 'NONE',  ( -1.666341983850471387, 0.5572124999999997774, 2.938628869533765009 ) ) ;
#4008 = DIRECTION ( 'NONE',  ( -0.000000000000000000, -1.000000000000000000, -0.000000000000000000 ) ) ;
#4009 = ORIENTED_EDGE ( 'NONE', *, *, #7030, .F. ) ;
#4010 = CARTESIAN_POINT ( 'NONE',  ( 0.3430371539151907956, -1.005087262691940486, 3.296065697338520284 ) ) ;
#4011 = CARTESIAN_POINT ( 'NONE',  ( -3.388205318128547638, 1.200149999999999828, -1.079444636007530267 ) ) ;
#4012 =( BOUNDED_CURVE ( )  B_SPLINE_CURVE ( 1, ( #280, #5904 ),
 .UNSPECIFIED., .F., .T. ) 
 B_SPLINE_CURVE_WITH_KNOTS ( ( 2, 2 ),
 ( 0.000000000000000000, 0.0005566452967378113324 ),
 .UNSPECIFIED. ) 
 CURVE ( )  GEOMETRIC_REPRESENTATION_ITEM ( )  RATIONAL_B_SPLINE_CURVE ( ( 0.9945407480612344919, 0.9945407480612344919 ) ) 
 REPRESENTATION_ITEM ( '' )  );
#4013 = ORIENTED_EDGE ( 'NONE', *, *, #7052, .T. ) ;
#4014 = CARTESIAN_POINT ( 'NONE',  ( 3.358475500609527487, -0.9407207500001901757, 0.3645237328432933688 ) ) ;
#4015 = CARTESIAN_POINT ( 'NONE',  ( 1.474897162236027626, -1.550193749999999815, 3.085967712440300659 ) ) ;
#4016 = ADVANCED_FACE ( 'NONE', ( #5581 ), #153, .F. ) ;
#4017 = FACE_OUTER_BOUND ( 'NONE', #1812, .T. ) ;
#4018 = ORIENTED_EDGE ( 'NONE', *, *, #5126, .T. ) ;
#4019 = CARTESIAN_POINT ( 'NONE',  ( 1.853404224539021650, 0.5572124999999997774, 2.824380997751704481 ) ) ;
#4020 = CARTESIAN_POINT ( 'NONE',  ( 1.963630138770499078, 0.8786812500000000803, -2.413625681026813297 ) ) ;
#4021 = ORIENTED_EDGE ( 'NONE', *, *, #5106, .F. ) ;
#4022 = B_SPLINE_CURVE_WITH_KNOTS ( 'NONE', 3,
 ( #5124, #711, #1142, #2868, #6233, #5018, #2833, #5058, #5091, #85 ),
 .UNSPECIFIED., .F., .F.,
 ( 4, 3, 3, 4 ),
 ( 2.022591284989597007E-16, 0.0002589485462244639361, 0.0005341756780451729740, 0.0008103109524490931855 ),
 .UNSPECIFIED. ) ;
#4023 = EDGE_CURVE ( 'NONE', #4740, #1441, #631, .T. ) ;
#4024 = CARTESIAN_POINT ( 'NONE',  ( 0.000000000000000000, 2.857499999999999485, -3.962399999999999700 ) ) ;
#4025 = CARTESIAN_POINT ( 'NONE',  ( -1.365625444661073384, -1.067499318559821164, 2.950768465496245163 ) ) ;
#4026 =( BOUNDED_CURVE ( )  B_SPLINE_CURVE ( 1, ( #6625, #1543 ),
 .UNSPECIFIED., .F., .T. ) 
 B_SPLINE_CURVE_WITH_KNOTS ( ( 2, 2 ),
 ( 0.000000000000000000, 0.0005566452967378107903 ),
 .UNSPECIFIED. ) 
 CURVE ( )  GEOMETRIC_REPRESENTATION_ITEM ( )  RATIONAL_B_SPLINE_CURVE ( ( 0.9945407480612347140, 0.9945407480612347140 ) ) 
 REPRESENTATION_ITEM ( '' )  );
#4027 = CARTESIAN_POINT ( 'NONE',  ( 1.222013561408116011, -1.036468050703329702, 3.046502679937392877 ) ) ;
#4028 = CARTESIAN_POINT ( 'NONE',  ( -3.107254329464899101, 0.2303863975390292307, -1.372579951317051572 ) ) ;
#4029 = CARTESIAN_POINT ( 'NONE',  ( 1.503713858724845309, 1.364456249999998816, -3.271267620651356012 ) ) ;
#4031 = EDGE_CURVE ( 'NONE', #3624, #265, #2908, .T. ) ;
#4030 = CARTESIAN_POINT ( 'NONE',  ( 2.333884575377642712, 0.2303863975390296748, -2.468195287968557583 ) ) ;
#4032 = ORIENTED_EDGE ( 'NONE', *, *, #1780, .T. ) ;
#4033 = CARTESIAN_POINT ( 'NONE',  ( 2.331157822501040311, -3.007518749999999574, -2.060857941875720023 ) ) ;
#4034 = FACE_OUTER_BOUND ( 'NONE', #5165, .T. ) ;
#4035 = CARTESIAN_POINT ( 'NONE',  ( 2.430077068900682757, -0.5786437500000000123, -2.004749990788710523 ) ) ;
#4036 = CARTESIAN_POINT ( 'NONE',  ( -1.942952971974984955, 1.850231250000000660, -2.598843063979348500 ) ) ;
#4037 = ORIENTED_EDGE ( 'NONE', *, *, #4895, .T. ) ;
#4038 = CARTESIAN_POINT ( 'NONE',  ( -3.377175064149155137, -0.9407207499999040712, 0.08320953124178653848 ) ) ;
#4039 = EDGE_LOOP ( 'NONE', ( #4945, #1324, #2751, #6276 ) ) ;
#4040 = CARTESIAN_POINT ( 'NONE',  ( 0.002159662224869834252, 0.8786812500000001913, -3.555999344187098732 ) ) ;
#4041 = CARTESIAN_POINT ( 'NONE',  ( 2.203899881681182560, 0.5572124999999997774, -2.196419259049981143 ) ) ;
#4042 = CARTESIAN_POINT ( 'NONE',  ( 0.1344834704988551732, -0.9407207500002887635, -3.375522098307642160 ) ) ;
#4043 = CARTESIAN_POINT ( 'NONE',  ( 0.000000000000000000, 2.857499999999999485, -3.200400000000000134 ) ) ;
#4044 = CARTESIAN_POINT ( 'NONE',  ( -0.4093608304976029122, 2.600324999999999331, -3.218924546017555066 ) ) ;
#4045 = CARTESIAN_POINT ( 'NONE',  ( -3.139627377803445363, 2.600324999999999331, -1.669693363629099814 ) ) ;
#4046 =( BOUNDED_CURVE ( )  B_SPLINE_CURVE ( 1, ( #3565, #888 ),
 .UNSPECIFIED., .F., .T. ) 
 B_SPLINE_CURVE_WITH_KNOTS ( ( 2, 2 ),
 ( 0.000000000000000000, 0.0005566452967378089471 ),
 .UNSPECIFIED. ) 
 CURVE ( )  GEOMETRIC_REPRESENTATION_ITEM ( )  RATIONAL_B_SPLINE_CURVE ( ( 0.9945407480612344919, 0.9945407480612344919 ) ) 
 REPRESENTATION_ITEM ( '' )  );
#4047 = ORIENTED_EDGE ( 'NONE', *, *, #2701, .F. ) ;
#4048 = CARTESIAN_POINT ( 'NONE',  ( -1.943856213868751626, -1.207420750006950483, 2.429579237193931540 ) ) ;
#4049 = CYLINDRICAL_SURFACE ( 'NONE', #7241, 3.556000000000000050 ) ;
#4050 = ORIENTED_EDGE ( 'NONE', *, *, #3, .T. ) ;
#4051 = ADVANCED_FACE ( 'NONE', ( #6287, #2920 ), #1712, .T. ) ;
#4052 = LINE ( 'NONE', #4522, #3155 ) ;
#4053 = CARTESIAN_POINT ( 'NONE',  ( 2.975526335744200335, -2.521743749999999729, -1.034669083164737602 ) ) ;
#4054 = CARTESIAN_POINT ( 'NONE',  ( -2.836705107703867856, -1.064418750000000191, -1.278489883388523873 ) ) ;
#4055 = EDGE_LOOP ( 'NONE', ( #7000, #4276, #6706, #2805 ) ) ;
#4056 = CARTESIAN_POINT ( 'NONE',  ( -2.898468164740202191, -1.135696009622293445, 1.133818009679590455 ) ) ;
#4057 = CARTESIAN_POINT ( 'NONE',  ( -0.9963561706111544458, 0.3929062499999996794, 3.271970773506541530 ) ) ;
#4058 = EDGE_CURVE ( 'NONE', #2541, #4839, #890, .T. ) ;
#4059 = VERTEX_POINT ( 'NONE', #2883 ) ;
#4060 = EDGE_CURVE ( 'NONE', #5559, #5591, #3180, .T. ) ;
#4061 = DIRECTION ( 'NONE',  ( 0.000000000000000000, 0.000000000000000000, 1.000000000000000000 ) ) ;
#4062 = CARTESIAN_POINT ( 'NONE',  ( -0.1052695410903459056, 1.200149999999999828, -3.243141971332526907 ) ) ;
#4063 = CARTESIAN_POINT ( 'NONE',  ( -1.531336667795313078, 2.336006249999999618, -2.906576583022501659 ) ) ;
#4064 = CARTESIAN_POINT ( 'NONE',  ( -3.318873626987069336, -1.000217606553380101, -0.06804688508456070706 ) ) ;
#4065 = CARTESIAN_POINT ( 'NONE',  ( 1.937303706605351561, -0.9706622954021489891, 2.731912611736358354 ) ) ;
#4066 = VERTEX_POINT ( 'NONE', #2851 ) ;
#4067 = CARTESIAN_POINT ( 'NONE',  ( -2.926928844861714563, 2.600324999999998887, 2.019461199705621546 ) ) ;
#4068 = CARTESIAN_POINT ( 'NONE',  ( 0.4078020770564121933, -2.035968749999999883, -3.353495595039373889 ) ) ;
#4069 = EDGE_CURVE ( 'NONE', #971, #2715, #3695, .T. ) ;
#4070 = CARTESIAN_POINT ( 'NONE',  ( 0.06730659317483200788, 1.364456249999999482, -3.284607928752595107 ) ) ;
#4071 = CARTESIAN_POINT ( 'NONE',  ( -1.627793720431783830, -1.005087262691904293, -2.886522332125803114 ) ) ;
#4072 = ORIENTED_EDGE ( 'NONE', *, *, #6298, .F. ) ;
#4073 = CARTESIAN_POINT ( 'NONE',  ( 2.677648290194285075, 1.200150000000000272, 2.339943510860814868 ) ) ;
#4074 = EDGE_LOOP ( 'NONE', ( #907, #4672, #572, #6339, #4735 ) ) ;
#4075 = CARTESIAN_POINT ( 'NONE',  ( 1.636461752195520925, 2.336006249999998285, -3.206920664507355134 ) ) ;
#4076 = CARTESIAN_POINT ( 'NONE',  ( 1.388625708697308392, 1.200150000000000272, 2.932706968594869679 ) ) ;
#4077 = CARTESIAN_POINT ( 'NONE',  ( -3.010413866081277590, 1.850231250000001326, -1.210974763323154901 ) ) ;
#4078 = CIRCLE ( 'NONE', #452, 3.556000000000000050 ) ;
#4079 = CARTESIAN_POINT ( 'NONE',  ( -2.862981340949581011, 2.223636876399968987, -1.577483572102843512 ) ) ;
#4080 = CARTESIAN_POINT ( 'NONE',  ( 1.595140177375367063, 1.200149999999999828, -2.825699795983802165 ) ) ;
#4081 = VERTEX_POINT ( 'NONE', #2333 ) ;
#4082 = DIRECTION ( 'NONE',  ( 0.000000000000000000, 0.000000000000000000, -1.000000000000000000 ) ) ;
#4083 = VECTOR ( 'NONE', #4799, 1000.000000000000000 ) ;
#4084 = CARTESIAN_POINT ( 'NONE',  ( 2.598875829508853208, 0.5572124999999996664, 1.710928599560679109 ) ) ;
#4085 = ORIENTED_EDGE ( 'NONE', *, *, #3259, .F. ) ;
#4086 = FACE_OUTER_BOUND ( 'NONE', #1909, .T. ) ;
#4087 = CARTESIAN_POINT ( 'NONE',  ( 3.050495487478015910, -2.521743749999999729, -1.546931039921354500 ) ) ;
#4088 =( BOUNDED_CURVE ( )  B_SPLINE_CURVE ( 2, ( #3914, #6660, #5002, #2740, #7251 ),
 .UNSPECIFIED., .F., .T. ) 
 B_SPLINE_CURVE_WITH_KNOTS ( ( 3, 2, 3 ),
 ( 0.01659028043918817780, 0.05000000000000000278, 0.08854378023972317435 ),
 .UNSPECIFIED. ) 
 CURVE ( )  GEOMETRIC_REPRESENTATION_ITEM ( )  RATIONAL_B_SPLINE_CURVE ( ( 0.9945407480612344919, 0.9917734182391064746, 1.000000000000000000, 0.9905092421102533740, 0.9956508716769392198 ) ) 
 REPRESENTATION_ITEM ( '' )  );
#4089 = CARTESIAN_POINT ( 'NONE',  ( -2.955381637624951097, -1.181751568882856818, 1.052662756111071740 ) ) ;
#4090 = ORIENTED_EDGE ( 'NONE', *, *, #4581, .F. ) ;
#4091 = CARTESIAN_POINT ( 'NONE',  ( -3.158312839435218677, 0.8786812500000016346, -1.634073440289226298 ) ) ;
#4092 = CARTESIAN_POINT ( 'NONE',  ( 2.624684007109074901, 2.600324999999999775, -2.399201922061976244 ) ) ;
#4093 = EDGE_LOOP ( 'NONE', ( #1879, #4663, #520, #6906 ) ) ;
#4094 = DIRECTION ( 'NONE',  ( 0.000000000000000000, 0.000000000000000000, -1.000000000000000000 ) ) ;
#4095 = CARTESIAN_POINT ( 'NONE',  ( 3.488073450321933944, 2.223636876399967210, 0.8160330630423886511 ) ) ;
#4096 = CARTESIAN_POINT ( 'NONE',  ( 1.333282306962320307, 3.793331249999997823, 2.958278183748321855 ) ) ;
#4097 = EDGE_CURVE ( 'NONE', #1998, #3624, #1177, .T. ) ;
#4098 = CARTESIAN_POINT ( 'NONE',  ( -3.281971131266082420, 0.5572124999999997774, 0.8005627605228925470 ) ) ;
#4099 = CARTESIAN_POINT ( 'NONE',  ( -1.847773909548195315, -1.149975985603282957, 2.575779272318069246 ) ) ;
#4100 = ORIENTED_EDGE ( 'NONE', *, *, #3562, .T. ) ;
#4101 = CARTESIAN_POINT ( 'NONE',  ( -2.987885379231843608, 1.850231250000001548, 1.928127838233913760 ) ) ;
#4102 = AXIS2_PLACEMENT_3D ( 'NONE', #6730, #100, #2850 ) ;
#4103 = FACE_OUTER_BOUND ( 'NONE', #3687, .T. ) ;
#4104 = APPROVAL_ROLE ( '' ) ;
#4105 = ADVANCED_FACE ( 'NONE', ( #2005 ), #619, .F. ) ;
#4106 = CARTESIAN_POINT ( 'NONE',  ( -0.1699165730702769939, -1.064418750000000191, -3.106857030536817277 ) ) ;
#4107 = AXIS2_PLACEMENT_3D ( 'NONE', #4816, #2477, #1970 ) ;
#4108 = VERTEX_POINT ( 'NONE', #3646 ) ;
#4109 = CARTESIAN_POINT ( 'NONE',  ( -1.463099955566004251, 3.793331249999999155, -3.241060709092437708 ) ) ;
#4110 = VERTEX_POINT ( 'NONE', #249 ) ;
#4111 = CARTESIAN_POINT ( 'NONE',  ( 0.5653746281483622571, 1.364456249999999482, -3.555657287294323066 ) ) ;
#4112 = CARTESIAN_POINT ( 'NONE',  ( -3.145553918009080796, 1.526976102460971152, 0.8668918026394649701 ) ) ;
#4113 = CARTESIAN_POINT ( 'NONE',  ( 2.586035369792897054, -2.521743749999999284, -1.799088144740102591 ) ) ;
#4114 = CARTESIAN_POINT ( 'NONE',  ( -0.8122460033788414524, -1.097987288839240794, -3.116901931714439744 ) ) ;
#4115 = CARTESIAN_POINT ( 'NONE',  ( -2.629990540423123857, 0.2303863975390292862, -2.149919753856122551 ) ) ;
#4116 =( BOUNDED_SURFACE ( )  B_SPLINE_SURFACE ( 1, 2, ( 
 ( #863, #3093, #2646, #5319, #386, #5426, #4776, #6013, #1449 ),
 ( #3198, #3126, #282, #2035, #7128, #2508, #3678, #4232, #1486 ) ),
 .UNSPECIFIED., .F., .F., .T. ) 
 B_SPLINE_SURFACE_WITH_KNOTS ( ( 2, 2 ),
 ( 3, 2, 2, 2, 3 ),
 ( 0.000000000000000000, 1.000000000000000000 ),
 ( 0.000000000000000000, 0.05000000000000000278, 0.1000000000000000056, 0.1499999999999999944, 0.2000000000000000111 ),
 .UNSPECIFIED. ) 
 GEOMETRIC_REPRESENTATION_ITEM ( )  RATIONAL_B_SPLINE_SURFACE ( (
 ( 1.000000000000000000, 0.9876883405951377704, 1.000000000000000000, 0.9876883405951377704, 1.000000000000000000, 0.9876883405951377704, 1.000000000000000000, 0.9876883405951377704, 1.000000000000000000),
 ( 1.000000000000000000, 0.9876883405951377704, 1.000000000000000000, 0.9876883405951377704, 1.000000000000000000, 0.9876883405951377704, 1.000000000000000000, 0.9876883405951377704, 1.000000000000000000) ) ) 
 REPRESENTATION_ITEM ( '' )  SURFACE ( )  );
#4117 = ORIENTED_EDGE ( 'NONE', *, *, #2047, .T. ) ;
#4118 = CARTESIAN_POINT ( 'NONE',  ( 3.590334505883862715, 4.279106249999994560, 0.2680398304410476773 ) ) ;
#4119 = DIRECTION ( 'NONE',  ( -0.000000000000000000, -1.000000000000000000, -0.000000000000000000 ) ) ;
#4120 = EDGE_CURVE ( 'NONE', #4828, #4492, #4679, .T. ) ;
#4121 = AXIS2_PLACEMENT_3D ( 'NONE', #4444, #4482, #6606 ) ;
#4122 = ORIENTED_EDGE ( 'NONE', *, *, #2398, .F. ) ;
#4123 = DIRECTION ( 'NONE',  ( 0.000000000000000000, 0.000000000000000000, -1.000000000000000000 ) ) ;
#4124 = CARTESIAN_POINT ( 'NONE',  ( -2.291261887953862875, -1.207420750006951815, -2.105124986980607016 ) ) ;
#4125 = EDGE_LOOP ( 'NONE', ( #645, #196, #5418, #5117 ) ) ;
#4126 = CARTESIAN_POINT ( 'NONE',  ( 1.413589609093284460, 1.850231249999997996, -2.920756056154553804 ) ) ;
#4127 = CARTESIAN_POINT ( 'NONE',  ( -3.232723423980772726, -2.521743750000000173, 1.117147092124371799 ) ) ;
#4128 = ORIENTED_EDGE ( 'NONE', *, *, #2136, .F. ) ;
#4129 = CARTESIAN_POINT ( 'NONE',  ( -3.176981001915986980, 0.8786812500000019677, 0.6601842439538289087 ) ) ;
#4130 =( BOUNDED_CURVE ( )  B_SPLINE_CURVE ( 2, ( #3043, #1328, #2351, #6937, #6865, #1838, #6344 ),
 .UNSPECIFIED., .F., .F. ) 
 B_SPLINE_CURVE_WITH_KNOTS ( ( 3, 2, 2, 3 ),
 ( 0.01659028043918812576, 0.05000000000000000278, 0.1000000000000000056, 0.1074143368666445469 ),
 .UNSPECIFIED. ) 
 CURVE ( )  GEOMETRIC_REPRESENTATION_ITEM ( )  RATIONAL_B_SPLINE_CURVE ( ( 0.9945407480612347140, 0.9917734182391064746, 1.000000000000000000, 0.9876883405951377704, 1.000000000000000000, 0.9981743441956991703, 0.9968901294768235388 ) ) 
 REPRESENTATION_ITEM ( '' )  );
#4131 = CARTESIAN_POINT ( 'NONE',  ( -0.6464302977274303252, 2.336006249999999174, 3.221072382497675246 ) ) ;
#4132 = CARTESIAN_POINT ( 'NONE',  ( 3.114107485798028652, -1.064418749999999747, -1.309415826579426678 ) ) ;
#4133 = CARTESIAN_POINT ( 'NONE',  ( -3.184244851771226070, -1.550193750000000481, 1.248640494844041937 ) ) ;
#4134 = VERTEX_POINT ( 'NONE', #4780 ) ;
#4135 = CARTESIAN_POINT ( 'NONE',  ( 3.045837962518216369, -1.149975985603238327, 0.8785091841259244916 ) ) ;
#4136 = CARTESIAN_POINT ( 'NONE',  ( 3.158312839435241326, 0.8786812499999979709, -1.634073440289179890 ) ) ;
#4137 = ORIENTED_EDGE ( 'NONE', *, *, #4649, .T. ) ;
#4138 = CARTESIAN_POINT ( 'NONE',  ( 3.172702188662916090, 2.600324999999999331, -1.605956668797008824 ) ) ;
#4139 = EDGE_CURVE ( 'NONE', #3207, #665, #6674, .T. ) ;
#4140 = CARTESIAN_POINT ( 'NONE',  ( -0.5961141102543165982, 1.200150000000000050, -3.505678816941979470 ) ) ;
#4141 = FACE_OUTER_BOUND ( 'NONE', #6616, .T. ) ;
#4142 = VERTEX_POINT ( 'NONE', #7023 ) ;
#4143 = CARTESIAN_POINT ( 'NONE',  ( -0.8457088935308458844, 1.200150000000000050, 3.453970536556854043 ) ) ;
#4144 = VERTEX_POINT ( 'NONE', #4273 ) ;
#4145 = CARTESIAN_POINT ( 'NONE',  ( -0.8731822756431041332, -2.035968750000000327, 3.263401286005557012 ) ) ;
#4146 = EDGE_CURVE ( 'NONE', #283, #6656, #473, .T. ) ;
#4147 = CARTESIAN_POINT ( 'NONE',  ( 3.242765306387297652, 1.200150000000000272, 0.1162957015151435541 ) ) ;
#4148 = DIRECTION ( 'NONE',  ( -0.000000000000000000, -1.000000000000000000, -0.000000000000000000 ) ) ;
#4149 = CYLINDRICAL_SURFACE ( 'NONE', #2788, 3.378200000000000092 ) ;
#4150 = ORIENTED_EDGE ( 'NONE', *, *, #5534, .T. ) ;
#4151 = EDGE_CURVE ( 'NONE', #448, #4287, #12, .T. ) ;
#4152 = CARTESIAN_POINT ( 'NONE',  ( -3.277558503343882990, -0.9407207500002886524, -0.8184408941144486471 ) ) ;
#4153 = ORIENTED_EDGE ( 'NONE', *, *, #4730, .F. ) ;
#4154 = CARTESIAN_POINT ( 'NONE',  ( -1.451255349555882646, 0.2303863975390292862, 2.771792546445688288 ) ) ;
#4155 = CARTESIAN_POINT ( 'NONE',  ( 3.170153407116436561, 2.600324999999999331, 0.6922274899540424853 ) ) ;
#4156 = ADVANCED_FACE ( 'NONE', ( #865, #5291 ), #4201, .T. ) ;
#4157 =( BOUNDED_CURVE ( )  B_SPLINE_CURVE ( 2, ( #6066, #2160, #3255, #5477, #1061 ),
 .UNSPECIFIED., .F., .T. ) 
 B_SPLINE_CURVE_WITH_KNOTS ( ( 3, 2, 3 ),
 ( 0.01659028043918811535, 0.05000000000000000278, 0.09358265573071419818 ),
 .UNSPECIFIED. ) 
 CURVE ( )  GEOMETRIC_REPRESENTATION_ITEM ( )  RATIONAL_B_SPLINE_CURVE ( ( 0.9945407480612344919, 0.9917734182391063635, 1.000000000000000000, 0.9892685037336815812, 0.9972452917573793041 ) ) 
 REPRESENTATION_ITEM ( '' )  );
#4158 = CARTESIAN_POINT ( 'NONE',  ( -2.375160832158841107, -0.9407207500002883194, -2.402258575045402189 ) ) ;
#4159 = ORIENTED_EDGE ( 'NONE', *, *, #1426, .T. ) ;
#4160 = CARTESIAN_POINT ( 'NONE',  ( 2.217425862119321689, 0.3929062500000000124, -2.604139187409208134 ) ) ;
#4161 = ORIENTED_EDGE ( 'NONE', *, *, #1985, .T. ) ;
#4162 = CARTESIAN_POINT ( 'NONE',  ( 2.312747297897247645, 0.2303863975390295082, 2.488012284295406662 ) ) ;
#4163 = CARTESIAN_POINT ( 'NONE',  ( 2.865834777561208302, 2.600324999999999331, 1.521854970166578003 ) ) ;
#4164 = CARTESIAN_POINT ( 'NONE',  ( 0.05072969571698511537, 3.793331249999998267, 3.555638128096346051 ) ) ;
#4165 = FACE_OUTER_BOUND ( 'NONE', #4998, .T. ) ;
#4166 = CARTESIAN_POINT ( 'NONE',  ( -0.4148958521810634514, 1.364456249999999704, -3.576340118988414751 ) ) ;
#4167 = CARTESIAN_POINT ( 'NONE',  ( -3.286553909785376426, -1.029273648346683334, -0.1426234605162937097 ) ) ;
#4168 = CARTESIAN_POINT ( 'NONE',  ( 3.178402892396686497, 3.793331249999996047, 1.594644491290901023 ) ) ;
#4169 = ORIENTED_EDGE ( 'NONE', *, *, #3552, .F. ) ;
#4170 =( BOUNDED_CURVE ( )  B_SPLINE_CURVE ( 1, ( #6673, #3411 ),
 .UNSPECIFIED., .F., .T. ) 
 B_SPLINE_CURVE_WITH_KNOTS ( ( 2, 2 ),
 ( 0.000000000000000000, 0.0005113447558650970233 ),
 .UNSPECIFIED. ) 
 CURVE ( )  GEOMETRIC_REPRESENTATION_ITEM ( )  RATIONAL_B_SPLINE_CURVE ( ( 0.9945407480612347140, 0.9945407480612347140 ) ) 
 REPRESENTATION_ITEM ( '' )  );
#4171 = CARTESIAN_POINT ( 'NONE',  ( -1.963630138770533717, 0.8786812499999996362, -2.413625681026784875 ) ) ;
#4172 = SECURITY_CLASSIFICATION_LEVEL ( 'unclassified' ) ;
#4173 = CARTESIAN_POINT ( 'NONE',  ( -3.279827851947299866, -1.036468050703328814, 0.1312439892788428708 ) ) ;
#4174 = CARTESIAN_POINT ( 'NONE',  ( 3.239356260952674038, 2.600324999999998443, -0.1887393364583336564 ) ) ;
#4175 = CARTESIAN_POINT ( 'NONE',  ( -1.623159676239674276, -1.067499318559794519, -2.817324982585872384 ) ) ;
#4176 = VERTEX_POINT ( 'NONE', #896 ) ;
#4177 = CARTESIAN_POINT ( 'NONE',  ( -3.376255986770155815, 0.5572124999999998884, -0.1145894925317853114 ) ) ;
#4178 = ORIENTED_EDGE ( 'NONE', *, *, #3166, .T. ) ;
#4179 = CARTESIAN_POINT ( 'NONE',  ( 3.481182977436566794, 0.8786812499999970827, -0.7256039399051654737 ) ) ;
#4180 = CARTESIAN_POINT ( 'NONE',  ( 0.000000000000000000, 1.726051874797454699, -3.556000000000001382 ) ) ;
#4181 = CARTESIAN_POINT ( 'NONE',  ( -0.9763550932164087870, 1.200150000000000272, -3.094476087231952999 ) ) ;
#4182 = CARTESIAN_POINT ( 'NONE',  ( -1.986117458682577386, -0.5786437500000004563, -2.784574617731077062 ) ) ;
#4183 = ADVANCED_FACE ( 'NONE', ( #5909 ), #3137, .T. ) ;
#4184 = ORIENTED_EDGE ( 'NONE', *, *, #4547, .F. ) ;
#4185 = ADVANCED_FACE ( 'NONE', ( #6611 ), #3608, .T. ) ;
#4186 = DIRECTION ( 'NONE',  ( 0.000000000000000000, 0.000000000000000000, -1.000000000000000000 ) ) ;
#4187 = EDGE_LOOP ( 'NONE', ( #3910, #305, #3712, #1430 ) ) ;
#4188 =( BOUNDED_CURVE ( )  B_SPLINE_CURVE ( 1, ( #4147, #5275 ),
 .UNSPECIFIED., .F., .T. ) 
 B_SPLINE_CURVE_WITH_KNOTS ( ( 2, 2 ),
 ( 0.000000000000000000, 0.0005566452967378107903 ),
 .UNSPECIFIED. ) 
 CURVE ( )  GEOMETRIC_REPRESENTATION_ITEM ( )  RATIONAL_B_SPLINE_CURVE ( ( 0.9945407480612344919, 0.9945407480612344919 ) ) 
 REPRESENTATION_ITEM ( '' )  );
#4189 = CARTESIAN_POINT ( 'NONE',  ( -2.440221111745572991, -1.064418750000000413, 1.930480037656748360 ) ) ;
#4190 = CARTESIAN_POINT ( 'NONE',  ( 1.685971980272443105, 0.8786812499999986370, 2.772462804842696471 ) ) ;
#4191 = FACE_OUTER_BOUND ( 'NONE', #1862, .T. ) ;
#4192 = VECTOR ( 'NONE', #752, 1000.000000000000000 ) ;
#4193 = ADVANCED_FACE ( 'NONE', ( #6649 ), #1454, .F. ) ;
#4194 = EDGE_LOOP ( 'NONE', ( #7154, #46, #3733, #4774 ) ) ;
#4195 = DIRECTION ( 'NONE',  ( 0.000000000000000000, 0.000000000000000000, -1.000000000000000000 ) ) ;
#4196 = CARTESIAN_POINT ( 'NONE',  ( -2.367754144437119290, -0.09286875000000044400, -2.409559202738302375 ) ) ;
#4197 = ORIENTED_EDGE ( 'NONE', *, *, #4992, .T. ) ;
#4198 = CARTESIAN_POINT ( 'NONE',  ( -3.225496634818413977, 1.850231250000001548, -0.3538685932307097937 ) ) ;
#4199 = CARTESIAN_POINT ( 'NONE',  ( -2.013214896413466626, 3.793331249999999599, 2.544802016534670308 ) ) ;
#4200 =( BOUNDED_SURFACE ( )  B_SPLINE_SURFACE ( 1, 2, ( 
 ( #1819, #4057, #5214, #3571, #5794, #178, #6283, #4127, #6913 ),
 ( #1271, #4636, #210, #1341, #2916, #3498, #6951, #6878, #2435 ) ),
 .UNSPECIFIED., .F., .F., .T. ) 
 B_SPLINE_SURFACE_WITH_KNOTS ( ( 2, 2 ),
 ( 3, 2, 2, 2, 3 ),
 ( 0.000000000000000000, 1.000000000000000000 ),
 ( 0.000000000000000000, 0.05000000000000000278, 0.1000000000000000056, 0.1499999999999999944, 0.2000000000000000111 ),
 .UNSPECIFIED. ) 
 GEOMETRIC_REPRESENTATION_ITEM ( )  RATIONAL_B_SPLINE_SURFACE ( (
 ( 1.000000000000000000, 0.9876883405951377704, 1.000000000000000000, 0.9876883405951377704, 1.000000000000000000, 0.9876883405951377704, 1.000000000000000000, 0.9876883405951377704, 1.000000000000000000),
 ( 1.000000000000000000, 0.9876883405951377704, 1.000000000000000000, 0.9876883405951377704, 1.000000000000000000, 0.9876883405951377704, 1.000000000000000000, 0.9876883405951377704, 1.000000000000000000) ) ) 
 REPRESENTATION_ITEM ( '' )  SURFACE ( )  );
#4201 = PLANE ( 'NONE',  #4568 ) ;
#4202 = CARTESIAN_POINT ( 'NONE',  ( -1.230871408540314516, 2.336006249999999174, -3.383386290461244172 ) ) ;
#4203 = CARTESIAN_POINT ( 'NONE',  ( 1.022666094541399229, 0.5572124999999997774, 3.219687764221157433 ) ) ;
#4204 = CARTESIAN_POINT ( 'NONE',  ( 1.764137621201474326, 1.364456249999998372, -2.771461325108260709 ) ) ;
#4205 = CARTESIAN_POINT ( 'NONE',  ( 3.334389510314851091, -0.9407207499999042932, -0.5422931250740785636 ) ) ;
#4206 = ORIENTED_EDGE ( 'NONE', *, *, #4323, .F. ) ;
#4207 = EDGE_CURVE ( 'NONE', #6949, #7117, #2614, .T. ) ;
#4208 = FACE_OUTER_BOUND ( 'NONE', #4927, .T. ) ;
#4209 = CARTESIAN_POINT ( 'NONE',  ( -3.376830453778549845, -0.9407207500002889855, 0.09618381586523823412 ) ) ;
#4210 = DIRECTION ( 'NONE',  ( -0.000000000000000000, -1.000000000000000000, -0.000000000000000000 ) ) ;
#4211 =( BOUNDED_CURVE ( )  B_SPLINE_CURVE ( 2, ( #4797, #7046, #4866, #2023, #4259 ),
 .UNSPECIFIED., .F., .T. ) 
 B_SPLINE_CURVE_WITH_KNOTS ( ( 3, 2, 3 ),
 ( 0.01659028043918802514, 0.05000000000000000278, 0.08684094620466431547 ),
 .UNSPECIFIED. ) 
 CURVE ( )  GEOMETRIC_REPRESENTATION_ITEM ( )  RATIONAL_B_SPLINE_CURVE ( ( 0.9945407480612347140, 0.9917734182391064746, 1.000000000000000000, 0.9909285363635064181, 0.9952251248801979866 ) ) 
 REPRESENTATION_ITEM ( '' )  );
#4212 = EDGE_LOOP ( 'NONE', ( #4726, #482, #2525, #1843 ) ) ;
#4213 = CARTESIAN_POINT ( 'NONE',  ( -2.258735527389770681, 2.336006250000000062, -2.385643150267130697 ) ) ;
#4214 = VERTEX_POINT ( 'NONE', #7094 ) ;
#4215 = APPROVAL ( #5300, 'UNSPECIFIED' ) ;
#4216 = CARTESIAN_POINT ( 'NONE',  ( 3.333974546766251379, -0.09286874999999968072, -0.5448384728658431930 ) ) ;
#4217 = CARTESIAN_POINT ( 'NONE',  ( -2.811442591802666424, -2.521743750000000173, 1.947898589350536946 ) ) ;
#4218 = AXIS2_PLACEMENT_3D ( 'NONE', #6729, #1710, #2849 ) ;
#4219 = APPLICATION_CONTEXT ( 'configuration controlled 3d designs of mechanical parts and assemblies' ) ;
#4220 = CARTESIAN_POINT ( 'NONE',  ( 2.101035280444330411, -2.035968749999999439, -2.645351770621106269 ) ) ;
#4221 = CARTESIAN_POINT ( 'NONE',  ( -1.638961818485656030, -0.9407207500001887324, -2.953987034085733487 ) ) ;
#4222 = VERTEX_POINT ( 'NONE', #3239 ) ;
#4223 = DIRECTION ( 'NONE',  ( 0.000000000000000000, 0.000000000000000000, -1.000000000000000000 ) ) ;
#4224 = ORIENTED_EDGE ( 'NONE', *, *, #4559, .F. ) ;
#4225 = VECTOR ( 'NONE', #2673, 1000.000000000000000 ) ;
#4226 = EDGE_CURVE ( 'NONE', #1585, #1492, #7214, .T. ) ;
#4227 = FACE_OUTER_BOUND ( 'NONE', #7089, .T. ) ;
#4228 = CARTESIAN_POINT ( 'NONE',  ( 0.2465760197138113508, 2.336006249999999174, 3.276031088010510572 ) ) ;
#4229 = CARTESIAN_POINT ( 'NONE',  ( -3.157332504555167230, -1.005087262691938266, 1.006466604422276090 ) ) ;
#4230 = EDGE_LOOP ( 'NONE', ( #5604, #3261, #5488, #4386 ) ) ;
#4231 = DIRECTION ( 'NONE',  ( -0.000000000000000000, -1.000000000000000000, -0.000000000000000000 ) ) ;
#4232 = CARTESIAN_POINT ( 'NONE',  ( 3.384878882282415624, 4.279106249999995448, 1.226760843490575015 ) ) ;
#4233 = ORIENTED_EDGE ( 'NONE', *, *, #3825, .F. ) ;
#4234 =( BOUNDED_CURVE ( )  B_SPLINE_CURVE ( 1, ( #3088, #2536 ),
 .UNSPECIFIED., .F., .F. ) 
 B_SPLINE_CURVE_WITH_KNOTS ( ( 2, 2 ),
 ( 0.000000000000000000, 0.0005566452967378116576 ),
 .UNSPECIFIED. ) 
 CURVE ( )  GEOMETRIC_REPRESENTATION_ITEM ( )  RATIONAL_B_SPLINE_CURVE ( ( 0.9956508716769392198, 0.9956508716769392198 ) ) 
 REPRESENTATION_ITEM ( '' )  );
#4235 = CARTESIAN_POINT ( 'NONE',  ( 1.655595728410773404, -0.5156196993881075885, 2.981284230096406418 ) ) ;
#4236 = CARTESIAN_POINT ( 'NONE',  ( 2.681715101936857693, -0.09286874999999979174, 2.054419468376354363 ) ) ;
#4238 = ADVANCED_FACE ( 'NONE', ( #2073 ), #2432, .T. ) ;
#4237 = AXIS2_PLACEMENT_3D ( 'NONE', #2995, #6995, #6256 ) ;
#4239 = CARTESIAN_POINT ( 'NONE',  ( 2.881054350932932273, 0.8786812499999978598, 1.492842037681960887 ) ) ;
#4240 = CARTESIAN_POINT ( 'NONE',  ( -0.1251044115259222211, 3.307556249999997533, -3.598151761816041461 ) ) ;
#4241 = CARTESIAN_POINT ( 'NONE',  ( 1.985096277795624919, 3.307556249999996645, -2.617741811369332261 ) ) ;
#4242 = DIRECTION ( 'NONE',  ( -0.000000000000000000, -1.000000000000000000, -0.000000000000000000 ) ) ;
#4243 = CARTESIAN_POINT ( 'NONE',  ( 3.139987941543699337E-13, -1.060263880825500715, 3.258656869174497483 ) ) ;
#4244 = ORIENTED_EDGE ( 'NONE', *, *, #4555, .F. ) ;
#4245 = ADVANCED_FACE ( 'NONE', ( #2875 ), #707, .F. ) ;
#4246 =( BOUNDED_CURVE ( )  B_SPLINE_CURVE ( 1, ( #2291, #2806 ),
 .UNSPECIFIED., .F., .T. ) 
 B_SPLINE_CURVE_WITH_KNOTS ( ( 2, 2 ),
 ( 1.084202172485504434E-19, 0.0005113447558650982159 ),
 .UNSPECIFIED. ) 
 CURVE ( )  GEOMETRIC_REPRESENTATION_ITEM ( )  RATIONAL_B_SPLINE_CURVE ( ( 0.9945407480612344919, 0.9945407480612344919 ) ) 
 REPRESENTATION_ITEM ( '' )  );
#4247 = CARTESIAN_POINT ( 'NONE',  ( -3.208292465374317448, 2.821781250000000796, -0.4857066801294526726 ) ) ;
#4248 = DIRECTION ( 'NONE',  ( 0.000000000000000000, 0.000000000000000000, -1.000000000000000000 ) ) ;
#4249 = ADVANCED_FACE ( 'NONE', ( #5171 ), #6209, .T. ) ;
#4250 = CARTESIAN_POINT ( 'NONE',  ( 1.727779834237990864, -1.550193750000000037, 2.634212203062769042 ) ) ;
#4251 = CARTESIAN_POINT ( 'NONE',  ( 2.492041294226772674, -3.007518750000000018, 1.863105589565055897 ) ) ;
#4252 = VERTEX_POINT ( 'NONE', #59 ) ;
#4253 = CARTESIAN_POINT ( 'NONE',  ( -1.972776779322752860, 3.307556249999999753, -3.011726912222967734 ) ) ;
#4254 = EDGE_LOOP ( 'NONE', ( #4303, #3793, #6996, #6228 ) ) ;
#4255 = FACE_OUTER_BOUND ( 'NONE', #994, .T. ) ;
#4256 = CARTESIAN_POINT ( 'NONE',  ( 3.230508242043019340, 1.526976102460968709, 0.4580691505416090714 ) ) ;
#4257 =( BOUNDED_CURVE ( )  B_SPLINE_CURVE ( 2, ( #1547, #3114, #3224, #5925, #7081 ),
 .UNSPECIFIED., .F., .T. ) 
 B_SPLINE_CURVE_WITH_KNOTS ( ( 3, 2, 3 ),
 ( 0.01659028043918796616, 0.05000000000000000278, 0.08854378023972296619 ),
 .UNSPECIFIED. ) 
 CURVE ( )  GEOMETRIC_REPRESENTATION_ITEM ( )  RATIONAL_B_SPLINE_CURVE ( ( 0.9945407480612347140, 0.9917734182391063635, 1.000000000000000000, 0.9905092421102534850, 0.9956508716769392198 ) ) 
 REPRESENTATION_ITEM ( '' )  );
#4258 = CARTESIAN_POINT ( 'NONE',  ( -0.6003718711308723144, 1.200149999999999828, -3.504952156072151048 ) ) ;
#4259 = CARTESIAN_POINT ( 'NONE',  ( -4.085264775957162873E-17, 2.567191556671722275, -3.556000000000000938 ) ) ;
#4260 = ORIENTED_EDGE ( 'NONE', *, *, #1144, .T. ) ;
#4261 = CARTESIAN_POINT ( 'NONE',  ( -0.2970489091376888879, -0.09286874999999999991, -3.097288200277804826 ) ) ;
#4262 = ORIENTED_EDGE ( 'NONE', *, *, #5313, .F. ) ;
#4263 = CARTESIAN_POINT ( 'NONE',  ( 1.996413889197258706, -2.035968749999999883, 2.386579944820679700 ) ) ;
#4264 = CARTESIAN_POINT ( 'NONE',  ( 1.506419611119519830, -0.09286874999999988889, 2.722523132176202676 ) ) ;
#4265 = CARTESIAN_POINT ( 'NONE',  ( -3.228397611311702331, 1.200150000000000272, 0.3263439685008610591 ) ) ;
#4266 = CARTESIAN_POINT ( 'NONE',  ( -1.447601017000639478, 2.600324999999999775, 3.248012822569937619 ) ) ;
#4267 = ORIENTED_EDGE ( 'NONE', *, *, #6010, .F. ) ;
#4268 = CARTESIAN_POINT ( 'NONE',  ( -3.296432453110372141, -2.035968750000000327, 0.7387613431147649345 ) ) ;
#4269 = DIRECTION ( 'NONE',  ( 0.000000000000000000, 0.000000000000000000, -1.000000000000000000 ) ) ;
#4270 = ORIENTED_EDGE ( 'NONE', *, *, #6984, .T. ) ;
#4271 = CARTESIAN_POINT ( 'NONE',  ( -3.348502880199553999, 3.307556250000000642, 1.322828664694870815 ) ) ;
#4272 = CARTESIAN_POINT ( 'NONE',  ( 1.359810323452169012, -1.090493833097039511, -2.929216401228171840 ) ) ;
#4273 = CARTESIAN_POINT ( 'NONE',  ( -2.517217743920512341, 1.200150000000000050, 2.511722681685167213 ) ) ;
#4274 = CARTESIAN_POINT ( 'NONE',  ( 3.333350520473642664, 3.793331249999996047, -1.238511327222378222 ) ) ;
#4275 = CARTESIAN_POINT ( 'NONE',  ( 1.079012043871800053, 2.336006249999998730, -3.103048892990378782 ) ) ;
#4276 = ORIENTED_EDGE ( 'NONE', *, *, #6064, .F. ) ;
#4277 = DIRECTION ( 'NONE',  ( -0.000000000000000000, -1.000000000000000000, -0.000000000000000000 ) ) ;
#4278 = EDGE_CURVE ( 'NONE', #1262, #1349, #6220, .T. ) ;
#4279 =( BOUNDED_CURVE ( )  B_SPLINE_CURVE ( 1, ( #5145, #5182 ),
 .UNSPECIFIED., .F., .F. ) 
 B_SPLINE_CURVE_WITH_KNOTS ( ( 2, 2 ),
 ( 0.000000000000000000, 0.0005566452967378106818 ),
 .UNSPECIFIED. ) 
 CURVE ( )  GEOMETRIC_REPRESENTATION_ITEM ( )  RATIONAL_B_SPLINE_CURVE ( ( 0.9945407480612344919, 0.9945407480612344919 ) ) 
 REPRESENTATION_ITEM ( '' )  );
#4280 = CARTESIAN_POINT ( 'NONE',  ( -3.214159619831646886, -1.000217606553380545, 0.8298978664412234307 ) ) ;
#4281 = ADVANCED_FACE ( 'NONE', ( #173 ), #4445, .T. ) ;
#4282 = ORIENTED_EDGE ( 'NONE', *, *, #4555, .T. ) ;
#4283 = CARTESIAN_POINT ( 'NONE',  ( 3.259642118354462159, -0.5156196993879217372, -1.001891279931597989 ) ) ;
#4284 = CARTESIAN_POINT ( 'NONE',  ( 3.332281444802239534, -0.9407207500002878753, -0.5550996420710003765 ) ) ;
#4285 = CARTESIAN_POINT ( 'NONE',  ( 1.335151612597429427, -2.521743750000000173, 3.148950385886445602 ) ) ;
#4286 =( BOUNDED_CURVE ( )  B_SPLINE_CURVE ( 2, ( #6870, #751, #2976, #6904, #1880 ),
 .UNSPECIFIED., .F., .T. ) 
 B_SPLINE_CURVE_WITH_KNOTS ( ( 3, 2, 3 ),
 ( 0.01659028043918808759, 0.05000000000000000278, 0.08854378023972310496 ),
 .UNSPECIFIED. ) 
 CURVE ( )  GEOMETRIC_REPRESENTATION_ITEM ( )  RATIONAL_B_SPLINE_CURVE ( ( 0.9945407480612344919, 0.9917734182391063635, 1.000000000000000000, 0.9905092421102533740, 0.9956508716769392198 ) ) 
 REPRESENTATION_ITEM ( '' )  );
#4287 = VERTEX_POINT ( 'NONE', #1848 ) ;
#4288 = VERTEX_POINT ( 'NONE', #6315 ) ;
#4289 = EDGE_CURVE ( 'NONE', #3854, #3342, #946, .T. ) ;
#4290 = CARTESIAN_POINT ( 'NONE',  ( 3.002433870559385376, 0.8786812500000001913, -1.548426973711644949 ) ) ;
#4291 = CARTESIAN_POINT ( 'NONE',  ( -0.4928131860697941291, 0.3929062499999997904, 3.111500000000000377 ) ) ;
#4292 = CARTESIAN_POINT ( 'NONE',  ( -0.5139337511870716302, 1.364456249999999482, 3.244850000000000012 ) ) ;
#4293 = EDGE_LOOP ( 'NONE', ( #2862, #2043, #3760, #2390 ) ) ;
#4294 = CARTESIAN_POINT ( 'NONE',  ( -2.663459195716423977, -1.060154572504550696, -1.879375051898741766 ) ) ;
#4295 = ORIENTED_EDGE ( 'NONE', *, *, #1861, .F. ) ;
#4296 = CARTESIAN_POINT ( 'NONE',  ( 2.135217215646187050, -2.521743749999999729, 2.671959169486699981 ) ) ;
#4297 = CARTESIAN_POINT ( 'NONE',  ( 0.1075542354581566912, -1.550193750000000037, 3.148448693054927805 ) ) ;
#4298 = CARTESIAN_POINT ( 'NONE',  ( -2.244288937232437942, -0.9407207499999040712, 2.524955921638321055 ) ) ;
#4299 = CARTESIAN_POINT ( 'NONE',  ( -0.6903655729495914439, 2.336006249999999174, -3.211942527318196294 ) ) ;
#4300 = ORIENTED_EDGE ( 'NONE', *, *, #2657, .F. ) ;
#4301 = FACE_OUTER_BOUND ( 'NONE', #6962, .T. ) ;
#4302 = CARTESIAN_POINT ( 'NONE',  ( 3.079944889209229153, -2.521743749999999284, 0.6619943850201573943 ) ) ;
#4303 = ORIENTED_EDGE ( 'NONE', *, *, #713, .F. ) ;
#4304 = CARTESIAN_POINT ( 'NONE',  ( 3.082512031011396036, -1.064418749999999747, 1.382155859036893419 ) ) ;
#4305 = CARTESIAN_POINT ( 'NONE',  ( 2.946154332806024012, 0.3929062500000000124, 1.115558933294224619 ) ) ;
#4306 = CARTESIAN_POINT ( 'NONE',  ( 1.876191922371823528, 2.336006249999997841, -2.696865457069733907 ) ) ;
#4307 = CARTESIAN_POINT ( 'NONE',  ( 0.1031094701081375492, 0.5572124999999998884, 3.376626078969067191 ) ) ;
#4308 = CONICAL_SURFACE ( 'NONE', #1149, 3.070859999999999257, 0.7853981633974530530 ) ;
#4309 = ORIENTED_EDGE ( 'NONE', *, *, #6064, .T. ) ;
#4310 = CARTESIAN_POINT ( 'NONE',  ( -0.8499036624084167491, 1.200150000000000272, 3.452940741545496905 ) ) ;
#4311 = VERTEX_POINT ( 'NONE', #4806 ) ;
#4312 = CARTESIAN_POINT ( 'NONE',  ( -1.818725667373794375, 2.600324999999998887, -3.055711528733655147 ) ) ;
#4313 = CARTESIAN_POINT ( 'NONE',  ( 0.1319065244727328223, -0.09286874999999988889, -3.375623780696175302 ) ) ;
#4314 = DIRECTION ( 'NONE',  ( -0.000000000000000000, -1.000000000000000000, -0.000000000000000000 ) ) ;
#4315 =( BOUNDED_CURVE ( )  B_SPLINE_CURVE ( 1, ( #4598, #6724 ),
 .UNSPECIFIED., .F., .F. ) 
 B_SPLINE_CURVE_WITH_KNOTS ( ( 2, 2 ),
 ( 1.654962790341803908E-18, 0.0005566452967378117660 ),
 .UNSPECIFIED. ) 
 CURVE ( )  GEOMETRIC_REPRESENTATION_ITEM ( )  RATIONAL_B_SPLINE_CURVE ( ( 0.9956508716769392198, 0.9956508716769392198 ) ) 
 REPRESENTATION_ITEM ( '' )  );
#4316 = CARTESIAN_POINT ( 'NONE',  ( 2.457232607611667063, -0.5786437500000000123, 1.971371349709188925 ) ) ;
#4317 = CARTESIAN_POINT ( 'NONE',  ( 2.598875829508853208, 0.5572124999999996664, 1.710928599560679109 ) ) ;
#4318 = VERTEX_POINT ( 'NONE', #7054 ) ;
#4319 = CARTESIAN_POINT ( 'NONE',  ( 0.2087781107062899599, 1.526976102460969598, 3.256136137982517109 ) ) ;
#4320 = CARTESIAN_POINT ( 'NONE',  ( 2.345910891412858579, 0.3929062500000001235, -2.102617220493256056 ) ) ;
#4321 = CARTESIAN_POINT ( 'NONE',  ( 0.000000000000000000, 0.5572124999999997774, 0.000000000000000000 ) ) ;
#4322 = CARTESIAN_POINT ( 'NONE',  ( 3.142392726550628623, 0.5572124999999998884, -1.240001287145177988 ) ) ;
#4323 = EDGE_CURVE ( 'NONE', #4654, #3415, #6694, .T. ) ;
#4324 = DIRECTION ( 'NONE',  ( -0.000000000000000000, -1.000000000000000000, -0.000000000000000000 ) ) ;
#4325 = CARTESIAN_POINT ( 'NONE',  ( -2.359088948998060431, -0.09286875000000044400, 2.028825172535879240 ) ) ;
#4326 = ORIENTED_EDGE ( 'NONE', *, *, #831, .T. ) ;
#4327 = EDGE_LOOP ( 'NONE', ( #885, #2159, #5195, #2107 ) ) ;
#4328 = CARTESIAN_POINT ( 'NONE',  ( -3.196205478586857662, -2.035968750000000327, -1.093849065754209482 ) ) ;
#4329 = ORIENTED_EDGE ( 'NONE', *, *, #3970, .F. ) ;
#4330 = EDGE_CURVE ( 'NONE', #1411, #123, #1685, .T. ) ;
#4331 = CARTESIAN_POINT ( 'NONE',  ( 2.149180425098966563, 1.850231249999997551, -2.431064586322511989 ) ) ;
#4332 = AXIS2_PLACEMENT_3D ( 'NONE', #2342, #1798, #2895 ) ;
#4333 = CARTESIAN_POINT ( 'NONE',  ( 1.075214308559188536, -0.5786437499999999012, 2.961116559177273455 ) ) ;
#4334 = CARTESIAN_POINT ( 'NONE',  ( 2.762840919647301163, -1.120186029920318349, 1.612021669260590429 ) ) ;
#4335 = CARTESIAN_POINT ( 'NONE',  ( -1.368441374343758232, 1.364456249999999704, -3.330122433158770434 ) ) ;
#4336 = EDGE_CURVE ( 'NONE', #2293, #149, #5901, .T. ) ;
#4337 = ORIENTED_EDGE ( 'NONE', *, *, #21, .F. ) ;
#4338 = CARTESIAN_POINT ( 'NONE',  ( 0.5937259288913731003, -1.120186029920316795, -3.143150224027693618 ) ) ;
#4339 = AXIS2_PLACEMENT_3D ( 'NONE', #1604, #6659, #6696 ) ;
#4340 = CIRCLE ( 'NONE', #6203, 3.962399999999999700 ) ;
#4341 =( BOUNDED_CURVE ( )  B_SPLINE_CURVE ( 2, ( #1505, #4256, #3186, #41, #5007 ),
 .UNSPECIFIED., .F., .F. ) 
 B_SPLINE_CURVE_WITH_KNOTS ( ( 3, 2, 3 ),
 ( 0.01659028043918822984, 0.05000000000000000278, 0.08854378023972320211 ),
 .UNSPECIFIED. ) 
 CURVE ( )  GEOMETRIC_REPRESENTATION_ITEM ( )  RATIONAL_B_SPLINE_CURVE ( ( 0.9945407480612344919, 0.9917734182391064746, 1.000000000000000000, 0.9905092421102533740, 0.9956508716769392198 ) ) 
 REPRESENTATION_ITEM ( '' )  );
#4342 = CARTESIAN_POINT ( 'NONE',  ( -2.800418173293748314, -1.155006032159970220, -1.472538314977102747 ) ) ;
#4343 = VERTEX_POINT ( 'NONE', #6383 ) ;
#4344 = CARTESIAN_POINT ( 'NONE',  ( -2.225940101913235658, 2.336006250000000062, 2.416271939539030189 ) ) ;
#4345 = DIRECTION ( 'NONE',  ( -0.000000000000000000, -1.000000000000000000, -0.000000000000000000 ) ) ;
#4346 = AXIS2_PLACEMENT_3D ( 'NONE', #2478, #1418, #2513 ) ;
#4347 = CARTESIAN_POINT ( 'NONE',  ( -1.723511772320855506, 1.850231249999999994, -3.110408843009456081 ) ) ;
#4348 = CYLINDRICAL_SURFACE ( 'NONE', #1614, 3.556000000000000050 ) ;
#4349 = ORIENTED_EDGE ( 'NONE', *, *, #3735, .F. ) ;
#4350 = DIRECTION ( 'NONE',  ( -0.000000000000000000, -1.000000000000000000, -0.000000000000000000 ) ) ;
#4351 = ORIENTED_EDGE ( 'NONE', *, *, #4939, .F. ) ;
#4352 = CIRCLE ( 'NONE', #5281, 3.556000000000000050 ) ;
#4353 = CARTESIAN_POINT ( 'NONE',  ( -1.655182189672983473, -2.521743750000000173, 2.680423288466507348 ) ) ;
#4354 = CARTESIAN_POINT ( 'NONE',  ( -2.722523132176221772, -3.007518750000000463, -1.506419611119481416 ) ) ;
#4355 = CARTESIAN_POINT ( 'NONE',  ( 1.205225234508988441, 3.307556249999997089, -3.056241410165760009 ) ) ;
#4356 = CARTESIAN_POINT ( 'NONE',  ( 2.092506220924828853, -1.064418749999999969, 2.302791776385979094 ) ) ;
#4357 = CARTESIAN_POINT ( 'NONE',  ( 3.111209746723610614, -1.064418749999999747, 0.04249896342274171041 ) ) ;
#4358 = ORIENTED_EDGE ( 'NONE', *, *, #4641, .T. ) ;
#4359 = EDGE_CURVE ( 'NONE', #7040, #6982, #1283, .T. ) ;
#4360 = CARTESIAN_POINT ( 'NONE',  ( 0.5458968296836252954, 1.200149999999999828, 3.198600971337527188 ) ) ;
#4361 = CARTESIAN_POINT ( 'NONE',  ( 3.209663031985435122, 1.200150000000000272, 1.530751195036639478 ) ) ;
#4362 = CARTESIAN_POINT ( 'NONE',  ( -3.368068906800655959, 0.2303863975390292862, 0.4417205335713178527 ) ) ;
#4363 =( BOUNDED_CURVE ( )  B_SPLINE_CURVE ( 2, ( #6886, #4028, #5727, #69, #3432 ),
 .UNSPECIFIED., .F., .F. ) 
 B_SPLINE_CURVE_WITH_KNOTS ( ( 3, 2, 3 ),
 ( 0.01659028043918807024, 0.05000000000000000278, 0.09358265573071414267 ),
 .UNSPECIFIED. ) 
 CURVE ( )  GEOMETRIC_REPRESENTATION_ITEM ( )  RATIONAL_B_SPLINE_CURVE ( ( 0.9945407480612347140, 0.9917734182391064746, 1.000000000000000000, 0.9892685037336815812, 0.9972452917573791931 ) ) 
 REPRESENTATION_ITEM ( '' )  );
#4364 = DIRECTION ( 'NONE',  ( 8.659560562354946417E-17, 0.7071067811865465735, -0.7071067811865485719 ) ) ;
#4365 = CARTESIAN_POINT ( 'NONE',  ( 0.000000000000000000, -2.857500000000000373, 0.000000000000000000 ) ) ;
#4366 = CARTESIAN_POINT ( 'NONE',  ( 2.128366571436828281, 1.200150000000000050, 2.449307506233188825 ) ) ;
#4367 = EDGE_LOOP ( 'NONE', ( #5064, #6559, #3873, #3190 ) ) ;
#4368 = EDGE_CURVE ( 'NONE', #1492, #3074, #4046, .T. ) ;
#4369 = ORIENTED_EDGE ( 'NONE', *, *, #5880, .F. ) ;
#4370 = CARTESIAN_POINT ( 'NONE',  ( -2.989380974102589850, 0.3929062499999994573, 0.9939308215553628312 ) ) ;
#4371 = ADVANCED_FACE ( 'NONE', ( #5208 ), #3015, .T. ) ;
#4372 = ORIENTED_EDGE ( 'NONE', *, *, #6984, .F. ) ;
#4373 = FACE_OUTER_BOUND ( 'NONE', #4187, .T. ) ;
#4374 = CARTESIAN_POINT ( 'NONE',  ( -0.1771987119160972068, 2.821781249999998575, -3.240008046131257480 ) ) ;
#4375 = ORIENTED_EDGE ( 'NONE', *, *, #5846, .T. ) ;
#4376 = CARTESIAN_POINT ( 'NONE',  ( -2.935205032548660498, -0.9407207500002860989, -1.672365587095618888 ) ) ;
#4377 = CARTESIAN_POINT ( 'NONE',  ( -0.5961141102543165982, 1.200150000000000050, -3.505678816941979470 ) ) ;
#4378 = ORIENTED_EDGE ( 'NONE', *, *, #1993, .F. ) ;
#4379 = CARTESIAN_POINT ( 'NONE',  ( -3.135698943237744452, 3.793331250000000932, 1.677059372049090502 ) ) ;
#4380 = ADVANCED_FACE ( 'NONE', ( #5246 ), #1405, .T. ) ;
#4381 = CARTESIAN_POINT ( 'NONE',  ( 3.046420138823549451, 0.8786812500000000803, 0.6330533846132606612 ) ) ;
#4382 = CARTESIAN_POINT ( 'NONE',  ( 0.01687246209988870274, 2.585644514264620053, -3.556000000000001826 ) ) ;
#4383 = ORIENTED_EDGE ( 'NONE', *, *, #5040, .T. ) ;
#4384 = CARTESIAN_POINT ( 'NONE',  ( 0.8800244323272667923, -1.060154572504551362, 3.138729435847065652 ) ) ;
#4385 = CARTESIAN_POINT ( 'NONE',  ( 2.956007424433968911, -1.036468050703329480, -1.427065460945059927 ) ) ;
#4386 = ORIENTED_EDGE ( 'NONE', *, *, #524, .T. ) ;
#4387 = CARTESIAN_POINT ( 'NONE',  ( -3.148950385886466474, -0.5786437500000003453, -1.335151612597385462 ) ) ;
#4388 = FACE_OUTER_BOUND ( 'NONE', #4924, .T. ) ;
#4389 = CARTESIAN_POINT ( 'NONE',  ( -3.046368129490101051, 2.600324999999998887, -1.117449212325544838 ) ) ;
#4390 =( BOUNDED_SURFACE ( )  B_SPLINE_SURFACE ( 1, 2, ( 
 ( #1981, #6407, #5812, #5920, #5957, #4253, #6446, #813, #949 ),
 ( #3144, #875, #5335, #4213, #3183, #3623, #3040, #1432, #330 ) ),
 .UNSPECIFIED., .F., .F., .T. ) 
 B_SPLINE_SURFACE_WITH_KNOTS ( ( 2, 2 ),
 ( 3, 2, 2, 2, 3 ),
 ( 0.000000000000000000, 1.000000000000000000 ),
 ( 0.000000000000000000, 0.05000000000000000278, 0.1000000000000000056, 0.1499999999999999944, 0.2000000000000000111 ),
 .UNSPECIFIED. ) 
 GEOMETRIC_REPRESENTATION_ITEM ( )  RATIONAL_B_SPLINE_SURFACE ( (
 ( 1.000000000000000000, 0.9876883405951377704, 1.000000000000000000, 0.9876883405951377704, 1.000000000000000000, 0.9876883405951377704, 1.000000000000000000, 0.9876883405951377704, 1.000000000000000000),
 ( 1.000000000000000000, 0.9876883405951377704, 1.000000000000000000, 0.9876883405951377704, 1.000000000000000000, 0.9876883405951377704, 1.000000000000000000, 0.9876883405951377704, 1.000000000000000000) ) ) 
 REPRESENTATION_ITEM ( '' )  SURFACE ( )  );
#4391 = CARTESIAN_POINT ( 'NONE',  ( 0.000000000000000000, 0.5572124999999997774, 0.000000000000000000 ) ) ;
#4392 = CARTESIAN_POINT ( 'NONE',  ( 2.409559202738335237, -3.007518750000000018, 2.367754144437085539 ) ) ;
#4393 = ORIENTED_EDGE ( 'NONE', *, *, #1968, .T. ) ;
#4394 = CARTESIAN_POINT ( 'NONE',  ( 1.034669083164695857, -0.5786437499999999012, -2.975526335744214990 ) ) ;
#4395 = FACE_OUTER_BOUND ( 'NONE', #4093, .T. ) ;
#4396 = CARTESIAN_POINT ( 'NONE',  ( -2.924473731083175654, 2.600324999999999331, 2.023014927331100665 ) ) ;
#4397 = CARTESIAN_POINT ( 'NONE',  ( 1.943428860232676136, 1.200150000000000272, 2.977955719149420144 ) ) ;
#4398 = CARTESIAN_POINT ( 'NONE',  ( -0.6302453892645704103, 1.850231249999999772, 3.499703808797360427 ) ) ;
#4399 = EDGE_LOOP ( 'NONE', ( #6357, #4072, #1503, #1762 ) ) ;
#4400 = VERTEX_POINT ( 'NONE', #4265 ) ;
#4401 = CARTESIAN_POINT ( 'NONE',  ( -3.029081898536057249, -2.521743750000000173, -1.588452458639256992 ) ) ;
#4402 = ORIENTED_EDGE ( 'NONE', *, *, #3735, .T. ) ;
#4403 =( BOUNDED_CURVE ( )  B_SPLINE_CURVE ( 2, ( #5551, #439, #5006, #40, #2268 ),
 .UNSPECIFIED., .F., .T. ) 
 B_SPLINE_CURVE_WITH_KNOTS ( ( 3, 2, 3 ),
 ( 0.01659028043918811535, 0.05000000000000000278, 0.09358265573073305810 ),
 .UNSPECIFIED. ) 
 CURVE ( )  GEOMETRIC_REPRESENTATION_ITEM ( )  RATIONAL_B_SPLINE_CURVE ( ( 0.9945407480612344919, 0.9917734182391063635, 1.000000000000000000, 0.9892685037336769183, 0.9972452917573861875 ) ) 
 REPRESENTATION_ITEM ( '' )  );
#4404 = CARTESIAN_POINT ( 'NONE',  ( 2.697509346810935238, 1.850231249999997551, -2.317019491473399473 ) ) ;
#4405 = CARTESIAN_POINT ( 'NONE',  ( -2.544802016534696953, 2.821781250000000352, 2.013214896413430655 ) ) ;
#4406 = CARTESIAN_POINT ( 'NONE',  ( -0.09876169348693293604, -3.007518750000000463, 3.376756042106031419 ) ) ;
#4407 = CARTESIAN_POINT ( 'NONE',  ( 2.476171490249448937, 3.307556249999995757, 2.159109578966535992 ) ) ;
#4408 = CARTESIAN_POINT ( 'NONE',  ( -3.177441960065432447, -1.000217606553378991, -0.9609449104374071515 ) ) ;
#4409 = ORIENTED_EDGE ( 'NONE', *, *, #4448, .F. ) ;
#4410 = CARTESIAN_POINT ( 'NONE',  ( 0.000000000000000000, -0.9407207500000012157, 0.000000000000000000 ) ) ;
#4411 = DIRECTION ( 'NONE',  ( 0.000000000000000000, 0.000000000000000000, -1.000000000000000000 ) ) ;
#4412 = VERTEX_POINT ( 'NONE', #3532 ) ;
#4413 = CARTESIAN_POINT ( 'NONE',  ( -2.870078833204731339, 3.307556250000000642, 2.173705294200040772 ) ) ;
#4414 = CARTESIAN_POINT ( 'NONE',  ( -1.610157853287871532, 3.307556249999998865, 2.863663931156136488 ) ) ;
#4415 = EDGE_CURVE ( 'NONE', #997, #4954, #1304, .T. ) ;
#4416 = CARTESIAN_POINT ( 'NONE',  ( 2.273996102851388201, 0.8786812500000001913, 2.123764105124838153 ) ) ;
#4417 = ORIENTED_EDGE ( 'NONE', *, *, #1137, .F. ) ;
#4418 = DIRECTION ( 'NONE',  ( -0.000000000000000000, -1.000000000000000000, -0.000000000000000000 ) ) ;
#4419 = ORIENTED_EDGE ( 'NONE', *, *, #3894, .T. ) ;
#4420 = CARTESIAN_POINT ( 'NONE',  ( -2.582245245627754038, -1.550193750000000259, -2.242883825085193017 ) ) ;
#4421 =( BOUNDED_CURVE ( )  B_SPLINE_CURVE ( 2, ( #3001, #4722, #5736, #1942, #226 ),
 .UNSPECIFIED., .F., .F. ) 
 B_SPLINE_CURVE_WITH_KNOTS ( ( 3, 2, 3 ),
 ( 0.01659028043918809453, 0.05000000000000000278, 0.09358265573073312749 ),
 .UNSPECIFIED. ) 
 CURVE ( )  GEOMETRIC_REPRESENTATION_ITEM ( )  RATIONAL_B_SPLINE_CURVE ( ( 0.9945407480612344919, 0.9917734182391063635, 1.000000000000000000, 0.9892685037336769183, 0.9972452917573861875 ) ) 
 REPRESENTATION_ITEM ( '' )  );
#4422 = AXIS2_PLACEMENT_3D ( 'NONE', #299, #5518, #6034 ) ;
#4423 = CARTESIAN_POINT ( 'NONE',  ( 2.646487250142744774, 4.279106249999995448, -2.440994151913324028 ) ) ;
#4424 = CARTESIAN_POINT ( 'NONE',  ( -0.6003718711308723144, 1.200149999999999828, -3.504952156072151048 ) ) ;
#4425 = AXIS2_PLACEMENT_3D ( 'NONE', #3823, #1042, #2358 ) ;
#4427 = ADVANCED_FACE ( 'NONE', ( #5350 ), #2031, .F. ) ;
#4426 = FACE_OUTER_BOUND ( 'NONE', #2080, .T. ) ;
#4428 = CARTESIAN_POINT ( 'NONE',  ( 3.104246375336361830, 0.8786812500000003023, -0.2123362691841856886 ) ) ;
#4429 = CARTESIAN_POINT ( 'NONE',  ( 2.902289515384800289, -3.007518749999999574, 1.121671885574148098 ) ) ;
#4430 = DIRECTION ( 'NONE',  ( 0.000000000000000000, 0.000000000000000000, -1.000000000000000000 ) ) ;
#4431 =( BOUNDED_CURVE ( )  B_SPLINE_CURVE ( 1, ( #2534, #5860 ),
 .UNSPECIFIED., .F., .T. ) 
 B_SPLINE_CURVE_WITH_KNOTS ( ( 2, 2 ),
 ( 0.000000000000000000, 0.0005566452967378087303 ),
 .UNSPECIFIED. ) 
 CURVE ( )  GEOMETRIC_REPRESENTATION_ITEM ( )  RATIONAL_B_SPLINE_CURVE ( ( 0.9945407480612347140, 0.9945407480612347140 ) ) 
 REPRESENTATION_ITEM ( '' )  );
#4432 = FACE_OUTER_BOUND ( 'NONE', #2897, .T. ) ;
#4433 = CARTESIAN_POINT ( 'NONE',  ( -0.5301458643585402752, 3.793331249999998711, -3.516259569841729604 ) ) ;
#4434 = ORIENTED_EDGE ( 'NONE', *, *, #3303, .F. ) ;
#4435 = ORIENTED_EDGE ( 'NONE', *, *, #4808, .T. ) ;
#4436 = CARTESIAN_POINT ( 'NONE',  ( -3.371686882470610769, -1.550193750000000481, -0.5746702776127515788 ) ) ;
#4437 = ORIENTED_EDGE ( 'NONE', *, *, #3568, .F. ) ;
#4438 = DIRECTION ( 'NONE',  ( -0.000000000000000000, -1.000000000000000000, -0.000000000000000000 ) ) ;
#4439 = CARTESIAN_POINT ( 'NONE',  ( 0.1121637026920331015, 3.307556249999997977, 3.283382208471568919 ) ) ;
#4440 = DIRECTION ( 'NONE',  ( -0.000000000000000000, -1.000000000000000000, -0.000000000000000000 ) ) ;
#4441 = CARTESIAN_POINT ( 'NONE',  ( 3.147269084541449491, 1.850231249999996885, 0.7897777104917776958 ) ) ;
#4442 = CARTESIAN_POINT ( 'NONE',  ( -1.629860105057412634, -0.09286875000000033298, -2.959018634267489123 ) ) ;
#4443 = VERTEX_POINT ( 'NONE', #1886 ) ;
#4444 = CARTESIAN_POINT ( 'NONE',  ( 0.000000000000000000, -2.857500000000000373, 0.000000000000000000 ) ) ;
#4445 =( BOUNDED_SURFACE ( )  B_SPLINE_SURFACE ( 1, 2, ( 
 ( #3347, #4596, #720, #2325, #2948, #2252, #24, #4087, #6874 ),
 ( #605, #1267, #6759, #3385, #5606, #6800, #3974, #4053, #6278 ) ),
 .UNSPECIFIED., .F., .F., .T. ) 
 B_SPLINE_SURFACE_WITH_KNOTS ( ( 2, 2 ),
 ( 3, 2, 2, 2, 3 ),
 ( 0.000000000000000000, 1.000000000000000000 ),
 ( 0.000000000000000000, 0.05000000000000000278, 0.1000000000000000056, 0.1499999999999999944, 0.2000000000000000111 ),
 .UNSPECIFIED. ) 
 GEOMETRIC_REPRESENTATION_ITEM ( )  RATIONAL_B_SPLINE_SURFACE ( (
 ( 1.000000000000000000, 0.9876883405951377704, 1.000000000000000000, 0.9876883405951377704, 1.000000000000000000, 0.9876883405951377704, 1.000000000000000000, 0.9876883405951377704, 1.000000000000000000),
 ( 1.000000000000000000, 0.9876883405951377704, 1.000000000000000000, 0.9876883405951377704, 1.000000000000000000, 0.9876883405951377704, 1.000000000000000000, 0.9876883405951377704, 1.000000000000000000) ) ) 
 REPRESENTATION_ITEM ( '' )  SURFACE ( )  );
#4446 = CARTESIAN_POINT ( 'NONE',  ( -2.561783056863290664, -1.181751568882860592, 1.810979588974499066 ) ) ;
#4447 = ORIENTED_EDGE ( 'NONE', *, *, #4992, .F. ) ;
#4448 = EDGE_CURVE ( 'NONE', #995, #4059, #2538, .T. ) ;
#4449 = AXIS2_PLACEMENT_3D ( 'NONE', #6501, #6955, #6391 ) ;
#4450 = CARTESIAN_POINT ( 'NONE',  ( 3.123800134296363495, -0.5786437499999997902, 0.4076393103397909501 ) ) ;
#4451 = CARTESIAN_POINT ( 'NONE',  ( 0.8291999325391361531, -2.521743750000000173, 3.039198012344926703 ) ) ;
#4452 = CARTESIAN_POINT ( 'NONE',  ( 1.075214308559188536, -0.5786437499999999012, 2.961116559177273455 ) ) ;
#4453 = ORIENTED_EDGE ( 'NONE', *, *, #2853, .T. ) ;
#4454 = CARTESIAN_POINT ( 'NONE',  ( -2.171513452579636017, -2.521743750000000173, 2.642545682984794198 ) ) ;
#4455 = CARTESIAN_POINT ( 'NONE',  ( -3.176981001915986980, 0.8786812500000019677, 0.6601842439538289087 ) ) ;
#4456 = ORIENTED_EDGE ( 'NONE', *, *, #421, .T. ) ;
#4457 = EDGE_CURVE ( 'NONE', #940, #4777, #3403, .T. ) ;
#4458 = AXIS2_PLACEMENT_3D ( 'NONE', #4771, #1994, #241 ) ;
#4459 =( GEOMETRIC_REPRESENTATION_CONTEXT ( 3 ) GLOBAL_UNCERTAINTY_ASSIGNED_CONTEXT ( ( #6854 ) ) GLOBAL_UNIT_ASSIGNED_CONTEXT ( ( #6297, #1248, #6965 ) ) REPRESENTATION_CONTEXT ( 'NONE', 'WORKASPACE' ) );
#4460 = CARTESIAN_POINT ( 'NONE',  ( 1.205225234508988441, 3.307556249999997089, -3.056241410165760009 ) ) ;
#4461 = CARTESIAN_POINT ( 'NONE',  ( 1.877427255613558055, -0.09286875000000011093, -2.808469714965668551 ) ) ;
#4462 = CARTESIAN_POINT ( 'NONE',  ( 1.355496885431874521, -0.09286875000000011093, -2.800724985353699736 ) ) ;
#4463 = ADVANCED_FACE ( 'NONE', ( #3267 ), #5760, .F. ) ;
#4464 = CARTESIAN_POINT ( 'NONE',  ( 3.308861803415832803, -0.5156196993880648449, 0.8249160214526256585 ) ) ;
#4465 = B_SPLINE_CURVE_WITH_KNOTS ( 'NONE', 3,
 ( #6195, #4446, #2249, #3235, #1626, #532, #2766, #4990, #2684, #7236 ),
 .UNSPECIFIED., .F., .F.,
 ( 4, 3, 3, 4 ),
 ( 8.089109688678457484E-16, 0.0001296210011225052306, 0.0002688043935198810522, 0.0004095291194012245324 ),
 .UNSPECIFIED. ) ;
#4466 = CARTESIAN_POINT ( 'NONE',  ( 3.351904094847149018, -1.064418749999999747, -0.4206829910359095592 ) ) ;
#4467 =( BOUNDED_CURVE ( )  B_SPLINE_CURVE ( 1, ( #4965, #4312 ),
 .UNSPECIFIED., .F., .F. ) 
 B_SPLINE_CURVE_WITH_KNOTS ( ( 2, 2 ),
 ( 0.000000000000000000, 0.0005566452967378110071 ),
 .UNSPECIFIED. ) 
 CURVE ( )  GEOMETRIC_REPRESENTATION_ITEM ( )  RATIONAL_B_SPLINE_CURVE ( ( 0.9956508716769392198, 0.9956508716769392198 ) ) 
 REPRESENTATION_ITEM ( '' )  );
#4468 = CARTESIAN_POINT ( 'NONE',  ( -2.442056846066068321, 1.200149999999999606, -2.136681979865473480 ) ) ;
#4469 = FACE_OUTER_BOUND ( 'NONE', #4760, .T. ) ;
#4470 = EDGE_CURVE ( 'NONE', #1487, #2966, #2622, .T. ) ;
#4471 = CARTESIAN_POINT ( 'NONE',  ( -0.2763028208280195464, -1.120186029920319015, -3.186779026014470162 ) ) ;
#4472 = CARTESIAN_POINT ( 'NONE',  ( -3.101056566877887111, -2.035968750000000327, 0.2547163501300008792 ) ) ;
#4473 = ORIENTED_EDGE ( 'NONE', *, *, #3511, .T. ) ;
#4474 = CARTESIAN_POINT ( 'NONE',  ( -3.027588732324410170, -0.5786437500000005674, 0.8706339955839836886 ) ) ;
#4475 = ORIENTED_EDGE ( 'NONE', *, *, #5890, .F. ) ;
#4476 =( BOUNDED_CURVE ( )  B_SPLINE_CURVE ( 1, ( #1086, #1670 ),
 .UNSPECIFIED., .F., .T. ) 
 B_SPLINE_CURVE_WITH_KNOTS ( ( 2, 2 ),
 ( 0.000000000000000000, 0.0005113447558650971317 ),
 .UNSPECIFIED. ) 
 CURVE ( )  GEOMETRIC_REPRESENTATION_ITEM ( )  RATIONAL_B_SPLINE_CURVE ( ( 0.9945407480612344919, 0.9945407480612344919 ) ) 
 REPRESENTATION_ITEM ( '' )  );
#4477 = CARTESIAN_POINT ( 'NONE',  ( 0.000000000000000000, 0.5572124999999997774, 0.000000000000000000 ) ) ;
#4478 = CARTESIAN_POINT ( 'NONE',  ( -3.069796372152635566, -0.09286875000000044400, 0.5077228412416756598 ) ) ;
#4479 = CARTESIAN_POINT ( 'NONE',  ( 2.251289871211555216, 4.279106249999996336, 2.809633629251937936 ) ) ;
#4480 = CARTESIAN_POINT ( 'NONE',  ( 2.677648290194285075, 1.200150000000000272, 2.339943510860814868 ) ) ;
#4481 = ORIENTED_EDGE ( 'NONE', *, *, #302, .T. ) ;
#4482 = DIRECTION ( 'NONE',  ( -0.000000000000000000, -1.000000000000000000, -0.000000000000000000 ) ) ;
#4483 = CARTESIAN_POINT ( 'NONE',  ( -2.935205032548660498, -0.9407207500002860989, -1.672365587095618888 ) ) ;
#4484 = ORIENTED_EDGE ( 'NONE', *, *, #4595, .T. ) ;
#4485 = LINE ( 'NONE', #2287, #4574 ) ;
#4486 = CARTESIAN_POINT ( 'NONE',  ( 3.590006280594351118, 4.279106249999995448, 0.2724006610422701757 ) ) ;
#4487 = CARTESIAN_POINT ( 'NONE',  ( -0.8706339955839413891, -2.521743750000000173, 3.027588732324422605 ) ) ;
#4488 =( BOUNDED_CURVE ( )  B_SPLINE_CURVE ( 1, ( #6067, #2196 ),
 .UNSPECIFIED., .F., .T. ) 
 B_SPLINE_CURVE_WITH_KNOTS ( ( 2, 2 ),
 ( 0.000000000000000000, 0.0005566452967378117660 ),
 .UNSPECIFIED. ) 
 CURVE ( )  GEOMETRIC_REPRESENTATION_ITEM ( )  RATIONAL_B_SPLINE_CURVE ( ( 0.9956508716769392198, 0.9956508716769392198 ) ) 
 REPRESENTATION_ITEM ( '' )  );
#4489 = ORIENTED_EDGE ( 'NONE', *, *, #5489, .T. ) ;
#4490 = CARTESIAN_POINT ( 'NONE',  ( 1.128402028203635554, -0.9706622954021496552, 3.153284166157075852 ) ) ;
#4491 = CARTESIAN_POINT ( 'NONE',  ( -2.931661679459757863, 3.793331250000000487, -2.012584357781604716 ) ) ;
#4492 = VERTEX_POINT ( 'NONE', #3819 ) ;
#4493 = CARTESIAN_POINT ( 'NONE',  ( 0.1160814986977235230, 0.5572124999999997774, 3.376205018309772488 ) ) ;
#4494 = CYLINDRICAL_SURFACE ( 'NONE', #4102, 3.022600000000000176 ) ;
#4495 = CARTESIAN_POINT ( 'NONE',  ( 2.182185058964433377, 2.821781249999997243, 2.401482852516841238 ) ) ;
#4496 = CARTESIAN_POINT ( 'NONE',  ( -1.254717945897915188, -3.007518750000000463, -3.136545570566720897 ) ) ;
#4497 = EDGE_CURVE ( 'NONE', #7117, #7047, #3805, .T. ) ;
#4498 = EDGE_CURVE ( 'NONE', #3124, #456, #3675, .T. ) ;
#4499 = CARTESIAN_POINT ( 'NONE',  ( 0.1935133489871012635, -0.5786437500000000123, -3.144336125500592605 ) ) ;
#4500 = DIRECTION ( 'NONE',  ( 0.000000000000000000, 0.000000000000000000, -1.000000000000000000 ) ) ;
#4501 = CARTESIAN_POINT ( 'NONE',  ( -2.323056114594437727, 3.307556250000000198, 2.323056114594437727 ) ) ;
#4502 = CARTESIAN_POINT ( 'NONE',  ( -1.216280118987592029, -1.207420750006950927, 2.863929978570623369 ) ) ;
#4503 = ADVANCED_FACE ( 'NONE', ( #3157 ), #65, .T. ) ;
#4504 = CARTESIAN_POINT ( 'NONE',  ( -3.125102799976502421, -0.5786437500000005674, 1.390054261881511488 ) ) ;
#4505 = ORIENTED_EDGE ( 'NONE', *, *, #1852, .T. ) ;
#4506 =( BOUNDED_SURFACE ( )  B_SPLINE_SURFACE ( 1, 2, ( 
 ( #4040, #4111, #6974, #4075, #816, #1914, #4727, #705, #197 ),
 ( #1803, #6266, #4621, #2384, #2455, #6409, #6306, #4585, #6864 ) ),
 .UNSPECIFIED., .F., .F., .F. ) 
 B_SPLINE_SURFACE_WITH_KNOTS ( ( 2, 2 ),
 ( 3, 2, 2, 2, 3 ),
 ( 0.000000000000000000, 1.000000000000000000 ),
 ( 0.000000000000000000, 0.05000000000000000278, 0.1000000000000000056, 0.1499999999999999944, 0.2000000000000000111 ),
 .UNSPECIFIED. ) 
 GEOMETRIC_REPRESENTATION_ITEM ( )  RATIONAL_B_SPLINE_SURFACE ( (
 ( 1.000000000000000000, 0.9876883405951377704, 1.000000000000000000, 0.9876883405951377704, 1.000000000000000000, 0.9876883405951377704, 1.000000000000000000, 0.9876883405951377704, 1.000000000000000000),
 ( 1.000000000000000000, 0.9876883405951377704, 1.000000000000000000, 0.9876883405951377704, 1.000000000000000000, 0.9876883405951377704, 1.000000000000000000, 0.9876883405951377704, 1.000000000000000000) ) ) 
 REPRESENTATION_ITEM ( '' )  SURFACE ( )  );
#4507 = CARTESIAN_POINT ( 'NONE',  ( -1.699813948362945082, -1.135696009622294556, -2.607161966974240297 ) ) ;
#4508 = ADVANCED_FACE ( 'NONE', ( #2315 ), #3328, .F. ) ;
#4509 = VERTEX_POINT ( 'NONE', #4043 ) ;
#4510 = DIRECTION ( 'NONE',  ( -0.000000000000000000, -1.000000000000000000, -0.000000000000000000 ) ) ;
#4511 = CARTESIAN_POINT ( 'NONE',  ( 1.570980451596030836, 1.850231249999997996, 2.839202694983775199 ) ) ;
#4512 = CARTESIAN_POINT ( 'NONE',  ( 1.075214308559188536, -0.5786437499999999012, 2.961116559177273899 ) ) ;
#4513 = CARTESIAN_POINT ( 'NONE',  ( 2.650944757334950275, 0.8786812499999979709, -1.871241143214403158 ) ) ;
#4514 = CARTESIAN_POINT ( 'NONE',  ( 3.147133543458879412, 0.5572124999999996664, -1.227919256154889505 ) ) ;
#4515 = CARTESIAN_POINT ( 'NONE',  ( 3.097747629356325749, 0.2303863975390296748, 0.4392443909302642946 ) ) ;
#4516 = VERTEX_POINT ( 'NONE', #1730 ) ;
#4517 = CARTESIAN_POINT ( 'NONE',  ( 3.543887198079856748, 3.793331249999995602, -0.2932567600001188546 ) ) ;
#4518 = CARTESIAN_POINT ( 'NONE',  ( 0.9918469607394209131, 2.600324999999999775, -3.414875635579134538 ) ) ;
#4519 = ADVANCED_FACE ( 'NONE', ( #593 ), #4783, .F. ) ;
#4520 =( BOUNDED_CURVE ( )  B_SPLINE_CURVE ( 1, ( #1528, #4310 ),
 .UNSPECIFIED., .F., .T. ) 
 B_SPLINE_CURVE_WITH_KNOTS ( ( 2, 2 ),
 ( 0.000000000000000000, 0.0005566452967378100313 ),
 .UNSPECIFIED. ) 
 CURVE ( )  GEOMETRIC_REPRESENTATION_ITEM ( )  RATIONAL_B_SPLINE_CURVE ( ( 0.9945407480612347140, 0.9945407480612347140 ) ) 
 REPRESENTATION_ITEM ( '' )  );
#4521 = EDGE_LOOP ( 'NONE', ( #1724, #4369, #5211, #1322 ) ) ;
#4522 = CARTESIAN_POINT ( 'NONE',  ( 0.000000000000000000, -2.857500000000000373, -3.200400000000000134 ) ) ;
#4523 = CARTESIAN_POINT ( 'NONE',  ( 0.8149798718961327459, -1.207420750006946930, -3.002871968366980671 ) ) ;
#4524 = CYLINDRICAL_SURFACE ( 'NONE', #2234, 3.378200000000000092 ) ;
#4525 = ORIENTED_EDGE ( 'NONE', *, *, #753, .T. ) ;
#4526 = CARTESIAN_POINT ( 'NONE',  ( 0.7076623428270815142, -1.120186029920317683, 3.119473964947893752 ) ) ;
#4527 = CARTESIAN_POINT ( 'NONE',  ( 2.784517493440820779, -1.181751568882859926, -1.445282612791051857 ) ) ;
#4528 = ORIENTED_EDGE ( 'NONE', *, *, #3287, .T. ) ;
#4529 = APPROVAL ( #4720, 'UNSPECIFIED' ) ;
#4530 = CARTESIAN_POINT ( 'NONE',  ( -3.101527151200211385, 1.200150000000000050, 1.739443971609295758 ) ) ;
#4531 = CARTESIAN_POINT ( 'NONE',  ( -3.519476883141256618, 4.279106249999999889, -0.7587026320485723563 ) ) ;
#4532 = CARTESIAN_POINT ( 'NONE',  ( 1.224415777129645777, -1.067499318559820054, 3.012104479726560591 ) ) ;
#4533 = CARTESIAN_POINT ( 'NONE',  ( 1.385699958890311612, 2.600325000000000220, 3.274900246409256255 ) ) ;
#4534 = CARTESIAN_POINT ( 'NONE',  ( 0.000000000000000000, 1.726051874797454699, -3.556000000000001382 ) ) ;
#4535 = CARTESIAN_POINT ( 'NONE',  ( 2.004749990788678993, -2.521743749999999284, -2.430077068900711623 ) ) ;
#4536 = DIRECTION ( 'NONE',  ( 0.000000000000000000, 0.000000000000000000, -1.000000000000000000 ) ) ;
#4537 = EDGE_CURVE ( 'NONE', #6517, #1921, #4889, .T. ) ;
#4538 = DIRECTION ( 'NONE',  ( 0.000000000000000000, 1.000000000000000000, 0.000000000000000000 ) ) ;
#4539 = FACE_OUTER_BOUND ( 'NONE', #6583, .T. ) ;
#4540 = CIRCLE ( 'NONE', #3017, 3.378200000000000092 ) ;
#4541 = CARTESIAN_POINT ( 'NONE',  ( 3.051087569131426758, 0.5572124999999997774, 1.450206842313079836 ) ) ;
#4542 = DIRECTION ( 'NONE',  ( 0.000000000000000000, 1.000000000000000000, 0.000000000000000000 ) ) ;
#4543 = AXIS2_PLACEMENT_3D ( 'NONE', #4903, #6593, #6038 ) ;
#4544 = VERTEX_POINT ( 'NONE', #670 ) ;
#4545 = CARTESIAN_POINT ( 'NONE',  ( 0.02725354089370908908, -1.049999911740467695, 3.268920838259529837 ) ) ;
#4546 = ORIENTED_EDGE ( 'NONE', *, *, #6380, .T. ) ;
#4547 = EDGE_CURVE ( 'NONE', #1998, #5390, #3288, .T. ) ;
#4548 = DIRECTION ( 'NONE',  ( 0.000000000000000000, 0.000000000000000000, -1.000000000000000000 ) ) ;
#4549 = FACE_OUTER_BOUND ( 'NONE', #5252, .T. ) ;
#4550 = CARTESIAN_POINT ( 'NONE',  ( 3.490769026138636377, 3.793331249999996047, 0.6779879100331710484 ) ) ;
#4551 = CARTESIAN_POINT ( 'NONE',  ( 2.073095302960531683, 2.600324999999999775, -2.496262683962366502 ) ) ;
#4552 =( BOUNDED_CURVE ( )  B_SPLINE_CURVE ( 2, ( #1695, #2245, #1294, #4079, #2281 ),
 .UNSPECIFIED., .F., .F. ) 
 B_SPLINE_CURVE_WITH_KNOTS ( ( 3, 2, 3 ),
 ( 0.01659028043918798004, 0.05000000000000000278, 0.08854378023972298006 ),
 .UNSPECIFIED. ) 
 CURVE ( )  GEOMETRIC_REPRESENTATION_ITEM ( )  RATIONAL_B_SPLINE_CURVE ( ( 0.9945407480612347140, 0.9917734182391064746, 1.000000000000000000, 0.9905092421102534850, 0.9956508716769392198 ) ) 
 REPRESENTATION_ITEM ( '' )  );
#4553 = EDGE_LOOP ( 'NONE', ( #1354, #4652, #2685, #3560 ) ) ;
#4554 = CARTESIAN_POINT ( 'NONE',  ( 3.447758713969726774, 1.526976102460968709, -0.9479246645281264039 ) ) ;
#4555 = EDGE_CURVE ( 'NONE', #3444, #1296, #7159, .T. ) ;
#4556 = CARTESIAN_POINT ( 'NONE',  ( 1.508634504484704264, 2.223636876399968543, -3.249090378351650710 ) ) ;
#4557 = VERTEX_POINT ( 'NONE', #5441 ) ;
#4558 = CARTESIAN_POINT ( 'NONE',  ( 1.331558898750882847, 0.5572124999999997774, 2.812184764406018278 ) ) ;
#4559 = EDGE_CURVE ( 'NONE', #3492, #5667, #4922, .T. ) ;
#4560 = ORIENTED_EDGE ( 'NONE', *, *, #1650, .F. ) ;
#4561 = CARTESIAN_POINT ( 'NONE',  ( -1.523733228317380339, 1.200150000000000050, -3.213000630084205334 ) ) ;
#4562 = AXIS2_PLACEMENT_3D ( 'NONE', #2689, #389, #6609 ) ;
#4563 = CARTESIAN_POINT ( 'NONE',  ( 1.760799956531044597, 0.8786812499999999693, -2.883022503047845575 ) ) ;
#4564 = VERTEX_POINT ( 'NONE', #3178 ) ;
#4565 = CARTESIAN_POINT ( 'NONE',  ( -2.291261887953862875, -1.207420750006951815, -2.105124986980607016 ) ) ;
#4566 = CARTESIAN_POINT ( 'NONE',  ( -1.306437285229430367, -1.127509193519551589, 2.911757088531472082 ) ) ;
#4567 = DIRECTION ( 'NONE',  ( -0.000000000000000000, -1.000000000000000000, -0.000000000000000000 ) ) ;
#4568 = AXIS2_PLACEMENT_3D ( 'NONE', #286, #4747, #1379 ) ;
#4569 = CARTESIAN_POINT ( 'NONE',  ( -2.365913973236883461, -0.9407207499999039602, -2.411366067448655670 ) ) ;
#4570 = CARTESIAN_POINT ( 'NONE',  ( 3.095305525121943901, -1.120186029920316351, 0.8068379735689327203 ) ) ;
#4571 = CARTESIAN_POINT ( 'NONE',  ( -0.2894733953935189619, 0.2914967917281995335, -3.378200000000001868 ) ) ;
#4572 = ORIENTED_EDGE ( 'NONE', *, *, #4591, .T. ) ;
#4573 = AXIS2_PLACEMENT_3D ( 'NONE', #7055, #5902, #1445 ) ;
#4574 = VECTOR ( 'NONE', #5065, 1000.000000000000000 ) ;
#4575 = CARTESIAN_POINT ( 'NONE',  ( -2.334621887705536913, -1.064418750000000191, 2.441674810749014046 ) ) ;
#4576 = CARTESIAN_POINT ( 'NONE',  ( -5.436418769526067695E-17, 1.722305397514738434, -3.556000000000000494 ) ) ;
#4577 = CARTESIAN_POINT ( 'NONE',  ( 3.334389510314851091, -0.9407207499999042932, -0.5422931250740785636 ) ) ;
#4578 = AXIS2_PLACEMENT_3D ( 'NONE', #6486, #6940, #819 ) ;
#4579 = CARTESIAN_POINT ( 'NONE',  ( 1.283924941194488856, 1.850231249999997996, 3.316123149911465617 ) ) ;
#4580 = CARTESIAN_POINT ( 'NONE',  ( -2.989380974102589850, 0.3929062499999994573, 0.9939308215553628312 ) ) ;
#4581 = EDGE_CURVE ( 'NONE', #2286, #1817, #965, .T. ) ;
#4582 = ORIENTED_EDGE ( 'NONE', *, *, #2936, .T. ) ;
#4583 = CARTESIAN_POINT ( 'NONE',  ( -3.208292465374317448, 2.821781250000000796, -0.4857066801294526726 ) ) ;
#4584 = ORIENTED_EDGE ( 'NONE', *, *, #2848, .F. ) ;
#4585 = CARTESIAN_POINT ( 'NONE',  ( 3.103048892990400542, 4.279106249999995448, -1.079012043871753868 ) ) ;
#4586 = DIRECTION ( 'NONE',  ( -0.000000000000000000, -1.000000000000000000, -0.000000000000000000 ) ) ;
#4587 = CARTESIAN_POINT ( 'NONE',  ( 3.596316338965747761, 1.364456249999997262, -0.1698705534550657981 ) ) ;
#4588 = EDGE_CURVE ( 'NONE', #2394, #4637, #6444, .T. ) ;
#4589 = ORIENTED_EDGE ( 'NONE', *, *, #3694, .T. ) ;
#4590 = CARTESIAN_POINT ( 'NONE',  ( -0.6496181850952198467, 0.2303863975390293695, 3.060550967348857121 ) ) ;
#4591 = EDGE_CURVE ( 'NONE', #4492, #1539, #773, .T. ) ;
#4592 = CARTESIAN_POINT ( 'NONE',  ( -3.141137140570524622, -1.097987288839241460, -0.7127963847120182272 ) ) ;
#4593 = ORIENTED_EDGE ( 'NONE', *, *, #6484, .T. ) ;
#4594 = CARTESIAN_POINT ( 'NONE',  ( -0.4250240635101907860, -1.181751568882860814, 3.108333001393408512 ) ) ;
#4595 = EDGE_CURVE ( 'NONE', #4144, #5320, #5060, .T. ) ;
#4596 = CARTESIAN_POINT ( 'NONE',  ( 0.5415427593018299346, 0.3929062499999996794, -3.377165942213036676 ) ) ;
#4597 =( BOUNDED_CURVE ( )  B_SPLINE_CURVE ( 1, ( #4258, #4181 ),
 .UNSPECIFIED., .F., .F. ) 
 B_SPLINE_CURVE_WITH_KNOTS ( ( 2, 2 ),
 ( 0.000000000000000000, 0.0005566452967378098145 ),
 .UNSPECIFIED. ) 
 CURVE ( )  GEOMETRIC_REPRESENTATION_ITEM ( )  RATIONAL_B_SPLINE_CURVE ( ( 0.9945407480612347140, 0.9945407480612347140 ) ) 
 REPRESENTATION_ITEM ( '' )  );
#4598 = CARTESIAN_POINT ( 'NONE',  ( 0.4464721189080050889, 2.600324999999998887, 3.527860349707429233 ) ) ;
#4599 = ORIENTED_EDGE ( 'NONE', *, *, #4976, .T. ) ;
#4600 = CYLINDRICAL_SURFACE ( 'NONE', #1664, 3.556000000000000050 ) ;
#4601 = FACE_OUTER_BOUND ( 'NONE', #7126, .T. ) ;
#4602 = EDGE_LOOP ( 'NONE', ( #1548, #3851 ) ) ;
#4603 = EDGE_CURVE ( 'NONE', #759, #1391, #2779, .T. ) ;
#4604 = CARTESIAN_POINT ( 'NONE',  ( 0.9119056261236836436, 0.3929062499999997904, -3.015414600914479770 ) ) ;
#4605 = CARTESIAN_POINT ( 'NONE',  ( -2.971330796472128721, 1.200149999999999828, -1.953542755594648073 ) ) ;
#4606 = CARTESIAN_POINT ( 'NONE',  ( -1.117735417086415994, 0.2303863975390296193, -3.207751974222221580 ) ) ;
#4607 = PRODUCT ( '94459A797_NO THREADS_Heat-Set Inserts for Plastic', '94459A797_NO THREADS_Heat-Set Inserts for Plastic', '', ( #3034 ) ) ;
#4608 = CARTESIAN_POINT ( 'NONE',  ( -0.5582061569422197556, 3.307556249999998421, -3.237527653852708465 ) ) ;
#4609 = CARTESIAN_POINT ( 'NONE',  ( 1.880056672344572632, 2.600324999999999331, -3.018364277017051567 ) ) ;
#4610 = CARTESIAN_POINT ( 'NONE',  ( 1.978268475060808829, 4.764881249999996626, 2.572062472623987794 ) ) ;
#4611 = ORIENTED_EDGE ( 'NONE', *, *, #172, .T. ) ;
#4612 = DIRECTION ( 'NONE',  ( -0.000000000000000000, -1.000000000000000000, -0.000000000000000000 ) ) ;
#4613 = B_SPLINE_CURVE_WITH_KNOTS ( 'NONE', 3,
 ( #6666, #517, #5520, #5588, #74, #2892, #2821, #5113, #3886, #4502 ),
 .UNSPECIFIED., .F., .F.,
 ( 4, 3, 3, 4 ),
 ( 1.315530903475137871E-16, 0.0002589485462244650203, 0.0005341756780451038019, 0.0008103109524489532150 ),
 .UNSPECIFIED. ) ;
#4614 = CARTESIAN_POINT ( 'NONE',  ( -0.3001809953433013378, 1.461917287439316260, -3.556000000000000050 ) ) ;
#4615 = PERSON_AND_ORGANIZATION_ROLE ( 'design_supplier' ) ;
#4616 = CARTESIAN_POINT ( 'NONE',  ( 0.000000000000000000, -2.857500000000000373, 0.000000000000000000 ) ) ;
#4617 = CARTESIAN_POINT ( 'NONE',  ( -1.581349386128178214, 0.3929062499999996794, -2.724634141560347445 ) ) ;
#4618 = ORIENTED_EDGE ( 'NONE', *, *, #266, .F. ) ;
#4619 = CARTESIAN_POINT ( 'NONE',  ( 0.000000000000000000, 1.200150000000000050, 0.000000000000000000 ) ) ;
#4620 = VERTEX_POINT ( 'NONE', #5916 ) ;
#4621 = CARTESIAN_POINT ( 'NONE',  ( 1.413589609093284460, 1.850231249999997996, -2.920756056154553804 ) ) ;
#4622 = CARTESIAN_POINT ( 'NONE',  ( -3.265821958071048137, 2.223636876399968987, 0.1397265796503519564 ) ) ;
#4623 = FACE_OUTER_BOUND ( 'NONE', #777, .T. ) ;
#4624 = CARTESIAN_POINT ( 'NONE',  ( 0.000000000000000000, 1.200150000000000050, 0.000000000000000000 ) ) ;
#4625 = CARTESIAN_POINT ( 'NONE',  ( -1.468405023913355034, -0.5786437500000003453, -2.787128230295528919 ) ) ;
#4626 =( BOUNDED_CURVE ( )  B_SPLINE_CURVE ( 2, ( #367, #2559, #4791, #3659, #2489 ),
 .UNSPECIFIED., .F., .F. ) 
 B_SPLINE_CURVE_WITH_KNOTS ( ( 3, 2, 3 ),
 ( 0.01659028043918821596, 0.05000000000000000278, 0.08854378023972316047 ),
 .UNSPECIFIED. ) 
 CURVE ( )  GEOMETRIC_REPRESENTATION_ITEM ( )  RATIONAL_B_SPLINE_CURVE ( ( 0.9945407480612344919, 0.9917734182391064746, 1.000000000000000000, 0.9905092421102533740, 0.9956508716769392198 ) ) 
 REPRESENTATION_ITEM ( '' )  );
#4627 = VERTEX_POINT ( 'NONE', #2625 ) ;
#4628 = CARTESIAN_POINT ( 'NONE',  ( -1.430199569925502567, -0.5786437500000003453, 2.806924700904740444 ) ) ;
#4629 = CARTESIAN_POINT ( 'NONE',  ( -3.072082091902509138, -1.181751568882859926, -0.6361533798746806800 ) ) ;
#4630 = ORIENTED_EDGE ( 'NONE', *, *, #5040, .F. ) ;
#4631 = CARTESIAN_POINT ( 'NONE',  ( -0.2547163501299569699, -1.064418750000000191, 3.101056566877887555 ) ) ;
#4632 = CARTESIAN_POINT ( 'NONE',  ( 1.849485442888341824, 0.8786812499999988590, -3.037192716398502412 ) ) ;
#4633 = FACE_OUTER_BOUND ( 'NONE', #727, .T. ) ;
#4634 = ORIENTED_EDGE ( 'NONE', *, *, #6569, .T. ) ;
#4635 = CARTESIAN_POINT ( 'NONE',  ( -1.884293588737367076, 0.5572124999999999995, 2.476059353376504291 ) ) ;
#4636 = CARTESIAN_POINT ( 'NONE',  ( -1.314010989754596181, 0.3929062499999996794, 2.863157733197458921 ) ) ;
#4637 = VERTEX_POINT ( 'NONE', #5330 ) ;
#4638 = CARTESIAN_POINT ( 'NONE',  ( 2.510163380765111807, -1.550193749999999815, -1.903516978708128526 ) ) ;
#4639 =( BOUNDED_CURVE ( )  B_SPLINE_CURVE ( 2, ( #2127, #4362, #1579, #6259, #6296 ),
 .UNSPECIFIED., .F., .T. ) 
 B_SPLINE_CURVE_WITH_KNOTS ( ( 3, 2, 3 ),
 ( 0.01659028043918807371, 0.05000000000000000278, 0.09358265573071415655 ),
 .UNSPECIFIED. ) 
 CURVE ( )  GEOMETRIC_REPRESENTATION_ITEM ( )  RATIONAL_B_SPLINE_CURVE ( ( 0.9945407480612344919, 0.9917734182391062525, 1.000000000000000000, 0.9892685037336815812, 0.9972452917573791931 ) ) 
 REPRESENTATION_ITEM ( '' )  );
#4640 = CARTESIAN_POINT ( 'NONE',  ( 0.000000000000000000, 2.600324999999999331, -3.200400000000000134 ) ) ;
#4641 = EDGE_CURVE ( 'NONE', #7047, #2715, #1325, .T. ) ;
#4642 = CARTESIAN_POINT ( 'NONE',  ( -3.281971131266082420, 0.5572124999999997774, 0.8005627605228925470 ) ) ;
#4643 = FACE_OUTER_BOUND ( 'NONE', #6508, .T. ) ;
#4644 = CARTESIAN_POINT ( 'NONE',  ( 2.940255387415629862, -1.207420750006947818, 1.018003195856171494 ) ) ;
#4645 = CARTESIAN_POINT ( 'NONE',  ( 3.257677282909059002, 2.336006249999996953, 0.4251095664972568411 ) ) ;
#4646 = ORIENTED_EDGE ( 'NONE', *, *, #7100, .F. ) ;
#4647 = FACE_OUTER_BOUND ( 'NONE', #5497, .T. ) ;
#4648 = CARTESIAN_POINT ( 'NONE',  ( 3.061918619302885336, 1.526976102460968487, -1.846687761409940620 ) ) ;
#4649 = EDGE_CURVE ( 'NONE', #4176, #5020, #5584, .T. ) ;
#4650 = CARTESIAN_POINT ( 'NONE',  ( 3.206920664507383556, 4.279106249999995448, -1.636461752195473185 ) ) ;
#4651 = CARTESIAN_POINT ( 'NONE',  ( -1.760799956531085675, 0.8786812499999997472, -2.883022503047820706 ) ) ;
#4652 = ORIENTED_EDGE ( 'NONE', *, *, #5734, .F. ) ;
#4653 = CARTESIAN_POINT ( 'NONE',  ( -2.901175836933451269, 3.793331250000000487, -1.453351397870964234 ) ) ;
#4654 = VERTEX_POINT ( 'NONE', #1534 ) ;
#4655 = CARTESIAN_POINT ( 'NONE',  ( 3.084347412709200764, -1.005087262691903849, 1.211826971086303661 ) ) ;
#4656 = CARTESIAN_POINT ( 'NONE',  ( 0.000000000000000000, 0.5572124999999997774, 0.000000000000000000 ) ) ;
#4657 = CARTESIAN_POINT ( 'NONE',  ( -0.006489430210140282804, 0.8786812500000000803, -3.378193766984888047 ) ) ;
#4658 = CLOSED_SHELL ( 'NONE', ( #2165, #5965, #6291, #1912, #2666, #3913, #3686, #4371, #1516, #7242, #6018, #6260, #611, #3802, #1071, #2492, #2148, #1151, #4156, #6648, #1362, #7149, #3201, #6882, #6739, #125, #4380, #2099, #2744, #1091, #2539, #396, #2297, #6657, #6239, #654, #5754, #1813, #3599, #4805, #7015, #3817, #469, #6566, #4249, #1135, #5028, #2710, #3640, #5026, #5402, #5437, #5608, #1333, #5598, #6464, #6333, #2449, #3700, #132, #3246, #2573, #562, #5743, #6474, #5180, #6342, #6024, #6208, #168, #6975, #5199, #4892, #1205, #6139, #4989, #6732, #1771, #6784, #4238, #704, #3143, #5823, #6414, #3591, #1774, #379, #89, #2227, #4183, #911, #3195, #4281, #6936, #5429, #1867, #116, #689, #3921, #3827, #441, #6893, #4185, #1414, #4773, #6161, #4503, #623, #2816, #2763, #3966, #602, #4820, #1423, #2188, #3652, #566, #3348, #6437, #3838, #4938, #1903, #6282, #3882, #2924, #3277, #2085, #2857, #6944, #1376, #2997, #4856, #643, #5224, #4999, #4779, #6194, #5788, #291, #4900, #6091, #1597, #1051, #2266, #4245, #6700, #4508, #6105, #1917, #4463, #4519, #4016, #5266, #4105, #3642, #485, #3380, #4908, #4427, #4193, #6356, #4051, #7112, #6505, #1161 ) ) ;
#4659 = CARTESIAN_POINT ( 'NONE',  ( -2.996462750650463747, 0.8786812499999994142, -1.559950712030433895 ) ) ;
#4660 = ORIENTED_EDGE ( 'NONE', *, *, #1020, .T. ) ;
#4661 = CARTESIAN_POINT ( 'NONE',  ( -1.828893812508030070, -1.064418750000000191, 2.517256377997649341 ) ) ;
#4662 = CARTESIAN_POINT ( 'NONE',  ( 0.4464721189080050889, 2.600324999999998887, 3.527860349707429233 ) ) ;
#4663 = ORIENTED_EDGE ( 'NONE', *, *, #2718, .T. ) ;
#4664 = CARTESIAN_POINT ( 'NONE',  ( 2.906576583022484339, 4.279106249999995448, 1.531336667795356821 ) ) ;
#4665 = CARTESIAN_POINT ( 'NONE',  ( 0.7467165151603248896, 1.850231249999998662, 3.157762810675754039 ) ) ;
#4666 =( BOUNDED_CURVE ( )  B_SPLINE_CURVE ( 2, ( #3244, #428, #6507, #901, #1529, #5400, #2587 ),
 .UNSPECIFIED., .F., .F. ) 
 B_SPLINE_CURVE_WITH_KNOTS ( ( 3, 2, 2, 3 ),
 ( 0.01659028043918811188, 0.05000000000000000278, 0.1000000000000000056, 0.1074143368666445331 ),
 .UNSPECIFIED. ) 
 CURVE ( )  GEOMETRIC_REPRESENTATION_ITEM ( )  RATIONAL_B_SPLINE_CURVE ( ( 0.9945407480612344919, 0.9917734182391063635, 1.000000000000000000, 0.9876883405951377704, 1.000000000000000000, 0.9981743441956991703, 0.9968901294768235388 ) ) 
 REPRESENTATION_ITEM ( '' )  );
#4667 = CARTESIAN_POINT ( 'NONE',  ( 0.5234627133953004829, 0.5572124999999999995, 3.067151616351045273 ) ) ;
#4668 = ORIENTED_EDGE ( 'NONE', *, *, #1872, .T. ) ;
#4669 = FACE_OUTER_BOUND ( 'NONE', #6381, .T. ) ;
#4670 = EDGE_CURVE ( 'NONE', #1349, #588, #134, .T. ) ;
#4671 = DIRECTION ( 'NONE',  ( -0.000000000000000000, -1.000000000000000000, -0.000000000000000000 ) ) ;
#4672 = ORIENTED_EDGE ( 'NONE', *, *, #6380, .F. ) ;
#4673 = FACE_OUTER_BOUND ( 'NONE', #3616, .T. ) ;
#4674 = CARTESIAN_POINT ( 'NONE',  ( 0.5760961513810688439, 2.223636876399968543, -3.535630011636258452 ) ) ;
#4675 = CARTESIAN_POINT ( 'NONE',  ( 0.9938502866551497394, 3.307556249999997533, 3.131364084680143378 ) ) ;
#4676 = DIRECTION ( 'NONE',  ( 0.000000000000000000, 0.000000000000000000, -1.000000000000000000 ) ) ;
#4677 = EDGE_CURVE ( 'NONE', #770, #2847, #1498, .T. ) ;
#4678 = ORIENTED_EDGE ( 'NONE', *, *, #6845, .F. ) ;
#4679 =( BOUNDED_CURVE ( )  B_SPLINE_CURVE ( 1, ( #3067, #836 ),
 .UNSPECIFIED., .F., .T. ) 
 B_SPLINE_CURVE_WITH_KNOTS ( ( 2, 2 ),
 ( 4.336808689942017736E-19, 0.0005566452967378098145 ),
 .UNSPECIFIED. ) 
 CURVE ( )  GEOMETRIC_REPRESENTATION_ITEM ( )  RATIONAL_B_SPLINE_CURVE ( ( 0.9956508716769392198, 0.9956508716769392198 ) ) 
 REPRESENTATION_ITEM ( '' )  );
#4680 = CARTESIAN_POINT ( 'NONE',  ( 2.151759380991248971, 1.200149999999999828, -2.831089466321435211 ) ) ;
#4681 = CIRCLE ( 'NONE', #1753, 3.378200000000000092 ) ;
#4682 = CARTESIAN_POINT ( 'NONE',  ( -0.04249896342278431521, -2.035968750000000327, -3.111209746723610614 ) ) ;
#4683 = DATE_AND_TIME ( #3076, #4802 ) ;
#4684 = EDGE_CURVE ( 'NONE', #3011, #588, #3056, .T. ) ;
#4685 = CARTESIAN_POINT ( 'NONE',  ( 0.3447262146504814773, 0.5572124999999997774, -3.360565291276566668 ) ) ;
#4686 = AXIS2_PLACEMENT_3D ( 'NONE', #5289, #799, #1451 ) ;
#4687 = ORIENTED_EDGE ( 'NONE', *, *, #1700, .F. ) ;
#4688 = CARTESIAN_POINT ( 'NONE',  ( 3.265212807548943719, 0.2303863975390295638, 0.9366912576480155295 ) ) ;
#4689 = ORIENTED_EDGE ( 'NONE', *, *, #1642, .T. ) ;
#4690 = EDGE_CURVE ( 'NONE', #1231, #1174, #2470, .T. ) ;
#4691 = CARTESIAN_POINT ( 'NONE',  ( 1.978268475060808829, 4.764881249999996626, 2.572062472623987794 ) ) ;
#4692 = DIRECTION ( 'NONE',  ( -0.000000000000000000, -1.000000000000000000, -0.000000000000000000 ) ) ;
#4693 = VECTOR ( 'NONE', #4345, 1000.000000000000000 ) ;
#4694 = AXIS2_PLACEMENT_3D ( 'NONE', #6721, #2324, #5027 ) ;
#4695 = CARTESIAN_POINT ( 'NONE',  ( -0.7838425607263204142, -0.9730674576370964557, -3.252757779371199032 ) ) ;
#4696 = FACE_OUTER_BOUND ( 'NONE', #3172, .T. ) ;
#4697 = ORIENTED_EDGE ( 'NONE', *, *, #3789, .T. ) ;
#4698 = DIRECTION ( 'NONE',  ( -0.000000000000000000, -1.000000000000000000, -0.000000000000000000 ) ) ;
#4699 = CIRCLE ( 'NONE', #3766, 3.556000000000000050 ) ;
#4700 = VERTEX_POINT ( 'NONE', #7071 ) ;
#4701 =( BOUNDED_CURVE ( )  B_SPLINE_CURVE ( 2, ( #378, #3192, #2605 ),
 .UNSPECIFIED., .F., .F. ) 
 B_SPLINE_CURVE_WITH_KNOTS ( ( 3, 3 ),
 ( 0.08684094620466431547, 0.08854378023972309109 ),
 .UNSPECIFIED. ) 
 CURVE ( )  GEOMETRIC_REPRESENTATION_ITEM ( )  RATIONAL_B_SPLINE_CURVE ( ( 0.9952251248801979866, 0.9954237185080657691, 0.9956508716769392198 ) ) 
 REPRESENTATION_ITEM ( '' )  );
#4702 = CARTESIAN_POINT ( 'NONE',  ( -2.495702532148899255, 1.850231250000001104, -2.533101828001703026 ) ) ;
#4703 = DIRECTION ( 'NONE',  ( 0.000000000000000000, 0.000000000000000000, -1.000000000000000000 ) ) ;
#4704 = DIRECTION ( 'NONE',  ( -0.000000000000000000, -1.000000000000000000, -0.000000000000000000 ) ) ;
#4705 = ORIENTED_EDGE ( 'NONE', *, *, #4948, .F. ) ;
#4706 = FACE_OUTER_BOUND ( 'NONE', #3714, .T. ) ;
#4707 = FACE_OUTER_BOUND ( 'NONE', #3579, .T. ) ;
#4708 = VERTEX_POINT ( 'NONE', #5367 ) ;
#4709 = FACE_OUTER_BOUND ( 'NONE', #4717, .T. ) ;
#4710 = CARTESIAN_POINT ( 'NONE',  ( -0.2233405258050030762, 2.336006249999999174, 3.593392022083906845 ) ) ;
#4711 =( BOUNDED_SURFACE ( )  B_SPLINE_SURFACE ( 1, 2, ( 
 ( #3978, #5318, #1408, #1963, #418, #3125, #927, #2645, #3092 ),
 ( #4775, #6426, #1373, #6461, #3161, #4840, #828, #969, #3638 ) ),
 .UNSPECIFIED., .F., .F., .T. ) 
 B_SPLINE_SURFACE_WITH_KNOTS ( ( 2, 2 ),
 ( 3, 2, 2, 2, 3 ),
 ( 0.000000000000000000, 1.000000000000000000 ),
 ( 0.000000000000000000, 0.05000000000000000278, 0.1000000000000000056, 0.1499999999999999944, 0.2000000000000000111 ),
 .UNSPECIFIED. ) 
 GEOMETRIC_REPRESENTATION_ITEM ( )  RATIONAL_B_SPLINE_SURFACE ( (
 ( 1.000000000000000000, 0.9876883405951377704, 1.000000000000000000, 0.9876883405951377704, 1.000000000000000000, 0.9876883405951377704, 1.000000000000000000, 0.9876883405951377704, 1.000000000000000000),
 ( 1.000000000000000000, 0.9876883405951377704, 1.000000000000000000, 0.9876883405951377704, 1.000000000000000000, 0.9876883405951377704, 1.000000000000000000, 0.9876883405951377704, 1.000000000000000000) ) ) 
 REPRESENTATION_ITEM ( '' )  SURFACE ( )  );
#4712 = CARTESIAN_POINT ( 'NONE',  ( 0.4857066801294104841, 3.793331249999998267, 3.208292465374328106 ) ) ;
#4713 = CARTESIAN_POINT ( 'NONE',  ( -1.260864952268245132, -1.550193750000000259, 3.179424151247755237 ) ) ;
#4714 = CARTESIAN_POINT ( 'NONE',  ( -0.5961141102543165982, 1.200150000000000050, -3.505678816941979470 ) ) ;
#4715 = CARTESIAN_POINT ( 'NONE',  ( 1.308147509299083522, 1.200149999999999606, -3.306642722447439287 ) ) ;
#4716 = CARTESIAN_POINT ( 'NONE',  ( -1.479839660492883624, -0.9407207500000011047, 3.036825615545335033 ) ) ;
#4717 = EDGE_LOOP ( 'NONE', ( #2178, #6131, #5966, #3454 ) ) ;
#4718 = EDGE_CURVE ( 'NONE', #4785, #1004, #5967, .T. ) ;
#4719 = CARTESIAN_POINT ( 'NONE',  ( -1.629860105057412634, -0.09286875000000033298, -2.959018634267489123 ) ) ;
#4720 = APPROVAL_STATUS ( 'not_yet_approved' ) ;
#4721 = EDGE_CURVE ( 'NONE', #3074, #3342, #4088, .T. ) ;
#4722 = CARTESIAN_POINT ( 'NONE',  ( 1.569864831073803924, 0.2303863975390294527, -3.012395990385972500 ) ) ;
#4723 =( BOUNDED_CURVE ( )  B_SPLINE_CURVE ( 2, ( #6941, #4115, #5201, #3084, #4221 ),
 .UNSPECIFIED., .F., .T. ) 
 B_SPLINE_CURVE_WITH_KNOTS ( ( 3, 2, 3 ),
 ( 0.01659028043918808065, 0.05000000000000000278, 0.09358265573072885313 ),
 .UNSPECIFIED. ) 
 CURVE ( )  GEOMETRIC_REPRESENTATION_ITEM ( )  RATIONAL_B_SPLINE_CURVE ( ( 0.9945407480612347140, 0.9917734182391064746, 1.000000000000000000, 0.9892685037336780285, 0.9972452917573845221 ) ) 
 REPRESENTATION_ITEM ( '' )  );
#4724 = ORIENTED_EDGE ( 'NONE', *, *, #72, .F. ) ;
#4725 = CARTESIAN_POINT ( 'NONE',  ( -2.393694106376065278, 2.600324999999998887, 2.190725917955162583 ) ) ;
#4726 = ORIENTED_EDGE ( 'NONE', *, *, #4139, .F. ) ;
#4727 = CARTESIAN_POINT ( 'NONE',  ( 2.878133319039247073, 3.793331249999996491, -2.088416768232854270 ) ) ;
#4728 = DIRECTION ( 'NONE',  ( 0.000000000000000000, 0.000000000000000000, -1.000000000000000000 ) ) ;
#4729 = CARTESIAN_POINT ( 'NONE',  ( 3.210847851179906787, -3.007518749999999574, -1.050091099178247944 ) ) ;
#4730 = EDGE_CURVE ( 'NONE', #5024, #211, #2071, .T. ) ;
#4731 = CARTESIAN_POINT ( 'NONE',  ( -2.749390830191661639, 0.3929062499999994573, -2.034543787745527688 ) ) ;
#4732 = EDGE_CURVE ( 'NONE', #3585, #6292, #6808, .T. ) ;
#4733 = ORIENTED_EDGE ( 'NONE', *, *, #2270, .F. ) ;
#4734 = CARTESIAN_POINT ( 'NONE',  ( 0.8149798718961327459, -1.207420750006946930, -3.002871968366980671 ) ) ;
#4735 = ORIENTED_EDGE ( 'NONE', *, *, #1690, .T. ) ;
#4736 = CARTESIAN_POINT ( 'NONE',  ( 3.072052118437593293, 3.793331249999996491, 1.044771412368813213 ) ) ;
#4737 = CARTESIAN_POINT ( 'NONE',  ( -0.9146258665712123648, 3.793331249999999155, 3.436363706623454473 ) ) ;
#4738 = DIRECTION ( 'NONE',  ( -0.000000000000000000, -1.000000000000000000, -0.000000000000000000 ) ) ;
#4739 = EDGE_CURVE ( 'NONE', #5852, #3554, #337, .T. ) ;
#4740 = VERTEX_POINT ( 'NONE', #6135 ) ;
#4741 = CARTESIAN_POINT ( 'NONE',  ( -0.4093608304976029122, 2.600324999999999331, -3.218924546017555066 ) ) ;
#4742 = CARTESIAN_POINT ( 'NONE',  ( 3.337741269324379090, 2.600324999999998443, 1.226629210091173761 ) ) ;
#4743 = VERTEX_POINT ( 'NONE', #4967 ) ;
#4744 =( BOUNDED_CURVE ( )  B_SPLINE_CURVE ( 2, ( #4558, #6277, #1779, #2801, #4631, #6198, #1667 ),
 .UNSPECIFIED., .F., .F. ) 
 B_SPLINE_CURVE_WITH_KNOTS ( ( 3, 2, 2, 3 ),
 ( 0.01659028043918809800, 0.05000000000000000278, 0.1000000000000000056, 0.1074143368666445886 ),
 .UNSPECIFIED. ) 
 CURVE ( )  GEOMETRIC_REPRESENTATION_ITEM ( )  RATIONAL_B_SPLINE_CURVE ( ( 0.9945407480612344919, 0.9917734182391062525, 1.000000000000000000, 0.9876883405951377704, 1.000000000000000000, 0.9981743441956991703, 0.9968901294768235388 ) ) 
 REPRESENTATION_ITEM ( '' )  );
#4745 = CARTESIAN_POINT ( 'NONE',  ( 0.7771097952504421036, -0.5156196993879222923, 3.320414619091891506 ) ) ;
#4746 = CARTESIAN_POINT ( 'NONE',  ( 0.8754500528888291555, 0.8786812499999990811, 3.124522159850518843 ) ) ;
#4747 = DIRECTION ( 'NONE',  ( 0.000000000000000000, 1.000000000000000000, 0.000000000000000000 ) ) ;
#4748 = CARTESIAN_POINT ( 'NONE',  ( -1.723511772320855506, 1.850231249999999994, -3.110408843009456081 ) ) ;
#4749 = CARTESIAN_POINT ( 'NONE',  ( -1.447601017000639478, 2.600324999999999775, 3.248012822569937619 ) ) ;
#4750 = CARTESIAN_POINT ( 'NONE',  ( 0.5458968296836252954, 1.200149999999999828, 3.198600971337527188 ) ) ;
#4751 = CARTESIAN_POINT ( 'NONE',  ( 2.538137469347943487, 0.5572124999999995554, 2.229370634661725248 ) ) ;
#4752 = ORIENTED_EDGE ( 'NONE', *, *, #792, .F. ) ;
#4753 =( BOUNDED_CURVE ( )  B_SPLINE_CURVE ( 1, ( #2703, #3140 ),
 .UNSPECIFIED., .F., .F. ) 
 B_SPLINE_CURVE_WITH_KNOTS ( ( 2, 2 ),
 ( 0.000000000000000000, 0.0005566452967378111155 ),
 .UNSPECIFIED. ) 
 CURVE ( )  GEOMETRIC_REPRESENTATION_ITEM ( )  RATIONAL_B_SPLINE_CURVE ( ( 0.9956508716769392198, 0.9956508716769392198 ) ) 
 REPRESENTATION_ITEM ( '' )  );
#4754 = CARTESIAN_POINT ( 'NONE',  ( 3.334389510314851091, -0.9407207499999042932, -0.5422931250740785636 ) ) ;
#4755 = PERSON_AND_ORGANIZATION ( #2687, #3284 ) ;
#4756 = DIRECTION ( 'NONE',  ( -0.000000000000000000, -1.000000000000000000, -0.000000000000000000 ) ) ;
#4757 = CARTESIAN_POINT ( 'NONE',  ( -2.354569276154657498, 1.364456250000000814, -2.291109544936196230 ) ) ;
#4758 = EDGE_LOOP ( 'NONE', ( #6785, #5936, #2222, #6890 ) ) ;
#4759 = CARTESIAN_POINT ( 'NONE',  ( -1.937000750729456211, 2.223636876399968987, 3.013402470048200943 ) ) ;
#4760 = EDGE_LOOP ( 'NONE', ( #3087, #4687, #848, #2637 ) ) ;
#4761 = DIRECTION ( 'NONE',  ( -0.000000000000000000, -1.000000000000000000, -0.000000000000000000 ) ) ;
#4762 = CARTESIAN_POINT ( 'NONE',  ( -2.071907029695359448, -1.550193750000000259, 2.721345186060538435 ) ) ;
#4763 =( BOUNDED_SURFACE ( )  B_SPLINE_SURFACE ( 1, 2, ( 
 ( #5187, #3471, #3991, #1246, #190, #6891, #1863, #5227, #6775 ),
 ( #1752, #5110, #107, #2338, #4575, #5696, #695, #2446, #5806 ) ),
 .UNSPECIFIED., .F., .F., .T. ) 
 B_SPLINE_SURFACE_WITH_KNOTS ( ( 2, 2 ),
 ( 3, 2, 2, 2, 3 ),
 ( 0.000000000000000000, 1.000000000000000000 ),
 ( 0.000000000000000000, 0.05000000000000000278, 0.1000000000000000056, 0.1499999999999999944, 0.2000000000000000111 ),
 .UNSPECIFIED. ) 
 GEOMETRIC_REPRESENTATION_ITEM ( )  RATIONAL_B_SPLINE_SURFACE ( (
 ( 1.000000000000000000, 0.9876883405951377704, 1.000000000000000000, 0.9876883405951377704, 1.000000000000000000, 0.9876883405951377704, 1.000000000000000000, 0.9876883405951377704, 1.000000000000000000),
 ( 1.000000000000000000, 0.9876883405951377704, 1.000000000000000000, 0.9876883405951377704, 1.000000000000000000, 0.9876883405951377704, 1.000000000000000000, 0.9876883405951377704, 1.000000000000000000) ) ) 
 REPRESENTATION_ITEM ( '' )  SURFACE ( )  );
#4764 = CARTESIAN_POINT ( 'NONE',  ( -2.702780841317341309, -0.5786437500000005674, -1.618416760347033856 ) ) ;
#4765 = CARTESIAN_POINT ( 'NONE',  ( 1.283924941194488856, 1.850231249999997996, 3.316123149911465617 ) ) ;
#4766 = VERTEX_POINT ( 'NONE', #2661 ) ;
#4767 = CARTESIAN_POINT ( 'NONE',  ( -0.9362309113034481545, 0.5572124999999997774, -2.967305837071725350 ) ) ;
#4768 = ORIENTED_EDGE ( 'NONE', *, *, #2125, .F. ) ;
#4769 = CARTESIAN_POINT ( 'NONE',  ( 3.415744891076604617, 1.364456249999996817, -1.137995630012351711 ) ) ;
#4770 = CIRCLE ( 'NONE', #2202, 3.378200000000000092 ) ;
#4771 = CARTESIAN_POINT ( 'NONE',  ( 0.000000000000000000, -2.857500000000000373, 0.000000000000000000 ) ) ;
#4772 = CARTESIAN_POINT ( 'NONE',  ( -0.5903253188126580397, -0.09286875000000011093, 3.326221769210334855 ) ) ;
#4773 = ADVANCED_FACE ( 'NONE', ( #468 ), #3525, .T. ) ;
#4774 = ORIENTED_EDGE ( 'NONE', *, *, #5884, .F. ) ;
#4775 = CARTESIAN_POINT ( 'NONE',  ( -3.308856075960048937, 0.8786812499999994142, -0.6809601372931204377 ) ) ;
#4776 = CARTESIAN_POINT ( 'NONE',  ( 3.240008046131256592, 3.793331249999996047, 0.1771987119161472501 ) ) ;
#4777 = VERTEX_POINT ( 'NONE', #1713 ) ;
#4778 = CARTESIAN_POINT ( 'NONE',  ( 3.091138567563787021, 1.200149999999999606, 0.9868707507164856674 ) ) ;
#4779 = ADVANCED_FACE ( 'NONE', ( #7141 ), #3847, .F. ) ;
#4780 = CARTESIAN_POINT ( 'NONE',  ( 1.983273135678616628, -1.207420750006950483, 2.397511192736232033 ) ) ;
#4781 = CARTESIAN_POINT ( 'NONE',  ( -2.535264862483650905, -3.007518750000000463, 2.232636852928785220 ) ) ;
#4782 = DIRECTION ( 'NONE',  ( 0.000000000000000000, 0.000000000000000000, -1.000000000000000000 ) ) ;
#4783 =( BOUNDED_SURFACE ( )  B_SPLINE_SURFACE ( 1, 2, ( 
 ( #1768, #4587, #557, #3963, #2867, #3898, #6118, #4479, #2244 ),
 ( #6269, #6150, #4441, #6713, #1259, #6232, #3412, #633, #14 ) ),
 .UNSPECIFIED., .F., .F., .T. ) 
 B_SPLINE_SURFACE_WITH_KNOTS ( ( 2, 2 ),
 ( 3, 2, 2, 2, 3 ),
 ( 0.000000000000000000, 1.000000000000000000 ),
 ( 0.000000000000000000, 0.05000000000000000278, 0.1000000000000000056, 0.1499999999999999944, 0.2000000000000000111 ),
 .UNSPECIFIED. ) 
 GEOMETRIC_REPRESENTATION_ITEM ( )  RATIONAL_B_SPLINE_SURFACE ( (
 ( 1.000000000000000000, 0.9876883405951377704, 1.000000000000000000, 0.9876883405951377704, 1.000000000000000000, 0.9876883405951377704, 1.000000000000000000, 0.9876883405951377704, 1.000000000000000000),
 ( 1.000000000000000000, 0.9876883405951377704, 1.000000000000000000, 0.9876883405951377704, 1.000000000000000000, 0.9876883405951377704, 1.000000000000000000, 0.9876883405951377704, 1.000000000000000000) ) ) 
 REPRESENTATION_ITEM ( '' )  SURFACE ( )  );
#4784 = CARTESIAN_POINT ( 'NONE',  ( -3.143676018171746023, -1.149975985603240547, 0.4076866116057034639 ) ) ;
#4785 = VERTEX_POINT ( 'NONE', #3467 ) ;
#4786 = CARTESIAN_POINT ( 'NONE',  ( -3.201359073816325118, 1.850231250000001548, 0.5294823915805609849 ) ) ;
#4787 = CARTESIAN_POINT ( 'NONE',  ( -1.262636069562823149, 2.600324999999998887, -2.989113861722056953 ) ) ;
#4788 = CARTESIAN_POINT ( 'NONE',  ( 3.117940921259693798, -0.5786437499999996792, -0.4502682510443198893 ) ) ;
#4789 = VERTEX_POINT ( 'NONE', #102 ) ;
#4790 = CIRCLE ( 'NONE', #3508, 3.556000000000000050 ) ;
#4791 = CARTESIAN_POINT ( 'NONE',  ( 2.817480333217776689, 1.850231249999997107, 1.609613647566107808 ) ) ;
#4792 = ORIENTED_EDGE ( 'NONE', *, *, #5621, .F. ) ;
#4793 = CARTESIAN_POINT ( 'NONE',  ( 2.566273009830025043, -2.035968749999999883, 1.759453065306932240 ) ) ;
#4794 = DIRECTION ( 'NONE',  ( -0.000000000000000000, -1.000000000000000000, -0.000000000000000000 ) ) ;
#4795 = AXIS2_PLACEMENT_3D ( 'NONE', #7070, #6509, #2483 ) ;
#4796 = CARTESIAN_POINT ( 'NONE',  ( 2.800724985353682861, -3.007518749999999574, -1.355496885431914933 ) ) ;
#4797 = CARTESIAN_POINT ( 'NONE',  ( -1.519829407520359554, 1.200149999999999828, -3.214849074534653184 ) ) ;
#4798 = ORIENTED_EDGE ( 'NONE', *, *, #2125, .T. ) ;
#4799 = DIRECTION ( 'NONE',  ( -0.000000000000000000, -1.000000000000000000, -0.000000000000000000 ) ) ;
#4800 = ORIENTED_EDGE ( 'NONE', *, *, #3384, .F. ) ;
#4801 = CIRCLE ( 'NONE', #5382, 3.200400000000000134 ) ;
#4802 = LOCAL_TIME ( 23, 8, 25.00000000000000000, #844 ) ;
#4803 = CARTESIAN_POINT ( 'NONE',  ( 1.067918408573564459, 1.200149999999999828, 3.391855874389375636 ) ) ;
#4804 = DIRECTION ( 'NONE',  ( -0.000000000000000000, -1.000000000000000000, -0.000000000000000000 ) ) ;
#4805 = ADVANCED_FACE ( 'NONE', ( #216 ), #3503, .T. ) ;
#4806 = CARTESIAN_POINT ( 'NONE',  ( -2.330825910387515076, 1.200150000000000272, -2.685588683225003770 ) ) ;
#4807 = CARTESIAN_POINT ( 'NONE',  ( -2.061436497749054908, -1.550193750000000259, 2.729285241073937218 ) ) ;
#4808 = EDGE_CURVE ( 'NONE', #387, #3446, #7041, .T. ) ;
#4809 = VERTEX_POINT ( 'NONE', #4569 ) ;
#4810 = CARTESIAN_POINT ( 'NONE',  ( -1.831090346609808961, 0.3929062499999996794, 2.888879800882737214 ) ) ;
#4811 = EDGE_LOOP ( 'NONE', ( #4358, #2532, #1384, #3345, #3742 ) ) ;
#4812 = EDGE_CURVE ( 'NONE', #4252, #4809, #4363, .T. ) ;
#4813 = AXIS2_PLACEMENT_3D ( 'NONE', #3468, #5222, #2960 ) ;
#4814 = DIRECTION ( 'NONE',  ( -0.000000000000000000, -1.000000000000000000, -0.000000000000000000 ) ) ;
#4815 = CARTESIAN_POINT ( 'NONE',  ( -1.146386052299702696, 0.5572124999999997774, 2.892616682018670726 ) ) ;
#4816 = CARTESIAN_POINT ( 'NONE',  ( 0.000000000000000000, 2.600324999999999331, 0.000000000000000000 ) ) ;
#4817 = CARTESIAN_POINT ( 'NONE',  ( 0.06730659317483200788, 1.364456249999999482, -3.284607928752595107 ) ) ;
#4818 = CARTESIAN_POINT ( 'NONE',  ( 3.279093388022050526, 4.279106249999995448, -0.2018067782294050427 ) ) ;
#4820 = ADVANCED_FACE ( 'NONE', ( #1240 ), #5802, .T. ) ;
#4819 = CARTESIAN_POINT ( 'NONE',  ( -0.3199200920655653202, -1.179124203889763800, 3.124554902741706552 ) ) ;
#4821 = ORIENTED_EDGE ( 'NONE', *, *, #3433, .F. ) ;
#4822 = CARTESIAN_POINT ( 'NONE',  ( -2.220728013810153723, 0.5572124999999997774, -2.545702718048360680 ) ) ;
#4823 = CARTESIAN_POINT ( 'NONE',  ( 0.000000000000000000, 2.600324999999999331, 0.000000000000000000 ) ) ;
#4824 =( BOUNDED_CURVE ( )  B_SPLINE_CURVE ( 2, ( #2149, #4382, #2183 ),
 .UNSPECIFIED., .F., .T. ) 
 B_SPLINE_CURVE_WITH_KNOTS ( ( 3, 3 ),
 ( 0.08703413987182917477, 0.08854378023972311884 ),
 .UNSPECIFIED. ) 
 CURVE ( )  GEOMETRIC_REPRESENTATION_ITEM ( )  RATIONAL_B_SPLINE_CURVE ( ( 0.9952705550554066249, 0.9954494899883153947, 0.9956508716769393308 ) ) 
 REPRESENTATION_ITEM ( '' )  );
#4825 = CARTESIAN_POINT ( 'NONE',  ( 0.3373346070253224749, 1.850231249999999106, 3.539963469148104114 ) ) ;
#4826 = ORIENTED_EDGE ( 'NONE', *, *, #3071, .T. ) ;
#4827 = CARTESIAN_POINT ( 'NONE',  ( 1.010288704766856061, 0.5572124999999997774, 3.223593022237842387 ) ) ;
#4828 = VERTEX_POINT ( 'NONE', #3986 ) ;
#4829 = CARTESIAN_POINT ( 'NONE',  ( 2.473738345592705112, 2.336006249999997841, 2.615906308029283700 ) ) ;
#4830 = CARTESIAN_POINT ( 'NONE',  ( -2.517256377997648453, -2.035968750000000327, 1.828893812508030514 ) ) ;
#4831 = CARTESIAN_POINT ( 'NONE',  ( 1.657893427392258756, 2.600324999999999775, 2.789344171290013108 ) ) ;
#4832 = CARTESIAN_POINT ( 'NONE',  ( -0.3660090860603896767, 3.307556249999997977, 3.581673430641655997 ) ) ;
#4833 = VERTEX_POINT ( 'NONE', #6213 ) ;
#4834 = CYLINDRICAL_SURFACE ( 'NONE', #1035, 3.378200000000000092 ) ;
#4835 = EDGE_LOOP ( 'NONE', ( #1478, #1315, #4611, #3863 ) ) ;
#4836 = CARTESIAN_POINT ( 'NONE',  ( -1.702082463320817141, 0.5572124999999997774, -2.604678010437323721 ) ) ;
#4837 = CARTESIAN_POINT ( 'NONE',  ( 3.180966796103260830, 0.8786812500000001913, 1.137402955020141881 ) ) ;
#4838 = CARTESIAN_POINT ( 'NONE',  ( -2.479161413906516565, -2.521743750000000173, -2.356327024246203994 ) ) ;
#4839 = VERTEX_POINT ( 'NONE', #2407 ) ;
#4840 = CARTESIAN_POINT ( 'NONE',  ( -1.881365773098323979, -1.550193750000000259, -2.856393038293234543 ) ) ;
#4841 = CARTESIAN_POINT ( 'NONE',  ( 0.000000000000000000, 1.200150000000000050, 0.000000000000000000 ) ) ;
#4842 = ORIENTED_EDGE ( 'NONE', *, *, #6484, .F. ) ;
#4843 = EDGE_CURVE ( 'NONE', #275, #2880, #3755, .T. ) ;
#4844 = CARTESIAN_POINT ( 'NONE',  ( -3.473679356246821115, 2.600324999999999331, -0.7607152752407883023 ) ) ;
#4845 = CARTESIAN_POINT ( 'NONE',  ( -2.930042690678389850, -0.09286875000000054114, -1.681393788141892998 ) ) ;
#4846 = CARTESIAN_POINT ( 'NONE',  ( -1.930480037656714165, -2.035968750000000327, 2.440221111745600080 ) ) ;
#4847 = CARTESIAN_POINT ( 'NONE',  ( 0.000000000000000000, -2.857500000000000373, 0.000000000000000000 ) ) ;
#4848 = ORIENTED_EDGE ( 'NONE', *, *, #1906, .F. ) ;
#4849 = FACE_OUTER_BOUND ( 'NONE', #3587, .T. ) ;
#4850 = CARTESIAN_POINT ( 'NONE',  ( -2.205378594594645580, -0.9730674576368999462, 2.516177176943060090 ) ) ;
#4851 =( BOUNDED_CURVE ( )  B_SPLINE_CURVE ( 1, ( #1519, #5356 ),
 .UNSPECIFIED., .F., .T. ) 
 B_SPLINE_CURVE_WITH_KNOTS ( ( 2, 2 ),
 ( 0.000000000000000000, 0.0005566452967378102482 ),
 .UNSPECIFIED. ) 
 CURVE ( )  GEOMETRIC_REPRESENTATION_ITEM ( )  RATIONAL_B_SPLINE_CURVE ( ( 0.9945407480612347140, 0.9945407480612347140 ) ) 
 REPRESENTATION_ITEM ( '' )  );
#4852 = VERTEX_POINT ( 'NONE', #651 ) ;
#4853 = EDGE_CURVE ( 'NONE', #279, #4777, #4279, .T. ) ;
#4854 = CARTESIAN_POINT ( 'NONE',  ( -1.845794928263954082, 0.8786812500000014126, -3.039436968057582344 ) ) ;
#4855 = CARTESIAN_POINT ( 'NONE',  ( 3.101617173858058241, -1.155006032159971552, -0.6250455513146532249 ) ) ;
#4856 = ADVANCED_FACE ( 'NONE', ( #4643 ), #6561, .F. ) ;
#4857 = CARTESIAN_POINT ( 'NONE',  ( 3.023303250296021538, -2.035968749999999883, 1.507273265453052069 ) ) ;
#4858 = ORIENTED_EDGE ( 'NONE', *, *, #4278, .F. ) ;
#4859 = FACE_OUTER_BOUND ( 'NONE', #2213, .T. ) ;
#4860 = ORIENTED_EDGE ( 'NONE', *, *, #842, .T. ) ;
#4861 = CARTESIAN_POINT ( 'NONE',  ( 2.844942998855953586, -1.550193749999999815, 1.352995350925040086 ) ) ;
#4862 =( BOUNDED_CURVE ( )  B_SPLINE_CURVE ( 1, ( #6892, #3439 ),
 .UNSPECIFIED., .F., .T. ) 
 B_SPLINE_CURVE_WITH_KNOTS ( ( 2, 2 ),
 ( 4.848699518061081271E-19, 0.0005113447558650965896 ),
 .UNSPECIFIED. ) 
 CURVE ( )  GEOMETRIC_REPRESENTATION_ITEM ( )  RATIONAL_B_SPLINE_CURVE ( ( 0.9945407480612344919, 0.9945407480612344919 ) ) 
 REPRESENTATION_ITEM ( '' )  );
#4863 = CARTESIAN_POINT ( 'NONE',  ( 0.000000000000000000, -2.857500000000000373, -2.933033249999999814 ) ) ;
#4864 = EDGE_CURVE ( 'NONE', #6982, #87, #7035, .T. ) ;
#4865 = CARTESIAN_POINT ( 'NONE',  ( -3.027588732324409726, -0.5786437500000005674, 0.8706339955839835776 ) ) ;
#4866 = CARTESIAN_POINT ( 'NONE',  ( -0.8162176178087204859, 1.850231249999999994, -3.461058335304197264 ) ) ;
#4867 = ORIENTED_EDGE ( 'NONE', *, *, #4207, .F. ) ;
#4868 = DIRECTION ( 'NONE',  ( 0.000000000000000000, 0.000000000000000000, -1.000000000000000000 ) ) ;
#4869 = EDGE_LOOP ( 'NONE', ( #3407, #6804, #4178, #6680 ) ) ;
#4870 = CARTESIAN_POINT ( 'NONE',  ( -1.885356488499834615, -0.5156196993880665103, 2.841563616712647011 ) ) ;
#4871 = CARTESIAN_POINT ( 'NONE',  ( 0.4360639223545269560, -2.521743750000000173, 3.392398357654462959 ) ) ;
#4872 = CARTESIAN_POINT ( 'NONE',  ( -3.363523124066933878, 0.3929062499999994573, 0.6206694412188678012 ) ) ;
#4873 = B_SPLINE_CURVE_WITH_KNOTS ( 'NONE', 3,
 ( #6712, #6675, #6231, #6149, #1219, #1140, #592, #1660, #3450, #4042 ),
 .UNSPECIFIED., .F., .F.,
 ( 4, 3, 3, 4 ),
 ( 4.882991258137373258E-05, 0.0001296210011224991319, 0.0002688043935198782333, 0.0004095291194012249661 ),
 .UNSPECIFIED. ) ;
#4874 = CARTESIAN_POINT ( 'NONE',  ( 3.298277096650128914, 1.850231249999997107, 1.329099015767158498 ) ) ;
#4875 = ORIENTED_EDGE ( 'NONE', *, *, #3204, .T. ) ;
#4876 = CARTESIAN_POINT ( 'NONE',  ( -1.262636069562823149, 2.600324999999998887, -2.989113861722056953 ) ) ;
#4877 = CARTESIAN_POINT ( 'NONE',  ( 0.000000000000000000, -2.857500000000000373, 0.000000000000000000 ) ) ;
#4878 = ORIENTED_EDGE ( 'NONE', *, *, #3031, .T. ) ;
#4879 = CARTESIAN_POINT ( 'NONE',  ( -3.500466759645030734, 4.764881250000000179, 0.6259939812971190287 ) ) ;
#4880 = CARTESIAN_POINT ( 'NONE',  ( -2.466361275118889917, -0.09286875000000044400, -1.896969770606250716 ) ) ;
#4881 = CIRCLE ( 'NONE', #3600, 3.556000000000000050 ) ;
#4882 = CARTESIAN_POINT ( 'NONE',  ( -0.7688680110487247088, 2.821781249999998575, 3.471883923979315778 ) ) ;
#4883 = CARTESIAN_POINT ( 'NONE',  ( -2.835253898595173183, -0.9407207500002887635, 1.836728224452794933 ) ) ;
#4884 = EDGE_CURVE ( 'NONE', #236, #5485, #6083, .T. ) ;
#4885 = ORIENTED_EDGE ( 'NONE', *, *, #4330, .T. ) ;
#4886 = FACE_OUTER_BOUND ( 'NONE', #793, .T. ) ;
#4887 = CARTESIAN_POINT ( 'NONE',  ( 3.316910528803830971, -0.9706622954021483229, -0.4632458458543333157 ) ) ;
#4888 = ORIENTED_EDGE ( 'NONE', *, *, #4457, .T. ) ;
#4889 = B_SPLINE_CURVE_WITH_KNOTS ( 'NONE', 3,
 ( #2941, #6187, #258, #2832, #1180, #5636, #3451, #6676, #5673, #1108 ),
 .UNSPECIFIED., .F., .F.,
 ( 4, 3, 3, 4 ),
 ( 2.024023102084329502E-16, 0.0002589485462244637192, 0.0005341756780451727572, 0.0008103109524490939445 ),
 .UNSPECIFIED. ) ;
#4890 = CARTESIAN_POINT ( 'NONE',  ( -2.136971284225769985, 0.8786812499999995252, 2.616407646066349901 ) ) ;
#4891 = CARTESIAN_POINT ( 'NONE',  ( -1.652846588612936429, -2.035968750000000327, -2.636196199927193895 ) ) ;
#4892 = ADVANCED_FACE ( 'NONE', ( #6992 ), #5011, .T. ) ;
#4893 =( BOUNDED_SURFACE ( )  B_SPLINE_SURFACE ( 1, 2, ( 
 ( #4428, #6664, #1646, #5994, #1094, #1542, #3774, #989, #3219 ),
 ( #5446, #2668, #1159, #6132, #1856, #141, #6168, #3500, #3392 ) ),
 .UNSPECIFIED., .F., .F., .T. ) 
 B_SPLINE_SURFACE_WITH_KNOTS ( ( 2, 2 ),
 ( 3, 2, 2, 2, 3 ),
 ( 0.000000000000000000, 1.000000000000000000 ),
 ( 0.000000000000000000, 0.05000000000000000278, 0.1000000000000000056, 0.1499999999999999944, 0.2000000000000000111 ),
 .UNSPECIFIED. ) 
 GEOMETRIC_REPRESENTATION_ITEM ( )  RATIONAL_B_SPLINE_SURFACE ( (
 ( 1.000000000000000000, 0.9876883405951377704, 1.000000000000000000, 0.9876883405951377704, 1.000000000000000000, 0.9876883405951377704, 1.000000000000000000, 0.9876883405951377704, 1.000000000000000000),
 ( 1.000000000000000000, 0.9876883405951377704, 1.000000000000000000, 0.9876883405951377704, 1.000000000000000000, 0.9876883405951377704, 1.000000000000000000, 0.9876883405951377704, 1.000000000000000000) ) ) 
 REPRESENTATION_ITEM ( '' )  SURFACE ( )  );
#4895 = EDGE_CURVE ( 'NONE', #2133, #2653, #3096, .T. ) ;
#4894 = CARTESIAN_POINT ( 'NONE',  ( -1.451545173690342194, 2.600324999999999331, 3.246252086443114582 ) ) ;
#4896 = CARTESIAN_POINT ( 'NONE',  ( -0.9937399601334013788, -3.007518750000000463, 3.228732898775316329 ) ) ;
#4897 = ORIENTED_EDGE ( 'NONE', *, *, #4721, .F. ) ;
#4898 = CARTESIAN_POINT ( 'NONE',  ( -3.286570378089610056, 1.526976102460971374, 1.408565394022885942 ) ) ;
#4899 = CARTESIAN_POINT ( 'NONE',  ( 0.2001981883485410008, 0.2303863975390294527, 3.122322324092821066 ) ) ;
#4900 = ADVANCED_FACE ( 'NONE', ( #5360 ), #6518, .F. ) ;
#4901 = CARTESIAN_POINT ( 'NONE',  ( -2.388220258351373637, 0.5572124999999997774, 2.389275881433559956 ) ) ;
#4902 = CARTESIAN_POINT ( 'NONE',  ( -3.088018712689668099, -1.064418750000000413, 0.3815398800629350995 ) ) ;
#4903 = CARTESIAN_POINT ( 'NONE',  ( 0.000000000000000000, -2.857500000000000373, 0.000000000000000000 ) ) ;
#4904 = AXIS2_PLACEMENT_3D ( 'NONE', #649, #2810, #3501 ) ;
#4905 = ORIENTED_EDGE ( 'NONE', *, *, #1823, .T. ) ;
#4906 = ORIENTED_EDGE ( 'NONE', *, *, #295, .T. ) ;
#4907 = CARTESIAN_POINT ( 'NONE',  ( 1.385699958890311612, 2.600325000000000220, 3.274900246409256255 ) ) ;
#4908 = ADVANCED_FACE ( 'NONE', ( #4165 ), #22, .F. ) ;
#4909 = ORIENTED_EDGE ( 'NONE', *, *, #4581, .T. ) ;
#4910 =( BOUNDED_SURFACE ( )  B_SPLINE_SURFACE ( 1, 2, ( 
 ( #4290, #1950, #4216, #3701, #2093, #991, #951, #3776, #2021 ),
 ( #1983, #406, #1544, #1396, #332, #4861, #4793, #5308, #5996 ) ),
 .UNSPECIFIED., .F., .F., .T. ) 
 B_SPLINE_SURFACE_WITH_KNOTS ( ( 2, 2 ),
 ( 3, 2, 2, 2, 3 ),
 ( 0.000000000000000000, 1.000000000000000000 ),
 ( 0.000000000000000000, 0.05000000000000000278, 0.1000000000000000056, 0.1499999999999999944, 0.2000000000000000111 ),
 .UNSPECIFIED. ) 
 GEOMETRIC_REPRESENTATION_ITEM ( )  RATIONAL_B_SPLINE_SURFACE ( (
 ( 1.000000000000000000, 0.9876883405951377704, 1.000000000000000000, 0.9876883405951377704, 1.000000000000000000, 0.9876883405951377704, 1.000000000000000000, 0.9876883405951377704, 1.000000000000000000),
 ( 1.000000000000000000, 0.9876883405951377704, 1.000000000000000000, 0.9876883405951377704, 1.000000000000000000, 0.9876883405951377704, 1.000000000000000000, 0.9876883405951377704, 1.000000000000000000) ) ) 
 REPRESENTATION_ITEM ( '' )  SURFACE ( )  );
#4911 = CARTESIAN_POINT ( 'NONE',  ( 3.326979105667941194, 0.5572124999999997774, 0.5860420381243512944 ) ) ;
#4912 = AXIS2_PLACEMENT_3D ( 'NONE', #6390, #3539, #1966 ) ;
#4913 = CARTESIAN_POINT ( 'NONE',  ( 2.446745845615129422, 0.3929062500000001235, 2.389969273518181225 ) ) ;
#4914 = CARTESIAN_POINT ( 'NONE',  ( 3.130733903932321205, -0.9407207499999042932, 1.269149503710660376 ) ) ;
#4915 = CARTESIAN_POINT ( 'NONE',  ( 2.364498991572240083, 3.307556249999996645, 2.715049121783439379 ) ) ;
#4916 = ORIENTED_EDGE ( 'NONE', *, *, #574, .T. ) ;
#4917 = CARTESIAN_POINT ( 'NONE',  ( 2.327194451351502380, 1.364456249999997484, -2.747091771390596904 ) ) ;
#4918 = DIRECTION ( 'NONE',  ( 0.000000000000000000, 0.000000000000000000, -1.000000000000000000 ) ) ;
#4919 = ORIENTED_EDGE ( 'NONE', *, *, #3123, .T. ) ;
#4920 = CARTESIAN_POINT ( 'NONE',  ( -2.463987066567137063, 2.821781250000000352, 2.563962506705173006 ) ) ;
#4921 = CARTESIAN_POINT ( 'NONE',  ( 2.831106982132823635, 1.200149999999999828, -1.585523502890694658 ) ) ;
#4922 = CIRCLE ( 'NONE', #5848, 3.556000000000000050 ) ;
#4923 = CARTESIAN_POINT ( 'NONE',  ( -2.051335422112550599, 1.526976102460970708, -2.928758150711878727 ) ) ;
#4924 = EDGE_LOOP ( 'NONE', ( #628, #2826, #4792, #4705 ) ) ;
#4925 = DIRECTION ( 'NONE',  ( -0.000000000000000000, -1.000000000000000000, -0.000000000000000000 ) ) ;
#4926 = CARTESIAN_POINT ( 'NONE',  ( 1.694209806503408577, -1.060154572504552029, 2.784909083703353438 ) ) ;
#4927 = EDGE_LOOP ( 'NONE', ( #4800, #2800, #6302, #3135, #3117, #3436, #6571, #6761, #6560, #4980, #1625, #4309, #2097, #876, #6764, #3142, #701, #4137, #5148, #4393, #6526, #2060, #5409, #968, #5741, #5640, #1401, #6003, #6011, #6588, #1627, #3387, #3233, #5747, #679, #307, #821, #5071, #2330 ) ) ;
#4928 = AXIS2_PLACEMENT_3D ( 'NONE', #838, #1420, #3070 ) ;
#4929 = CARTESIAN_POINT ( 'NONE',  ( -1.292751776387558449, 0.8786812500000007464, -2.976213091689977830 ) ) ;
#4930 = CARTESIAN_POINT ( 'NONE',  ( 0.3221612388796475934, -1.550193750000000037, -3.133769171864416503 ) ) ;
#4931 =( BOUNDED_CURVE ( )  B_SPLINE_CURVE ( 1, ( #1179, #7230 ),
 .UNSPECIFIED., .F., .T. ) 
 B_SPLINE_CURVE_WITH_KNOTS ( ( 2, 2 ),
 ( 0.000000000000000000, 0.0005566452967378095976 ),
 .UNSPECIFIED. ) 
 CURVE ( )  GEOMETRIC_REPRESENTATION_ITEM ( )  RATIONAL_B_SPLINE_CURVE ( ( 0.9956508716769392198, 0.9956508716769392198 ) ) 
 REPRESENTATION_ITEM ( '' )  );
#4932 = CARTESIAN_POINT ( 'NONE',  ( -3.275023374605442683, -0.09286875000000065217, -0.8285270881437595270 ) ) ;
#4933 = CARTESIAN_POINT ( 'NONE',  ( 3.591929781405258488E-16, -2.857500000000000373, 2.933033249999999814 ) ) ;
#4934 = CARTESIAN_POINT ( 'NONE',  ( 3.331856705246518224, -0.09286874999999956970, -0.5576433768133605140 ) ) ;
#4935 = ORIENTED_EDGE ( 'NONE', *, *, #4289, .T. ) ;
#4936 = CARTESIAN_POINT ( 'NONE',  ( -3.397289149409559617, 1.850231250000001992, 1.050505799747941449 ) ) ;
#4937 = CARTESIAN_POINT ( 'NONE',  ( 1.469093030936394983, -1.064418749999999747, -2.742844858254677387 ) ) ;
#4938 = ADVANCED_FACE ( 'NONE', ( #7173 ), #573, .F. ) ;
#4939 = EDGE_CURVE ( 'NONE', #7101, #1539, #5098, .T. ) ;
#4940 = CARTESIAN_POINT ( 'NONE',  ( -2.460870911460753430, 2.821781249999999908, 2.566953516744377772 ) ) ;
#4941 = CARTESIAN_POINT ( 'NONE',  ( -2.330825910387515076, 1.200150000000000272, -2.685588683225003770 ) ) ;
#4942 =( BOUNDED_CURVE ( )  B_SPLINE_CURVE ( 1, ( #5167, #169 ),
 .UNSPECIFIED., .F., .T. ) 
 B_SPLINE_CURVE_WITH_KNOTS ( ( 2, 2 ),
 ( 2.168404344971008868E-19, 0.0005113447558650977822 ),
 .UNSPECIFIED. ) 
 CURVE ( )  GEOMETRIC_REPRESENTATION_ITEM ( )  RATIONAL_B_SPLINE_CURVE ( ( 0.9945407480612344919, 0.9945407480612344919 ) ) 
 REPRESENTATION_ITEM ( '' )  );
#4943 = CARTESIAN_POINT ( 'NONE',  ( -2.680159651573468249, 0.2303863975390292307, 1.614224350028216515 ) ) ;
#4944 = CARTESIAN_POINT ( 'NONE',  ( -2.956717178767019671, 4.279106249999999889, 2.054305415372094767 ) ) ;
#4945 = ORIENTED_EDGE ( 'NONE', *, *, #3926, .T. ) ;
#4946 = ORIENTED_EDGE ( 'NONE', *, *, #2885, .F. ) ;
#4947 = EDGE_LOOP ( 'NONE', ( #4244, #1450, #4197, #977 ) ) ;
#4948 = EDGE_CURVE ( 'NONE', #4852, #205, #815, .T. ) ;
#4949 = CARTESIAN_POINT ( 'NONE',  ( 1.595140177375367063, 1.200149999999999828, -2.825699795983802165 ) ) ;
#4950 = CARTESIAN_POINT ( 'NONE',  ( -3.051487774019278731, -1.207420750006950261, -0.6081567355631875005 ) ) ;
#4951 = CARTESIAN_POINT ( 'NONE',  ( -1.317116250329242844, -3.007518750000000463, 2.818978012173674497 ) ) ;
#4952 = CARTESIAN_POINT ( 'NONE',  ( 2.627062063003939407, -1.179124203889763800, 1.721550790037856382 ) ) ;
#4953 = CARTESIAN_POINT ( 'NONE',  ( -3.226865472956420344, -0.9706622954021475458, -0.8965664444048510040 ) ) ;
#4954 = VERTEX_POINT ( 'NONE', #3758 ) ;
#4955 = CARTESIAN_POINT ( 'NONE',  ( 0.1474510261136244560, -0.9407207499999045153, -3.374980508817551961 ) ) ;
#4956 =( BOUNDED_CURVE ( )  B_SPLINE_CURVE ( 2, ( #6705, #3331, #6109, #2343, #44 ),
 .UNSPECIFIED., .F., .T. ) 
 B_SPLINE_CURVE_WITH_KNOTS ( ( 3, 2, 3 ),
 ( 0.01659028043918795228, 0.05000000000000000278, 0.08854378023972296619 ),
 .UNSPECIFIED. ) 
 CURVE ( )  GEOMETRIC_REPRESENTATION_ITEM ( )  RATIONAL_B_SPLINE_CURVE ( ( 0.9945407480612344919, 0.9917734182391062525, 1.000000000000000000, 0.9905092421102534850, 0.9956508716769392198 ) ) 
 REPRESENTATION_ITEM ( '' )  );
#4957 = CARTESIAN_POINT ( 'NONE',  ( -2.517217743920512341, 1.200150000000000050, 2.511722681685167213 ) ) ;
#4958 = ORIENTED_EDGE ( 'NONE', *, *, #2671, .F. ) ;
#4959 = FACE_OUTER_BOUND ( 'NONE', #203, .T. ) ;
#4960 = EDGE_CURVE ( 'NONE', #3551, #6861, #4824, .T. ) ;
#4961 = CARTESIAN_POINT ( 'NONE',  ( -1.344828876685259633, 2.223636876399969431, -3.320241203173729616 ) ) ;
#4962 = ORIENTED_EDGE ( 'NONE', *, *, #6010, .T. ) ;
#4963 = CARTESIAN_POINT ( 'NONE',  ( 0.3289694388413454407, -0.09286874999999999991, 3.362144308073108157 ) ) ;
#4964 = EDGE_LOOP ( 'NONE', ( #3593, #2870 ) ) ;
#4965 = CARTESIAN_POINT ( 'NONE',  ( -2.022267367524238413, 2.600324999999999331, -2.537614276588661788 ) ) ;
#4966 = CARTESIAN_POINT ( 'NONE',  ( -3.148448693054927361, -1.550193750000000481, -0.1075542354581132121 ) ) ;
#4967 = CARTESIAN_POINT ( 'NONE',  ( 3.872700572943674989E-16, -1.943100000000000049, 3.162299999999999667 ) ) ;
#4968 = CC_DESIGN_PERSON_AND_ORGANIZATION_ASSIGNMENT ( #5770, #1319, ( #5190 ) ) ;
#4969 = CARTESIAN_POINT ( 'NONE',  ( 2.298352733753267874, 1.200149999999999828, -2.290551513009231321 ) ) ;
#4970 = CARTESIAN_POINT ( 'NONE',  ( -3.376830453778549845, -0.9407207500002889855, 0.09618381586523823412 ) ) ;
#4971 =( BOUNDED_CURVE ( )  B_SPLINE_CURVE ( 1, ( #4541, #3995 ),
 .UNSPECIFIED., .F., .F. ) 
 B_SPLINE_CURVE_WITH_KNOTS ( ( 2, 2 ),
 ( 2.168404344971008868E-19, 0.0005113447558650968065 ),
 .UNSPECIFIED. ) 
 CURVE ( )  GEOMETRIC_REPRESENTATION_ITEM ( )  RATIONAL_B_SPLINE_CURVE ( ( 0.9945407480612344919, 0.9945407480612344919 ) ) 
 REPRESENTATION_ITEM ( '' )  );
#4972 = CARTESIAN_POINT ( 'NONE',  ( 0.7418306300350195892, 0.5572124999999997774, -3.021774241458458743 ) ) ;
#4973 = CARTESIAN_POINT ( 'NONE',  ( 2.531544176049171035, -1.000217606553380545, 2.147285871790602485 ) ) ;
#4974 = CARTESIAN_POINT ( 'NONE',  ( 2.553229789357002844, 2.223636876399968099, 2.512684619596952107 ) ) ;
#4975 = CARTESIAN_POINT ( 'NONE',  ( -2.215137442089104347, -3.007518750000000463, -2.185085436008153525 ) ) ;
#4976 = EDGE_CURVE ( 'NONE', #948, #6934, #6612, .T. ) ;
#4977 = ORIENTED_EDGE ( 'NONE', *, *, #753, .F. ) ;
#4978 = EDGE_LOOP ( 'NONE', ( #6595, #3254, #6720, #3423 ) ) ;
#4979 = CARTESIAN_POINT ( 'NONE',  ( -2.722523132176221772, -3.007518750000000463, -1.506419611119481416 ) ) ;
#4980 = ORIENTED_EDGE ( 'NONE', *, *, #3955, .T. ) ;
#4981 =( BOUNDED_CURVE ( )  B_SPLINE_CURVE ( 1, ( #1536, #2662 ),
 .UNSPECIFIED., .F., .T. ) 
 B_SPLINE_CURVE_WITH_KNOTS ( ( 2, 2 ),
 ( 2.168404344971008868E-19, 0.0005566452967378104650 ),
 .UNSPECIFIED. ) 
 CURVE ( )  GEOMETRIC_REPRESENTATION_ITEM ( )  RATIONAL_B_SPLINE_CURVE ( ( 0.9956508716769392198, 0.9956508716769392198 ) ) 
 REPRESENTATION_ITEM ( '' )  );
#4982 = FACE_BOUND ( 'NONE', #3629, .T. ) ;
#4983 = CARTESIAN_POINT ( 'NONE',  ( -3.593392022083909509, 4.279106249999999889, 0.2233405258049523667 ) ) ;
#4984 = CARTESIAN_POINT ( 'NONE',  ( 0.000000000000000000, -0.9407207500000012157, 0.000000000000000000 ) ) ;
#4985 = CARTESIAN_POINT ( 'NONE',  ( -2.444164120214602942, -1.120186029920318127, 2.063483841201288360 ) ) ;
#4986 = CARTESIAN_POINT ( 'NONE',  ( 2.317019491473445214, 4.764881249999995738, -2.697509346810903264 ) ) ;
#4987 = VERTEX_POINT ( 'NONE', #3316 ) ;
#4988 = CARTESIAN_POINT ( 'NONE',  ( 0.4433048730424409833, -1.060154572504549364, -3.229480803857271098 ) ) ;
#4989 = ADVANCED_FACE ( 'NONE', ( #6056 ), #1836, .T. ) ;
#4990 = CARTESIAN_POINT ( 'NONE',  ( -2.768708610390789193, -1.005087262691942707, 1.820982207734551217 ) ) ;
#4991 = ORIENTED_EDGE ( 'NONE', *, *, #5612, .F. ) ;
#4992 = EDGE_CURVE ( 'NONE', #3852, #2775, #6682, .T. ) ;
#4993 = CARTESIAN_POINT ( 'NONE',  ( -1.180413449898189082, 2.336006249999999174, 3.401319053270744686 ) ) ;
#4994 = CARTESIAN_POINT ( 'NONE',  ( -2.993592733296366770, 2.821781250000000352, 1.251980059607653351 ) ) ;
#4995 =( BOUNDED_CURVE ( )  B_SPLINE_CURVE ( 1, ( #3612, #5397 ),
 .UNSPECIFIED., .F., .T. ) 
 B_SPLINE_CURVE_WITH_KNOTS ( ( 2, 2 ),
 ( 0.000000000000000000, 0.0005113447558650972401 ),
 .UNSPECIFIED. ) 
 CURVE ( )  GEOMETRIC_REPRESENTATION_ITEM ( )  RATIONAL_B_SPLINE_CURVE ( ( 0.9945407480612347140, 0.9945407480612347140 ) ) 
 REPRESENTATION_ITEM ( '' )  );
#4996 = ORIENTED_EDGE ( 'NONE', *, *, #7120, .T. ) ;
#4997 = CARTESIAN_POINT ( 'NONE',  ( -0.7260912002635677709, -1.064418750000000191, 3.299246400149556280 ) ) ;
#4998 = EDGE_LOOP ( 'NONE', ( #2276, #4047, #417, #4270 ) ) ;
#4999 = ADVANCED_FACE ( 'NONE', ( #4017 ), #5845, .F. ) ;
#5000 = CARTESIAN_POINT ( 'NONE',  ( 2.320294333374905094, 4.764881249999996626, -2.694692970731237924 ) ) ;
#5001 = DIRECTION ( 'NONE',  ( -0.000000000000000000, -1.000000000000000000, -0.000000000000000000 ) ) ;
#5002 = CARTESIAN_POINT ( 'NONE',  ( 3.222602760333933780, 1.850231249999997107, -1.503318811526058507 ) ) ;
#5003 = DIRECTION ( 'NONE',  ( -0.000000000000000000, -1.000000000000000000, -0.000000000000000000 ) ) ;
#5004 = CARTESIAN_POINT ( 'NONE',  ( 0.6746043896690716579, -1.064418749999999747, -3.037489286802381283 ) ) ;
#5005 = CARTESIAN_POINT ( 'NONE',  ( -1.195516883112587969, 1.200149999999999828, 3.016585968390883110 ) ) ;
#5006 = CARTESIAN_POINT ( 'NONE',  ( 3.057852037926208855, -0.09286874999999968072, -1.435888628741981865 ) ) ;
#5007 = CARTESIAN_POINT ( 'NONE',  ( 2.865834777561208302, 2.600324999999999331, 1.521854970166578003 ) ) ;
#5008 = CARTESIAN_POINT ( 'NONE',  ( -0.02540695377406645972, -1.207420750006951593, -3.111396268028217449 ) ) ;
#5009 = CARTESIAN_POINT ( 'NONE',  ( -2.874191927449752715, 2.223636876399970319, -2.138127011896569396 ) ) ;
#5010 = VERTEX_POINT ( 'NONE', #678 ) ;
#5011 =( BOUNDED_SURFACE ( )  B_SPLINE_SURFACE ( 1, 2, ( 
 ( #2548, #5800, #3027, #3647, #5292, #4713, #5324, #5396, #4781 ),
 ( #6468, #2074, #2008, #7024, #2615, #6394, #4846, #1380, #6957 ) ),
 .UNSPECIFIED., .F., .F., .F. ) 
 B_SPLINE_SURFACE_WITH_KNOTS ( ( 2, 2 ),
 ( 3, 2, 2, 2, 3 ),
 ( 0.000000000000000000, 1.000000000000000000 ),
 ( 0.000000000000000000, 0.05000000000000000278, 0.1000000000000000056, 0.1499999999999999944, 0.2000000000000000111 ),
 .UNSPECIFIED. ) 
 GEOMETRIC_REPRESENTATION_ITEM ( )  RATIONAL_B_SPLINE_SURFACE ( (
 ( 1.000000000000000000, 0.9876883405951377704, 1.000000000000000000, 0.9876883405951377704, 1.000000000000000000, 0.9876883405951377704, 1.000000000000000000, 0.9876883405951377704, 1.000000000000000000),
 ( 1.000000000000000000, 0.9876883405951377704, 1.000000000000000000, 0.9876883405951377704, 1.000000000000000000, 0.9876883405951377704, 1.000000000000000000, 0.9876883405951377704, 1.000000000000000000) ) ) 
 REPRESENTATION_ITEM ( '' )  SURFACE ( )  );
#5012 = CARTESIAN_POINT ( 'NONE',  ( -2.961116559177286778, -2.521743750000000173, -1.075214308559146570 ) ) ;
#5013 = ORIENTED_EDGE ( 'NONE', *, *, #5971, .F. ) ;
#5014 = CARTESIAN_POINT ( 'NONE',  ( 2.527456994071189289, -0.9730674576370985651, -2.192442353720267523 ) ) ;
#5015 = CARTESIAN_POINT ( 'NONE',  ( 1.142910107492106864, 2.821781249999997687, 3.367327202128179486 ) ) ;
#5016 = CARTESIAN_POINT ( 'NONE',  ( 3.502890616755781839, 1.200149999999999606, 0.6122853313973166678 ) ) ;
#5017 = CARTESIAN_POINT ( 'NONE',  ( -4.084873239877797321E-17, -0.8176576455691431100, -3.378199999999999203 ) ) ;
#5018 = CARTESIAN_POINT ( 'NONE',  ( 2.099677995037656508, -1.090493833097039511, -2.453720676471927931 ) ) ;
#5019 = DIRECTION ( 'NONE',  ( 0.000000000000000000, 0.000000000000000000, -1.000000000000000000 ) ) ;
#5020 = VERTEX_POINT ( 'NONE', #2289 ) ;
#5021 = CARTESIAN_POINT ( 'NONE',  ( 2.795232319581119729, 2.821781249999997243, -1.647946541022852873 ) ) ;
#5022 = CARTESIAN_POINT ( 'NONE',  ( -2.220728013810153723, 0.5572124999999997774, -2.545702718048360680 ) ) ;
#5023 =( BOUNDED_CURVE ( )  B_SPLINE_CURVE ( 1, ( #653, #1680 ),
 .UNSPECIFIED., .F., .T. ) 
 B_SPLINE_CURVE_WITH_KNOTS ( ( 2, 2 ),
 ( 0.000000000000000000, 0.0005566452967378102482 ),
 .UNSPECIFIED. ) 
 CURVE ( )  GEOMETRIC_REPRESENTATION_ITEM ( )  RATIONAL_B_SPLINE_CURVE ( ( 0.9945407480612344919, 0.9945407480612344919 ) ) 
 REPRESENTATION_ITEM ( '' )  );
#5024 = VERTEX_POINT ( 'NONE', #5755 ) ;
#5025 = AXIS2_PLACEMENT_3D ( 'NONE', #3960, #3448, #6115 ) ;
#5026 = ADVANCED_FACE ( 'NONE', ( #1303 ), #4524, .T. ) ;
#5027 = DIRECTION ( 'NONE',  ( 0.000000000000000000, 0.000000000000000000, -1.000000000000000000 ) ) ;
#5028 = ADVANCED_FACE ( 'NONE', ( #4633 ), #5099, .T. ) ;
#5029 = CARTESIAN_POINT ( 'NONE',  ( 1.040201421698460971, -0.9407207500002857659, -3.214065376170367028 ) ) ;
#5030 = CARTESIAN_POINT ( 'NONE',  ( 1.937624913679851124, 0.3929062500000001235, 2.483929705175132341 ) ) ;
#5031 = EDGE_LOOP ( 'NONE', ( #779, #2975 ) ) ;
#5032 = CARTESIAN_POINT ( 'NONE',  ( 2.891413582373873137, 0.2303863975390296193, 1.782900077514093518 ) ) ;
#5033 = VERTEX_POINT ( 'NONE', #1782 ) ;
#5034 = AXIS2_PLACEMENT_3D ( 'NONE', #2355, #6831, #6271 ) ;
#5035 = CARTESIAN_POINT ( 'NONE',  ( -0.5176166722461867931, 2.600324999999998887, 3.518125776690313344 ) ) ;
#5036 = CARTESIAN_POINT ( 'NONE',  ( -2.987885379231844052, 1.850231250000001548, 1.928127838233914870 ) ) ;
#5037 =( BOUNDED_CURVE ( )  B_SPLINE_CURVE ( 2, ( #6958, #3341, #5092, #2834, #4883 ),
 .UNSPECIFIED., .F., .T. ) 
 B_SPLINE_CURVE_WITH_KNOTS ( ( 3, 2, 3 ),
 ( 0.01659028043918808065, 0.05000000000000000278, 0.09358265573073307197 ),
 .UNSPECIFIED. ) 
 CURVE ( )  GEOMETRIC_REPRESENTATION_ITEM ( )  RATIONAL_B_SPLINE_CURVE ( ( 0.9945407480612347140, 0.9917734182391064746, 1.000000000000000000, 0.9892685037336769183, 0.9972452917573861875 ) ) 
 REPRESENTATION_ITEM ( '' )  );
#5038 = CARTESIAN_POINT ( 'NONE',  ( 3.534554657829672486, 1.850231249999997107, 0.3899479078217714112 ) ) ;
#5039 = CARTESIAN_POINT ( 'NONE',  ( -2.702780841317341309, -0.5786437500000005674, -1.618416760347034078 ) ) ;
#5040 = EDGE_CURVE ( 'NONE', #5722, #4564, #2820, .T. ) ;
#5041 = CARTESIAN_POINT ( 'NONE',  ( 2.627025995721465002, -1.036468050703329036, 1.968052372508087844 ) ) ;
#5042 = CARTESIAN_POINT ( 'NONE',  ( 7.473971303709059551E-17, 0.02725943553790106597, -3.378200000000002312 ) ) ;
#5043 = AXIS2_PLACEMENT_3D ( 'NONE', #6681, #3933, #531 ) ;
#5044 = CARTESIAN_POINT ( 'NONE',  ( 2.710256222202066745, 1.200149999999999384, 1.784254110970461271 ) ) ;
#5045 = CARTESIAN_POINT ( 'NONE',  ( 0.000000000000000000, 1.200150000000000050, -3.022600000000000176 ) ) ;
#5046 = CARTESIAN_POINT ( 'NONE',  ( 2.225469042318612534, -1.120186029920318571, 2.297649092251627057 ) ) ;
#5047 = EDGE_CURVE ( 'NONE', #2337, #1300, #4315, .T. ) ;
#5048 = CARTESIAN_POINT ( 'NONE',  ( -0.6086211735696746006, -1.000217606553379879, -3.263300905151513387 ) ) ;
#5049 = CARTESIAN_POINT ( 'NONE',  ( -3.373507220702284037, -2.035968750000000327, -0.1780007636769235235 ) ) ;
#5050 = ORIENTED_EDGE ( 'NONE', *, *, #2621, .T. ) ;
#5051 = LINE ( 'NONE', #6562, #1976 ) ;
#5052 = ORIENTED_EDGE ( 'NONE', *, *, #1327, .F. ) ;
#5053 = B_SPLINE_CURVE_WITH_KNOTS ( 'NONE', 3,
 ( #4243, #3649, #395, #6582, #5878, #4819, #7067 ),
 .UNSPECIFIED., .F., .F.,
 ( 4, 3, 4 ),
 ( 0.0003515712624694046756, 0.0005341756780429387586, 0.0008103109524490911255 ),
 .UNSPECIFIED. ) ;
#5054 = CARTESIAN_POINT ( 'NONE',  ( -1.146386052299702696, 0.5572124999999997774, 2.892616682018670726 ) ) ;
#5055 = CARTESIAN_POINT ( 'NONE',  ( 2.578824530906461021, 1.364456249999998150, 2.512371639236161247 ) ) ;
#5056 = CARTESIAN_POINT ( 'NONE',  ( 2.040899452062746366, 0.5572124999999995554, 2.348651033374261843 ) ) ;
#5057 = CARTESIAN_POINT ( 'NONE',  ( 3.529428415371438366, 2.821781249999996355, -0.4339021327081432067 ) ) ;
#5058 = CARTESIAN_POINT ( 'NONE',  ( 2.181298875965051121, -1.149975985603240325, -2.300183143626678195 ) ) ;
#5059 = CARTESIAN_POINT ( 'NONE',  ( 3.109500978727546716, 0.5572124999999997774, 0.1115164261103648025 ) ) ;
#5060 =( BOUNDED_CURVE ( )  B_SPLINE_CURVE ( 1, ( #1941, #3619 ),
 .UNSPECIFIED., .F., .T. ) 
 B_SPLINE_CURVE_WITH_KNOTS ( ( 2, 2 ),
 ( 0.000000000000000000, 0.0005566452967378098145 ),
 .UNSPECIFIED. ) 
 CURVE ( )  GEOMETRIC_REPRESENTATION_ITEM ( )  RATIONAL_B_SPLINE_CURVE ( ( 0.9945407480612344919, 0.9945407480612344919 ) ) 
 REPRESENTATION_ITEM ( '' )  );
#5061 = ORIENTED_EDGE ( 'NONE', *, *, #7196, .F. ) ;
#5062 = CARTESIAN_POINT ( 'NONE',  ( 0.3336246816779475100, -0.9730674576370968998, 3.329194632796516728 ) ) ;
#5063 = CARTESIAN_POINT ( 'NONE',  ( 0.000000000000000000, -2.857500000000000373, 0.000000000000000000 ) ) ;
#5064 = ORIENTED_EDGE ( 'NONE', *, *, #1679, .T. ) ;
#5065 = DIRECTION ( 'NONE',  ( -0.000000000000000000, -1.000000000000000000, -0.000000000000000000 ) ) ;
#5066 = CARTESIAN_POINT ( 'NONE',  ( 2.047785716146414359, 0.8786812499999984150, -2.517066781642218309 ) ) ;
#5067 = DIRECTION ( 'NONE',  ( 0.000000000000000000, 0.000000000000000000, -1.000000000000000000 ) ) ;
#5068 = VERTEX_POINT ( 'NONE', #6839 ) ;
#5069 = DIRECTION ( 'NONE',  ( 0.000000000000000000, 0.000000000000000000, -1.000000000000000000 ) ) ;
#5070 = CARTESIAN_POINT ( 'NONE',  ( -2.944277490974890998, 0.5572124999999997774, 1.656340935960526339 ) ) ;
#5071 = ORIENTED_EDGE ( 'NONE', *, *, #2885, .T. ) ;
#5072 = CARTESIAN_POINT ( 'NONE',  ( 1.355496885431874521, -0.09286875000000011093, -2.800724985353699736 ) ) ;
#5073 = CARTESIAN_POINT ( 'NONE',  ( 2.431064586322546628, 4.764881249999995738, -2.149180425098931480 ) ) ;
#5074 = CARTESIAN_POINT ( 'NONE',  ( 3.072418089926269857, 1.364456249999997262, 1.163368601864022800 ) ) ;
#5075 = CARTESIAN_POINT ( 'NONE',  ( -2.924473731083175654, 2.600324999999999331, 2.023014927331100665 ) ) ;
#5076 = EDGE_CURVE ( 'NONE', #139, #5839, #6041, .T. ) ;
#5077 =( BOUNDED_CURVE ( )  B_SPLINE_CURVE ( 1, ( #6069, #1063 ),
 .UNSPECIFIED., .F., .F. ) 
 B_SPLINE_CURVE_WITH_KNOTS ( ( 2, 2 ),
 ( 0.000000000000000000, 0.0005566452967378106818 ),
 .UNSPECIFIED. ) 
 CURVE ( )  GEOMETRIC_REPRESENTATION_ITEM ( )  RATIONAL_B_SPLINE_CURVE ( ( 0.9945407480612347140, 0.9945407480612347140 ) ) 
 REPRESENTATION_ITEM ( '' )  );
#5078 = FACE_OUTER_BOUND ( 'NONE', #1052, .T. ) ;
#5079 = CARTESIAN_POINT ( 'NONE',  ( -3.456826004951356168, 1.200149999999999828, 0.8339604136240782450 ) ) ;
#5080 = FACE_OUTER_BOUND ( 'NONE', #506, .T. ) ;
#5081 = EDGE_CURVE ( 'NONE', #6693, #6982, #618, .T. ) ;
#5082 = CARTESIAN_POINT ( 'NONE',  ( -2.762654857058975288, 0.8786812499999995252, 1.431492364900510461 ) ) ;
#5083 = ORIENTED_EDGE ( 'NONE', *, *, #1472, .F. ) ;
#5084 = CARTESIAN_POINT ( 'NONE',  ( 0.000000000000000000, -0.9407207500000012157, 0.000000000000000000 ) ) ;
#5085 = EDGE_LOOP ( 'NONE', ( #5983, #4090, #2237, #6495 ) ) ;
#5086 = EDGE_CURVE ( 'NONE', #4544, #2933, #478, .T. ) ;
#5087 = CARTESIAN_POINT ( 'NONE',  ( -3.103637692652537083, 1.200149999999999828, 1.735675393829858804 ) ) ;
#5088 = CARTESIAN_POINT ( 'NONE',  ( -3.042368156826920078, 3.793331250000000932, 1.128294075507608074 ) ) ;
#5089 = CARTESIAN_POINT ( 'NONE',  ( -1.551082968213567392, 1.850231250000000660, 3.199887127027731371 ) ) ;
#5090 = CARTESIAN_POINT ( 'NONE',  ( -1.543465141501746185, -3.007518750000000463, -2.701693470208825776 ) ) ;
#5091 = CARTESIAN_POINT ( 'NONE',  ( 2.220034558043598949, -1.179124203889764466, -2.221854803232344633 ) ) ;
#5092 = CARTESIAN_POINT ( 'NONE',  ( -2.232636852928749249, -0.09286875000000033298, 2.535264862483682879 ) ) ;
#5093 = VERTEX_POINT ( 'NONE', #826 ) ;
#5094 = CARTESIAN_POINT ( 'NONE',  ( -3.116657553933467106, -1.127509193519549813, -0.6866974693126357554 ) ) ;
#5095 = ORIENTED_EDGE ( 'NONE', *, *, #3474, .F. ) ;
#5096 = FACE_BOUND ( 'NONE', #6048, .T. ) ;
#5097 = DIRECTION ( 'NONE',  ( -0.000000000000000000, -1.000000000000000000, -0.000000000000000000 ) ) ;
#5098 =( BOUNDED_CURVE ( )  B_SPLINE_CURVE ( 2, ( #1598, #4923, #4347, #4961, #3349 ),
 .UNSPECIFIED., .F., .F. ) 
 B_SPLINE_CURVE_WITH_KNOTS ( ( 3, 2, 3 ),
 ( 0.01659028043918805290, 0.05000000000000000278, 0.08854378023972309109 ),
 .UNSPECIFIED. ) 
 CURVE ( )  GEOMETRIC_REPRESENTATION_ITEM ( )  RATIONAL_B_SPLINE_CURVE ( ( 0.9945407480612344919, 0.9917734182391062525, 1.000000000000000000, 0.9905092421102533740, 0.9956508716769392198 ) ) 
 REPRESENTATION_ITEM ( '' )  );
#5099 = CYLINDRICAL_SURFACE ( 'NONE', #6802, 3.378200000000000092 ) ;
#5100 = ORIENTED_EDGE ( 'NONE', *, *, #6661, .F. ) ;
#5101 = CARTESIAN_POINT ( 'NONE',  ( -1.091234928052712272, 3.307556249999998421, -3.430969767666416370 ) ) ;
#5102 = CARTESIAN_POINT ( 'NONE',  ( -3.250423726572913008, 3.307556250000000642, -1.548254763459479655 ) ) ;
#5103 = ORIENTED_EDGE ( 'NONE', *, *, #1402, .T. ) ;
#5104 = FACE_OUTER_BOUND ( 'NONE', #1900, .T. ) ;
#5105 = CARTESIAN_POINT ( 'NONE',  ( -3.366346986431154598, 0.2303863975390292029, 0.4546571869901109841 ) ) ;
#5106 = EDGE_CURVE ( 'NONE', #4110, #246, #6603, .T. ) ;
#5107 = DIRECTION ( 'NONE',  ( -0.000000000000000000, -1.000000000000000000, -0.000000000000000000 ) ) ;
#5108 = CARTESIAN_POINT ( 'NONE',  ( 2.835785103039459187, 1.200150000000000272, -2.145567255850884703 ) ) ;
#5109 = ORIENTED_EDGE ( 'NONE', *, *, #3926, .F. ) ;
#5110 = CARTESIAN_POINT ( 'NONE',  ( -0.9837781069073923135, 0.3929062499999997904, 3.275774564551965806 ) ) ;
#5111 = EDGE_CURVE ( 'NONE', #2696, #762, #5526, .T. ) ;
#5112 = CARTESIAN_POINT ( 'NONE',  ( 0.4502682510442769237, -2.521743749999999729, -3.117940921259701348 ) ) ;
#5113 = CARTESIAN_POINT ( 'NONE',  ( -1.084316509729516209, -1.149975985603256312, 2.978785824331553478 ) ) ;
#5114 = EDGE_CURVE ( 'NONE', #3679, #368, #1416, .T. ) ;
#5115 = AXIS2_PLACEMENT_3D ( 'NONE', #1689, #6111, #3302 ) ;
#5116 = CARTESIAN_POINT ( 'NONE',  ( -0.5290287944457793268, -1.029273648346683112, -3.246830237025402521 ) ) ;
#5117 = ORIENTED_EDGE ( 'NONE', *, *, #4690, .T. ) ;
#5118 = DIRECTION ( 'NONE',  ( -0.000000000000000000, -1.000000000000000000, -0.000000000000000000 ) ) ;
#5119 = ORIENTED_EDGE ( 'NONE', *, *, #536, .F. ) ;
#5120 = EDGE_CURVE ( 'NONE', #3153, #7227, #1058, .T. ) ;
#5121 = CARTESIAN_POINT ( 'NONE',  ( -1.655039654546634376, 0.5572124999999997774, 2.945009164990519679 ) ) ;
#5122 = CARTESIAN_POINT ( 'NONE',  ( 4.085078299733584928E-17, 2.570952788568593661, -3.556000000000002270 ) ) ;
#5123 = CARTESIAN_POINT ( 'NONE',  ( -1.759453065306966879, -1.064418750000000191, -2.566273009829999729 ) ) ;
#5124 = CARTESIAN_POINT ( 'NONE',  ( 1.879570721995793114, -0.9407207499999044042, -2.807035650114998671 ) ) ;
#5125 = DIRECTION ( 'NONE',  ( -0.000000000000000000, -1.000000000000000000, -0.000000000000000000 ) ) ;
#5126 = EDGE_CURVE ( 'NONE', #4144, #6781, #2352, .T. ) ;
#5127 =( BOUNDED_CURVE ( )  B_SPLINE_CURVE ( 1, ( #6033, #6550 ),
 .UNSPECIFIED., .F., .T. ) 
 B_SPLINE_CURVE_WITH_KNOTS ( ( 2, 2 ),
 ( 2.710505431213761085E-19, 0.0005113447558650968065 ),
 .UNSPECIFIED. ) 
 CURVE ( )  GEOMETRIC_REPRESENTATION_ITEM ( )  RATIONAL_B_SPLINE_CURVE ( ( 0.9945407480612344919, 0.9945407480612344919 ) ) 
 REPRESENTATION_ITEM ( '' )  );
#5128 = VERTEX_POINT ( 'NONE', #2540 ) ;
#5129 = CARTESIAN_POINT ( 'NONE',  ( -2.341698345542835291, 0.5572124999999997774, -2.048873131377819679 ) ) ;
#5130 = CARTESIAN_POINT ( 'NONE',  ( -0.3373187198758229033, 1.200150000000000050, 3.227269372661869973 ) ) ;
#5131 = VERTEX_POINT ( 'NONE', #5934 ) ;
#5132 = CARTESIAN_POINT ( 'NONE',  ( 3.172702188662916090, 2.600324999999999331, -1.605956668797008824 ) ) ;
#5133 = CARTESIAN_POINT ( 'NONE',  ( 3.281482241214903173, 2.821781249999996799, -1.370040255098817550 ) ) ;
#5134 = CARTESIAN_POINT ( 'NONE',  ( -3.128705477617971020, 0.2303863975390293695, -0.01334333053458501908 ) ) ;
#5135 = EDGE_LOOP ( 'NONE', ( #596, #30, #3320, #3300 ) ) ;
#5136 = CARTESIAN_POINT ( 'NONE',  ( 1.223866038151531166, -0.09286874999999988889, 3.148711984392869478 ) ) ;
#5137 = DIRECTION ( 'NONE',  ( 0.000000000000000000, 0.000000000000000000, -1.000000000000000000 ) ) ;
#5138 = ORIENTED_EDGE ( 'NONE', *, *, #3834, .F. ) ;
#5139 = B_SPLINE_CURVE_WITH_KNOTS ( 'NONE', 3,
 ( #4205, #4887, #5363, #3209, #5913, #6436, #3763, #3800, #1421, #5985 ),
 .UNSPECIFIED., .F., .F.,
 ( 4, 3, 3, 4 ),
 ( 2.016933115886216004E-16, 0.0002589485462244644240, 0.0005341756780451724319, 0.0008103109524490925350 ),
 .UNSPECIFIED. ) ;
#5140 = CARTESIAN_POINT ( 'NONE',  ( 3.352146225945116242, -2.521743749999999729, -0.6794365616286932585 ) ) ;
#5141 =( BOUNDED_SURFACE ( )  B_SPLINE_SURFACE ( 1, 2, ( 
 ( #2720, #630, #5561, #5530, #4405, #2038, #5088, #3373, #2171 ),
 ( #6636, #1621, #6148, #1693, #2794, #4271, #6116, #4983, #2759 ) ),
 .UNSPECIFIED., .F., .F., .T. ) 
 B_SPLINE_SURFACE_WITH_KNOTS ( ( 2, 2 ),
 ( 3, 2, 2, 2, 3 ),
 ( 0.000000000000000000, 1.000000000000000000 ),
 ( 0.000000000000000000, 0.05000000000000000278, 0.1000000000000000056, 0.1499999999999999944, 0.2000000000000000111 ),
 .UNSPECIFIED. ) 
 GEOMETRIC_REPRESENTATION_ITEM ( )  RATIONAL_B_SPLINE_SURFACE ( (
 ( 1.000000000000000000, 0.9876883405951377704, 1.000000000000000000, 0.9876883405951377704, 1.000000000000000000, 0.9876883405951377704, 1.000000000000000000, 0.9876883405951377704, 1.000000000000000000),
 ( 1.000000000000000000, 0.9876883405951377704, 1.000000000000000000, 0.9876883405951377704, 1.000000000000000000, 0.9876883405951377704, 1.000000000000000000, 0.9876883405951377704, 1.000000000000000000) ) ) 
 REPRESENTATION_ITEM ( '' )  SURFACE ( )  );
#5142 = CARTESIAN_POINT ( 'NONE',  ( 3.535025703722926682, 1.850231249999996219, 0.3856543452604340727 ) ) ;
#5143 = CARTESIAN_POINT ( 'NONE',  ( 3.331856705246518224, -0.09286874999999956970, -0.5576433768133605140 ) ) ;
#5144 = AXIS2_PLACEMENT_3D ( 'NONE', #476, #2162, #3362 ) ;
#5145 = CARTESIAN_POINT ( 'NONE',  ( 1.595140177375367063, 1.200149999999999828, -2.825699795983802165 ) ) ;
#5146 = CARTESIAN_POINT ( 'NONE',  ( -1.749979192178790166, 1.200150000000000050, 3.095595068309366482 ) ) ;
#5147 = CARTESIAN_POINT ( 'NONE',  ( 1.644129599147536203, -0.5156196993879221813, 2.987622924292876014 ) ) ;
#5148 = ORIENTED_EDGE ( 'NONE', *, *, #3983, .T. ) ;
#5149 = AXIS2_PLACEMENT_3D ( 'NONE', #4823, #2016, #4248 ) ;
#5150 = AXIS2_PLACEMENT_3D ( 'NONE', #1684, #582, #6738 ) ;
#5151 = FACE_OUTER_BOUND ( 'NONE', #6725, .T. ) ;
#5152 = CARTESIAN_POINT ( 'NONE',  ( -1.685971980272479742, 0.8786812500000010795, 2.772462804842671158 ) ) ;
#5153 = CARTESIAN_POINT ( 'NONE',  ( -3.095723736874233190, 0.5572124999999998884, 0.3129325725351154719 ) ) ;
#5154 = CARTESIAN_POINT ( 'NONE',  ( -2.842289570436365320, -0.9407207499999041822, 1.825821797927991597 ) ) ;
#5155 = ORIENTED_EDGE ( 'NONE', *, *, #2500, .T. ) ;
#5156 = CARTESIAN_POINT ( 'NONE',  ( 0.08199139814582701025, -1.029273648346684444, 3.288625163201981838 ) ) ;
#5157 = ORIENTED_EDGE ( 'NONE', *, *, #2910, .T. ) ;
#5158 = CARTESIAN_POINT ( 'NONE',  ( 3.135586792539744039, -0.9407207500001877332, 1.257112050077780152 ) ) ;
#5159 = AXIS2_PLACEMENT_3D ( 'NONE', #3281, #4418, #6059 ) ;
#5160 = CARTESIAN_POINT ( 'NONE',  ( 0.5496048259812167380, -0.09286874999999988889, -3.062575188506914348 ) ) ;
#5161 = CARTESIAN_POINT ( 'NONE',  ( 2.947320238515209301, 1.364456249999997484, -1.451372741492643392 ) ) ;
#5162 =( BOUNDED_CURVE ( )  B_SPLINE_CURVE ( 1, ( #3191, #4836 ),
 .UNSPECIFIED., .F., .F. ) 
 B_SPLINE_CURVE_WITH_KNOTS ( ( 2, 2 ),
 ( 0.000000000000000000, 0.0005113447558650975654 ),
 .UNSPECIFIED. ) 
 CURVE ( )  GEOMETRIC_REPRESENTATION_ITEM ( )  RATIONAL_B_SPLINE_CURVE ( ( 0.9945407480612344919, 0.9945407480612344919 ) ) 
 REPRESENTATION_ITEM ( '' )  );
#5163 = CARTESIAN_POINT ( 'NONE',  ( -2.910249162160668757, -1.120186029920314574, 1.327536675043812009 ) ) ;
#5164 = CARTESIAN_POINT ( 'NONE',  ( 1.121294921783110965, 2.336006249999998285, 3.088021554570600902 ) ) ;
#5165 = EDGE_LOOP ( 'NONE', ( #6499, #5464, #4484, #6534 ) ) ;
#5166 = CARTESIAN_POINT ( 'NONE',  ( 0.4293551891639956208, -1.181751568882859260, 3.107737701874472958 ) ) ;
#5167 = CARTESIAN_POINT ( 'NONE',  ( -0.9362309113034481545, 0.5572124999999997774, -2.967305837071725350 ) ) ;
#5168 = EDGE_CURVE ( 'NONE', #3444, #3852, #5790, .T. ) ;
#5169 = EDGE_LOOP ( 'NONE', ( #4260, #6245, #5215, #3115 ) ) ;
#5170 = CARTESIAN_POINT ( 'NONE',  ( 3.155236067013502232, -1.155006032159970886, 0.2349391321313664960 ) ) ;
#5171 = FACE_OUTER_BOUND ( 'NONE', #5528, .T. ) ;
#5172 =( BOUNDED_CURVE ( )  B_SPLINE_CURVE ( 2, ( #6763, #3942, #1121, #5577, #7212, #2807, #3832 ),
 .UNSPECIFIED., .F., .F. ) 
 B_SPLINE_CURVE_WITH_KNOTS ( ( 3, 2, 2, 3 ),
 ( 0.01659028043918808065, 0.05000000000000000278, 0.1000000000000000056, 0.1074143368666445331 ),
 .UNSPECIFIED. ) 
 CURVE ( )  GEOMETRIC_REPRESENTATION_ITEM ( )  RATIONAL_B_SPLINE_CURVE ( ( 0.9945407480612347140, 0.9917734182391064746, 1.000000000000000000, 0.9876883405951377704, 1.000000000000000000, 0.9981743441956991703, 0.9968901294768235388 ) ) 
 REPRESENTATION_ITEM ( '' )  );
#5173 = CARTESIAN_POINT ( 'NONE',  ( -0.6903655729495914439, 2.336006249999999174, -3.211942527318196294 ) ) ;
#5174 = ORIENTED_EDGE ( 'NONE', *, *, #6709, .T. ) ;
#5175 = CARTESIAN_POINT ( 'NONE',  ( -2.899501032145819668, 1.364456250000000814, -2.134301051732970134 ) ) ;
#5176 = FACE_OUTER_BOUND ( 'NONE', #1929, .T. ) ;
#5177 = ORIENTED_EDGE ( 'NONE', *, *, #5076, .F. ) ;
#5178 = CARTESIAN_POINT ( 'NONE',  ( -3.377175064149155137, -0.9407207499999040712, 0.08320953124178653848 ) ) ;
#5179 = CARTESIAN_POINT ( 'NONE',  ( -3.157342535138327300, 2.336006250000000950, 0.9079468811089680402 ) ) ;
#5180 = ADVANCED_FACE ( 'NONE', ( #344 ), #791, .T. ) ;
#5181 = CARTESIAN_POINT ( 'NONE',  ( 0.4680416112425217490, 4.279106249999997225, 3.569773699408502754 ) ) ;
#5182 = CARTESIAN_POINT ( 'NONE',  ( 1.312162984137011490, 1.200149999999999828, -3.305051331380600033 ) ) ;
#5183 = CARTESIAN_POINT ( 'NONE',  ( 2.050964830792880722, 0.5572124999999997774, -2.684358117474402672 ) ) ;
#5184 = CARTESIAN_POINT ( 'NONE',  ( 3.243639285662713867, 1.850231249999996885, -0.08863242637711066241 ) ) ;
#5185 = VERTEX_POINT ( 'NONE', #3016 ) ;
#5186 =( BOUNDED_CURVE ( )  B_SPLINE_CURVE ( 2, ( #686, #247, #6915 ),
 .UNSPECIFIED., .F., .F. ) 
 B_SPLINE_CURVE_WITH_KNOTS ( ( 3, 3 ),
 ( 0.08663201837695332086, 0.09358265573071421206 ),
 .UNSPECIFIED. ) 
 CURVE ( )  GEOMETRIC_REPRESENTATION_ITEM ( )  RATIONAL_B_SPLINE_CURVE ( ( 0.9951768222464505431, 0.9959731397998866642, 0.9972452917573790820 ) ) 
 REPRESENTATION_ITEM ( '' )  );
#5187 = CARTESIAN_POINT ( 'NONE',  ( 3.810488515546989140E-16, 0.8786812499999998582, 3.111499999999999932 ) ) ;
#5188 = PLANE ( 'NONE',  #3751 ) ;
#5189 = DIRECTION ( 'NONE',  ( 0.000000000000000000, 0.000000000000000000, 1.000000000000000000 ) ) ;
#5190 = PRODUCT_DEFINITION ( 'UNKNOWN', '', #599, #5225 ) ;
#5191 = CARTESIAN_POINT ( 'NONE',  ( 2.875594483827855541, 3.793331249999996047, -2.091911175116871302 ) ) ;
#5192 = CARTESIAN_POINT ( 'NONE',  ( -1.638961818485656030, -0.9407207500001887324, -2.953987034085733487 ) ) ;
#5193 = ORIENTED_EDGE ( 'NONE', *, *, #5468, .T. ) ;
#5194 = CARTESIAN_POINT ( 'NONE',  ( -3.285220846068508394, 2.336006250000000950, 0.02243692639628606933 ) ) ;
#5195 = ORIENTED_EDGE ( 'NONE', *, *, #3747, .T. ) ;
#5196 = CARTESIAN_POINT ( 'NONE',  ( 2.956845679468916188, -1.181751568882857706, 1.048543337168329037 ) ) ;
#5197 = CARTESIAN_POINT ( 'NONE',  ( -2.273546272396801182, 2.600324999999998887, 2.734250052074720383 ) ) ;
#5198 = CARTESIAN_POINT ( 'NONE',  ( 1.903516978708094110, -1.550193749999999815, -2.510163380765139340 ) ) ;
#5199 = ADVANCED_FACE ( 'NONE', ( #4191 ), #2304, .T. ) ;
#5200 = CARTESIAN_POINT ( 'NONE',  ( 3.045493445844348557, 0.5572124999999998884, 1.461918230038571798 ) ) ;
#5201 = CARTESIAN_POINT ( 'NONE',  ( -2.376994047915347519, -0.09286875000000033298, -2.400444653845410947 ) ) ;
#5202 = ORIENTED_EDGE ( 'NONE', *, *, #1104, .T. ) ;
#5203 = CARTESIAN_POINT ( 'NONE',  ( 3.311071345996126070, 1.200149999999999828, -1.296897274930984389 ) ) ;
#5204 = CARTESIAN_POINT ( 'NONE',  ( 0.000000000000000000, 3.873499999999999055, -3.962399999999999700 ) ) ;
#5205 = VERTEX_POINT ( 'NONE', #7088 ) ;
#5206 =( BOUNDED_SURFACE ( )  B_SPLINE_SURFACE ( 1, 2, ( 
 ( #6466, #6430, #1344, #4710, #5218, #3644, #835, #5322, #2511 ),
 ( #4746, #213, #6991, #4131, #1967, #317, #4199, #2546, #6916 ) ),
 .UNSPECIFIED., .F., .F., .F. ) 
 B_SPLINE_SURFACE_WITH_KNOTS ( ( 2, 2 ),
 ( 3, 2, 2, 2, 3 ),
 ( 0.000000000000000000, 1.000000000000000000 ),
 ( 0.000000000000000000, 0.05000000000000000278, 0.1000000000000000056, 0.1499999999999999944, 0.2000000000000000111 ),
 .UNSPECIFIED. ) 
 GEOMETRIC_REPRESENTATION_ITEM ( )  RATIONAL_B_SPLINE_SURFACE ( (
 ( 1.000000000000000000, 0.9876883405951377704, 1.000000000000000000, 0.9876883405951377704, 1.000000000000000000, 0.9876883405951377704, 1.000000000000000000, 0.9876883405951377704, 1.000000000000000000),
 ( 1.000000000000000000, 0.9876883405951377704, 1.000000000000000000, 0.9876883405951377704, 1.000000000000000000, 0.9876883405951377704, 1.000000000000000000, 0.9876883405951377704, 1.000000000000000000) ) ) 
 REPRESENTATION_ITEM ( '' )  SURFACE ( )  );
#5207 = CARTESIAN_POINT ( 'NONE',  ( -1.815012681418311180, 2.600324999999999331, -3.057918404125707479 ) ) ;
#5208 = FACE_OUTER_BOUND ( 'NONE', #1269, .T. ) ;
#5209 = CARTESIAN_POINT ( 'NONE',  ( -2.774251606121275859, -1.207420750006949595, -1.408886182746333926 ) ) ;
#5210 = EDGE_CURVE ( 'NONE', #6742, #3833, #856, .T. ) ;
#5211 = ORIENTED_EDGE ( 'NONE', *, *, #1059, .T. ) ;
#5212 = CARTESIAN_POINT ( 'NONE',  ( -2.359088948998060431, -0.09286875000000044400, 2.028825172535879240 ) ) ;
#5213 = B_SPLINE_CURVE_WITH_KNOTS ( 'NONE', 3,
 ( #1168, #5552, #1097, #3993, #6703, #2748, #1131, #3363, #6107, #2341 ),
 .UNSPECIFIED., .F., .F.,
 ( 4, 3, 3, 4 ),
 ( 2.019811613892830005E-16, 0.0002589485462244633940, 0.0005341756780451713477, 0.0008103109524490913424 ),
 .UNSPECIFIED. ) ;
#5214 = CARTESIAN_POINT ( 'NONE',  ( -1.477520886666720878, -0.09286875000000033298, 3.037954454804019822 ) ) ;
#5215 = ORIENTED_EDGE ( 'NONE', *, *, #7196, .T. ) ;
#5216 = EDGE_CURVE ( 'NONE', #3260, #4564, #3325, .T. ) ;
#5217 = CARTESIAN_POINT ( 'NONE',  ( 3.276550926355952242, 0.2303863975390296193, -0.8962249816490543974 ) ) ;
#5218 = CARTESIAN_POINT ( 'NONE',  ( -0.7730845952499607598, 2.821781249999999019, 3.470947451141722429 ) ) ;
#5219 =( BOUNDED_CURVE ( )  B_SPLINE_CURVE ( 1, ( #4561, #176 ),
 .UNSPECIFIED., .F., .T. ) 
 B_SPLINE_CURVE_WITH_KNOTS ( ( 2, 2 ),
 ( 0.000000000000000000, 0.0005566452967378111155 ),
 .UNSPECIFIED. ) 
 CURVE ( )  GEOMETRIC_REPRESENTATION_ITEM ( )  RATIONAL_B_SPLINE_CURVE ( ( 0.9945407480612344919, 0.9945407480612344919 ) ) 
 REPRESENTATION_ITEM ( '' )  );
#5220 = CARTESIAN_POINT ( 'NONE',  ( 1.008148187350978331, 3.793331249999997379, 3.410098712990723424 ) ) ;
#5221 = CARTESIAN_POINT ( 'NONE',  ( -2.216152136101397385, 1.364456250000000370, -2.837431395557667546 ) ) ;
#5222 = DIRECTION ( 'NONE',  ( -0.000000000000000000, -1.000000000000000000, -0.000000000000000000 ) ) ;
#5224 = ADVANCED_FACE ( 'NONE', ( #3232 ), #2580, .F. ) ;
#5223 = CYLINDRICAL_SURFACE ( 'NONE', #148, 3.378200000000000092 ) ;
#5225 = DESIGN_CONTEXT ( 'detailed design', #4219, 'design' ) ;
#5226 = ORIENTED_EDGE ( 'NONE', *, *, #6981, .F. ) ;
#5227 = CARTESIAN_POINT ( 'NONE',  ( -2.806924700904740000, -2.521743750000000173, 1.430199569925503456 ) ) ;
#5228 = CARTESIAN_POINT ( 'NONE',  ( -2.125086949938080672, 1.364456250000000814, 2.505431076344364349 ) ) ;
#5229 = B_SPLINE_CURVE_WITH_KNOTS ( 'NONE', 3,
 ( #3681, #3609, #800, #248, #5290, #4272, #1933, #895, #3574, #6362 ),
 .UNSPECIFIED., .F., .F.,
 ( 4, 3, 3, 4 ),
 ( 2.017737528486076553E-16, 0.0002589485462244637192, 0.0005341756780451711309, 0.0008103109524490908003 ),
 .UNSPECIFIED. ) ;
#5230 = CARTESIAN_POINT ( 'NONE',  ( -0.002159662224817142026, 0.8786812499999995252, -3.555999344187099176 ) ) ;
#5231 = CARTESIAN_POINT ( 'NONE',  ( -1.623055795422294167, -1.097987288839230358, -2.782177403918786762 ) ) ;
#5232 =( BOUNDED_CURVE ( )  B_SPLINE_CURVE ( 2, ( #7064, #6504, #3720, #6539, #1525 ),
 .UNSPECIFIED., .F., .T. ) 
 B_SPLINE_CURVE_WITH_KNOTS ( ( 3, 2, 3 ),
 ( 0.01659028043918810494, 0.05000000000000000278, 0.09358265573073309973 ),
 .UNSPECIFIED. ) 
 CURVE ( )  GEOMETRIC_REPRESENTATION_ITEM ( )  RATIONAL_B_SPLINE_CURVE ( ( 0.9945407480612344919, 0.9917734182391063635, 1.000000000000000000, 0.9892685037336769183, 0.9972452917573861875 ) ) 
 REPRESENTATION_ITEM ( '' )  );
#5233 = ORIENTED_EDGE ( 'NONE', *, *, #1740, .T. ) ;
#5234 = ORIENTED_EDGE ( 'NONE', *, *, #7208, .F. ) ;
#5235 = CARTESIAN_POINT ( 'NONE',  ( 0.1780007636769702084, -1.064418750000000191, 3.373507220702278264 ) ) ;
#5236 = DIRECTION ( 'NONE',  ( -0.000000000000000000, -1.000000000000000000, -0.000000000000000000 ) ) ;
#5237 = CIRCLE ( 'NONE', #333, 3.200400000000000134 ) ;
#5238 = CARTESIAN_POINT ( 'NONE',  ( -0.4236825286629946619, 0.8786812499999999693, -3.082519321092040521 ) ) ;
#5239 = CIRCLE ( 'NONE', #683, 2.500000000000000444 ) ;
#5240 = CARTESIAN_POINT ( 'NONE',  ( -0.7957995997630379348, -1.036468050703328370, -3.184524881383104855 ) ) ;
#5241 = CARTESIAN_POINT ( 'NONE',  ( -0.4992499774561597325, -2.035968750000000327, -3.341105311122357868 ) ) ;
#5242 = ORIENTED_EDGE ( 'NONE', *, *, #1337, .F. ) ;
#5243 = CARTESIAN_POINT ( 'NONE',  ( -3.193612142706054424, -1.036468050703330146, -0.7585098582691768287 ) ) ;
#5244 = EDGE_LOOP ( 'NONE', ( #2676, #754, #2429, #6317, #3925, #5977, #3690, #6634, #538, #3368, #4018, #6653, #3196, #1101, #5013, #20, #6154, #5138, #1854, #5555, #4733, #2911, #1032, #5061, #7224, #1850, #5786, #5688, #7225, #3515, #3572, #5336, #2737, #3279, #6235, #5248, #437, #5704, #1399, #1520, #4888, #6460, #6386, #4150, #5630, #6372, #3901, #6000, #5611, #1982, #4768, #5958, #4481, #560, #2767, #3382, #3496, #601, #1615, #6329, #2535, #5813, #797, #1485, #1962, #1119, #4437, #5594, #5177 ) ) ;
#5245 = CARTESIAN_POINT ( 'NONE',  ( 3.237527653852702691, 3.307556249999995313, 0.5582061569422690495 ) ) ;
#5246 = FACE_OUTER_BOUND ( 'NONE', #4125, .T. ) ;
#5247 = CARTESIAN_POINT ( 'NONE',  ( 0.8394726534550830399, 0.8786812499999999693, 2.996117139582676892 ) ) ;
#5248 = ORIENTED_EDGE ( 'NONE', *, *, #244, .F. ) ;
#5249 = CARTESIAN_POINT ( 'NONE',  ( 1.555726673510256619, 0.2303863975390295638, 3.019721793156547651 ) ) ;
#5250 = DIRECTION ( 'NONE',  ( -0.000000000000000000, -1.000000000000000000, -0.000000000000000000 ) ) ;
#5251 = EDGE_CURVE ( 'NONE', #461, #3005, #1562, .T. ) ;
#5252 = EDGE_LOOP ( 'NONE', ( #1558, #3940, #336, #787 ) ) ;
#5253 =( BOUNDED_SURFACE ( )  B_SPLINE_SURFACE ( 1, 2, ( 
 ( #3911, #6061, #507, #3355, #1053, #2081, #3213, #431, #5580 ),
 ( #6544, #5546, #466, #4387, #983, #4420, #7102, #3247, #2738 ) ),
 .UNSPECIFIED., .F., .F., .F. ) 
 B_SPLINE_SURFACE_WITH_KNOTS ( ( 2, 2 ),
 ( 3, 2, 2, 2, 3 ),
 ( 0.000000000000000000, 1.000000000000000000 ),
 ( 0.000000000000000000, 0.05000000000000000278, 0.1000000000000000056, 0.1499999999999999944, 0.2000000000000000111 ),
 .UNSPECIFIED. ) 
 GEOMETRIC_REPRESENTATION_ITEM ( )  RATIONAL_B_SPLINE_SURFACE ( (
 ( 1.000000000000000000, 0.9876883405951377704, 1.000000000000000000, 0.9876883405951377704, 1.000000000000000000, 0.9876883405951377704, 1.000000000000000000, 0.9876883405951377704, 1.000000000000000000),
 ( 1.000000000000000000, 0.9876883405951377704, 1.000000000000000000, 0.9876883405951377704, 1.000000000000000000, 0.9876883405951377704, 1.000000000000000000, 0.9876883405951377704, 1.000000000000000000) ) ) 
 REPRESENTATION_ITEM ( '' )  SURFACE ( )  );
#5254 = EDGE_CURVE ( 'NONE', #1040, #2337, #6086, .T. ) ;
#5255 = CARTESIAN_POINT ( 'NONE',  ( -1.419485233813910341, -1.005087262691942929, 2.994459089906250426 ) ) ;
#5256 = CARTESIAN_POINT ( 'NONE',  ( 3.366323959928295029, -2.035968749999999883, -0.2830163189865371742 ) ) ;
#5257 = CARTESIAN_POINT ( 'NONE',  ( 1.413589609093284460, 1.850231249999997996, -2.920756056154553804 ) ) ;
#5258 = CARTESIAN_POINT ( 'NONE',  ( 1.972354005319103987, 1.850231249999997996, -2.958877435397031963 ) ) ;
#5259 = EDGE_CURVE ( 'NONE', #384, #4766, #1044, .T. ) ;
#5260 = CARTESIAN_POINT ( 'NONE',  ( 3.112273205143696320, 2.821781249999996799, 0.9180452162309921116 ) ) ;
#5261 = ORIENTED_EDGE ( 'NONE', *, *, #3433, .T. ) ;
#5262 = EDGE_CURVE ( 'NONE', #6114, #5685, #2938, .T. ) ;
#5263 =( BOUNDED_CURVE ( )  B_SPLINE_CURVE ( 1, ( #462, #5543 ),
 .UNSPECIFIED., .F., .T. ) 
 B_SPLINE_CURVE_WITH_KNOTS ( ( 2, 2 ),
 ( 0.000000000000000000, 0.0005566452967378099229 ),
 .UNSPECIFIED. ) 
 CURVE ( )  GEOMETRIC_REPRESENTATION_ITEM ( )  RATIONAL_B_SPLINE_CURVE ( ( 0.9956508716769392198, 0.9956508716769392198 ) ) 
 REPRESENTATION_ITEM ( '' )  );
#5264 = AXIS2_PLACEMENT_3D ( 'NONE', #4616, #1653, #5809 ) ;
#5265 = PERSON_AND_ORGANIZATION_ROLE ( 'design_owner' ) ;
#5266 = ADVANCED_FACE ( 'NONE', ( #1556 ), #104, .F. ) ;
#5267 = CARTESIAN_POINT ( 'NONE',  ( 3.381288975900861082, 4.764881249999994850, -1.100918190171892075 ) ) ;
#5268 = CARTESIAN_POINT ( 'NONE',  ( -2.210931191075783175, 0.5572124999999997774, -2.554215830412186694 ) ) ;
#5269 = CIRCLE ( 'NONE', #2576, 3.378200000000000092 ) ;
#5270 = ORIENTED_EDGE ( 'NONE', *, *, #1284, .F. ) ;
#5271 = ORIENTED_EDGE ( 'NONE', *, *, #5832, .F. ) ;
#5272 = CARTESIAN_POINT ( 'NONE',  ( 1.765835055852927660, 4.764881249999996626, 3.086577806490698794 ) ) ;
#5273 = CARTESIAN_POINT ( 'NONE',  ( -0.6302453892645704103, 1.850231249999999772, 3.499703808797360427 ) ) ;
#5274 = VECTOR ( 'NONE', #7033, 1000.000000000000000 ) ;
#5275 = CARTESIAN_POINT ( 'NONE',  ( 3.538186536000338833, 1.200149999999999828, -0.3554884477249964370 ) ) ;
#5276 = EDGE_CURVE ( 'NONE', #3506, #4766, #4552, .T. ) ;
#5277 = CARTESIAN_POINT ( 'NONE',  ( -4.084873239877797321E-17, -0.8176576455691431100, -3.378199999999999203 ) ) ;
#5278 = CARTESIAN_POINT ( 'NONE',  ( -0.9079468811090101177, 4.279106249999998113, 3.157342535138314865 ) ) ;
#5279 = EDGE_LOOP ( 'NONE', ( #3697, #159, #4337, #1122 ) ) ;
#5280 = CARTESIAN_POINT ( 'NONE',  ( -2.928758244282773759, -0.9407207499999041822, -1.683630121655589118 ) ) ;
#5281 = AXIS2_PLACEMENT_3D ( 'NONE', #2219, #2255, #2694 ) ;
#5282 = VERTEX_POINT ( 'NONE', #52 ) ;
#5283 = CARTESIAN_POINT ( 'NONE',  ( 3.516259569841725163, 2.821781249999995911, 0.5301458643585956754 ) ) ;
#5284 = CARTESIAN_POINT ( 'NONE',  ( 3.254430016258509806, 2.223636876399968099, 0.3062708738281745280 ) ) ;
#5285 = AXIS2_PLACEMENT_3D ( 'NONE', #356, #4277, #6435 ) ;
#5286 = CARTESIAN_POINT ( 'NONE',  ( -2.306135707822349890, -1.127509193519551811, -2.206092885614208132 ) ) ;
#5287 = VERTEX_POINT ( 'NONE', #4514 ) ;
#5288 = VERTEX_POINT ( 'NONE', #6309 ) ;
#5289 = CARTESIAN_POINT ( 'NONE',  ( 0.000000000000000000, 0.5572124999999997774, 0.000000000000000000 ) ) ;
#5290 = CARTESIAN_POINT ( 'NONE',  ( 1.298169419212370279, -1.060154572504550030, -2.990120671807007025 ) ) ;
#5291 = FACE_BOUND ( 'NONE', #7144, .T. ) ;
#5292 = CARTESIAN_POINT ( 'NONE',  ( -0.7387613431147188603, -1.064418750000000191, 3.296432453110382799 ) ) ;
#5293 = DIRECTION ( 'NONE',  ( -0.000000000000000000, -1.000000000000000000, -0.000000000000000000 ) ) ;
#5294 = EDGE_CURVE ( 'NONE', #4318, #6181, #6994, .T. ) ;
#5295 = CARTESIAN_POINT ( 'NONE',  ( 0.000000000000000000, -2.857500000000000373, 0.000000000000000000 ) ) ;
#5296 =( BOUNDED_CURVE ( )  B_SPLINE_CURVE ( 2, ( #3148, #518, #3778, #4974, #2200 ),
 .UNSPECIFIED., .F., .F. ) 
 B_SPLINE_CURVE_WITH_KNOTS ( ( 3, 2, 3 ),
 ( 0.01659028043918821596, 0.05000000000000000278, 0.08854378023972316047 ),
 .UNSPECIFIED. ) 
 CURVE ( )  GEOMETRIC_REPRESENTATION_ITEM ( )  RATIONAL_B_SPLINE_CURVE ( ( 0.9945407480612344919, 0.9917734182391064746, 1.000000000000000000, 0.9905092421102533740, 0.9956508716769392198 ) ) 
 REPRESENTATION_ITEM ( '' )  );
#5297 = CARTESIAN_POINT ( 'NONE',  ( 2.017599152127215412, -0.09286874999999988889, 2.709525586027108801 ) ) ;
#5298 = ORIENTED_EDGE ( 'NONE', *, *, #5111, .F. ) ;
#5299 = CARTESIAN_POINT ( 'NONE',  ( 2.913248923584410122, 0.2303863975390293972, -1.746993388645230905 ) ) ;
#5300 = APPROVAL_STATUS ( 'not_yet_approved' ) ;
#5301 = CARTESIAN_POINT ( 'NONE',  ( 1.322735693447402161, 2.600324999999998887, -2.963008911188123040 ) ) ;
#5302 = EDGE_CURVE ( 'NONE', #665, #6693, #2010, .T. ) ;
#5303 = CARTESIAN_POINT ( 'NONE',  ( 2.931066941683181160, -0.5786437499999999012, 1.762771949166400454 ) ) ;
#5304 = ORIENTED_EDGE ( 'NONE', *, *, #3526, .F. ) ;
#5305 = CARTESIAN_POINT ( 'NONE',  ( -2.237199238525439338, 1.526976102460970930, 2.375068507586039157 ) ) ;
#5306 = ORIENTED_EDGE ( 'NONE', *, *, #6929, .F. ) ;
#5307 = EDGE_CURVE ( 'NONE', #1669, #4343, #1797, .T. ) ;
#5308 = CARTESIAN_POINT ( 'NONE',  ( 2.287603020804096943, -2.521743749999999729, 2.165910779688823506 ) ) ;
#5309 = CARTESIAN_POINT ( 'NONE',  ( -0.3896875821007887430, 0.3929062499999999014, -3.398037955902251550 ) ) ;
#5310 = CARTESIAN_POINT ( 'NONE',  ( -1.373564089629106588, 4.764881249999998403, 2.939791355552528795 ) ) ;
#5311 = ORIENTED_EDGE ( 'NONE', *, *, #4976, .F. ) ;
#5312 = CARTESIAN_POINT ( 'NONE',  ( 1.656653361919103506, 1.526976102460968931, -3.168769628391606030 ) ) ;
#5313 = EDGE_CURVE ( 'NONE', #4516, #4637, #1602, .T. ) ;
#5314 = ORIENTED_EDGE ( 'NONE', *, *, #1459, .T. ) ;
#5315 = CARTESIAN_POINT ( 'NONE',  ( 3.244547307297482419, 2.821781249999996355, 0.04432034756947628162 ) ) ;
#5316 = CARTESIAN_POINT ( 'NONE',  ( 0.000000000000000000, 1.200150000000000050, 0.000000000000000000 ) ) ;
#5317 = ORIENTED_EDGE ( 'NONE', *, *, #4641, .F. ) ;
#5318 = CARTESIAN_POINT ( 'NONE',  ( -3.070615614181034569, 0.3929062499999994573, -0.7040005939712621341 ) ) ;
#5319 = CARTESIAN_POINT ( 'NONE',  ( 3.004302792026273927, 2.336006249999997397, -1.329414967920987234 ) ) ;
#5320 = VERTEX_POINT ( 'NONE', #15 ) ;
#5321 = CARTESIAN_POINT ( 'NONE',  ( -3.312835530911795612, 2.336006250000000062, -1.409775854514284443 ) ) ;
#5322 = CARTESIAN_POINT ( 'NONE',  ( -2.292829117195233302, 4.279106249999999001, 2.775838946009809849 ) ) ;
#5323 = CARTESIAN_POINT ( 'NONE',  ( 1.912852509086701458, 2.336006249999998285, 2.670987589186804900 ) ) ;
#5324 = CARTESIAN_POINT ( 'NONE',  ( -1.721257438176418297, -2.035968750000000327, 2.906803755247738152 ) ) ;
#5325 = CARTESIAN_POINT ( 'NONE',  ( 2.961270988104652613, 4.764881249999995738, -1.968758526333216352 ) ) ;
#5326 = CARTESIAN_POINT ( 'NONE',  ( 3.167667399093916369, 3.793331249999996047, -0.7035160063691738852 ) ) ;
#5327 = EDGE_LOOP ( 'NONE', ( #5756, #4372, #6248, #5903 ) ) ;
#5328 = EDGE_CURVE ( 'NONE', #948, #4509, #4801, .T. ) ;
#5329 = CARTESIAN_POINT ( 'NONE',  ( -1.121671885574190286, -0.09286875000000022196, -2.902289515384782970 ) ) ;
#5330 = CARTESIAN_POINT ( 'NONE',  ( -1.666341983850471387, 0.5572124999999997774, 2.938628869533765009 ) ) ;
#5331 =( BOUNDED_CURVE ( )  B_SPLINE_CURVE ( 2, ( #6376, #1360, #5341, #4764, #7008, #3046, #1918 ),
 .UNSPECIFIED., .F., .F. ) 
 B_SPLINE_CURVE_WITH_KNOTS ( ( 3, 2, 2, 3 ),
 ( 0.01659028043918807024, 0.05000000000000000278, 0.1000000000000000056, 0.1074143368666445886 ),
 .UNSPECIFIED. ) 
 CURVE ( )  GEOMETRIC_REPRESENTATION_ITEM ( )  RATIONAL_B_SPLINE_CURVE ( ( 0.9945407480612347140, 0.9917734182391064746, 1.000000000000000000, 0.9876883405951377704, 1.000000000000000000, 0.9981743441956991703, 0.9968901294768235388 ) ) 
 REPRESENTATION_ITEM ( '' )  );
#5332 = CARTESIAN_POINT ( 'NONE',  ( 1.984259959562975517, -1.127509193519550701, 2.499563989124115704 ) ) ;
#5333 = CARTESIAN_POINT ( 'NONE',  ( -0.5077228412416340264, -3.007518750000000463, 3.069796372152641784 ) ) ;
#5334 = ORIENTED_EDGE ( 'NONE', *, *, #253, .F. ) ;
#5335 = CARTESIAN_POINT ( 'NONE',  ( -2.572062472623955820, 1.850231250000000882, -1.978268475060841469 ) ) ;
#5336 = ORIENTED_EDGE ( 'NONE', *, *, #6604, .T. ) ;
#5337 = EDGE_CURVE ( 'NONE', #5476, #5205, #4022, .T. ) ;
#5338 = EDGE_CURVE ( 'NONE', #5759, #2433, #2349, .T. ) ;
#5339 = CARTESIAN_POINT ( 'NONE',  ( -3.183484718932422464, 2.600324999999998887, 0.6280736953763924602 ) ) ;
#5340 = CARTESIAN_POINT ( 'NONE',  ( -1.216280118987592029, -1.207420750006950927, 2.863929978570623369 ) ) ;
#5341 = CARTESIAN_POINT ( 'NONE',  ( -2.886698227749187495, -0.09286875000000054114, -1.161208677159147884 ) ) ;
#5342 = DIRECTION ( 'NONE',  ( 0.000000000000000000, 0.000000000000000000, -1.000000000000000000 ) ) ;
#5343 = VERTEX_POINT ( 'NONE', #3452 ) ;
#5344 = EDGE_CURVE ( 'NONE', #1296, #2775, #671, .T. ) ;
#5345 = CARTESIAN_POINT ( 'NONE',  ( 1.308147509299083522, 1.200149999999999606, -3.306642722447439287 ) ) ;
#5346 = ORIENTED_EDGE ( 'NONE', *, *, #1928, .T. ) ;
#5347 = CARTESIAN_POINT ( 'NONE',  ( -1.195516883112587969, 1.200149999999999828, 3.016585968390883110 ) ) ;
#5348 = CARTESIAN_POINT ( 'NONE',  ( -0.5188765442833159769, -1.067499318559820498, 3.209787301966505080 ) ) ;
#5349 = AXIS2_PLACEMENT_3D ( 'NONE', #635, #4008, #86 ) ;
#5350 = FACE_OUTER_BOUND ( 'NONE', #5327, .T. ) ;
#5351 = EDGE_CURVE ( 'NONE', #1471, #1034, #5731, .T. ) ;
#5352 = CARTESIAN_POINT ( 'NONE',  ( 0.000000000000000000, 1.200150000000000050, 0.000000000000000000 ) ) ;
#5353 = AXIS2_PLACEMENT_3D ( 'NONE', #5063, #56, #4918 ) ;
#5354 = VERTEX_POINT ( 'NONE', #1260 ) ;
#5355 = CARTESIAN_POINT ( 'NONE',  ( -2.634183359247689538, -0.5786437500000004563, 2.181649924084628100 ) ) ;
#5356 = CARTESIAN_POINT ( 'NONE',  ( -3.553637346389642460, 1.200149999999999606, -0.1296055953451681064 ) ) ;
#5357 = VERTEX_POINT ( 'NONE', #3486 ) ;
#5358 = FACE_OUTER_BOUND ( 'NONE', #2501, .T. ) ;
#5359 = CARTESIAN_POINT ( 'NONE',  ( 2.680359758502417478, -1.064418749999999747, -1.580222710569896050 ) ) ;
#5360 = FACE_OUTER_BOUND ( 'NONE', #157, .T. ) ;
#5361 = CARTESIAN_POINT ( 'NONE',  ( -0.1052695410903459056, 1.200149999999999828, -3.243141971332526907 ) ) ;
#5362 = CARTESIAN_POINT ( 'NONE',  ( -3.225496634818413977, 1.850231250000001548, -0.3538685932307097937 ) ) ;
#5363 = CARTESIAN_POINT ( 'NONE',  ( 3.297227175250115216, -1.000217606553380101, -0.3845068078358890862 ) ) ;
#5364 =( BOUNDED_SURFACE ( )  B_SPLINE_SURFACE ( 1, 2, ( 
 ( #4563, #4160, #3537, #6388, #761, #5828, #1891, #1374, #1785 ),
 ( #4020, #2988, #6247, #3463, #5687, #682, #3163, #4302, #1560 ) ),
 .UNSPECIFIED., .F., .F., .T. ) 
 B_SPLINE_SURFACE_WITH_KNOTS ( ( 2, 2 ),
 ( 3, 2, 2, 2, 3 ),
 ( 0.000000000000000000, 1.000000000000000000 ),
 ( 0.000000000000000000, 0.05000000000000000278, 0.1000000000000000056, 0.1499999999999999944, 0.2000000000000000111 ),
 .UNSPECIFIED. ) 
 GEOMETRIC_REPRESENTATION_ITEM ( )  RATIONAL_B_SPLINE_SURFACE ( (
 ( 1.000000000000000000, 0.9876883405951377704, 1.000000000000000000, 0.9876883405951377704, 1.000000000000000000, 0.9876883405951377704, 1.000000000000000000, 0.9876883405951377704, 1.000000000000000000),
 ( 1.000000000000000000, 0.9876883405951377704, 1.000000000000000000, 0.9876883405951377704, 1.000000000000000000, 0.9876883405951377704, 1.000000000000000000, 0.9876883405951377704, 1.000000000000000000) ) ) 
 REPRESENTATION_ITEM ( '' )  SURFACE ( )  );
#5365 = ORIENTED_EDGE ( 'NONE', *, *, #3462, .T. ) ;
#5366 = CARTESIAN_POINT ( 'NONE',  ( -2.310071903892890965, 4.764881249999999291, -2.278731954694249495 ) ) ;
#5367 = CARTESIAN_POINT ( 'NONE',  ( -0.6003718711308723144, 1.200149999999999828, -3.504952156072151048 ) ) ;
#5368 = CARTESIAN_POINT ( 'NONE',  ( 2.435392979314567441, 0.2303863975390295915, -1.964137736120293187 ) ) ;
#5369 = CARTESIAN_POINT ( 'NONE',  ( 1.600078281642446143, -0.5786437499999997902, 3.022956806507836713 ) ) ;
#5370 = EDGE_LOOP ( 'NONE', ( #4021, #750, #2472, #5928, #1833, #2169, #4842, #3269, #5661, #823, #5751, #4300, #5792, #6077, #3824, #6074, #5109, #2374, #840, #5372, #1183, #3218, #3079, #6481, #405, #4977, #3272, #6685, #4295, #2567, #1594, #523, #4848, #3801, #5317, #1197, #6844, #4409, #5669, #1273, #2596, #6129, #6880, #5914, #1438, #6025, #1138, #6793, #6563, #2381, #5610, #1309, #194, #882, #7029, #1697, #2717, #3310, #917, #5896, #1372, #3658, #2218, #4646, #3030, #4224, #1931, #950, #2024 ) ) ;
#5371 = AXIS2_PLACEMENT_3D ( 'NONE', #2145, #6647, #5501 ) ;
#5372 = ORIENTED_EDGE ( 'NONE', *, *, #2990, .F. ) ;
#5373 = CARTESIAN_POINT ( 'NONE',  ( 2.644611400301734250, 1.364456249999997706, 1.949156218599043866 ) ) ;
#5374 =( BOUNDED_CURVE ( )  B_SPLINE_CURVE ( 1, ( #99, #1237 ),
 .UNSPECIFIED., .F., .T. ) 
 B_SPLINE_CURVE_WITH_KNOTS ( ( 2, 2 ),
 ( 0.000000000000000000, 0.0005113447558650964812 ),
 .UNSPECIFIED. ) 
 CURVE ( )  GEOMETRIC_REPRESENTATION_ITEM ( )  RATIONAL_B_SPLINE_CURVE ( ( 0.9945407480612344919, 0.9945407480612344919 ) ) 
 REPRESENTATION_ITEM ( '' )  );
#5375 = CARTESIAN_POINT ( 'NONE',  ( 0.7467165151603248896, 1.850231249999998662, 3.157762810675754039 ) ) ;
#5376 = AXIS2_PLACEMENT_3D ( 'NONE', #6812, #5725, #2406 ) ;
#5377 = DIRECTION ( 'NONE',  ( -0.000000000000000000, -1.000000000000000000, -0.000000000000000000 ) ) ;
#5378 = EDGE_CURVE ( 'NONE', #3585, #2844, #3520, .T. ) ;
#5379 = ORIENTED_EDGE ( 'NONE', *, *, #2655, .F. ) ;
#5380 = CARTESIAN_POINT ( 'NONE',  ( 0.1935133489871012635, -0.5786437500000000123, -3.144336125500592161 ) ) ;
#5381 = ORIENTED_EDGE ( 'NONE', *, *, #3707, .F. ) ;
#5382 = AXIS2_PLACEMENT_3D ( 'NONE', #1181, #163, #6151 ) ;
#5383 = LOCAL_TIME ( 23, 8, 25.00000000000000000, #697 ) ;
#5384 = CARTESIAN_POINT ( 'NONE',  ( 3.017929259149345178, -0.09286874999999968072, 0.7573210922523458954 ) ) ;
#5385 = CARTESIAN_POINT ( 'NONE',  ( 1.081561368126049860, -1.064418749999999969, 3.200384390503321352 ) ) ;
#5386 = CARTESIAN_POINT ( 'NONE',  ( -3.185313151847195989, 0.8786812499999995252, 1.125173482032570726 ) ) ;
#5387 = CARTESIAN_POINT ( 'NONE',  ( -3.054206086384775531, -1.097987288839239906, 1.023057380512115699 ) ) ;
#5388 = AXIS2_PLACEMENT_3D ( 'NONE', #3476, #2929, #6301 ) ;
#5389 = EDGE_CURVE ( 'NONE', #4708, #1669, #4597, .T. ) ;
#5390 = VERTEX_POINT ( 'NONE', #5277 ) ;
#5391 = FACE_OUTER_BOUND ( 'NONE', #6043, .T. ) ;
#5392 = ORIENTED_EDGE ( 'NONE', *, *, #3159, .T. ) ;
#5393 = B_SPLINE_CURVE_WITH_KNOTS ( 'NONE', 3,
 ( #5658, #3945, #2332, #4566, #6810, #4025, #764, #5255, #5831, #2992 ),
 .UNSPECIFIED., .F., .F.,
 ( 4, 3, 3, 4 ),
 ( 8.096746620675909722E-16, 0.0001296210011225056643, 0.0002688043935198814317, 0.0004095291194012242071 ),
 .UNSPECIFIED. ) ;
#5394 = CARTESIAN_POINT ( 'NONE',  ( 3.110339041046436659, -0.09286874999999979174, -0.08498999789590343246 ) ) ;
#5395 = CARTESIAN_POINT ( 'NONE',  ( -2.701068216365348551, 4.764881249999999291, 1.798132924185785075 ) ) ;
#5396 = CARTESIAN_POINT ( 'NONE',  ( -2.181649924084591241, -2.521743750000000173, 2.634183359247721068 ) ) ;
#5397 = CARTESIAN_POINT ( 'NONE',  ( -1.884293588737367076, 0.5572124999999999995, 2.476059353376504291 ) ) ;
#5398 = VERTEX_POINT ( 'NONE', #6416 ) ;
#5399 = CARTESIAN_POINT ( 'NONE',  ( -2.572723599587936061, 2.600324999999999331, -2.454837933575923614 ) ) ;
#5400 = CARTESIAN_POINT ( 'NONE',  ( 2.038990298213740004, -1.135696009622294778, 2.351420750286187022 ) ) ;
#5401 = VERTEX_POINT ( 'NONE', #201 ) ;
#5402 = ADVANCED_FACE ( 'NONE', ( #2424 ), #3592, .T. ) ;
#5403 = CARTESIAN_POINT ( 'NONE',  ( 3.596107351355725346, 1.364456249999996817, -0.1742387223565718402 ) ) ;
#5404 = FACE_OUTER_BOUND ( 'NONE', #5695, .T. ) ;
#5405 = CARTESIAN_POINT ( 'NONE',  ( 0.000000000000000000, 2.600324999999999331, 0.000000000000000000 ) ) ;
#5406 =( BOUNDED_CURVE ( )  B_SPLINE_CURVE ( 1, ( #5022, #6157 ),
 .UNSPECIFIED., .F., .T. ) 
 B_SPLINE_CURVE_WITH_KNOTS ( ( 2, 2 ),
 ( 0.000000000000000000, 0.0005113447558650970233 ),
 .UNSPECIFIED. ) 
 CURVE ( )  GEOMETRIC_REPRESENTATION_ITEM ( )  RATIONAL_B_SPLINE_CURVE ( ( 0.9945407480612344919, 0.9945407480612344919 ) ) 
 REPRESENTATION_ITEM ( '' )  );
#5407 = CARTESIAN_POINT ( 'NONE',  ( 2.946154332806024012, 0.3929062500000000124, 1.115558933294224619 ) ) ;
#5408 = CARTESIAN_POINT ( 'NONE',  ( 1.834242132000979186, -0.5786437499999999012, 2.561220975932525068 ) ) ;
#5409 = ORIENTED_EDGE ( 'NONE', *, *, #999, .T. ) ;
#5410 = CARTESIAN_POINT ( 'NONE',  ( -3.065354100748962196, 0.5572124999999997774, -0.5338880847345455205 ) ) ;
#5411 = ORIENTED_EDGE ( 'NONE', *, *, #1497, .F. ) ;
#5412 = CARTESIAN_POINT ( 'NONE',  ( 0.9938502866551497394, 3.307556249999997533, 3.131364084680143378 ) ) ;
#5413 = CARTESIAN_POINT ( 'NONE',  ( 1.388625708697308392, 1.200150000000000272, 2.932706968594869679 ) ) ;
#5414 = CARTESIAN_POINT ( 'NONE',  ( 3.099443599628735058, 1.850231249999997107, -0.9604691016479798282 ) ) ;
#5415 = CARTESIAN_POINT ( 'NONE',  ( 3.136463300046412606, 2.223636876399967655, 1.730654304672387456 ) ) ;
#5416 = VERTEX_POINT ( 'NONE', #5200 ) ;
#5417 = CARTESIAN_POINT ( 'NONE',  ( -2.368175662854774988, -1.179124203889765132, -2.063234411165351112 ) ) ;
#5418 = ORIENTED_EDGE ( 'NONE', *, *, #38, .T. ) ;
#5419 =( BOUNDED_CURVE ( )  B_SPLINE_CURVE ( 1, ( #2340, #5079 ),
 .UNSPECIFIED., .F., .T. ) 
 B_SPLINE_CURVE_WITH_KNOTS ( ( 2, 2 ),
 ( 0.000000000000000000, 0.0005566452967378104650 ),
 .UNSPECIFIED. ) 
 CURVE ( )  GEOMETRIC_REPRESENTATION_ITEM ( )  RATIONAL_B_SPLINE_CURVE ( ( 0.9945407480612344919, 0.9945407480612344919 ) ) 
 REPRESENTATION_ITEM ( '' )  );
#5420 = CARTESIAN_POINT ( 'NONE',  ( -3.046368129490101051, 2.600324999999998887, -1.117449212325544838 ) ) ;
#5421 = EDGE_CURVE ( 'NONE', #3041, #3153, #5331, .T. ) ;
#5422 = CARTESIAN_POINT ( 'NONE',  ( 2.040636555446688760, 0.5572124999999997774, -2.692217986823258080 ) ) ;
#5423 = CARTESIAN_POINT ( 'NONE',  ( 2.556568766490480815, -1.207420750006950483, 1.773524285766999720 ) ) ;
#5424 = ORIENTED_EDGE ( 'NONE', *, *, #2436, .F. ) ;
#5425 = CARTESIAN_POINT ( 'NONE',  ( -1.488741828706753534, 1.526976102460970708, -2.903387438156446620 ) ) ;
#5426 = CARTESIAN_POINT ( 'NONE',  ( 3.268073564944324438, 3.307556249999995313, -0.3359681491173456824 ) ) ;
#5427 = VERTEX_POINT ( 'NONE', #853 ) ;
#5428 = CARTESIAN_POINT ( 'NONE',  ( 2.844942998855953586, -1.550193749999999815, 1.352995350925040086 ) ) ;
#5429 = ADVANCED_FACE ( 'NONE', ( #1986 ), #6851, .T. ) ;
#5430 = CARTESIAN_POINT ( 'NONE',  ( -2.766811770548924798, 0.3929062499999995683, -1.506336520408435353 ) ) ;
#5431 = CARTESIAN_POINT ( 'NONE',  ( -2.125086949938080672, 1.364456250000000814, 2.505431076344364349 ) ) ;
#5432 = DIRECTION ( 'NONE',  ( 0.000000000000000000, 0.000000000000000000, -1.000000000000000000 ) ) ;
#5433 = EDGE_LOOP ( 'NONE', ( #5906, #1173, #3932, #3145 ) ) ;
#5434 = DIRECTION ( 'NONE',  ( -0.000000000000000000, -1.000000000000000000, -0.000000000000000000 ) ) ;
#5435 = CARTESIAN_POINT ( 'NONE',  ( -0.9069526671401728635, 2.600324999999999331, 3.115523773311212441 ) ) ;
#5436 = ORIENTED_EDGE ( 'NONE', *, *, #1780, .F. ) ;
#5437 = ADVANCED_FACE ( 'NONE', ( #6902 ), #6978, .T. ) ;
#5438 = DIRECTION ( 'NONE',  ( -0.000000000000000000, -1.000000000000000000, -0.000000000000000000 ) ) ;
#5439 = CARTESIAN_POINT ( 'NONE',  ( -3.266731913772969342, -1.064418750000000635, 0.8606380444398150642 ) ) ;
#5440 =( BOUNDED_CURVE ( )  B_SPLINE_CURVE ( 1, ( #921, #377 ),
 .UNSPECIFIED., .F., .F. ) 
 B_SPLINE_CURVE_WITH_KNOTS ( ( 2, 2 ),
 ( 0.000000000000000000, 0.0005566452967378113324 ),
 .UNSPECIFIED. ) 
 CURVE ( )  GEOMETRIC_REPRESENTATION_ITEM ( )  RATIONAL_B_SPLINE_CURVE ( ( 0.9956508716769392198, 0.9956508716769392198 ) ) 
 REPRESENTATION_ITEM ( '' )  );
#5441 = CARTESIAN_POINT ( 'NONE',  ( 2.964105475746108276, 0.5572124999999996664, 0.9463144184952146931 ) ) ;
#5442 = EDGE_CURVE ( 'NONE', #3705, #6596, #1089, .T. ) ;
#5443 = CARTESIAN_POINT ( 'NONE',  ( 2.593337612528046066, -0.9706622954021484340, -2.119219714243509856 ) ) ;
#5444 = CARTESIAN_POINT ( 'NONE',  ( 2.546683841962730011, 0.5572124999999997774, 2.219602813362322458 ) ) ;
#5445 = ORIENTED_EDGE ( 'NONE', *, *, #6385, .T. ) ;
#5446 = CARTESIAN_POINT ( 'NONE',  ( 3.370761271973864215, 0.8786812500000004134, 0.2240617936220510309 ) ) ;
#5447 = CARTESIAN_POINT ( 'NONE',  ( 3.007303732794108342, -1.064418749999999747, -0.7984713574841763029 ) ) ;
#5448 = CARTESIAN_POINT ( 'NONE',  ( -1.702082463320817141, 0.5572124999999997774, -2.604678010437323721 ) ) ;
#5449 = DIRECTION ( 'NONE',  ( 0.000000000000000000, 0.000000000000000000, -1.000000000000000000 ) ) ;
#5450 =( BOUNDED_SURFACE ( )  B_SPLINE_SURFACE ( 1, 2, ( 
 ( #2557, #6548, #5992, #4788, #4357, #6587, #3807, #1575, #4251 ),
 ( #3252, #2628, #4934, #1468, #2158, #7182, #4857, #3696, #4392 ) ),
 .UNSPECIFIED., .F., .F., .T. ) 
 B_SPLINE_SURFACE_WITH_KNOTS ( ( 2, 2 ),
 ( 3, 2, 2, 2, 3 ),
 ( 0.000000000000000000, 1.000000000000000000 ),
 ( 0.000000000000000000, 0.05000000000000000278, 0.1000000000000000056, 0.1499999999999999944, 0.2000000000000000111 ),
 .UNSPECIFIED. ) 
 GEOMETRIC_REPRESENTATION_ITEM ( )  RATIONAL_B_SPLINE_SURFACE ( (
 ( 1.000000000000000000, 0.9876883405951377704, 1.000000000000000000, 0.9876883405951377704, 1.000000000000000000, 0.9876883405951377704, 1.000000000000000000, 0.9876883405951377704, 1.000000000000000000),
 ( 1.000000000000000000, 0.9876883405951377704, 1.000000000000000000, 0.9876883405951377704, 1.000000000000000000, 0.9876883405951377704, 1.000000000000000000, 0.9876883405951377704, 1.000000000000000000) ) ) 
 REPRESENTATION_ITEM ( '' )  SURFACE ( )  );
#5451 = CARTESIAN_POINT ( 'NONE',  ( 3.123800134296363495, -0.5786437499999997902, 0.4076393103397910056 ) ) ;
#5452 = CARTESIAN_POINT ( 'NONE',  ( 2.674804083923781661, 1.200150000000000050, 2.343194211461069099 ) ) ;
#5453 = ORIENTED_EDGE ( 'NONE', *, *, #5168, .F. ) ;
#5454 = ORIENTED_EDGE ( 'NONE', *, *, #6610, .F. ) ;
#5455 = CARTESIAN_POINT ( 'NONE',  ( -2.762654857058975288, 0.8786812499999995252, 1.431492364900510461 ) ) ;
#5456 = VERTEX_POINT ( 'NONE', #303 ) ;
#5457 = CARTESIAN_POINT ( 'NONE',  ( 2.081974484448537055, 3.793331249999996935, 2.488861942455883547 ) ) ;
#5458 = CARTESIAN_POINT ( 'NONE',  ( 0.3359681491173966417, 3.307556249999997533, -3.268073564944317777 ) ) ;
#5459 = ORIENTED_EDGE ( 'NONE', *, *, #884, .T. ) ;
#5460 = CARTESIAN_POINT ( 'NONE',  ( 3.503631749925566918, 1.200149999999999828, 0.6080300657973449763 ) ) ;
#5461 = ORIENTED_EDGE ( 'NONE', *, *, #6385, .F. ) ;
#5462 = FACE_OUTER_BOUND ( 'NONE', #3332, .T. ) ;
#5463 = CARTESIAN_POINT ( 'NONE',  ( -3.064364547875616296, 2.821781250000000796, 1.804108067085524958 ) ) ;
#5464 = ORIENTED_EDGE ( 'NONE', *, *, #2370, .F. ) ;
#5465 = CARTESIAN_POINT ( 'NONE',  ( -0.03276214749315092128, 2.600324999999998887, 3.244684601651084854 ) ) ;
#5466 = EDGE_CURVE ( 'NONE', #323, #6057, #5566, .T. ) ;
#5467 = CARTESIAN_POINT ( 'NONE',  ( -2.043573707662515559, -1.127509193519550035, 2.451308675830402350 ) ) ;
#5468 = EDGE_CURVE ( 'NONE', #3554, #384, #1775, .T. ) ;
#5469 = ORIENTED_EDGE ( 'NONE', *, *, #3035, .F. ) ;
#5470 = CARTESIAN_POINT ( 'NONE',  ( 0.2364427586297253858, -0.5786437500000001233, 3.141399673434729589 ) ) ;
#5471 = CARTESIAN_POINT ( 'NONE',  ( 0.7984713574841332262, -2.035968749999999883, -3.007303732794119444 ) ) ;
#5472 = CARTESIAN_POINT ( 'NONE',  ( 0.7035160063692208476, 2.821781249999997687, -3.167667399093900382 ) ) ;
#5473 = CARTESIAN_POINT ( 'NONE',  ( 0.000000000000000000, 2.600324999999999331, 0.000000000000000000 ) ) ;
#5474 = CARTESIAN_POINT ( 'NONE',  ( 1.328973280825612502, -1.135696009622294778, 2.814336689157467042 ) ) ;
#5475 = EDGE_CURVE ( 'NONE', #1921, #4700, #3846, .T. ) ;
#5476 = VERTEX_POINT ( 'NONE', #5924 ) ;
#5477 = CARTESIAN_POINT ( 'NONE',  ( 3.305668106531989281, -0.5156196993879216262, 0.8376223767370082340 ) ) ;
#5478 = B_SPLINE_CURVE_WITH_KNOTS ( 'NONE', 3,
 ( #130, #4594, #2467, #5787, #1885, #5348, #206, #1443, #3671, #5900 ),
 .UNSPECIFIED., .F., .F.,
 ( 4, 3, 3, 4 ),
 ( 8.097674728221057161E-16, 0.0001296210011225060979, 0.0002688043935198815943, 0.0004095291194012243697 ),
 .UNSPECIFIED. ) ;
#5479 =( BOUNDED_CURVE ( )  B_SPLINE_CURVE ( 2, ( #7198, #2170, #4404, #1442, #7051 ),
 .UNSPECIFIED., .F., .T. ) 
 B_SPLINE_CURVE_WITH_KNOTS ( ( 3, 2, 3 ),
 ( 0.01659028043918815004, 0.05000000000000000278, 0.08854378023972317435 ),
 .UNSPECIFIED. ) 
 CURVE ( )  GEOMETRIC_REPRESENTATION_ITEM ( )  RATIONAL_B_SPLINE_CURVE ( ( 0.9945407480612344919, 0.9917734182391064746, 1.000000000000000000, 0.9905092421102533740, 0.9956508716769392198 ) ) 
 REPRESENTATION_ITEM ( '' )  );
#5480 = CARTESIAN_POINT ( 'NONE',  ( -0.02540695377406645972, -1.207420750006951593, -3.111396268028217449 ) ) ;
#5481 = CARTESIAN_POINT ( 'NONE',  ( 2.714760119853369513, 0.5572124999999996664, -1.520365002771937757 ) ) ;
#5482 = CARTESIAN_POINT ( 'NONE',  ( 2.831106982132823635, 1.200149999999999828, -1.585523502890694658 ) ) ;
#5483 = CARTESIAN_POINT ( 'NONE',  ( -0.07594676020655241611, 1.364456249999999482, 3.599524872043149415 ) ) ;
#5484 = AXIS2_PLACEMENT_3D ( 'NONE', #3855, #4510, #2793 ) ;
#5485 = VERTEX_POINT ( 'NONE', #954 ) ;
#5486 = ORIENTED_EDGE ( 'NONE', *, *, #6745, .F. ) ;
#5487 = CARTESIAN_POINT ( 'NONE',  ( -2.215137442089104347, -3.007518750000000463, -2.185085436008153525 ) ) ;
#5488 = ORIENTED_EDGE ( 'NONE', *, *, #5868, .T. ) ;
#5489 = EDGE_CURVE ( 'NONE', #2184, #714, #300, .T. ) ;
#5490 =( BOUNDED_CURVE ( )  B_SPLINE_CURVE ( 2, ( #6387, #1041, #495, #2727, #4376 ),
 .UNSPECIFIED., .F., .T. ) 
 B_SPLINE_CURVE_WITH_KNOTS ( ( 3, 2, 3 ),
 ( 0.01659028043918808065, 0.05000000000000000278, 0.09358265573073296095 ),
 .UNSPECIFIED. ) 
 CURVE ( )  GEOMETRIC_REPRESENTATION_ITEM ( )  RATIONAL_B_SPLINE_CURVE ( ( 0.9945407480612347140, 0.9917734182391064746, 1.000000000000000000, 0.9892685037336770293, 0.9972452917573859654 ) ) 
 REPRESENTATION_ITEM ( '' )  );
#5491 = CARTESIAN_POINT ( 'NONE',  ( -0.7991123308668410807, 0.5572124999999999995, 3.282324591300586736 ) ) ;
#5492 = CARTESIAN_POINT ( 'NONE',  ( 0.6167293122375721026, 2.821781249999998131, 3.185701881521084911 ) ) ;
#5493 = CIRCLE ( 'NONE', #941, 3.378200000000000092 ) ;
#5494 = FACE_OUTER_BOUND ( 'NONE', #1911, .T. ) ;
#5495 = CARTESIAN_POINT ( 'NONE',  ( -2.782564563173420602, -2.035968750000000327, -1.915612093241094049 ) ) ;
#5496 = CARTESIAN_POINT ( 'NONE',  ( 2.817480333217776689, 1.850231249999997107, 1.609613647566107808 ) ) ;
#5497 = EDGE_LOOP ( 'NONE', ( #6756, #6480, #2319, #5889 ) ) ;
#5498 = CARTESIAN_POINT ( 'NONE',  ( 3.299889064199682753, 1.850231249999996441, 1.325091756813603805 ) ) ;
#5499 = AXIS2_PLACEMENT_3D ( 'NONE', #6355, #6909, #925 ) ;
#5500 = ORIENTED_EDGE ( 'NONE', *, *, #4684, .F. ) ;
#5501 = DIRECTION ( 'NONE',  ( 0.000000000000000000, 0.000000000000000000, -1.000000000000000000 ) ) ;
#5502 = CARTESIAN_POINT ( 'NONE',  ( 2.356327024246238189, -0.5786437499999999012, 2.479161413906480593 ) ) ;
#5503 = CIRCLE ( 'NONE', #4332, 3.556000000000000050 ) ;
#5504 = CARTESIAN_POINT ( 'NONE',  ( -2.795298572257928882, 2.336006250000000506, 1.726118569230397304 ) ) ;
#5505 =( BOUNDED_CURVE ( )  B_SPLINE_CURVE ( 1, ( #3580, #809 ),
 .UNSPECIFIED., .F., .T. ) 
 B_SPLINE_CURVE_WITH_KNOTS ( ( 2, 2 ),
 ( 0.000000000000000000, 0.0005566452967378108987 ),
 .UNSPECIFIED. ) 
 CURVE ( )  GEOMETRIC_REPRESENTATION_ITEM ( )  RATIONAL_B_SPLINE_CURVE ( ( 0.9956508716769392198, 0.9956508716769392198 ) ) 
 REPRESENTATION_ITEM ( '' )  );
#5506 = VERTEX_POINT ( 'NONE', #3849 ) ;
#5507 = CARTESIAN_POINT ( 'NONE',  ( -0.2547163501299569699, -1.064418750000000191, 3.101056566877887555 ) ) ;
#5508 = CARTESIAN_POINT ( 'NONE',  ( -2.958278183748297430, 2.821781250000000352, -1.333282306962360497 ) ) ;
#5509 = ORIENTED_EDGE ( 'NONE', *, *, #4323, .T. ) ;
#5510 = AXIS2_PLACEMENT_3D ( 'NONE', #2114, #4350, #1568 ) ;
#5511 = CARTESIAN_POINT ( 'NONE',  ( 0.000000000000000000, 0.5572124999999997774, 0.000000000000000000 ) ) ;
#5512 = CARTESIAN_POINT ( 'NONE',  ( -3.372798455320644706, -2.035968750000000327, -0.1909602570868390581 ) ) ;
#5513 = EDGE_CURVE ( 'NONE', #694, #4252, #6327, .T. ) ;
#5514 = CARTESIAN_POINT ( 'NONE',  ( -3.370761271973861550, 0.8786812499999993031, 0.2240617936220999362 ) ) ;
#5515 = CARTESIAN_POINT ( 'NONE',  ( 3.064432368067693702, -0.9407207499999045153, -1.421790948606492577 ) ) ;
#5516 = B_SPLINE_CURVE_WITH_KNOTS ( 'NONE', 3,
 ( #4955, #2765, #6572, #6155, #4988, #2176, #4338, #7235, #1559, #1005 ),
 .UNSPECIFIED., .F., .F.,
 ( 4, 3, 3, 4 ),
 ( 2.003031621877600464E-16, 0.0002589485462244639903, 0.0005341756780451686372, 0.0008103109524490860298 ),
 .UNSPECIFIED. ) ;
#5517 = CARTESIAN_POINT ( 'NONE',  ( 2.838389141402891447, 1.200149999999999828, -2.142121164165595726 ) ) ;
#5518 = DIRECTION ( 'NONE',  ( -0.000000000000000000, -1.000000000000000000, -0.000000000000000000 ) ) ;
#5519 = CARTESIAN_POINT ( 'NONE',  ( -1.427560657664050492, 0.2303863975390293140, -2.784070146177393568 ) ) ;
#5520 = CARTESIAN_POINT ( 'NONE',  ( -0.7418684183751089734, -1.000217606553428507, 3.235611809271517814 ) ) ;
#5521 = EDGE_CURVE ( 'NONE', #1492, #2729, #6285, .T. ) ;
#5522 = CARTESIAN_POINT ( 'NONE',  ( 2.963913358104834028, -1.135696009622293223, 0.9496728840679550254 ) ) ;
#5523 = CARTESIAN_POINT ( 'NONE',  ( -2.896906447462009204, 1.364456250000001480, -2.137821379230770980 ) ) ;
#5524 = EDGE_LOOP ( 'NONE', ( #3981, #7192, #5926, #5193 ) ) ;
#5525 = ORIENTED_EDGE ( 'NONE', *, *, #6646, .T. ) ;
#5526 =( BOUNDED_CURVE ( )  B_SPLINE_CURVE ( 1, ( #4667, #5825 ),
 .UNSPECIFIED., .F., .F. ) 
 B_SPLINE_CURVE_WITH_KNOTS ( ( 2, 2 ),
 ( 1.084202172485504434E-19, 0.0005113447558650965896 ),
 .UNSPECIFIED. ) 
 CURVE ( )  GEOMETRIC_REPRESENTATION_ITEM ( )  RATIONAL_B_SPLINE_CURVE ( ( 0.9945407480612344919, 0.9945407480612344919 ) ) 
 REPRESENTATION_ITEM ( '' )  );
#5527 = FACE_OUTER_BOUND ( 'NONE', #1672, .T. ) ;
#5528 = EDGE_LOOP ( 'NONE', ( #7010, #1148, #5993, #3816, #464, #530, #1067, #3022, #4050, #1889, #3808, #6689, #2166, #6914, #5954, #16, #3182, #6238, #2033, #4909, #832, #4660, #926, #1549, #2629, #3456, #5157, #2764, #1215, #7003, #5819, #7068, #6986, #6942, #2135, #1583, #1287, #7092 ) ) ;
#5529 = EDGE_CURVE ( 'NONE', #5648, #6352, #7083, .T. ) ;
#5530 = CARTESIAN_POINT ( 'NONE',  ( -2.225940101913235658, 2.336006250000000062, 2.416271939539030189 ) ) ;
#5531 = CARTESIAN_POINT ( 'NONE',  ( -0.02151486092794592866, -2.521743750000000173, 3.150211770202681283 ) ) ;
#5532 = CARTESIAN_POINT ( 'NONE',  ( -2.280616078871682717, -0.9706622954021474348, 2.452607280137397705 ) ) ;
#5533 = CARTESIAN_POINT ( 'NONE',  ( 1.889775983308594753, 4.279106249999996336, -3.064489182188964378 ) ) ;
#5534 = EDGE_CURVE ( 'NONE', #6456, #7153, #2704, .T. ) ;
#5535 = ORIENTED_EDGE ( 'NONE', *, *, #2318, .F. ) ;
#5536 = FACE_OUTER_BOUND ( 'NONE', #1657, .T. ) ;
#5537 = CARTESIAN_POINT ( 'NONE',  ( 2.050964830792880722, 0.5572124999999997774, -2.684358117474402672 ) ) ;
#5538 =( BOUNDED_CURVE ( )  B_SPLINE_CURVE ( 2, ( #2300, #4571, #5042 ),
 .UNSPECIFIED., .F., .F. ) 
 B_SPLINE_CURVE_WITH_KNOTS ( ( 3, 3 ),
 ( 0.01659028043918810494, 0.04376714424566325451 ),
 .UNSPECIFIED. ) 
 CURVE ( )  GEOMETRIC_REPRESENTATION_ITEM ( )  RATIONAL_B_SPLINE_CURVE ( ( 0.9945407480612344919, 0.9922896861944421332, 0.9973131596235522700 ) ) 
 REPRESENTATION_ITEM ( '' )  );
#5539 = EDGE_LOOP ( 'NONE', ( #1745, #5545, #3051, #5454 ) ) ;
#5540 = CARTESIAN_POINT ( 'NONE',  ( 2.863600048836558720, -1.550193749999999815, 1.870377801862282530 ) ) ;
#5541 = CARTESIAN_POINT ( 'NONE',  ( -3.199887127027754907, 4.764881249999999291, 1.551082968213524316 ) ) ;
#5542 = ORIENTED_EDGE ( 'NONE', *, *, #6552, .F. ) ;
#5543 = CARTESIAN_POINT ( 'NONE',  ( -2.270223416658114335, 2.600324999999999331, 2.737009616069546070 ) ) ;
#5544 = CARTESIAN_POINT ( 'NONE',  ( -0.1052695410903459056, 1.200149999999999828, -3.243141971332526907 ) ) ;
#5545 = ORIENTED_EDGE ( 'NONE', *, *, #6101, .T. ) ;
#5546 = CARTESIAN_POINT ( 'NONE',  ( -3.407414322347170010, 0.3929062499999996794, -0.2967254577202591559 ) ) ;
#5547 = CARTESIAN_POINT ( 'NONE',  ( 1.040201421698460971, -0.9407207500002857659, -3.214065376170367028 ) ) ;
#5548 = CARTESIAN_POINT ( 'NONE',  ( -3.020633321376275937, 1.200150000000000272, 1.185253500434113816 ) ) ;
#5549 = CARTESIAN_POINT ( 'NONE',  ( 2.660811744864005401, -0.9730674576370974549, 2.028527345060845644 ) ) ;
#5550 = CARTESIAN_POINT ( 'NONE',  ( 3.239356260952674038, 2.600324999999998443, -0.1887393364583336564 ) ) ;
#5551 = CARTESIAN_POINT ( 'NONE',  ( 2.691315936529262487, 0.5572124999999997774, -2.041826087056294092 ) ) ;
#5552 = CARTESIAN_POINT ( 'NONE',  ( 3.068928255307735498, -0.9706622954021483229, -1.340959184153205364 ) ) ;
#5553 = CARTESIAN_POINT ( 'NONE',  ( -0.4444375675762015088, -1.060154572504550474, -3.229325118577056841 ) ) ;
#5554 = DIRECTION ( 'NONE',  ( 0.000000000000000000, 0.000000000000000000, 1.000000000000000000 ) ) ;
#5555 = ORIENTED_EDGE ( 'NONE', *, *, #1682, .T. ) ;
#5556 = EDGE_CURVE ( 'NONE', #4311, #5759, #534, .T. ) ;
#5557 = CARTESIAN_POINT ( 'NONE',  ( -3.076444829810998094, -1.064418750000000413, -0.4657461316309398081 ) ) ;
#5558 = EDGE_CURVE ( 'NONE', #4852, #2286, #3566, .T. ) ;
#5559 = VERTEX_POINT ( 'NONE', #7151 ) ;
#5560 = CARTESIAN_POINT ( 'NONE',  ( 2.393765164187601435, -1.097987288839243236, -2.155158824924975569 ) ) ;
#5561 = CARTESIAN_POINT ( 'NONE',  ( -1.798132924185820825, 1.850231250000000660, 2.701068216365322794 ) ) ;
#5562 = CARTESIAN_POINT ( 'NONE',  ( -1.040954007853914787, -1.550193750000000259, -3.258056646979728299 ) ) ;
#5563 = CARTESIAN_POINT ( 'NONE',  ( -0.7837173239439366723, -0.09286875000000011093, -3.286034448411967901 ) ) ;
#5564 = CARTESIAN_POINT ( 'NONE',  ( 1.370040255098870174, 3.793331249999996935, -3.281482241214884077 ) ) ;
#5565 = CARTESIAN_POINT ( 'NONE',  ( 2.826197488987165940, 0.3929062500000002345, -1.391727286362847593 ) ) ;
#5566 =( BOUNDED_CURVE ( )  B_SPLINE_CURVE ( 1, ( #6451, #1436 ),
 .UNSPECIFIED., .F., .F. ) 
 B_SPLINE_CURVE_WITH_KNOTS ( ( 2, 2 ),
 ( 0.000000000000000000, 0.0005566452967378104650 ),
 .UNSPECIFIED. ) 
 CURVE ( )  GEOMETRIC_REPRESENTATION_ITEM ( )  RATIONAL_B_SPLINE_CURVE ( ( 0.9956508716769392198, 0.9956508716769392198 ) ) 
 REPRESENTATION_ITEM ( '' )  );
#5567 = VERTEX_POINT ( 'NONE', #4831 ) ;
#5568 = CARTESIAN_POINT ( 'NONE',  ( 0.000000000000000000, -0.9407207500000012157, 0.000000000000000000 ) ) ;
#5569 = CARTESIAN_POINT ( 'NONE',  ( -2.588842476472333232, 1.200149999999999828, 1.956258202414140390 ) ) ;
#5570 = EDGE_LOOP ( 'NONE', ( #3890, #5202, #3334, #6183, #5381, #5271 ) ) ;
#5571 = CARTESIAN_POINT ( 'NONE',  ( 0.000000000000000000, -2.857500000000000373, 0.000000000000000000 ) ) ;
#5572 = EDGE_CURVE ( 'NONE', #3708, #2323, #5296, .T. ) ;
#5573 = CARTESIAN_POINT ( 'NONE',  ( 0.000000000000000000, 2.600324999999999331, 0.000000000000000000 ) ) ;
#5574 = CARTESIAN_POINT ( 'NONE',  ( -2.778621901385293302, 2.336006250000000506, 2.289455730951154955 ) ) ;
#5575 = VERTEX_POINT ( 'NONE', #2130 ) ;
#5576 = DIRECTION ( 'NONE',  ( -0.000000000000000000, -1.000000000000000000, -0.000000000000000000 ) ) ;
#5577 = CARTESIAN_POINT ( 'NONE',  ( -1.468405023913354812, -0.5786437500000003453, -2.787128230295528919 ) ) ;
#5578 = VERTEX_POINT ( 'NONE', #4397 ) ;
#5579 = CARTESIAN_POINT ( 'NONE',  ( -3.123997001625654857, 0.2303863975390292307, 1.334034454041500117 ) ) ;
#5580 = CARTESIAN_POINT ( 'NONE',  ( -1.543465141501746185, -3.007518750000000463, -2.701693470208825776 ) ) ;
#5581 = FACE_OUTER_BOUND ( 'NONE', #290, .T. ) ;
#5582 = CARTESIAN_POINT ( 'NONE',  ( -1.751497960644528673, -2.521743750000000173, -2.937817770940527762 ) ) ;
#5583 = CARTESIAN_POINT ( 'NONE',  ( 2.256578695637662779, -1.207420750006950927, -2.142261618102285770 ) ) ;
#5584 = B_SPLINE_CURVE_WITH_KNOTS ( 'NONE', 3,
 ( #2522, #6441, #4855, #944, #845, #3769, #294, #3077, #6999, #4284 ),
 .UNSPECIFIED., .F., .F.,
 ( 4, 3, 3, 4 ),
 ( 8.093237414438230470E-16, 0.0001296210011225066400, 0.0002688043935198825159, 0.0004095291194012253997 ),
 .UNSPECIFIED. ) ;
#5585 = CARTESIAN_POINT ( 'NONE',  ( -3.220362371804946555, 2.821781250000000796, 0.3978915892084445294 ) ) ;
#5586 = CARTESIAN_POINT ( 'NONE',  ( -1.081925825829213705, -1.064418750000000191, 2.917339328464170212 ) ) ;
#5587 = DIRECTION ( 'NONE',  ( -0.000000000000000000, -1.000000000000000000, -0.000000000000000000 ) ) ;
#5588 = CARTESIAN_POINT ( 'NONE',  ( -0.8083095158893125465, -1.029273648346731074, 3.188795035736484706 ) ) ;
#5589 = CARTESIAN_POINT ( 'NONE',  ( 1.868772392055559450, -0.9407207500002877643, -2.814236128453260211 ) ) ;
#5590 = CARTESIAN_POINT ( 'NONE',  ( 0.02677493964663700543, 4.279106249999997225, -3.600226425858524593 ) ) ;
#5591 = VERTEX_POINT ( 'NONE', #6628 ) ;
#5592 = CARTESIAN_POINT ( 'NONE',  ( -3.065534701741407186, 0.3929062499999994573, 1.516909804113325544 ) ) ;
#5593 =( BOUNDED_CURVE ( )  B_SPLINE_CURVE ( 2, ( #5070, #2292, #7247, #1196, #6692 ),
 .UNSPECIFIED., .F., .T. ) 
 B_SPLINE_CURVE_WITH_KNOTS ( ( 3, 2, 3 ),
 ( 0.01659028043918807371, 0.05000000000000000278, 0.09358265573073307197 ),
 .UNSPECIFIED. ) 
 CURVE ( )  GEOMETRIC_REPRESENTATION_ITEM ( )  RATIONAL_B_SPLINE_CURVE ( ( 0.9945407480612344919, 0.9917734182391062525, 1.000000000000000000, 0.9892685037336769183, 0.9972452917573861875 ) ) 
 REPRESENTATION_ITEM ( '' )  );
#5594 = ORIENTED_EDGE ( 'NONE', *, *, #515, .T. ) ;
#5595 = CARTESIAN_POINT ( 'NONE',  ( 2.203899881681182560, 0.5572124999999997774, -2.196419259049981143 ) ) ;
#5596 = CARTESIAN_POINT ( 'NONE',  ( 0.000000000000000000, -2.857500000000000373, 0.000000000000000000 ) ) ;
#5597 = CARTESIAN_POINT ( 'NONE',  ( 3.099443599628735058, 1.850231249999997107, -0.9604691016479798282 ) ) ;
#5598 = ADVANCED_FACE ( 'NONE', ( #7080 ), #7115, .T. ) ;
#5599 = CARTESIAN_POINT ( 'NONE',  ( -2.903413378255513599, -1.090493833097036180, 1.414066333648503093 ) ) ;
#5600 = DIRECTION ( 'NONE',  ( 0.000000000000000000, 0.000000000000000000, -1.000000000000000000 ) ) ;
#5601 = ORIENTED_EDGE ( 'NONE', *, *, #402, .T. ) ;
#5602 = CARTESIAN_POINT ( 'NONE',  ( 2.534223228996457689, 2.336006249999997397, -2.090667847536762824 ) ) ;
#5603 = FACE_OUTER_BOUND ( 'NONE', #6366, .T. ) ;
#5604 = ORIENTED_EDGE ( 'NONE', *, *, #5442, .T. ) ;
#5605 = DIRECTION ( 'NONE',  ( -0.000000000000000000, -1.000000000000000000, -0.000000000000000000 ) ) ;
#5606 = CARTESIAN_POINT ( 'NONE',  ( 2.154625762752588880, -1.064418749999999969, -2.244776174250525003 ) ) ;
#5607 =( BOUNDED_CURVE ( )  B_SPLINE_CURVE ( 2, ( #5448, #5519, #1648, #2819, #3885, #6035, #5480 ),
 .UNSPECIFIED., .F., .T. ) 
 B_SPLINE_CURVE_WITH_KNOTS ( ( 3, 2, 2, 3 ),
 ( 0.01659028043918809106, 0.05000000000000000278, 0.1000000000000000056, 0.1074143368666445886 ),
 .UNSPECIFIED. ) 
 CURVE ( )  GEOMETRIC_REPRESENTATION_ITEM ( )  RATIONAL_B_SPLINE_CURVE ( ( 0.9945407480612347140, 0.9917734182391064746, 1.000000000000000000, 0.9876883405951377704, 1.000000000000000000, 0.9981743441956991703, 0.9968901294768235388 ) ) 
 REPRESENTATION_ITEM ( '' )  );
#5608 = ADVANCED_FACE ( 'NONE', ( #4432 ), #6667, .T. ) ;
#5609 = CARTESIAN_POINT ( 'NONE',  ( -2.047785716146378387, 0.8786812500000013015, -2.517066781642248507 ) ) ;
#5610 = ORIENTED_EDGE ( 'NONE', *, *, #5468, .F. ) ;
#5611 = ORIENTED_EDGE ( 'NONE', *, *, #4226, .F. ) ;
#5612 = EDGE_CURVE ( 'NONE', #3833, #4318, #1130, .T. ) ;
#5613 = AXIS2_PLACEMENT_3D ( 'NONE', #904, #3655, #2049 ) ;
#5614 = LOCAL_TIME ( 23, 8, 25.00000000000000000, #1464 ) ;
#5615 = CARTESIAN_POINT ( 'NONE',  ( -2.588842476472333232, 1.200149999999999828, 1.956258202414140390 ) ) ;
#5616 = FACE_OUTER_BOUND ( 'NONE', #5539, .T. ) ;
#5617 = CARTESIAN_POINT ( 'NONE',  ( -0.3907003151650150219, -0.4475849719159216700, -3.378200000000003200 ) ) ;
#5618 = DIRECTION ( 'NONE',  ( 0.000000000000000000, 0.000000000000000000, -1.000000000000000000 ) ) ;
#5619 = CARTESIAN_POINT ( 'NONE',  ( 2.597107628402065771, -1.097987288839242792, 1.905217359889915141 ) ) ;
#5621 = EDGE_CURVE ( 'NONE', #205, #87, #6998, .T. ) ;
#5620 = CARTESIAN_POINT ( 'NONE',  ( 2.331157822501040311, -3.007518749999999574, -2.060857941875720023 ) ) ;
#5622 = CIRCLE ( 'NONE', #7167, 3.556000000000000050 ) ;
#5623 = CARTESIAN_POINT ( 'NONE',  ( 0.5234627133953004829, 0.5572124999999999995, 3.067151616351045273 ) ) ;
#5624 = CARTESIAN_POINT ( 'NONE',  ( -0.5352661778898458733, -1.550193750000000259, -3.104478572187520324 ) ) ;
#5625 = CIRCLE ( 'NONE', #5285, 3.200400000000000134 ) ;
#5626 = CARTESIAN_POINT ( 'NONE',  ( 2.602524431662885274, -0.9706622954021487670, 2.107927596571756546 ) ) ;
#5627 = CARTESIAN_POINT ( 'NONE',  ( 2.680359758502417478, -1.064418749999999747, -1.580222710569896050 ) ) ;
#5628 = CARTESIAN_POINT ( 'NONE',  ( -3.274436518531876228, 1.526976102460970930, -1.436546833723071348 ) ) ;
#5629 =( BOUNDED_CURVE ( )  B_SPLINE_CURVE ( 1, ( #5481, #3811 ),
 .UNSPECIFIED., .F., .F. ) 
 B_SPLINE_CURVE_WITH_KNOTS ( ( 2, 2 ),
 ( 2.168404344971008868E-19, 0.0005113447558650965896 ),
 .UNSPECIFIED. ) 
 CURVE ( )  GEOMETRIC_REPRESENTATION_ITEM ( )  RATIONAL_B_SPLINE_CURVE ( ( 0.9945407480612344919, 0.9945407480612344919 ) ) 
 REPRESENTATION_ITEM ( '' )  );
#5630 = ORIENTED_EDGE ( 'NONE', *, *, #852, .F. ) ;
#5631 = CARTESIAN_POINT ( 'NONE',  ( -3.237285505707919953, 0.8786812500000020787, -0.2214363950063651110 ) ) ;
#5632 = VERTEX_POINT ( 'NONE', #3442 ) ;
#5633 = CARTESIAN_POINT ( 'NONE',  ( -3.020633321376275937, 1.200150000000000272, 1.185253500434113816 ) ) ;
#5634 = CARTESIAN_POINT ( 'NONE',  ( 1.121294921783110965, 2.336006249999998285, 3.088021554570600902 ) ) ;
#5635 = DIRECTION ( 'NONE',  ( 0.000000000000000000, 0.000000000000000000, -1.000000000000000000 ) ) ;
#5636 = CARTESIAN_POINT ( 'NONE',  ( -1.212633882717441436, -1.090493833097038845, -2.993144150801434478 ) ) ;
#5637 = CARTESIAN_POINT ( 'NONE',  ( -2.857750173246179415, -0.9706622954021475458, 1.746355094790990714 ) ) ;
#5638 = CARTESIAN_POINT ( 'NONE',  ( 3.017929259149345178, -0.09286874999999968072, 0.7573210922523458954 ) ) ;
#5639 =( BOUNDED_SURFACE ( )  B_SPLINE_SURFACE ( 1, 2, ( 
 ( #4136, #1314, #3469, #5803, #2922, #147, #4168, #3505, #804 ),
 ( #2373, #219, #5184, #4645, #5260, #2481, #252, #3614, #4610 ) ),
 .UNSPECIFIED., .F., .F., .T. ) 
 B_SPLINE_SURFACE_WITH_KNOTS ( ( 2, 2 ),
 ( 3, 2, 2, 2, 3 ),
 ( 0.000000000000000000, 1.000000000000000000 ),
 ( 0.000000000000000000, 0.05000000000000000278, 0.1000000000000000056, 0.1499999999999999944, 0.2000000000000000111 ),
 .UNSPECIFIED. ) 
 GEOMETRIC_REPRESENTATION_ITEM ( )  RATIONAL_B_SPLINE_SURFACE ( (
 ( 1.000000000000000000, 0.9876883405951377704, 1.000000000000000000, 0.9876883405951377704, 1.000000000000000000, 0.9876883405951377704, 1.000000000000000000, 0.9876883405951377704, 1.000000000000000000),
 ( 1.000000000000000000, 0.9876883405951377704, 1.000000000000000000, 0.9876883405951377704, 1.000000000000000000, 0.9876883405951377704, 1.000000000000000000, 0.9876883405951377704, 1.000000000000000000) ) ) 
 REPRESENTATION_ITEM ( '' )  SURFACE ( )  );
#5640 = ORIENTED_EDGE ( 'NONE', *, *, #4470, .T. ) ;
#5641 = CARTESIAN_POINT ( 'NONE',  ( -1.887393803323672792, -1.135696009622294778, 2.474753646782162253 ) ) ;
#5642 = CARTESIAN_POINT ( 'NONE',  ( 1.096810268508074060, 1.850231249999997996, -3.382623720560011371 ) ) ;
#5643 = ORIENTED_EDGE ( 'NONE', *, *, #5337, .F. ) ;
#5644 = EDGE_CURVE ( 'NONE', #3446, #5648, #3291, .T. ) ;
#5645 = DIRECTION ( 'NONE',  ( 0.000000000000000000, 0.000000000000000000, -1.000000000000000000 ) ) ;
#5646 = CARTESIAN_POINT ( 'NONE',  ( 0.9746813966872873713, -1.036468050703326149, -3.134404552396325982 ) ) ;
#5647 = CARTESIAN_POINT ( 'NONE',  ( -2.597378125441483387, 0.8786812500000019677, -2.428736888482999845 ) ) ;
#5648 = VERTEX_POINT ( 'NONE', #2822 ) ;
#5649 = CARTESIAN_POINT ( 'NONE',  ( -2.923238845763016958, -1.207420750006947152, 1.065883155238942948 ) ) ;
#5650 = APPLICATION_CONTEXT ( 'configuration controlled 3d designs of mechanical parts and assemblies' ) ;
#5651 = CARTESIAN_POINT ( 'NONE',  ( 2.921525481368998367, -1.067499318559819832, -1.427114660349499964 ) ) ;
#5652 = EDGE_CURVE ( 'NONE', #246, #759, #5503, .T. ) ;
#5653 = ORIENTED_EDGE ( 'NONE', *, *, #4359, .T. ) ;
#5654 = CARTESIAN_POINT ( 'NONE',  ( -1.749979192178790166, 1.200150000000000050, 3.095595068309366482 ) ) ;
#5655 = EDGE_CURVE ( 'NONE', #2969, #3477, #1988, .T. ) ;
#5656 = CARTESIAN_POINT ( 'NONE',  ( 4.852540476941472549E-16, -2.857500000000000373, 3.962399999999999700 ) ) ;
#5657 =( BOUNDED_CURVE ( )  B_SPLINE_CURVE ( 2, ( #2413, #4648, #6222, #2926, #1247 ),
 .UNSPECIFIED., .F., .T. ) 
 B_SPLINE_CURVE_WITH_KNOTS ( ( 3, 2, 3 ),
 ( 0.01659028043918822984, 0.05000000000000000278, 0.08854378023972322986 ),
 .UNSPECIFIED. ) 
 CURVE ( )  GEOMETRIC_REPRESENTATION_ITEM ( )  RATIONAL_B_SPLINE_CURVE ( ( 0.9945407480612344919, 0.9917734182391064746, 1.000000000000000000, 0.9905092421102533740, 0.9956508716769392198 ) ) 
 REPRESENTATION_ITEM ( '' )  );
#5658 = CARTESIAN_POINT ( 'NONE',  ( -1.216280118987592029, -1.207420750006950927, 2.863929978570623369 ) ) ;
#5659 = CARTESIAN_POINT ( 'NONE',  ( 3.176981001915981206, 0.8786812499999976378, 0.6601842439538749829 ) ) ;
#5660 = CARTESIAN_POINT ( 'NONE',  ( -2.242360707017060140, -0.09286875000000044400, 2.526668498166304566 ) ) ;
#5661 = ORIENTED_EDGE ( 'NONE', *, *, #5644, .F. ) ;
#5662 = CARTESIAN_POINT ( 'NONE',  ( -2.022267367524238413, 2.600324999999999331, -2.537614276588661788 ) ) ;
#5663 = CARTESIAN_POINT ( 'NONE',  ( -1.468405023913355034, -0.5786437500000003453, -2.787128230295528919 ) ) ;
#5664 = EDGE_CURVE ( 'NONE', #6144, #1040, #6959, .T. ) ;
#5665 = CARTESIAN_POINT ( 'NONE',  ( -1.146386052299702696, 0.5572124999999997774, 2.892616682018670726 ) ) ;
#5666 = CARTESIAN_POINT ( 'NONE',  ( 2.214494057658361381, 2.600324999999999331, 2.782292592197273429 ) ) ;
#5667 = VERTEX_POINT ( 'NONE', #6179 ) ;
#5668 = CARTESIAN_POINT ( 'NONE',  ( -3.555638128096340278, 2.821781250000001240, -0.05072969571703248720 ) ) ;
#5669 = ORIENTED_EDGE ( 'NONE', *, *, #798, .F. ) ;
#5670 = CARTESIAN_POINT ( 'NONE',  ( 3.242765306387297652, 1.200150000000000272, 0.1162957015151435541 ) ) ;
#5671 = CARTESIAN_POINT ( 'NONE',  ( -1.185096847539184761, 1.526976102460970042, -3.373595527227239099 ) ) ;
#5672 = CARTESIAN_POINT ( 'NONE',  ( -2.466361275118889917, -0.09286875000000044400, -1.896969770606250716 ) ) ;
#5673 = CARTESIAN_POINT ( 'NONE',  ( -0.9513917545155352595, -1.179124203889762690, -2.993333582311590302 ) ) ;
#5674 =( BOUNDED_SURFACE ( )  B_SPLINE_SURFACE ( 1, 2, ( 
 ( #747, #2971, #200, #6901, #2529, #4762, #1984, #4217, #708 ),
 ( #2940, #4291, #3777, #880, #2094, #7079, #4830, #7148, #440 ) ),
 .UNSPECIFIED., .F., .F., .F. ) 
 B_SPLINE_SURFACE_WITH_KNOTS ( ( 2, 2 ),
 ( 3, 2, 2, 2, 3 ),
 ( 0.000000000000000000, 1.000000000000000000 ),
 ( 0.000000000000000000, 0.05000000000000000278, 0.1000000000000000056, 0.1499999999999999944, 0.2000000000000000111 ),
 .UNSPECIFIED. ) 
 GEOMETRIC_REPRESENTATION_ITEM ( )  RATIONAL_B_SPLINE_SURFACE ( (
 ( 1.000000000000000000, 0.9876883405951377704, 1.000000000000000000, 0.9876883405951377704, 1.000000000000000000, 0.9876883405951377704, 1.000000000000000000, 0.9876883405951377704, 1.000000000000000000),
 ( 1.000000000000000000, 0.9876883405951377704, 1.000000000000000000, 0.9876883405951377704, 1.000000000000000000, 0.9876883405951377704, 1.000000000000000000, 0.9876883405951377704, 1.000000000000000000) ) ) 
 REPRESENTATION_ITEM ( '' )  SURFACE ( )  );
#5675 = CARTESIAN_POINT ( 'NONE',  ( -2.871066097475179379, -1.000217606553379657, 1.666292889743177241 ) ) ;
#5676 = DIRECTION ( 'NONE',  ( -0.000000000000000000, -1.000000000000000000, -0.000000000000000000 ) ) ;
#5677 = ORIENTED_EDGE ( 'NONE', *, *, #2037, .F. ) ;
#5678 = CARTESIAN_POINT ( 'NONE',  ( 0.3447262146504814773, 0.5572124999999997774, -3.360565291276566668 ) ) ;
#5679 = CARTESIAN_POINT ( 'NONE',  ( -3.220630052401773025, -1.005087262691942485, -0.7805546974456434306 ) ) ;
#5680 = ORIENTED_EDGE ( 'NONE', *, *, #3834, .T. ) ;
#5681 = CARTESIAN_POINT ( 'NONE',  ( 3.200400000000000134, 2.857499999999999485, 0.000000000000000000 ) ) ;
#5682 = CARTESIAN_POINT ( 'NONE',  ( 3.544240790417583220, 3.793331249999996047, -0.2889519329234099820 ) ) ;
#5683 =( BOUNDED_CURVE ( )  B_SPLINE_CURVE ( 2, ( #5964, #3594, #375, #3741, #1990 ),
 .UNSPECIFIED., .F., .T. ) 
 B_SPLINE_CURVE_WITH_KNOTS ( ( 3, 2, 3 ),
 ( 0.01659028043918815698, 0.05000000000000000278, 0.08854378023972307721 ),
 .UNSPECIFIED. ) 
 CURVE ( )  GEOMETRIC_REPRESENTATION_ITEM ( )  RATIONAL_B_SPLINE_CURVE ( ( 0.9945407480612347140, 0.9917734182391064746, 1.000000000000000000, 0.9905092421102533740, 0.9956508716769392198 ) ) 
 REPRESENTATION_ITEM ( '' )  );
#5684 = CARTESIAN_POINT ( 'NONE',  ( 1.329414967921034973, 4.279106249999997225, -3.004302792026255275 ) ) ;
#5685 = VERTEX_POINT ( 'NONE', #6704 ) ;
#5686 = FACE_OUTER_BOUND ( 'NONE', #2923, .T. ) ;
#5687 = CARTESIAN_POINT ( 'NONE',  ( 3.007303732794108342, -1.064418749999999747, -0.7984713574841763029 ) ) ;
#5688 = ORIENTED_EDGE ( 'NONE', *, *, #7105, .F. ) ;
#5689 = CARTESIAN_POINT ( 'NONE',  ( 2.742844858254656071, -2.035968749999999883, -1.469093030936433175 ) ) ;
#5690 = CYLINDRICAL_SURFACE ( 'NONE', #1526, 3.556000000000000050 ) ;
#5691 = CARTESIAN_POINT ( 'NONE',  ( 3.351402447955922792, 0.8786812499999971937, 1.188796715942251003 ) ) ;
#5692 = CARTESIAN_POINT ( 'NONE',  ( 2.130992840138356659, 1.850231249999997329, 2.846753504481741359 ) ) ;
#5693 = CARTESIAN_POINT ( 'NONE',  ( 3.191699944316018556, -1.060154572504549808, 0.6626589910345294099 ) ) ;
#5694 = CARTESIAN_POINT ( 'NONE',  ( -3.186308024411762752, 4.279106249999999889, -1.676242341790811441 ) ) ;
#5695 = EDGE_LOOP ( 'NONE', ( #2250, #4991, #3813, #1187 ) ) ;
#5696 = CARTESIAN_POINT ( 'NONE',  ( -2.721345186060537547, -1.550193750000000259, 2.071907029695360336 ) ) ;
#5697 = PERSON_AND_ORGANIZATION ( #2687, #3284 ) ;
#5698 = AXIS2_PLACEMENT_3D ( 'NONE', #6755, #7168, #2143 ) ;
#5699 = EDGE_CURVE ( 'NONE', #1975, #149, #2569, .T. ) ;
#5700 = CYLINDRICAL_SURFACE ( 'NONE', #6433, 3.378200000000000092 ) ;
#5701 = FACE_OUTER_BOUND ( 'NONE', #2756, .T. ) ;
#5702 = VERTEX_POINT ( 'NONE', #5665 ) ;
#5703 = CARTESIAN_POINT ( 'NONE',  ( -2.310071903892890965, 4.764881249999999291, -2.278731954694249495 ) ) ;
#5704 = ORIENTED_EDGE ( 'NONE', *, *, #2277, .T. ) ;
#5705 = CARTESIAN_POINT ( 'NONE',  ( 3.473944056090127575, 2.336006249999996509, 0.9455474128774397080 ) ) ;
#5706 = CARTESIAN_POINT ( 'NONE',  ( 0.1160814986977235230, 0.5572124999999997774, 3.376205018309772488 ) ) ;
#5707 = CARTESIAN_POINT ( 'NONE',  ( -2.757187130944678266, 0.3929062499999995683, -2.023965781911584383 ) ) ;
#5708 = CARTESIAN_POINT ( 'NONE',  ( 3.383386290461231738, 4.279106249999995448, 1.230871408540365364 ) ) ;
#5709 = CARTESIAN_POINT ( 'NONE',  ( 2.182185058964433377, 2.821781249999997243, 2.401482852516841238 ) ) ;
#5710 = DIRECTION ( 'NONE',  ( -0.000000000000000000, -1.000000000000000000, -0.000000000000000000 ) ) ;
#5711 = ORIENTED_EDGE ( 'NONE', *, *, #5877, .T. ) ;
#5712 = DIRECTION ( 'NONE',  ( -0.000000000000000000, -1.000000000000000000, -0.000000000000000000 ) ) ;
#5713 = CARTESIAN_POINT ( 'NONE',  ( 1.388625708697308392, 1.200150000000000272, 2.932706968594869679 ) ) ;
#5714 = EDGE_CURVE ( 'NONE', #6158, #6608, #6476, .T. ) ;
#5715 = ORIENTED_EDGE ( 'NONE', *, *, #6031, .F. ) ;
#5716 =( BOUNDED_SURFACE ( )  B_SPLINE_SURFACE ( 1, 2, ( 
 ( #6491, #2028, #886, #3229, #7086, #2063, #7160, #4296, #3154 ),
 ( #998, #961, #5384, #6528, #6567, #2679, #4263, #1481, #6044 ) ),
 .UNSPECIFIED., .F., .F., .T. ) 
 B_SPLINE_SURFACE_WITH_KNOTS ( ( 2, 2 ),
 ( 3, 2, 2, 2, 3 ),
 ( 0.000000000000000000, 1.000000000000000000 ),
 ( 0.000000000000000000, 0.05000000000000000278, 0.1000000000000000056, 0.1499999999999999944, 0.2000000000000000111 ),
 .UNSPECIFIED. ) 
 GEOMETRIC_REPRESENTATION_ITEM ( )  RATIONAL_B_SPLINE_SURFACE ( (
 ( 1.000000000000000000, 0.9876883405951377704, 1.000000000000000000, 0.9876883405951377704, 1.000000000000000000, 0.9876883405951377704, 1.000000000000000000, 0.9876883405951377704, 1.000000000000000000),
 ( 1.000000000000000000, 0.9876883405951377704, 1.000000000000000000, 0.9876883405951377704, 1.000000000000000000, 0.9876883405951377704, 1.000000000000000000, 0.9876883405951377704, 1.000000000000000000) ) ) 
 REPRESENTATION_ITEM ( '' )  SURFACE ( )  );
#5717 = CARTESIAN_POINT ( 'NONE',  ( 3.130091427566492612, -1.181751568882860814, 0.2119130887624258441 ) ) ;
#5718 = CARTESIAN_POINT ( 'NONE',  ( 0.9254934710010500609, -1.097987288839240572, -3.085171479361325630 ) ) ;
#5719 = CARTESIAN_POINT ( 'NONE',  ( -1.378037550293004676, -2.521743750000000173, 3.130420238782386289 ) ) ;
#5720 = ORIENTED_EDGE ( 'NONE', *, *, #7164, .F. ) ;
#5721 = PLANE ( 'NONE',  #7048 ) ;
#5722 = VERTEX_POINT ( 'NONE', #5153 ) ;
#5723 = CARTESIAN_POINT ( 'NONE',  ( 3.339228741997720462, 2.600324999999999331, 1.222574091258422868 ) ) ;
#5724 =( BOUNDED_CURVE ( )  B_SPLINE_CURVE ( 1, ( #1382, #3504 ),
 .UNSPECIFIED., .F., .T. ) 
 B_SPLINE_CURVE_WITH_KNOTS ( ( 2, 2 ),
 ( 5.421010862427522170E-20, 0.0005113447558650965896 ),
 .UNSPECIFIED. ) 
 CURVE ( )  GEOMETRIC_REPRESENTATION_ITEM ( )  RATIONAL_B_SPLINE_CURVE ( ( 0.9945407480612344919, 0.9945407480612344919 ) ) 
 REPRESENTATION_ITEM ( '' )  );
#5725 = DIRECTION ( 'NONE',  ( 0.000000000000000000, 1.000000000000000000, 0.000000000000000000 ) ) ;
#5726 = CIRCLE ( 'NONE', #4339, 3.378200000000000092 ) ;
#5727 = CARTESIAN_POINT ( 'NONE',  ( -2.930042690678389850, -0.09286875000000054114, -1.681393788141892998 ) ) ;
#5728 = CARTESIAN_POINT ( 'NONE',  ( 3.318892722234544124, -0.9706622954021484340, 0.4488243176228241538 ) ) ;
#5729 = DIRECTION ( 'NONE',  ( 0.000000000000000000, 0.000000000000000000, -1.000000000000000000 ) ) ;
#5730 = ORIENTED_EDGE ( 'NONE', *, *, #4207, .T. ) ;
#5731 = CIRCLE ( 'NONE', #5034, 3.378200000000000092 ) ;
#5732 = AXIS2_PLACEMENT_3D ( 'NONE', #5596, #2353, #1767 ) ;
#5733 = CARTESIAN_POINT ( 'NONE',  ( 1.155695430351041830, -1.550193749999999815, -2.930642448104169517 ) ) ;
#5734 = EDGE_CURVE ( 'NONE', #1609, #1655, #492, .T. ) ;
#5735 = PLANE ( 'NONE',  #2930 ) ;
#5736 = CARTESIAN_POINT ( 'NONE',  ( 1.866623431903453367, -0.09286874999999999991, -2.815661947654398922 ) ) ;
#5737 = CARTESIAN_POINT ( 'NONE',  ( -2.022267367524238413, 2.600324999999999331, -2.537614276588661788 ) ) ;
#5738 =( BOUNDED_SURFACE ( )  B_SPLINE_SURFACE ( 1, 2, ( 
 ( #2246, #1261, #6792, #2356, #7133, #6120, #2282, #1110, #2111 ),
 ( #1143, #5565, #2869, #6234, #6272, #1732, #6716, #1222, #3487 ) ),
 .UNSPECIFIED., .F., .F., .T. ) 
 B_SPLINE_SURFACE_WITH_KNOTS ( ( 2, 2 ),
 ( 3, 2, 2, 2, 3 ),
 ( 0.000000000000000000, 1.000000000000000000 ),
 ( 0.000000000000000000, 0.05000000000000000278, 0.1000000000000000056, 0.1499999999999999944, 0.2000000000000000111 ),
 .UNSPECIFIED. ) 
 GEOMETRIC_REPRESENTATION_ITEM ( )  RATIONAL_B_SPLINE_SURFACE ( (
 ( 1.000000000000000000, 0.9876883405951377704, 1.000000000000000000, 0.9876883405951377704, 1.000000000000000000, 0.9876883405951377704, 1.000000000000000000, 0.9876883405951377704, 1.000000000000000000),
 ( 1.000000000000000000, 0.9876883405951377704, 1.000000000000000000, 0.9876883405951377704, 1.000000000000000000, 0.9876883405951377704, 1.000000000000000000, 0.9876883405951377704, 1.000000000000000000) ) ) 
 REPRESENTATION_ITEM ( '' )  SURFACE ( )  );
#5739 = ORIENTED_EDGE ( 'NONE', *, *, #1590, .T. ) ;
#5740 = CARTESIAN_POINT ( 'NONE',  ( -2.159109578966497800, 3.307556249999999753, -2.476171490249479579 ) ) ;
#5741 = ORIENTED_EDGE ( 'NONE', *, *, #3825, .T. ) ;
#5742 = CARTESIAN_POINT ( 'NONE',  ( 2.940255387415629862, -1.207420750006947818, 1.018003195856171494 ) ) ;
#5743 = ADVANCED_FACE ( 'NONE', ( #3475 ), #5700, .T. ) ;
#5744 = CARTESIAN_POINT ( 'NONE',  ( -0.7897777104917292901, 4.764881249999998403, -3.147269084541462814 ) ) ;
#5745 = CARTESIAN_POINT ( 'NONE',  ( 0.5496048259812167380, -0.09286874999999988889, -3.062575188506914348 ) ) ;
#5746 = CARTESIAN_POINT ( 'NONE',  ( -1.001835600901599843, -1.064418750000000191, -2.945803401241524622 ) ) ;
#5747 = ORIENTED_EDGE ( 'NONE', *, *, #2057, .T. ) ;
#5748 = CARTESIAN_POINT ( 'NONE',  ( 0.3966568822798012262, -1.127509193519549591, 3.166665602900153864 ) ) ;
#5749 = EDGE_CURVE ( 'NONE', #5632, #4557, #4971, .T. ) ;
#5750 = DIRECTION ( 'NONE',  ( -0.000000000000000000, -1.000000000000000000, -0.000000000000000000 ) ) ;
#5751 = ORIENTED_EDGE ( 'NONE', *, *, #617, .F. ) ;
#5752 = CYLINDRICAL_SURFACE ( 'NONE', #2583, 3.556000000000000050 ) ;
#5753 = DIRECTION ( 'NONE',  ( 0.000000000000000000, 0.000000000000000000, -1.000000000000000000 ) ) ;
#5754 = ADVANCED_FACE ( 'NONE', ( #6224 ), #2379, .T. ) ;
#5755 = CARTESIAN_POINT ( 'NONE',  ( 1.250678338589076732, 0.5572125000000001105, -3.138158525853030678 ) ) ;
#5756 = ORIENTED_EDGE ( 'NONE', *, *, #5047, .T. ) ;
#5757 = CARTESIAN_POINT ( 'NONE',  ( 0.7736233713222818720, 1.200149999999999828, -3.151278851806668779 ) ) ;
#5758 = CARTESIAN_POINT ( 'NONE',  ( 3.058947318407201799, -0.9407207500002884304, -1.433553815944851317 ) ) ;
#5759 = VERTEX_POINT ( 'NONE', #1352 ) ;
#5760 =( BOUNDED_SURFACE ( )  B_SPLINE_SURFACE ( 1, 2, ( 
 ( #2680, #3308, #2065, #6081, #5969, #4407, #5457, #3231, #1075 ),
 ( #6493, #2103, #1483, #3710, #491, #6530, #3858, #3746, #963 ) ),
 .UNSPECIFIED., .F., .F., .F. ) 
 B_SPLINE_SURFACE_WITH_KNOTS ( ( 2, 2 ),
 ( 3, 2, 2, 2, 3 ),
 ( 0.000000000000000000, 1.000000000000000000 ),
 ( 0.000000000000000000, 0.05000000000000000278, 0.1000000000000000056, 0.1499999999999999944, 0.2000000000000000111 ),
 .UNSPECIFIED. ) 
 GEOMETRIC_REPRESENTATION_ITEM ( )  RATIONAL_B_SPLINE_SURFACE ( (
 ( 1.000000000000000000, 0.9876883405951377704, 1.000000000000000000, 0.9876883405951377704, 1.000000000000000000, 0.9876883405951377704, 1.000000000000000000, 0.9876883405951377704, 1.000000000000000000),
 ( 1.000000000000000000, 0.9876883405951377704, 1.000000000000000000, 0.9876883405951377704, 1.000000000000000000, 0.9876883405951377704, 1.000000000000000000, 0.9876883405951377704, 1.000000000000000000) ) ) 
 REPRESENTATION_ITEM ( '' )  SURFACE ( )  );
#5761 = CARTESIAN_POINT ( 'NONE',  ( -1.329099015767108316, 4.764881249999998403, -3.298277096650146678 ) ) ;
#5762 = FACE_OUTER_BOUND ( 'NONE', #2036, .T. ) ;
#5763 = CARTESIAN_POINT ( 'NONE',  ( 1.322735693447402161, 2.600324999999998887, -2.963008911188123040 ) ) ;
#5764 = CARTESIAN_POINT ( 'NONE',  ( 0.4695654618033662797, 4.279106249999997225, -3.251566960742255041 ) ) ;
#5765 = CARTESIAN_POINT ( 'NONE',  ( -0.8117169222540171480, 0.5572124999999997774, 3.279230226459629360 ) ) ;
#5766 = CARTESIAN_POINT ( 'NONE',  ( -2.839202694983753439, 4.764881250000000179, -1.570980451596071914 ) ) ;
#5767 = ORIENTED_EDGE ( 'NONE', *, *, #784, .F. ) ;
#5768 =( BOUNDED_SURFACE ( )  B_SPLINE_SURFACE ( 1, 2, ( 
 ( #3360, #6216, #2854, #105, #5585, #2336, #579, #692, #5766 ),
 ( #289, #734, #1974, #1348, #2961, #187, #2409, #5694, #3029 ) ),
 .UNSPECIFIED., .F., .F., .T. ) 
 B_SPLINE_SURFACE_WITH_KNOTS ( ( 2, 2 ),
 ( 3, 2, 2, 2, 3 ),
 ( 0.000000000000000000, 1.000000000000000000 ),
 ( 0.000000000000000000, 0.05000000000000000278, 0.1000000000000000056, 0.1499999999999999944, 0.2000000000000000111 ),
 .UNSPECIFIED. ) 
 GEOMETRIC_REPRESENTATION_ITEM ( )  RATIONAL_B_SPLINE_SURFACE ( (
 ( 1.000000000000000000, 0.9876883405951377704, 1.000000000000000000, 0.9876883405951377704, 1.000000000000000000, 0.9876883405951377704, 1.000000000000000000, 0.9876883405951377704, 1.000000000000000000),
 ( 1.000000000000000000, 0.9876883405951377704, 1.000000000000000000, 0.9876883405951377704, 1.000000000000000000, 0.9876883405951377704, 1.000000000000000000, 0.9876883405951377704, 1.000000000000000000) ) ) 
 REPRESENTATION_ITEM ( '' )  SURFACE ( )  );
#5769 = CARTESIAN_POINT ( 'NONE',  ( -1.239624991056603953, 0.8786812499999998582, -2.853902964634210004 ) ) ;
#5770 = PERSON_AND_ORGANIZATION ( #2687, #3284 ) ;
#5771 = CARTESIAN_POINT ( 'NONE',  ( 0.5610553036986750675, 1.364456249999998816, -3.556341401079866849 ) ) ;
#5772 = CARTESIAN_POINT ( 'NONE',  ( -1.631935519244293253, -1.181751568882858594, -2.679396566979763250 ) ) ;
#5773 = ORIENTED_EDGE ( 'NONE', *, *, #884, .F. ) ;
#5774 = CARTESIAN_POINT ( 'NONE',  ( -2.846753504481709385, 4.764881250000000179, -2.130992840138395295 ) ) ;
#5775 = ORIENTED_EDGE ( 'NONE', *, *, #4718, .T. ) ;
#5776 = CARTESIAN_POINT ( 'NONE',  ( 1.711207879329510462, 0.3929062500000000124, 2.961466858689542292 ) ) ;
#5777 = CARTESIAN_POINT ( 'NONE',  ( -0.5903253188126580397, -0.09286875000000011093, 3.326221769210334855 ) ) ;
#5778 = CARTESIAN_POINT ( 'NONE',  ( 0.06454056879773785449, 0.3929062500000000124, -3.149624041269613262 ) ) ;
#5779 =( BOUNDED_SURFACE ( )  B_SPLINE_SURFACE ( 1, 2, ( 
 ( #6310, #2461, #1295, #5164, #2973, #5818, #3047, #5278, #5310 ),
 ( #2496, #304, #4765, #7009, #2131, #4832, #5999, #3187, #7152 ) ),
 .UNSPECIFIED., .F., .F., .T. ) 
 B_SPLINE_SURFACE_WITH_KNOTS ( ( 2, 2 ),
 ( 3, 2, 2, 2, 3 ),
 ( 0.000000000000000000, 1.000000000000000000 ),
 ( 0.000000000000000000, 0.05000000000000000278, 0.1000000000000000056, 0.1499999999999999944, 0.2000000000000000111 ),
 .UNSPECIFIED. ) 
 GEOMETRIC_REPRESENTATION_ITEM ( )  RATIONAL_B_SPLINE_SURFACE ( (
 ( 1.000000000000000000, 0.9876883405951377704, 1.000000000000000000, 0.9876883405951377704, 1.000000000000000000, 0.9876883405951377704, 1.000000000000000000, 0.9876883405951377704, 1.000000000000000000),
 ( 1.000000000000000000, 0.9876883405951377704, 1.000000000000000000, 0.9876883405951377704, 1.000000000000000000, 0.9876883405951377704, 1.000000000000000000, 0.9876883405951377704, 1.000000000000000000) ) ) 
 REPRESENTATION_ITEM ( '' )  SURFACE ( )  );
#5780 = CARTESIAN_POINT ( 'NONE',  ( -0.4236825286629946619, 0.8786812499999999693, -3.082519321092040521 ) ) ;
#5781 = CARTESIAN_POINT ( 'NONE',  ( 1.238612496337700986, 0.5572124999999998884, -3.142940394585313157 ) ) ;
#5782 = EDGE_CURVE ( 'NONE', #6717, #3350, #5956, .T. ) ;
#5783 = ORIENTED_EDGE ( 'NONE', *, *, #3159, .F. ) ;
#5784 = EDGE_CURVE ( 'NONE', #3668, #2345, #444, .T. ) ;
#5785 = DIRECTION ( 'NONE',  ( 0.000000000000000000, 0.000000000000000000, -1.000000000000000000 ) ) ;
#5786 = ORIENTED_EDGE ( 'NONE', *, *, #5784, .F. ) ;
#5787 = CARTESIAN_POINT ( 'NONE',  ( -0.4724083859037751520, -1.127509193519551367, 3.156253798378499731 ) ) ;
#5788 = ADVANCED_FACE ( 'NONE', ( #4141 ), #3762, .F. ) ;
#5789 = DIRECTION ( 'NONE',  ( -0.000000000000000000, -1.000000000000000000, -0.000000000000000000 ) ) ;
#5790 = LINE ( 'NONE', #3122, #722 ) ;
#5791 = EDGE_CURVE ( 'NONE', #461, #5456, #4421, .T. ) ;
#5792 = ORIENTED_EDGE ( 'NONE', *, *, #1677, .F. ) ;
#5793 = CARTESIAN_POINT ( 'NONE',  ( 1.769182849922574574, 2.223636876399968543, -2.748655784637223043 ) ) ;
#5794 = CARTESIAN_POINT ( 'NONE',  ( -2.343985421898098220, -1.064418750000000413, 2.432687316925296273 ) ) ;
#5795 = ORIENTED_EDGE ( 'NONE', *, *, #6661, .T. ) ;
#5796 = EDGE_CURVE ( 'NONE', #2729, #1231, #1431, .T. ) ;
#5797 = CARTESIAN_POINT ( 'NONE',  ( -2.715049121783400299, 3.307556249999999753, -2.364498991572276498 ) ) ;
#5798 = CARTESIAN_POINT ( 'NONE',  ( 2.885554539756490122, 2.600324999999999331, 2.078150860281980261 ) ) ;
#5799 = CARTESIAN_POINT ( 'NONE',  ( 2.906716392953156092, -0.5786437499999999012, -1.802641997827996612 ) ) ;
#5800 = CARTESIAN_POINT ( 'NONE',  ( 0.8487574528891767001, 0.3929062499999999014, 3.313325994761304738 ) ) ;
#5801 = CARTESIAN_POINT ( 'NONE',  ( -3.137092515173436347, -1.149975985603240103, -0.4555851531311297942 ) ) ;
#5802 =( BOUNDED_SURFACE ( )  B_SPLINE_SURFACE ( 1, 2, ( 
 ( #6919, #1897, #5660, #6849, #6326, #4133, #6364, #1346, #1824 ),
 ( #2298, #6771, #6813, #6254, #690, #6288, #1313, #2959, #1748 ) ),
 .UNSPECIFIED., .F., .F., .F. ) 
 B_SPLINE_SURFACE_WITH_KNOTS ( ( 2, 2 ),
 ( 3, 2, 2, 2, 3 ),
 ( 0.000000000000000000, 1.000000000000000000 ),
 ( 0.000000000000000000, 0.05000000000000000278, 0.1000000000000000056, 0.1499999999999999944, 0.2000000000000000111 ),
 .UNSPECIFIED. ) 
 GEOMETRIC_REPRESENTATION_ITEM ( )  RATIONAL_B_SPLINE_SURFACE ( (
 ( 1.000000000000000000, 0.9876883405951377704, 1.000000000000000000, 0.9876883405951377704, 1.000000000000000000, 0.9876883405951377704, 1.000000000000000000, 0.9876883405951377704, 1.000000000000000000),
 ( 1.000000000000000000, 0.9876883405951377704, 1.000000000000000000, 0.9876883405951377704, 1.000000000000000000, 0.9876883405951377704, 1.000000000000000000, 0.9876883405951377704, 1.000000000000000000) ) ) 
 REPRESENTATION_ITEM ( '' )  SURFACE ( )  );
#5803 = CARTESIAN_POINT ( 'NONE',  ( 3.600256292374624412, 2.336006249999996953, -0.02240187626212724811 ) ) ;
#5804 = EDGE_LOOP ( 'NONE', ( #6863, #7059, #4630, #736 ) ) ;
#5805 = EDGE_CURVE ( 'NONE', #4789, #5476, #1002, .T. ) ;
#5806 = CARTESIAN_POINT ( 'NONE',  ( -3.323929227245785434, -3.007518750000000463, 0.6031001013606571703 ) ) ;
#5807 = CARTESIAN_POINT ( 'NONE',  ( -3.317680233247421562, 4.764881250000000179, -1.279896038715385487 ) ) ;
#5808 = DIRECTION ( 'NONE',  ( 1.000000000000000000, 0.000000000000000000, 0.000000000000000000 ) ) ;
#5809 = DIRECTION ( 'NONE',  ( 0.000000000000000000, 0.000000000000000000, -1.000000000000000000 ) ) ;
#5810 = CARTESIAN_POINT ( 'NONE',  ( -0.04432034756942670323, 3.793331249999998711, -3.244547307297481531 ) ) ;
#5811 = ORIENTED_EDGE ( 'NONE', *, *, #2311, .F. ) ;
#5812 = CARTESIAN_POINT ( 'NONE',  ( -3.086577806490671261, 1.850231250000001548, -1.765835055852966962 ) ) ;
#5813 = ORIENTED_EDGE ( 'NONE', *, *, #1249, .T. ) ;
#5814 = CARTESIAN_POINT ( 'NONE',  ( 3.112273205143696320, 2.821781249999996799, 0.9180452162309921116 ) ) ;
#5815 = AXIS2_PLACEMENT_3D ( 'NONE', #2728, #3935, #1699 ) ;
#5816 = CARTESIAN_POINT ( 'NONE',  ( 1.037747469401455236, -0.09286874999999979174, -3.214858539617392985 ) ) ;
#5817 = CARTESIAN_POINT ( 'NONE',  ( 1.180744641210815793, -1.064418749999999747, -3.165134646780756622 ) ) ;
#5818 = CARTESIAN_POINT ( 'NONE',  ( 0.1121637026920331015, 3.307556249999997977, 3.283382208471568919 ) ) ;
#5819 = ORIENTED_EDGE ( 'NONE', *, *, #7030, .T. ) ;
#5820 = CARTESIAN_POINT ( 'NONE',  ( -2.443677985380360962, -1.149975985603240991, -2.019243715918930704 ) ) ;
#5821 = ORIENTED_EDGE ( 'NONE', *, *, #2387, .T. ) ;
#5822 =( BOUNDED_CURVE ( )  B_SPLINE_CURVE ( 1, ( #2562, #4941 ),
 .UNSPECIFIED., .F., .F. ) 
 B_SPLINE_CURVE_WITH_KNOTS ( ( 2, 2 ),
 ( 0.000000000000000000, 0.0005566452967378095976 ),
 .UNSPECIFIED. ) 
 CURVE ( )  GEOMETRIC_REPRESENTATION_ITEM ( )  RATIONAL_B_SPLINE_CURVE ( ( 0.9945407480612344919, 0.9945407480612344919 ) ) 
 REPRESENTATION_ITEM ( '' )  );
#5823 = ADVANCED_FACE ( 'NONE', ( #192 ), #5716, .T. ) ;
#5824 = CARTESIAN_POINT ( 'NONE',  ( -2.923238845763016958, -1.207420750006947152, 1.065883155238942948 ) ) ;
#5825 = CARTESIAN_POINT ( 'NONE',  ( 1.010288704766856061, 0.5572124999999997774, 3.223593022237842387 ) ) ;
#5826 = ORIENTED_EDGE ( 'NONE', *, *, #6513, .T. ) ;
#5827 = CARTESIAN_POINT ( 'NONE',  ( 0.000000000000000000, -2.857500000000000373, -3.378200000000000092 ) ) ;
#5828 = CARTESIAN_POINT ( 'NONE',  ( 3.324609815497087784, -1.550193749999999815, -0.8034226385261551417 ) ) ;
#5829 = ORIENTED_EDGE ( 'NONE', *, *, #5328, .F. ) ;
#5830 = CARTESIAN_POINT ( 'NONE',  ( -2.283271954769339196, 3.793331249999999599, -2.726133742237128565 ) ) ;
#5831 = CARTESIAN_POINT ( 'NONE',  ( -1.444740695883899084, -0.9730674576370970108, 3.017874525708905242 ) ) ;
#5832 = EDGE_CURVE ( 'NONE', #1998, #2726, #5162, .T. ) ;
#5833 = CARTESIAN_POINT ( 'NONE',  ( 3.289021190302591879, -3.007518749999999574, 0.7710867977993981492 ) ) ;
#5834 = CARTESIAN_POINT ( 'NONE',  ( 1.499739278233022333, 1.364456249999998150, -3.273091705432070508 ) ) ;
#5835 = CARTESIAN_POINT ( 'NONE',  ( -2.971330796472128721, 1.200149999999999828, -1.953542755594648073 ) ) ;
#5836 = CONICAL_SURFACE ( 'NONE', #355, 3.070859999999999257, 0.7853981633974530530 ) ;
#5837 = CARTESIAN_POINT ( 'NONE',  ( -2.926928844861714563, 2.600324999999998887, 2.019461199705621546 ) ) ;
#5838 = CARTESIAN_POINT ( 'NONE',  ( -1.534339123051921661, -0.9706622954023403915, 2.976960803447474824 ) ) ;
#5839 = VERTEX_POINT ( 'NONE', #4803 ) ;
#5840 = EDGE_CURVE ( 'NONE', #3350, #3637, #5440, .T. ) ;
#5841 = B_SPLINE_CURVE_WITH_KNOTS ( 'NONE', 3,
 ( #7028, #2045, #4280, #3102, #1569, #463, #6023, #4784, #6542, #1494 ),
 .UNSPECIFIED., .F., .F.,
 ( 4, 3, 3, 4 ),
 ( 2.026089592675735311E-16, 0.0002589485462244644782, 0.0005341756780451743835, 0.0008103109524490973055 ),
 .UNSPECIFIED. ) ;
#5842 = AXIS2_PLACEMENT_3D ( 'NONE', #3185, #3110, #3625 ) ;
#5843 = DIRECTION ( 'NONE',  ( -0.000000000000000000, -1.000000000000000000, -0.000000000000000000 ) ) ;
#5844 = DATE_AND_TIME ( #3582, #2235 ) ;
#5845 =( BOUNDED_SURFACE ( )  B_SPLINE_SURFACE ( 1, 2, ( 
 ( #5647, #1153, #3533, #1191, #6244, #2950, #6162, #1230, #1741 ),
 ( #5609, #6201, #3459, #5173, #606, #3975, #1816, #5684, #2843 ) ),
 .UNSPECIFIED., .F., .F., .F. ) 
 B_SPLINE_SURFACE_WITH_KNOTS ( ( 2, 2 ),
 ( 3, 2, 2, 2, 3 ),
 ( 0.000000000000000000, 1.000000000000000000 ),
 ( 0.000000000000000000, 0.05000000000000000278, 0.1000000000000000056, 0.1499999999999999944, 0.2000000000000000111 ),
 .UNSPECIFIED. ) 
 GEOMETRIC_REPRESENTATION_ITEM ( )  RATIONAL_B_SPLINE_SURFACE ( (
 ( 1.000000000000000000, 0.9876883405951377704, 1.000000000000000000, 0.9876883405951377704, 1.000000000000000000, 0.9876883405951377704, 1.000000000000000000, 0.9876883405951377704, 1.000000000000000000),
 ( 1.000000000000000000, 0.9876883405951377704, 1.000000000000000000, 0.9876883405951377704, 1.000000000000000000, 0.9876883405951377704, 1.000000000000000000, 0.9876883405951377704, 1.000000000000000000) ) ) 
 REPRESENTATION_ITEM ( '' )  SURFACE ( )  );
#5846 = EDGE_CURVE ( 'NONE', #279, #4222, #2179, .T. ) ;
#5847 = CARTESIAN_POINT ( 'NONE',  ( 3.131701872884073534, -0.09286874999999988889, 1.266759100766354562 ) ) ;
#5848 = AXIS2_PLACEMENT_3D ( 'NONE', #5405, #985, #6477 ) ;
#5849 = CIRCLE ( 'NONE', #6331, 3.556000000000000050 ) ;
#5850 = ORIENTED_EDGE ( 'NONE', *, *, #3871, .T. ) ;
#5851 = CARTESIAN_POINT ( 'NONE',  ( 2.957097153321400551, -0.5156196993879220702, 1.698419648488503686 ) ) ;
#5852 = VERTEX_POINT ( 'NONE', #5420 ) ;
#5853 = CARTESIAN_POINT ( 'NONE',  ( -3.455810478217991921, 1.200150000000000272, 0.8381586595858427913 ) ) ;
#5854 = AXIS2_PLACEMENT_3D ( 'NONE', #2095, #4324, #6557 ) ;
#5855 = CARTESIAN_POINT ( 'NONE',  ( 2.244776174250495693, -2.035968749999999439, -2.154625762752621299 ) ) ;
#5856 = B_SPLINE_CURVE_WITH_KNOTS ( 'NONE', 3,
 ( #126, #4629, #2428, #5094, #4592, #6871, #5243, #5679, #637, #4152 ),
 .UNSPECIFIED., .F., .F.,
 ( 4, 3, 3, 4 ),
 ( 8.094634541334935986E-16, 0.0001296210011225057727, 0.0002688043935198816486, 0.0004095291194012238276 ),
 .UNSPECIFIED. ) ;
#5857 = CARTESIAN_POINT ( 'NONE',  ( 2.244776174250495693, -2.035968749999999439, -2.154625762752621299 ) ) ;
#5858 = CARTESIAN_POINT ( 'NONE',  ( 0.9209977687035429961, -3.007518750000000018, -2.972069205123444302 ) ) ;
#5859 = ORIENTED_EDGE ( 'NONE', *, *, #5782, .T. ) ;
#5860 = CARTESIAN_POINT ( 'NONE',  ( 3.207801325124730596, 1.200150000000000272, 1.534648708508898007 ) ) ;
#5861 = AXIS2_PLACEMENT_3D ( 'NONE', #3208, #5434, #427 ) ;
#5862 = EDGE_LOOP ( 'NONE', ( #2677, #331, #3699, #3527 ) ) ;
#5863 = CARTESIAN_POINT ( 'NONE',  ( -2.527265385917706553, -1.207420750006950927, 1.815037718380041465 ) ) ;
#5864 = CARTESIAN_POINT ( 'NONE',  ( 0.4742748286644341560, 2.600324999999999331, -3.210002322334881253 ) ) ;
#5865 = CARTESIAN_POINT ( 'NONE',  ( 0.4664263125551051381, 0.8786812499999999693, 3.345845443973203714 ) ) ;
#5866 = ORIENTED_EDGE ( 'NONE', *, *, #4006, .T. ) ;
#5867 = CARTESIAN_POINT ( 'NONE',  ( -0.8394726534550412955, 0.8786812499999997472, 2.996117139582688882 ) ) ;
#5868 = EDGE_CURVE ( 'NONE', #3282, #6855, #2220, .T. ) ;
#5869 =( BOUNDED_CURVE ( )  B_SPLINE_CURVE ( 1, ( #952, #6521 ),
 .UNSPECIFIED., .F., .F. ) 
 B_SPLINE_CURVE_WITH_KNOTS ( ( 2, 2 ),
 ( 0.000000000000000000, 0.0005566452967378102482 ),
 .UNSPECIFIED. ) 
 CURVE ( )  GEOMETRIC_REPRESENTATION_ITEM ( )  RATIONAL_B_SPLINE_CURVE ( ( 0.9945407480612344919, 0.9945407480612344919 ) ) 
 REPRESENTATION_ITEM ( '' )  );
#5870 = CARTESIAN_POINT ( 'NONE',  ( -3.449587023651975226, 1.850231250000001104, -0.8634149444223827574 ) ) ;
#5871 = ORIENTED_EDGE ( 'NONE', *, *, #6929, .T. ) ;
#5872 = CARTESIAN_POINT ( 'NONE',  ( -1.609613647566063843, 4.764881249999999291, -2.817480333217799338 ) ) ;
#5873 = CARTESIAN_POINT ( 'NONE',  ( 0.1435166106407508302, 1.850231249999998662, -3.553102726135314526 ) ) ;
#5874 = CARTESIAN_POINT ( 'NONE',  ( 0.000000000000000000, 0.5572124999999997774, 0.000000000000000000 ) ) ;
#5875 = DIRECTION ( 'NONE',  ( 0.000000000000000000, 0.000000000000000000, -1.000000000000000000 ) ) ;
#5876 = CARTESIAN_POINT ( 'NONE',  ( 3.230029123146859416, 4.764881249999995738, 0.3097795766721622157 ) ) ;
#5877 = EDGE_CURVE ( 'NONE', #2498, #3184, #5899, .T. ) ;
#5878 = CARTESIAN_POINT ( 'NONE',  ( -0.2404403148021685144, -1.149975985603240547, 3.160869458792712638 ) ) ;
#5879 =( BOUNDED_CURVE ( )  B_SPLINE_CURVE ( 1, ( #2368, #5035 ),
 .UNSPECIFIED., .F., .T. ) 
 B_SPLINE_CURVE_WITH_KNOTS ( ( 2, 2 ),
 ( 0.000000000000000000, 0.0005566452967378115492 ),
 .UNSPECIFIED. ) 
 CURVE ( )  GEOMETRIC_REPRESENTATION_ITEM ( )  RATIONAL_B_SPLINE_CURVE ( ( 0.9956508716769392198, 0.9956508716769392198 ) ) 
 REPRESENTATION_ITEM ( '' )  );
#5880 = EDGE_CURVE ( 'NONE', #81, #3013, #1241, .T. ) ;
#5881 = ORIENTED_EDGE ( 'NONE', *, *, #4448, .T. ) ;
#5882 = CARTESIAN_POINT ( 'NONE',  ( -2.242473041775912890, 0.8786812500000010795, 2.759791777817356184 ) ) ;
#5883 = DATE_AND_TIME ( #6510, #5614 ) ;
#5884 = EDGE_CURVE ( 'NONE', #1471, #2052, #5995, .T. ) ;
#5885 = CARTESIAN_POINT ( 'NONE',  ( 2.940255387415629862, -1.207420750006947818, 1.018003195856171494 ) ) ;
#5886 = CARTESIAN_POINT ( 'NONE',  ( 0.3547613972849969488, -1.036468050703328370, 3.263225409641123065 ) ) ;
#5887 = VERTEX_POINT ( 'NONE', #4911 ) ;
#5888 = CARTESIAN_POINT ( 'NONE',  ( -1.547195055661394703, 1.850231249999999772, 3.201768801730839886 ) ) ;
#5889 = ORIENTED_EDGE ( 'NONE', *, *, #1552, .F. ) ;
#5890 = EDGE_CURVE ( 'NONE', #4637, #665, #3950, .T. ) ;
#5891 = CARTESIAN_POINT ( 'NONE',  ( 0.000000000000000000, -2.857500000000000373, 0.000000000000000000 ) ) ;
#5892 =( BOUNDED_CURVE ( )  B_SPLINE_CURVE ( 1, ( #3912, #1572 ),
 .UNSPECIFIED., .F., .T. ) 
 B_SPLINE_CURVE_WITH_KNOTS ( ( 2, 2 ),
 ( 1.563658610346375379E-18, 0.0005566452967378108987 ),
 .UNSPECIFIED. ) 
 CURVE ( )  GEOMETRIC_REPRESENTATION_ITEM ( )  RATIONAL_B_SPLINE_CURVE ( ( 0.9956508716769392198, 0.9956508716769392198 ) ) 
 REPRESENTATION_ITEM ( '' )  );
#5893 = CARTESIAN_POINT ( 'NONE',  ( -2.334086262575282067, 1.200150000000000050, -2.682755545862752111 ) ) ;
#5894 = CARTESIAN_POINT ( 'NONE',  ( 0.000000000000000000, 2.600324999999999331, 0.000000000000000000 ) ) ;
#5895 = CARTESIAN_POINT ( 'NONE',  ( -3.086035736900329063, 4.764881250000000179, 1.002713794197548358 ) ) ;
#5896 = ORIENTED_EDGE ( 'NONE', *, *, #5782, .F. ) ;
#5897 = CARTESIAN_POINT ( 'NONE',  ( 3.239356260952674038, 2.600324999999998443, -0.1887393364583336564 ) ) ;
#5898 = ORIENTED_EDGE ( 'NONE', *, *, #225, .T. ) ;
#5899 = LINE ( 'NONE', #2137, #6073 ) ;
#5900 = CARTESIAN_POINT ( 'NONE',  ( -0.5928644172743138263, -0.9407207500002892075, 3.325770139791779378 ) ) ;
#5901 = LINE ( 'NONE', #2030, #1537 ) ;
#5902 = DIRECTION ( 'NONE',  ( -0.000000000000000000, -1.000000000000000000, -0.000000000000000000 ) ) ;
#5903 = ORIENTED_EDGE ( 'NONE', *, *, #2533, .T. ) ;
#5904 = CARTESIAN_POINT ( 'NONE',  ( 3.153890977100239468, 1.200149999999999606, -0.7629044678501426535 ) ) ;
#5905 = CARTESIAN_POINT ( 'NONE',  ( -2.774251606121275859, -1.207420750006949595, -1.408886182746333926 ) ) ;
#5906 = ORIENTED_EDGE ( 'NONE', *, *, #617, .T. ) ;
#5907 = CARTESIAN_POINT ( 'NONE',  ( -3.169449355731136286, 2.336006250000000506, -0.8647370725050997908 ) ) ;
#5908 = CARTESIAN_POINT ( 'NONE',  ( 0.000000000000000000, -2.857500000000000373, 0.000000000000000000 ) ) ;
#5909 = FACE_OUTER_BOUND ( 'NONE', #136, .T. ) ;
#5910 = CARTESIAN_POINT ( 'NONE',  ( 2.538137469347943487, 0.5572124999999995554, 2.229370634661725248 ) ) ;
#5911 = CARTESIAN_POINT ( 'NONE',  ( 1.238511327222428626, 2.821781249999997687, -3.333350520473619572 ) ) ;
#5912 = CARTESIAN_POINT ( 'NONE',  ( 2.534223228996457689, 2.336006249999997397, -2.090667847536762824 ) ) ;
#5913 = CARTESIAN_POINT ( 'NONE',  ( 3.252126308568187518, -1.060154572504550474, -0.2230245413949209221 ) ) ;
#5914 = ORIENTED_EDGE ( 'NONE', *, *, #4120, .F. ) ;
#5915 = CARTESIAN_POINT ( 'NONE',  ( -2.993592733296366770, 2.821781250000000352, 1.251980059607653351 ) ) ;
#5916 = CARTESIAN_POINT ( 'NONE',  ( -0.9362309113034481545, 0.5572124999999997774, -2.967305837071725350 ) ) ;
#5917 =( BOUNDED_CURVE ( )  B_SPLINE_CURVE ( 2, ( #6988, #1964, #4196, #6427, #3639 ),
 .UNSPECIFIED., .F., .T. ) 
 B_SPLINE_CURVE_WITH_KNOTS ( ( 3, 2, 3 ),
 ( 0.01659028043918807718, 0.05000000000000000278, 0.09358265573071412879 ),
 .UNSPECIFIED. ) 
 CURVE ( )  GEOMETRIC_REPRESENTATION_ITEM ( )  RATIONAL_B_SPLINE_CURVE ( ( 0.9945407480612344919, 0.9917734182391063635, 1.000000000000000000, 0.9892685037336815812, 0.9972452917573791931 ) ) 
 REPRESENTATION_ITEM ( '' )  );
#5918 = CARTESIAN_POINT ( 'NONE',  ( 1.789017718841328985, -2.035968749999999883, 2.865597815757083389 ) ) ;
#5919 = ORIENTED_EDGE ( 'NONE', *, *, #4031, .F. ) ;
#5920 = CARTESIAN_POINT ( 'NONE',  ( -2.806897009463952042, 2.336006250000000950, -2.254700954252126799 ) ) ;
#5921 = EDGE_LOOP ( 'NONE', ( #374, #2141, #1088, #6631 ) ) ;
#5922 = CARTESIAN_POINT ( 'NONE',  ( 2.881054350932932273, 0.8786812499999978598, 1.492842037681960887 ) ) ;
#5923 = EDGE_CURVE ( 'NONE', #7153, #494, #5479, .T. ) ;
#5924 = CARTESIAN_POINT ( 'NONE',  ( 1.879570721995793114, -0.9407207499999044042, -2.807035650114998671 ) ) ;
#5925 = CARTESIAN_POINT ( 'NONE',  ( -3.566294146688224309, 2.223636876399969431, -0.3378052902433149596 ) ) ;
#5926 = ORIENTED_EDGE ( 'NONE', *, *, #2302, .T. ) ;
#5927 = CYLINDRICAL_SURFACE ( 'NONE', #2321, 3.378200000000000092 ) ;
#5928 = ORIENTED_EDGE ( 'NONE', *, *, #3152, .F. ) ;
#5929 = B_SPLINE_CURVE_WITH_KNOTS ( 'NONE', 3,
 ( #2551, #3723, #2619, #5467, #2011, #5946, #939, #6472, #4850, #3174 ),
 .UNSPECIFIED., .F., .F.,
 ( 4, 3, 3, 4 ),
 ( 8.095865904396056863E-16, 0.0001296210011224982917, 0.0002688043935199180235, 0.0004095291194012575463 ),
 .UNSPECIFIED. ) ;
#5930 =( BOUNDED_CURVE ( )  B_SPLINE_CURVE ( 1, ( #2191, #6134 ),
 .UNSPECIFIED., .F., .T. ) 
 B_SPLINE_CURVE_WITH_KNOTS ( ( 2, 2 ),
 ( 0.000000000000000000, 0.0005566452967378105734 ),
 .UNSPECIFIED. ) 
 CURVE ( )  GEOMETRIC_REPRESENTATION_ITEM ( )  RATIONAL_B_SPLINE_CURVE ( ( 0.9945407480612344919, 0.9945407480612344919 ) ) 
 REPRESENTATION_ITEM ( '' )  );
#5931 = CARTESIAN_POINT ( 'NONE',  ( 2.273996102851388201, 0.8786812500000001913, 2.123764105124838153 ) ) ;
#5932 = CIRCLE ( 'NONE', #5349, 3.378200000000000092 ) ;
#5933 = CARTESIAN_POINT ( 'NONE',  ( 2.695871087260020449, -1.149975985603240547, 1.667688928243568958 ) ) ;
#5934 = CARTESIAN_POINT ( 'NONE',  ( -2.950619321332848877, 0.5572124999999997774, 1.645016978811246089 ) ) ;
#5935 = EDGE_CURVE ( 'NONE', #4785, #6218, #1477, .T. ) ;
#5936 = ORIENTED_EDGE ( 'NONE', *, *, #1448, .T. ) ;
#5937 = CARTESIAN_POINT ( 'NONE',  ( -2.442056846066068321, 1.200149999999999606, -2.136681979865473480 ) ) ;
#5938 = DIRECTION ( 'NONE',  ( -0.000000000000000000, -1.000000000000000000, -0.000000000000000000 ) ) ;
#5939 = ORIENTED_EDGE ( 'NONE', *, *, #3210, .T. ) ;
#5940 = CARTESIAN_POINT ( 'NONE',  ( 2.127533436348612472, 1.850231249999997996, 2.849339831823973324 ) ) ;
#5941 = CARTESIAN_POINT ( 'NONE',  ( -3.221072382497682351, 4.279106249999999889, 0.6464302977273849171 ) ) ;
#5942 = CARTESIAN_POINT ( 'NONE',  ( 0.1031094701081375492, 0.5572124999999998884, 3.376626078969067635 ) ) ;
#5943 = CARTESIAN_POINT ( 'NONE',  ( 2.567200295926222342, -0.9407207499999045153, -2.195841041741557031 ) ) ;
#5944 = ORIENTED_EDGE ( 'NONE', *, *, #2894, .T. ) ;
#5945 = CARTESIAN_POINT ( 'NONE',  ( 0.1175223847898548418, 1.200149999999999828, 3.554057468453953206 ) ) ;
#5946 = CARTESIAN_POINT ( 'NONE',  ( -2.111092153129051407, -1.067499318559795407, 2.472904630807648552 ) ) ;
#5947 = ORIENTED_EDGE ( 'NONE', *, *, #2347, .F. ) ;
#5948 = CARTESIAN_POINT ( 'NONE',  ( 2.633213933237515736, 3.793331249999996047, 2.389836894393392974 ) ) ;
#5949 = CARTESIAN_POINT ( 'NONE',  ( -3.191886894334804659, 3.307556250000000642, 0.7778415499849093973 ) ) ;
#5950 =( BOUNDED_SURFACE ( )  B_SPLINE_SURFACE ( 1, 2, ( 
 ( #1992, #6983, #2570, #1301, #5315, #5245, #4736, #4664, #3054 ),
 ( #3014, #4769, #1404, #1924, #5283, #6907, #6353, #1336, #3564 ) ),
 .UNSPECIFIED., .F., .F., .F. ) 
 B_SPLINE_SURFACE_WITH_KNOTS ( ( 2, 2 ),
 ( 3, 2, 2, 2, 3 ),
 ( 0.000000000000000000, 1.000000000000000000 ),
 ( 0.000000000000000000, 0.05000000000000000278, 0.1000000000000000056, 0.1499999999999999944, 0.2000000000000000111 ),
 .UNSPECIFIED. ) 
 GEOMETRIC_REPRESENTATION_ITEM ( )  RATIONAL_B_SPLINE_SURFACE ( (
 ( 1.000000000000000000, 0.9876883405951377704, 1.000000000000000000, 0.9876883405951377704, 1.000000000000000000, 0.9876883405951377704, 1.000000000000000000, 0.9876883405951377704, 1.000000000000000000),
 ( 1.000000000000000000, 0.9876883405951377704, 1.000000000000000000, 0.9876883405951377704, 1.000000000000000000, 0.9876883405951377704, 1.000000000000000000, 0.9876883405951377704, 1.000000000000000000) ) ) 
 REPRESENTATION_ITEM ( '' )  SURFACE ( )  );
#5951 = CARTESIAN_POINT ( 'NONE',  ( 0.6100829162732878119, -0.5156196993879220702, -3.355123203672977894 ) ) ;
#5952 = CARTESIAN_POINT ( 'NONE',  ( 0.8159385351588688273, -3.007518750000000463, 3.278182354116804920 ) ) ;
#5953 = CARTESIAN_POINT ( 'NONE',  ( -3.553637346389642460, 1.200149999999999606, -0.1296055953451681064 ) ) ;
#5954 = ORIENTED_EDGE ( 'NONE', *, *, #4139, .T. ) ;
#5955 = EDGE_CURVE ( 'NONE', #2394, #5702, #2263, .T. ) ;
#5956 = CIRCLE ( 'NONE', #2812, 3.556000000000000050 ) ;
#5957 = CARTESIAN_POINT ( 'NONE',  ( -2.389836894393353006, 2.821781250000000352, -2.633213933237547266 ) ) ;
#5958 = ORIENTED_EDGE ( 'NONE', *, *, #1459, .F. ) ;
#5959 = DIRECTION ( 'NONE',  ( -0.000000000000000000, -1.000000000000000000, -0.000000000000000000 ) ) ;
#5960 =( BOUNDED_CURVE ( )  B_SPLINE_CURVE ( 2, ( #7098, #7027, #6581 ),
 .UNSPECIFIED., .F., .T. ) 
 B_SPLINE_CURVE_WITH_KNOTS ( ( 3, 3 ),
 ( 0.08724308755158802220, 0.09358265573073309973 ),
 .UNSPECIFIED. ) 
 CURVE ( )  GEOMETRIC_REPRESENTATION_ITEM ( )  RATIONAL_B_SPLINE_CURVE ( ( 0.9953205174470167726, 0.9960849817515130544, 0.9972452917573862985 ) ) 
 REPRESENTATION_ITEM ( '' )  );
#5961 = CARTESIAN_POINT ( 'NONE',  ( 3.110339041046436659, -0.09286874999999979174, -0.08498999789590343246 ) ) ;
#5962 = CARTESIAN_POINT ( 'NONE',  ( -2.680423288466486476, -0.5786437500000005674, 1.655182189673023441 ) ) ;
#5963 = ORIENTED_EDGE ( 'NONE', *, *, #2092, .T. ) ;
#5964 = CARTESIAN_POINT ( 'NONE',  ( 1.072037565459877495, 1.200149999999999828, 3.390556216646892107 ) ) ;
#5965 = ADVANCED_FACE ( 'NONE', ( #1726 ), #629, .T. ) ;
#5966 = ORIENTED_EDGE ( 'NONE', *, *, #388, .T. ) ;
#5967 = CIRCLE ( 'NONE', #2582, 3.378200000000000092 ) ;
#5968 = CARTESIAN_POINT ( 'NONE',  ( 2.762654857058993496, 0.8786812500000001913, 1.431492364900472714 ) ) ;
#5969 = CARTESIAN_POINT ( 'NONE',  ( 2.749176037066932921, 2.821781249999996799, 1.723682870982063964 ) ) ;
#5970 = CARTESIAN_POINT ( 'NONE',  ( -2.631916346094004044, 2.600324999999998887, -1.897911449373543835 ) ) ;
#5971 = EDGE_CURVE ( 'NONE', #6292, #4954, #7232, .T. ) ;
#5972 = AXIS2_PLACEMENT_3D ( 'NONE', #1641, #5003, #2780 ) ;
#5973 = ORIENTED_EDGE ( 'NONE', *, *, #3335, .F. ) ;
#5974 = CARTESIAN_POINT ( 'NONE',  ( -1.626551667052643868, 2.223636876399969431, -2.835391728366308151 ) ) ;
#5975 = AXIS2_PLACEMENT_3D ( 'NONE', #2284, #3416, #2320 ) ;
#5976 =( BOUNDED_CURVE ( )  B_SPLINE_CURVE ( 1, ( #1696, #53 ),
 .UNSPECIFIED., .F., .T. ) 
 B_SPLINE_CURVE_WITH_KNOTS ( ( 2, 2 ),
 ( 0.000000000000000000, 0.0005566452967378117660 ),
 .UNSPECIFIED. ) 
 CURVE ( )  GEOMETRIC_REPRESENTATION_ITEM ( )  RATIONAL_B_SPLINE_CURVE ( ( 0.9956508716769392198, 0.9956508716769392198 ) ) 
 REPRESENTATION_ITEM ( '' )  );
#5977 = ORIENTED_EDGE ( 'NONE', *, *, #1059, .F. ) ;
#5978 = CARTESIAN_POINT ( 'NONE',  ( 3.358752802968900664, -0.09286874999999968072, 0.3619597333248066318 ) ) ;
#5979 = EDGE_CURVE ( 'NONE', #6389, #6473, #4790, .T. ) ;
#5980 = CARTESIAN_POINT ( 'NONE',  ( 0.08498999789586049458, -3.007518750000000463, -3.110339041046436659 ) ) ;
#5981 = CARTESIAN_POINT ( 'NONE',  ( -1.251980059607695761, 3.793331249999999599, 2.993592733296353003 ) ) ;
#5982 = CARTESIAN_POINT ( 'NONE',  ( 0.000000000000000000, 1.200150000000000050, 0.000000000000000000 ) ) ;
#5983 = ORIENTED_EDGE ( 'NONE', *, *, #2126, .T. ) ;
#5984 = CYLINDRICAL_SURFACE ( 'NONE', #5861, 2.933033249999999814 ) ;
#5985 = CARTESIAN_POINT ( 'NONE',  ( 3.105876717029535605, -1.207420750006950705, 0.1869814659634334852 ) ) ;
#5986 = VERTEX_POINT ( 'NONE', #82 ) ;
#5987 = CARTESIAN_POINT ( 'NONE',  ( 0.2018067782294531987, 2.336006249999999174, -3.279093388022041644 ) ) ;
#5988 = CARTESIAN_POINT ( 'NONE',  ( -1.896259686572974168, -0.5156196993879217372, 2.834299221612198050 ) ) ;
#5989 = APPROVAL_DATE_TIME ( #5883, #4215 ) ;
#5990 = CARTESIAN_POINT ( 'NONE',  ( -3.344200865133570844, -0.9730674576370983431, 0.1056546492385108116 ) ) ;
#5991 = CARTESIAN_POINT ( 'NONE',  ( -0.09364526880483281523, 2.223636876399968987, 3.581032940151424704 ) ) ;
#5992 = CARTESIAN_POINT ( 'NONE',  ( 2.972069205123430091, -0.09286874999999968072, -0.9209977687035837413 ) ) ;
#5993 = ORIENTED_EDGE ( 'NONE', *, *, #4677, .T. ) ;
#5994 = CARTESIAN_POINT ( 'NONE',  ( 2.897981381806990164, -0.5786437499999996792, 1.235314128901757513 ) ) ;
#5995 =( BOUNDED_CURVE ( )  B_SPLINE_CURVE ( 2, ( #5491, #488, #3784, #4870, #2568 ),
 .UNSPECIFIED., .F., .F. ) 
 B_SPLINE_CURVE_WITH_KNOTS ( ( 3, 2, 3 ),
 ( 0.01659028043918808759, 0.05000000000000000278, 0.09358265573072890864 ),
 .UNSPECIFIED. ) 
 CURVE ( )  GEOMETRIC_REPRESENTATION_ITEM ( )  RATIONAL_B_SPLINE_CURVE ( ( 0.9945407480612344919, 0.9917734182391063635, 1.000000000000000000, 0.9892685037336780285, 0.9972452917573846332 ) ) 
 REPRESENTATION_ITEM ( '' )  );
#5996 = CARTESIAN_POINT ( 'NONE',  ( 1.896969770606286243, -3.007518750000000018, 2.466361275118864604 ) ) ;
#5997 = CARTESIAN_POINT ( 'NONE',  ( -1.638339757382591300, -1.207420750006949595, -2.645236301236538079 ) ) ;
#5998 = CARTESIAN_POINT ( 'NONE',  ( -3.216192062180830202, 0.5572124999999997774, -1.033607207388291815 ) ) ;
#5999 = CARTESIAN_POINT ( 'NONE',  ( -0.9104511853754235773, 3.793331249999998711, 3.437472129203158477 ) ) ;
#6000 = ORIENTED_EDGE ( 'NONE', *, *, #4368, .F. ) ;
#6001 = VERTEX_POINT ( 'NONE', #525 ) ;
#6002 = CARTESIAN_POINT ( 'NONE',  ( -3.384247662425075465, -0.5786437500000005674, 0.4953646341497526806 ) ) ;
#6003 = ORIENTED_EDGE ( 'NONE', *, *, #5086, .T. ) ;
#6004 =( BOUNDED_SURFACE ( )  B_SPLINE_SURFACE ( 1, 2, ( 
 ( #6058, #3831, #3908, #609, #5507, #6022, #1049, #3388, #6654 ),
 ( #6164, #504, #4963, #3318, #4997, #1155, #1634, #4454, #3870 ) ),
 .UNSPECIFIED., .F., .F., .T. ) 
 B_SPLINE_SURFACE_WITH_KNOTS ( ( 2, 2 ),
 ( 3, 2, 2, 2, 3 ),
 ( 0.000000000000000000, 1.000000000000000000 ),
 ( 0.000000000000000000, 0.05000000000000000278, 0.1000000000000000056, 0.1499999999999999944, 0.2000000000000000111 ),
 .UNSPECIFIED. ) 
 GEOMETRIC_REPRESENTATION_ITEM ( )  RATIONAL_B_SPLINE_SURFACE ( (
 ( 1.000000000000000000, 0.9876883405951377704, 1.000000000000000000, 0.9876883405951377704, 1.000000000000000000, 0.9876883405951377704, 1.000000000000000000, 0.9876883405951377704, 1.000000000000000000),
 ( 1.000000000000000000, 0.9876883405951377704, 1.000000000000000000, 0.9876883405951377704, 1.000000000000000000, 0.9876883405951377704, 1.000000000000000000, 0.9876883405951377704, 1.000000000000000000) ) ) 
 REPRESENTATION_ITEM ( '' )  SURFACE ( )  );
#6005 = CARTESIAN_POINT ( 'NONE',  ( -2.242360707017060140, -0.09286875000000044400, 2.526668498166304566 ) ) ;
#6006 = CARTESIAN_POINT ( 'NONE',  ( 0.9495470507179568642, -2.035968749999999883, 3.242004879464685185 ) ) ;
#6007 = EDGE_CURVE ( 'NONE', #812, #3705, #120, .T. ) ;
#6008 = CARTESIAN_POINT ( 'NONE',  ( 0.5803903074814213969, 2.223636876399968987, -3.534927643644307782 ) ) ;
#6009 = DIRECTION ( 'NONE',  ( 0.000000000000000000, 0.000000000000000000, -1.000000000000000000 ) ) ;
#6010 = EDGE_CURVE ( 'NONE', #5559, #870, #3273, .T. ) ;
#6011 = ORIENTED_EDGE ( 'NONE', *, *, #7208, .T. ) ;
#6012 = CARTESIAN_POINT ( 'NONE',  ( 1.845794928264000045, 0.8786812499999981929, -3.039436968057558364 ) ) ;
#6013 = CARTESIAN_POINT ( 'NONE',  ( 3.211942527318190077, 4.279106249999995448, 0.6903655729496399607 ) ) ;
#6014 = ORIENTED_EDGE ( 'NONE', *, *, #165, .F. ) ;
#6015 = B_SPLINE_CURVE_WITH_KNOTS ( 'NONE', 3,
 ( #3336, #667, #1175, #1139, #5560, #1692, #2350, #6635, #5014, #2240 ),
 .UNSPECIFIED., .F., .F.,
 ( 4, 3, 3, 4 ),
 ( 8.094885475795755852E-16, 0.0001296210011225067756, 0.0002688043935198822449, 0.0004095291194012243697 ),
 .UNSPECIFIED. ) ;
#6016 = CYLINDRICAL_SURFACE ( 'NONE', #4562, 3.378200000000000092 ) ;
#6017 = CARTESIAN_POINT ( 'NONE',  ( -0.07157451269614889533, 1.364456249999999038, 3.599614466019303460 ) ) ;
#6018 = ADVANCED_FACE ( 'NONE', ( #6078 ), #2900, .F. ) ;
#6019 = CARTESIAN_POINT ( 'NONE',  ( 0.9022440247335109520, 1.364456249999998594, 3.485441569539764473 ) ) ;
#6020 =( BOUNDED_CURVE ( )  B_SPLINE_CURVE ( 1, ( #1952, #4080 ),
 .UNSPECIFIED., .F., .T. ) 
 B_SPLINE_CURVE_WITH_KNOTS ( ( 2, 2 ),
 ( 0.000000000000000000, 0.0005566452967378121997 ),
 .UNSPECIFIED. ) 
 CURVE ( )  GEOMETRIC_REPRESENTATION_ITEM ( )  RATIONAL_B_SPLINE_CURVE ( ( 0.9945407480612344919, 0.9945407480612344919 ) ) 
 REPRESENTATION_ITEM ( '' )  );
#6021 = EDGE_LOOP ( 'NONE', ( #1772, #5767, #4153, #5677 ) ) ;
#6022 = CARTESIAN_POINT ( 'NONE',  ( -0.7458754588896394644, -1.550193750000000259, 3.060713460321045964 ) ) ;
#6024 = ADVANCED_FACE ( 'NONE', ( #1216, #4982 ), #6672, .T. ) ;
#6023 = CARTESIAN_POINT ( 'NONE',  ( -3.160494337253307862, -1.120186029920318127, 0.4931321867745171450 ) ) ;
#6025 = ORIENTED_EDGE ( 'NONE', *, *, #6180, .F. ) ;
#6026 = CARTESIAN_POINT ( 'NONE',  ( -1.838892150004580284, -3.007518750000000463, 2.833850895980860152 ) ) ;
#6027 = CARTESIAN_POINT ( 'NONE',  ( -2.840894891845595627, -0.09286875000000054114, 1.827991097758846717 ) ) ;
#6028 = CARTESIAN_POINT ( 'NONE',  ( 1.762650268429219791, 3.307556249999995757, -3.139332930106258246 ) ) ;
#6029 = CARTESIAN_POINT ( 'NONE',  ( 2.720992381759364864, -1.149975985603240103, -1.626378719400317197 ) ) ;
#6031 = EDGE_CURVE ( 'NONE', #5986, #3184, #2112, .T. ) ;
#6030 = CARTESIAN_POINT ( 'NONE',  ( 2.128366571436828281, 1.200150000000000050, 2.449307506233188825 ) ) ;
#6032 = ORIENTED_EDGE ( 'NONE', *, *, #5513, .T. ) ;
#6033 = CARTESIAN_POINT ( 'NONE',  ( -0.3234563067302406725, 0.5572124999999997774, 3.094641864196312930 ) ) ;
#6034 = DIRECTION ( 'NONE',  ( 0.000000000000000000, 0.000000000000000000, -1.000000000000000000 ) ) ;
#6035 = CARTESIAN_POINT ( 'NONE',  ( -0.09771450841745255023, -1.135696009622295444, -3.110805820994126059 ) ) ;
#6036 = CARTESIAN_POINT ( 'NONE',  ( -1.723703302966721029, -1.179124203889763134, -2.625650229732839236 ) ) ;
#6037 = CARTESIAN_POINT ( 'NONE',  ( -1.340794927251331981, 2.223636876399969431, -3.321872260920965658 ) ) ;
#6038 = DIRECTION ( 'NONE',  ( 0.000000000000000000, 0.000000000000000000, -1.000000000000000000 ) ) ;
#6039 = EDGE_LOOP ( 'NONE', ( #1501, #3499, #960, #2402 ) ) ;
#6040 = ORIENTED_EDGE ( 'NONE', *, *, #5344, .T. ) ;
#6041 =( BOUNDED_CURVE ( )  B_SPLINE_CURVE ( 1, ( #2397, #6875 ),
 .UNSPECIFIED., .F., .F. ) 
 B_SPLINE_CURVE_WITH_KNOTS ( ( 2, 2 ),
 ( 0.000000000000000000, 0.0005566452967378095976 ),
 .UNSPECIFIED. ) 
 CURVE ( )  GEOMETRIC_REPRESENTATION_ITEM ( )  RATIONAL_B_SPLINE_CURVE ( ( 0.9945407480612344919, 0.9945407480612344919 ) ) 
 REPRESENTATION_ITEM ( '' )  );
#6042 = CARTESIAN_POINT ( 'NONE',  ( -3.148448693054927361, -1.550193750000000481, -0.1075542354581132121 ) ) ;
#6043 = EDGE_LOOP ( 'NONE', ( #376, #7237, #2437, #2899 ) ) ;
#6044 = CARTESIAN_POINT ( 'NONE',  ( 1.161208677159189406, -3.007518750000000018, 2.886698227749171508 ) ) ;
#6045 = CARTESIAN_POINT ( 'NONE',  ( 0.000000000000000000, -0.9407207500000012157, 0.000000000000000000 ) ) ;
#6046 = CARTESIAN_POINT ( 'NONE',  ( 3.074727825381046831, -0.9706622954021482119, 1.327607234696523308 ) ) ;
#6047 = CARTESIAN_POINT ( 'NONE',  ( -1.222001484973741725, -0.5156196993879216262, -3.183671661348781878 ) ) ;
#6048 = EDGE_LOOP ( 'NONE', ( #4417, #5829 ) ) ;
#6049 = CARTESIAN_POINT ( 'NONE',  ( 3.138563139287660064, 2.223636876399967210, 1.726843297906293317 ) ) ;
#6050 = CARTESIAN_POINT ( 'NONE',  ( -3.220726586478540820, 2.223636876399969875, 1.568275042831886790 ) ) ;
#6051 = VERTEX_POINT ( 'NONE', #6229 ) ;
#6052 = EDGE_CURVE ( 'NONE', #1957, #5185, #3010, .T. ) ;
#6053 = CARTESIAN_POINT ( 'NONE',  ( -2.057895299929543675, 2.336006250000000062, 2.954219719210305239 ) ) ;
#6054 = CARTESIAN_POINT ( 'NONE',  ( -2.416271939539061275, 4.279106249999999001, 2.225940101913203684 ) ) ;
#6055 = CIRCLE ( 'NONE', #2907, 3.556000000000000050 ) ;
#6056 = FACE_OUTER_BOUND ( 'NONE', #891, .T. ) ;
#6057 = VERTEX_POINT ( 'NONE', #6184 ) ;
#6058 = CARTESIAN_POINT ( 'NONE',  ( 1.616685460535254970, 0.8786812500000000803, 2.658525977246396277 ) ) ;
#6059 = DIRECTION ( 'NONE',  ( 0.000000000000000000, 0.000000000000000000, -1.000000000000000000 ) ) ;
#6060 = ORIENTED_EDGE ( 'NONE', *, *, #2613, .F. ) ;
#6061 = CARTESIAN_POINT ( 'NONE',  ( -3.146685944841074889, 0.3929062499999995683, 0.1505478359323415283 ) ) ;
#6062 = CARTESIAN_POINT ( 'NONE',  ( 3.337741269324379090, 2.600324999999998443, 1.226629210091173761 ) ) ;
#6063 = CARTESIAN_POINT ( 'NONE',  ( 2.430077068900682757, -0.5786437500000000123, -2.004749990788710523 ) ) ;
#6064 = EDGE_CURVE ( 'NONE', #5205, #5456, #6015, .T. ) ;
#6065 = CARTESIAN_POINT ( 'NONE',  ( 1.870220145458090233, 1.526976102460969154, 2.673628144695613607 ) ) ;
#6066 = CARTESIAN_POINT ( 'NONE',  ( 3.361717945140812791, 0.5572124999999997774, -0.3332982107936210414 ) ) ;
#6067 = CARTESIAN_POINT ( 'NONE',  ( -3.183484718932422464, 2.600324999999998887, 0.6280736953763924602 ) ) ;
#6068 = CARTESIAN_POINT ( 'NONE',  ( -2.054305415372094767, 2.336006249999999618, 2.956717178767020560 ) ) ;
#6069 = CARTESIAN_POINT ( 'NONE',  ( -2.927968652920166726, 1.200149999999999828, -1.398588963926453710 ) ) ;
#6070 = EDGE_CURVE ( 'NONE', #2969, #397, #3045, .T. ) ;
#6071 = CARTESIAN_POINT ( 'NONE',  ( 0.8438581907565864126, 2.600324999999999331, 3.133202016530857836 ) ) ;
#6072 = FACE_OUTER_BOUND ( 'NONE', #3049, .T. ) ;
#6073 = VECTOR ( 'NONE', #3743, 1000.000000000000000 ) ;
#6074 = ORIENTED_EDGE ( 'NONE', *, *, #6336, .F. ) ;
#6075 = VERTEX_POINT ( 'NONE', #5595 ) ;
#6076 = CARTESIAN_POINT ( 'NONE',  ( -3.022956806507859806, -2.521743750000000173, -1.600078281642405509 ) ) ;
#6077 = ORIENTED_EDGE ( 'NONE', *, *, #5442, .F. ) ;
#6078 = FACE_OUTER_BOUND ( 'NONE', #4947, .T. ) ;
#6079 = CARTESIAN_POINT ( 'NONE',  ( 3.360412623533912679, 0.5572124999999997774, -0.3462112643949348811 ) ) ;
#6080 = CYLINDRICAL_SURFACE ( 'NONE', #6683, 3.556000000000000050 ) ;
#6081 = CARTESIAN_POINT ( 'NONE',  ( 3.022180583884416016, 2.336006249999997397, 1.288256162997590826 ) ) ;
#6082 = CARTESIAN_POINT ( 'NONE',  ( 1.329414967921034973, 4.279106249999997225, -3.004302792026255275 ) ) ;
#6083 =( BOUNDED_CURVE ( )  B_SPLINE_CURVE ( 2, ( #5942, #3684, #391, #3171, #7063 ),
 .UNSPECIFIED., .F., .T. ) 
 B_SPLINE_CURVE_WITH_KNOTS ( ( 3, 2, 3 ),
 ( 0.01659028043918808412, 0.05000000000000000278, 0.09358265573072092891 ),
 .UNSPECIFIED. ) 
 CURVE ( )  GEOMETRIC_REPRESENTATION_ITEM ( )  RATIONAL_B_SPLINE_CURVE ( ( 0.9945407480612344919, 0.9917734182391063635, 1.000000000000000000, 0.9892685037336799159, 0.9972452917573817466 ) ) 
 REPRESENTATION_ITEM ( '' )  );
#6084 = VERTEX_POINT ( 'NONE', #589 ) ;
#6085 = CARTESIAN_POINT ( 'NONE',  ( -2.678177765098665120, 2.223636876399968099, 2.379060783870430740 ) ) ;
#6086 = CIRCLE ( 'NONE', #1064, 3.556000000000000050 ) ;
#6087 = CIRCLE ( 'NONE', #2939, 2.499999999999999556 ) ;
#6088 = EDGE_LOOP ( 'NONE', ( #7197, #855, #3764, #5859 ) ) ;
#6089 = CARTESIAN_POINT ( 'NONE',  ( -1.382155859036934942, -2.035968750000000327, -3.082512031011375608 ) ) ;
#6090 = CARTESIAN_POINT ( 'NONE',  ( 0.3416342029280025616, 1.850231249999998440, 3.539551111566236141 ) ) ;
#6091 = ADVANCED_FACE ( 'NONE', ( #48 ), #4506, .F. ) ;
#6092 = ORIENTED_EDGE ( 'NONE', *, *, #2803, .T. ) ;
#6093 = DIRECTION ( 'NONE',  ( -0.000000000000000000, -1.000000000000000000, -0.000000000000000000 ) ) ;
#6094 = ORIENTED_EDGE ( 'NONE', *, *, #214, .F. ) ;
#6095 = CIRCLE ( 'NONE', #1427, 3.556000000000000050 ) ;
#6096 = CARTESIAN_POINT ( 'NONE',  ( 1.195616311540843579, 0.3929062500000000124, 2.914583799094088157 ) ) ;
#6097 = CARTESIAN_POINT ( 'NONE',  ( -1.157333616265573184, 0.2303863975390292862, 3.193678770853062954 ) ) ;
#6098 = CARTESIAN_POINT ( 'NONE',  ( 2.264534849066156763, -0.5156196993879220702, -2.549693078375957711 ) ) ;
#6099 = EDGE_CURVE ( 'NONE', #5632, #5416, #6912, .T. ) ;
#6101 = EDGE_CURVE ( 'NONE', #3605, #2946, #745, .T. ) ;
#6100 = CARTESIAN_POINT ( 'NONE',  ( 2.585052511221293425, -1.127509193519550923, 1.871526445733378008 ) ) ;
#6102 = CARTESIAN_POINT ( 'NONE',  ( 0.6665528077244914362, -0.5786437499999999012, -3.354731839642407287 ) ) ;
#6103 = DIRECTION ( 'NONE',  ( 0.000000000000000000, 0.000000000000000000, -1.000000000000000000 ) ) ;
#6104 = CARTESIAN_POINT ( 'NONE',  ( 3.578889310420088066, 2.223636876399967655, -0.1552986110045073420 ) ) ;
#6105 = ADVANCED_FACE ( 'NONE', ( #2970 ), #1749, .F. ) ;
#6106 = CARTESIAN_POINT ( 'NONE',  ( 3.207801325124730596, 1.200150000000000272, 1.534648708508898007 ) ) ;
#6107 = CARTESIAN_POINT ( 'NONE',  ( 3.051280700224901388, -1.179124203889763578, -0.7449015330830713877 ) ) ;
#6108 = CARTESIAN_POINT ( 'NONE',  ( -2.397382083512071826, 0.5572124999999998884, 2.380082852687131378 ) ) ;
#6109 = CARTESIAN_POINT ( 'NONE',  ( -3.448535725078929026, 1.850231250000001992, -0.8676043757694733571 ) ) ;
#6110 = ORIENTED_EDGE ( 'NONE', *, *, #5513, .F. ) ;
#6111 = DIRECTION ( 'NONE',  ( -0.000000000000000000, -1.000000000000000000, -0.000000000000000000 ) ) ;
#6112 = EDGE_CURVE ( 'NONE', #714, #6490, #1213, .T. ) ;
#6113 =( BOUNDED_CURVE ( )  B_SPLINE_CURVE ( 2, ( #1665, #1080, #563, #600, #497 ),
 .UNSPECIFIED., .F., .T. ) 
 B_SPLINE_CURVE_WITH_KNOTS ( ( 3, 2, 3 ),
 ( 0.01659028043918824372, 0.05000000000000000278, 0.08854378023972314660 ),
 .UNSPECIFIED. ) 
 CURVE ( )  GEOMETRIC_REPRESENTATION_ITEM ( )  RATIONAL_B_SPLINE_CURVE ( ( 0.9945407480612344919, 0.9917734182391064746, 1.000000000000000000, 0.9905092421102533740, 0.9956508716769392198 ) ) 
 REPRESENTATION_ITEM ( '' )  );
#6114 = VERTEX_POINT ( 'NONE', #160 ) ;
#6115 = DIRECTION ( 'NONE',  ( 0.000000000000000000, 0.000000000000000000, -1.000000000000000000 ) ) ;
#6116 = CARTESIAN_POINT ( 'NONE',  ( -3.470947451141731754, 3.793331250000000932, 0.7730845952499115770 ) ) ;
#6117 = CARTESIAN_POINT ( 'NONE',  ( -1.996800964886016994, -0.5786437500000003453, -2.776923525779237067 ) ) ;
#6118 = CARTESIAN_POINT ( 'NONE',  ( 2.630309156351394506, 3.793331249999996935, 2.393033585642719174 ) ) ;
#6119 = CARTESIAN_POINT ( 'NONE',  ( -3.015184459896627089, -1.090493833097038401, -1.156743495243915287 ) ) ;
#6120 = CARTESIAN_POINT ( 'NONE',  ( 3.418085098777137176, -1.550193749999999815, 0.1233394458946498740 ) ) ;
#6121 = EDGE_LOOP ( 'NONE', ( #4618, #4447 ) ) ;
#6122 = CARTESIAN_POINT ( 'NONE',  ( 3.130733903932321205, -0.9407207499999042932, 1.269149503710660376 ) ) ;
#6123 = CARTESIAN_POINT ( 'NONE',  ( -0.4093608304976029122, 2.600324999999999331, -3.218924546017555066 ) ) ;
#6124 = ORIENTED_EDGE ( 'NONE', *, *, #3931, .T. ) ;
#6125 = CARTESIAN_POINT ( 'NONE',  ( 3.237713934536582183, -1.067499318559795629, 0.2986232914235093516 ) ) ;
#6126 = CARTESIAN_POINT ( 'NONE',  ( -0.8939339162115483850, -2.521743750000000173, -3.301424013186218698 ) ) ;
#6127 =( BOUNDED_CURVE ( )  B_SPLINE_CURVE ( 1, ( #6926, #1282 ),
 .UNSPECIFIED., .F., .T. ) 
 B_SPLINE_CURVE_WITH_KNOTS ( ( 2, 2 ),
 ( 0.000000000000000000, 0.0005566452967378093808 ),
 .UNSPECIFIED. ) 
 CURVE ( )  GEOMETRIC_REPRESENTATION_ITEM ( )  RATIONAL_B_SPLINE_CURVE ( ( 0.9945407480612347140, 0.9945407480612347140 ) ) 
 REPRESENTATION_ITEM ( '' )  );
#6128 = CARTESIAN_POINT ( 'NONE',  ( 0.1075542354581566912, -1.550193750000000037, 3.148448693054927805 ) ) ;
#6129 = ORIENTED_EDGE ( 'NONE', *, *, #2526, .F. ) ;
#6130 = CARTESIAN_POINT ( 'NONE',  ( 3.045493445844348557, 0.5572124999999998884, 1.461918230038571798 ) ) ;
#6131 = ORIENTED_EDGE ( 'NONE', *, *, #6963, .F. ) ;
#6132 = CARTESIAN_POINT ( 'NONE',  ( 2.937817770940552187, -0.5786437499999995682, 1.751497960644485818 ) ) ;
#6133 = CARTESIAN_POINT ( 'NONE',  ( 1.647946541022895950, 3.793331249999997379, -2.795232319581093083 ) ) ;
#6134 = CARTESIAN_POINT ( 'NONE',  ( 0.7736233713222818720, 1.200149999999999828, -3.151278851806668779 ) ) ;
#6135 = CARTESIAN_POINT ( 'NONE',  ( 1.262887209264354382, -1.207420750006950483, 2.843685662424116689 ) ) ;
#6136 = CARTESIAN_POINT ( 'NONE',  ( -3.524408850783042890, 2.223636876399968987, 0.6411775162474360190 ) ) ;
#6137 = DIRECTION ( 'NONE',  ( -0.000000000000000000, -1.000000000000000000, -0.000000000000000000 ) ) ;
#6138 = CARTESIAN_POINT ( 'NONE',  ( -1.149723577942577402, -1.135696009622295222, 2.892195822452055864 ) ) ;
#6139 = ADVANCED_FACE ( 'NONE', ( #3518 ), #2925, .T. ) ;
#6140 = CARTESIAN_POINT ( 'NONE',  ( 0.4857066801294104841, 3.793331249999998267, 3.208292465374328106 ) ) ;
#6141 = CARTESIAN_POINT ( 'NONE',  ( 3.760718869629639771E-16, -2.857500000000000373, -3.070859999999999257 ) ) ;
#6142 = CARTESIAN_POINT ( 'NONE',  ( 0.8801969491284342695, 2.223636876399968099, 3.472437139181080212 ) ) ;
#6143 = CARTESIAN_POINT ( 'NONE',  ( -2.064707290563641884, -3.007518750000000463, -2.673802356998987939 ) ) ;
#6144 = VERTEX_POINT ( 'NONE', #3876 ) ;
#6145 = CARTESIAN_POINT ( 'NONE',  ( -3.456826004951356168, 1.200149999999999828, 0.8339604136240782450 ) ) ;
#6146 = EDGE_LOOP ( 'NONE', ( #6825, #1226, #1530, #6463 ) ) ;
#6147 = EDGE_CURVE ( 'NONE', #3907, #4700, #3715, .T. ) ;
#6148 = CARTESIAN_POINT ( 'NONE',  ( -2.353647750693674379, 1.850231250000000660, 2.665610298909915965 ) ) ;
#6149 = CARTESIAN_POINT ( 'NONE',  ( 0.03823184528205424842, -1.127509193519551811, -3.191182547090849475 ) ) ;
#6150 = CARTESIAN_POINT ( 'NONE',  ( 3.272357585198482965, 1.364456249999997262, 0.2912992579859642883 ) ) ;
#6151 = DIRECTION ( 'NONE',  ( 0.000000000000000000, 0.000000000000000000, -1.000000000000000000 ) ) ;
#6152 = CARTESIAN_POINT ( 'NONE',  ( 1.880056672344572632, 2.600324999999999331, -3.018364277017051567 ) ) ;
#6153 =( BOUNDED_CURVE ( )  B_SPLINE_CURVE ( 2, ( #2393, #2909, #1811, #6313, #4662 ),
 .UNSPECIFIED., .F., .F. ) 
 B_SPLINE_CURVE_WITH_KNOTS ( ( 3, 2, 3 ),
 ( 0.01659028043918817086, 0.05000000000000000278, 0.08854378023972307721 ),
 .UNSPECIFIED. ) 
 CURVE ( )  GEOMETRIC_REPRESENTATION_ITEM ( )  RATIONAL_B_SPLINE_CURVE ( ( 0.9945407480612344919, 0.9917734182391064746, 1.000000000000000000, 0.9905092421102533740, 0.9956508716769392198 ) ) 
 REPRESENTATION_ITEM ( '' )  );
#6154 = ORIENTED_EDGE ( 'NONE', *, *, #5378, .T. ) ;
#6155 = CARTESIAN_POINT ( 'NONE',  ( 0.3665733427678508627, -1.029273648346682668, -3.269159224905876293 ) ) ;
#6156 = EDGE_CURVE ( 'NONE', #1115, #4252, #4681, .T. ) ;
#6157 = CARTESIAN_POINT ( 'NONE',  ( -2.341698345542835291, 0.5572124999999997774, -2.048873131377819679 ) ) ;
#6158 = VERTEX_POINT ( 'NONE', #2659 ) ;
#6159 = DIRECTION ( 'NONE',  ( -0.000000000000000000, -1.000000000000000000, -0.000000000000000000 ) ) ;
#6160 = CARTESIAN_POINT ( 'NONE',  ( 0.9511096813698188823, -1.067499318559816501, -3.109237489494399931 ) ) ;
#6161 = ADVANCED_FACE ( 'NONE', ( #3803 ), #5253, .T. ) ;
#6162 = CARTESIAN_POINT ( 'NONE',  ( 0.4381888608865088242, 3.793331249999998267, -3.528898769048922635 ) ) ;
#6163 = ORIENTED_EDGE ( 'NONE', *, *, #2840, .F. ) ;
#6164 = CARTESIAN_POINT ( 'NONE',  ( 1.351828257207611017, 0.8786812500000000803, 3.095932105685624602 ) ) ;
#6165 = CARTESIAN_POINT ( 'NONE',  ( 1.594923368752632520, -1.207420750006950039, -2.671638392037133158 ) ) ;
#6166 = ORIENTED_EDGE ( 'NONE', *, *, #5935, .T. ) ;
#6167 = CIRCLE ( 'NONE', #6411, 3.556000000000000050 ) ;
#6168 = CARTESIAN_POINT ( 'NONE',  ( 1.800013965834484475, -2.035968749999999883, 2.858703370901012342 ) ) ;
#6169 =( BOUNDED_CURVE ( )  B_SPLINE_CURVE ( 2, ( #350, #834, #7060, #4745, #2510 ),
 .UNSPECIFIED., .F., .T. ) 
 B_SPLINE_CURVE_WITH_KNOTS ( ( 3, 2, 3 ),
 ( 0.01659028043918809453, 0.05000000000000000278, 0.09358265573071419818 ),
 .UNSPECIFIED. ) 
 CURVE ( )  GEOMETRIC_REPRESENTATION_ITEM ( )  RATIONAL_B_SPLINE_CURVE ( ( 0.9945407480612344919, 0.9917734182391063635, 1.000000000000000000, 0.9892685037336815812, 0.9972452917573793041 ) ) 
 REPRESENTATION_ITEM ( '' )  );
#6170 = CARTESIAN_POINT ( 'NONE',  ( -3.437472129203170912, 2.821781250000001240, 0.9104511853753777251 ) ) ;
#6171 = CARTESIAN_POINT ( 'NONE',  ( 2.820014748772727398, 1.850231249999996663, 2.166253174655337510 ) ) ;
#6172 = AXIS2_PLACEMENT_3D ( 'NONE', #620, #2855, #2412 ) ;
#6173 = CARTESIAN_POINT ( 'NONE',  ( -0.8213659315736828725, 1.364456249999999704, -3.180964858271670526 ) ) ;
#6174 = CARTESIAN_POINT ( 'NONE',  ( 3.375623780696171750, -3.007518750000000018, -0.1319065244727787023 ) ) ;
#6175 = CARTESIAN_POINT ( 'NONE',  ( 1.580222710569860523, -2.035968749999999883, -2.680359758502440570 ) ) ;
#6176 = CARTESIAN_POINT ( 'NONE',  ( -0.2501570173578299139, -0.5786437500000001233, -3.411149341213687070 ) ) ;
#6177 = CARTESIAN_POINT ( 'NONE',  ( 3.591929781405258488E-16, -1.943100000000000049, 2.933033249999999814 ) ) ;
#6178 = LINE ( 'NONE', #6141, #479 ) ;
#6179 = CARTESIAN_POINT ( 'NONE',  ( -2.273546272396801182, 2.600324999999998887, 2.734250052074720383 ) ) ;
#6180 = EDGE_CURVE ( 'NONE', #115, #5427, #4467, .T. ) ;
#6181 = VERTEX_POINT ( 'NONE', #1532 ) ;
#6182 = CARTESIAN_POINT ( 'NONE',  ( 0.2358119334658489996, -0.9706622954021496552, 3.340791059289116571 ) ) ;
#6183 = ORIENTED_EDGE ( 'NONE', *, *, #5294, .F. ) ;
#6184 = CARTESIAN_POINT ( 'NONE',  ( 2.621767861210193562, 2.600324999999999331, -2.402388245460203020 ) ) ;
#6185 = CARTESIAN_POINT ( 'NONE',  ( 0.6095778731934484718, 3.307556249999997533, 3.548346379844572684 ) ) ;
#6186 = CARTESIAN_POINT ( 'NONE',  ( 0.5203923948468690552, -1.135696009622294111, 3.068526150527603580 ) ) ;
#6187 = CARTESIAN_POINT ( 'NONE',  ( -1.547264169374118925, -0.9706622954021474348, -2.970263584256796374 ) ) ;
#6188 = AXIS2_PLACEMENT_3D ( 'NONE', #2864, #4438, #2828 ) ;
#6189 =( BOUNDED_CURVE ( )  B_SPLINE_CURVE ( 1, ( #4163, #5798 ),
 .UNSPECIFIED., .F., .F. ) 
 B_SPLINE_CURVE_WITH_KNOTS ( ( 2, 2 ),
 ( 0.000000000000000000, 0.0005566452967378114408 ),
 .UNSPECIFIED. ) 
 CURVE ( )  GEOMETRIC_REPRESENTATION_ITEM ( )  RATIONAL_B_SPLINE_CURVE ( ( 0.9956508716769392198, 0.9956508716769392198 ) ) 
 REPRESENTATION_ITEM ( '' )  );
#6190 = CARTESIAN_POINT ( 'NONE',  ( -1.884293588737367076, 0.5572124999999999995, 2.476059353376504291 ) ) ;
#6191 = CARTESIAN_POINT ( 'NONE',  ( 1.100918190171942257, 1.850231249999998662, -3.381288975900838878 ) ) ;
#6192 = ORIENTED_EDGE ( 'NONE', *, *, #6348, .F. ) ;
#6193 = DIRECTION ( 'NONE',  ( 0.000000000000000000, 0.000000000000000000, -1.000000000000000000 ) ) ;
#6194 = ADVANCED_FACE ( 'NONE', ( #1090 ), #6757, .F. ) ;
#6195 = CARTESIAN_POINT ( 'NONE',  ( -2.527265385917706553, -1.207420750006950927, 1.815037718380041465 ) ) ;
#6196 = VERTEX_POINT ( 'NONE', #6250 ) ;
#6197 = AXIS2_PLACEMENT_3D ( 'NONE', #2312, #6786, #1764 ) ;
#6198 = CARTESIAN_POINT ( 'NONE',  ( -0.3267836144208716154, -1.135696009622295444, 3.095137064886179346 ) ) ;
#6199 = CARTESIAN_POINT ( 'NONE',  ( 3.211942527318190077, 4.279106249999995448, 0.6903655729496399607 ) ) ;
#6200 =( BOUNDED_CURVE ( )  B_SPLINE_CURVE ( 1, ( #1204, #6773 ),
 .UNSPECIFIED., .F., .F. ) 
 B_SPLINE_CURVE_WITH_KNOTS ( ( 2, 2 ),
 ( 5.421010862427522170E-20, 0.0005113447558650981075 ),
 .UNSPECIFIED. ) 
 CURVE ( )  GEOMETRIC_REPRESENTATION_ITEM ( )  RATIONAL_B_SPLINE_CURVE ( ( 0.9945407480612344919, 0.9945407480612344919 ) ) 
 REPRESENTATION_ITEM ( '' )  );
#6201 = CARTESIAN_POINT ( 'NONE',  ( -1.649121502676488271, 1.364456250000000370, -2.841404176198672360 ) ) ;
#6202 = CIRCLE ( 'NONE', #2344, 3.556000000000000050 ) ;
#6203 = AXIS2_PLACEMENT_3D ( 'NONE', #2269, #2233, #2784 ) ;
#6204 = ORIENTED_EDGE ( 'NONE', *, *, #4330, .F. ) ;
#6205 = CARTESIAN_POINT ( 'NONE',  ( -2.258735527389770681, 2.336006250000000062, -2.385643150267130697 ) ) ;
#6206 = CARTESIAN_POINT ( 'NONE',  ( 2.886452750742511508, -1.097987288839242570, -1.429409577294449063 ) ) ;
#6207 = VERTEX_POINT ( 'NONE', #4640 ) ;
#6208 = ADVANCED_FACE ( 'NONE', ( #2295 ), #5690, .T. ) ;
#6209 = CONICAL_SURFACE ( 'NONE', #1765, 2.933033249999999814, 0.7853981633974497223 ) ;
#6210 = DIRECTION ( 'NONE',  ( -0.000000000000000000, -1.000000000000000000, -0.000000000000000000 ) ) ;
#6211 = CARTESIAN_POINT ( 'NONE',  ( -2.839202694983753439, 4.764881250000000179, -1.570980451596071914 ) ) ;
#6212 = CARTESIAN_POINT ( 'NONE',  ( 0.2365436067935144937, 1.526976102460969598, -3.254236926019815623 ) ) ;
#6213 = CARTESIAN_POINT ( 'NONE',  ( -2.341698345542835291, 0.5572124999999997774, -2.048873131377819679 ) ) ;
#6214 = DIRECTION ( 'NONE',  ( 0.000000000000000000, 0.000000000000000000, -1.000000000000000000 ) ) ;
#6215 = CIRCLE ( 'NONE', #5972, 3.556000000000000050 ) ;
#6216 = CARTESIAN_POINT ( 'NONE',  ( -2.722240175966764930, 1.364456250000001036, 1.839181298149167976 ) ) ;
#6217 = AXIS2_PLACEMENT_3D ( 'NONE', #5568, #3379, #1146 ) ;
#6218 = VERTEX_POINT ( 'NONE', #687 ) ;
#6219 =( BOUNDED_CURVE ( )  B_SPLINE_CURVE ( 2, ( #73, #150, #4101, #1795, #6332 ),
 .UNSPECIFIED., .F., .T. ) 
 B_SPLINE_CURVE_WITH_KNOTS ( ( 3, 2, 3 ),
 ( 0.01659028043918800085, 0.05000000000000000278, 0.08854378023972296619 ),
 .UNSPECIFIED. ) 
 CURVE ( )  GEOMETRIC_REPRESENTATION_ITEM ( )  RATIONAL_B_SPLINE_CURVE ( ( 0.9945407480612347140, 0.9917734182391063635, 1.000000000000000000, 0.9905092421102534850, 0.9956508716769392198 ) ) 
 REPRESENTATION_ITEM ( '' )  );
#6220 = B_SPLINE_CURVE_WITH_KNOTS ( 'NONE', 3,
 ( #4523, #2913, #1815, #131, #5718, #6160, #5646, #2362, #567, #5029 ),
 .UNSPECIFIED., .F., .F.,
 ( 4, 3, 3, 4 ),
 ( 8.093688021471403419E-16, 0.0001296210011225064232, 0.0002688043935198820280, 0.0004095291194012237734 ),
 .UNSPECIFIED. ) ;
#6221 = CARTESIAN_POINT ( 'NONE',  ( -0.2970489091376888879, -0.09286874999999999991, -3.097288200277804826 ) ) ;
#6222 = CARTESIAN_POINT ( 'NONE',  ( 3.220774364890217623, 1.850231249999996441, -1.507232062578962140 ) ) ;
#6223 = DIRECTION ( 'NONE',  ( 0.000000000000000000, 0.000000000000000000, -1.000000000000000000 ) ) ;
#6224 = FACE_OUTER_BOUND ( 'NONE', #5524, .T. ) ;
#6225 = CARTESIAN_POINT ( 'NONE',  ( -3.376756042106030531, -0.09286875000000044400, 0.09876169348697970418 ) ) ;
#6226 = VERTEX_POINT ( 'NONE', #4605 ) ;
#6227 = CARTESIAN_POINT ( 'NONE',  ( -0.9497663690985532758, 4.279106249999998113, -3.472792976693612310 ) ) ;
#6228 = ORIENTED_EDGE ( 'NONE', *, *, #5262, .T. ) ;
#6229 = CARTESIAN_POINT ( 'NONE',  ( -0.6056374459503137686, -0.9407207499999382661, 3.323467846100363943 ) ) ;
#6230 = CARTESIAN_POINT ( 'NONE',  ( 3.061616997868383141E-16, 3.873500000000000831, 2.499999999999999556 ) ) ;
#6231 = CARTESIAN_POINT ( 'NONE',  ( 0.02628634737122122547, -1.144651184831573021, -3.174182438214025570 ) ) ;
#6232 = CARTESIAN_POINT ( 'NONE',  ( 2.476171490249448937, 3.307556249999995757, 2.159109578966535992 ) ) ;
#6233 = CARTESIAN_POINT ( 'NONE',  ( 2.056754678289246741, -1.060154572504551362, -2.528996968420694103 ) ) ;
#6234 = CARTESIAN_POINT ( 'NONE',  ( 3.117940921259693798, -0.5786437499999996792, -0.4502682510443198893 ) ) ;
#6235 = ORIENTED_EDGE ( 'NONE', *, *, #1945, .T. ) ;
#6236 = CARTESIAN_POINT ( 'NONE',  ( 1.723542966151856204, -1.097987288839241238, -2.721069801706410551 ) ) ;
#6237 = DIRECTION ( 'NONE',  ( -0.000000000000000000, -1.000000000000000000, -0.000000000000000000 ) ) ;
#6238 = ORIENTED_EDGE ( 'NONE', *, *, #4864, .T. ) ;
#6239 = ADVANCED_FACE ( 'NONE', ( #5104 ), #2957, .T. ) ;
#6240 =( BOUNDED_CURVE ( )  B_SPLINE_CURVE ( 1, ( #6457, #342 ),
 .UNSPECIFIED., .F., .T. ) 
 B_SPLINE_CURVE_WITH_KNOTS ( ( 2, 2 ),
 ( 0.000000000000000000, 0.0005113447558650972401 ),
 .UNSPECIFIED. ) 
 CURVE ( )  GEOMETRIC_REPRESENTATION_ITEM ( )  RATIONAL_B_SPLINE_CURVE ( ( 0.9945407480612344919, 0.9945407480612344919 ) ) 
 REPRESENTATION_ITEM ( '' )  );
#6241 = CARTESIAN_POINT ( 'NONE',  ( 0.000000000000000000, -0.9407207500000012157, 0.000000000000000000 ) ) ;
#6242 = EDGE_CURVE ( 'NONE', #6057, #7206, #1055, .T. ) ;
#6243 = CARTESIAN_POINT ( 'NONE',  ( 3.026673351758422115, 4.764881249999995738, 1.169743537813085821 ) ) ;
#6244 = CARTESIAN_POINT ( 'NONE',  ( -0.6737473195508857371, 2.821781249999999019, -3.491589974409653685 ) ) ;
#6245 = ORIENTED_EDGE ( 'NONE', *, *, #666, .F. ) ;
#6246 = CARTESIAN_POINT ( 'NONE',  ( 0.3264026488794553038, -0.9407207500002877643, 3.362394466865113785 ) ) ;
#6247 = CARTESIAN_POINT ( 'NONE',  ( 2.613374592568330712, -0.09286874999999979174, -1.688699348290958246 ) ) ;
#6248 = ORIENTED_EDGE ( 'NONE', *, *, #1961, .T. ) ;
#6249 = DIRECTION ( 'NONE',  ( -0.000000000000000000, -1.000000000000000000, -0.000000000000000000 ) ) ;
#6250 = CARTESIAN_POINT ( 'NONE',  ( 3.339228741997720462, 2.600324999999999331, 1.222574091258422868 ) ) ;
#6251 = EDGE_CURVE ( 'NONE', #6549, #6196, #732, .T. ) ;
#6252 =( BOUNDED_CURVE ( )  B_SPLINE_CURVE ( 2, ( #1698, #6085, #7127, #7166, #6718 ),
 .UNSPECIFIED., .F., .F. ) 
 B_SPLINE_CURVE_WITH_KNOTS ( ( 3, 2, 3 ),
 ( 0.1114562197602770727, 0.1500000000000000222, 0.1834097195608119513 ),
 .UNSPECIFIED. ) 
 CURVE ( )  GEOMETRIC_REPRESENTATION_ITEM ( )  RATIONAL_B_SPLINE_CURVE ( ( 0.9956508716769392198, 0.9905092421102534850, 1.000000000000000000, 0.9917734182391063635, 0.9945407480612344919 ) ) 
 REPRESENTATION_ITEM ( '' )  );
#6253 = CARTESIAN_POINT ( 'NONE',  ( 1.801827541419582790, 3.307556249999996645, 2.747107011765488327 ) ) ;
#6254 = CARTESIAN_POINT ( 'NONE',  ( -2.680423288466486476, -0.5786437500000005674, 1.655182189673023441 ) ) ;
#6255 = CARTESIAN_POINT ( 'NONE',  ( 2.994112319937108246, -1.179124203889762246, 0.9489381545471379242 ) ) ;
#6256 = DIRECTION ( 'NONE',  ( 0.000000000000000000, 0.000000000000000000, -1.000000000000000000 ) ) ;
#6257 = EDGE_LOOP ( 'NONE', ( #569, #1666, #1760, #2150 ) ) ;
#6258 = CARTESIAN_POINT ( 'NONE',  ( -0.7876111672624793725, 0.3929062499999999014, -3.050240275055017936 ) ) ;
#6259 = CARTESIAN_POINT ( 'NONE',  ( -3.388935167650088065, -0.5156196993879221813, -0.3796989676280818071 ) ) ;
#6260 = ADVANCED_FACE ( 'NONE', ( #3429 ), #5836, .T. ) ;
#6261 = CARTESIAN_POINT ( 'NONE',  ( 2.750873903827874667, -1.207420750006949373, -1.454003100147589267 ) ) ;
#6262 = CARTESIAN_POINT ( 'NONE',  ( 0.3221612388796475934, -1.550193750000000037, -3.133769171864416503 ) ) ;
#6263 = ORIENTED_EDGE ( 'NONE', *, *, #3871, .F. ) ;
#6264 = CARTESIAN_POINT ( 'NONE',  ( -2.807641174033054909, 0.5572124999999997774, -1.341112705134916760 ) ) ;
#6265 = ORIENTED_EDGE ( 'NONE', *, *, #1010, .F. ) ;
#6266 = CARTESIAN_POINT ( 'NONE',  ( 0.9509872958147450595, 1.364456249999998816, -3.144646655239373256 ) ) ;
#6267 = CARTESIAN_POINT ( 'NONE',  ( -3.020633321376275937, 1.200150000000000272, 1.185253500434113816 ) ) ;
#6268 = CARTESIAN_POINT ( 'NONE',  ( -2.766811770548924798, 0.3929062499999995683, -1.506336520408435353 ) ) ;
#6269 = CARTESIAN_POINT ( 'NONE',  ( 3.237285505707923949, 0.8786812499999975268, -0.2214363950063187592 ) ) ;
#6270 = ADVANCED_BREP_SHAPE_REPRESENTATION ( '94459A797_NO THREADS_Heat-Set Inserts for Plastic', ( #1535, #1178 ), #4459 ) ;
#6271 = DIRECTION ( 'NONE',  ( 0.000000000000000000, 0.000000000000000000, -1.000000000000000000 ) ) ;
#6272 = CARTESIAN_POINT ( 'NONE',  ( 3.111209746723610614, -1.064418749999999747, 0.04249896342274171041 ) ) ;
#6273 = ORIENTED_EDGE ( 'NONE', *, *, #2076, .T. ) ;
#6274 = CARTESIAN_POINT ( 'NONE',  ( 0.4119265845907177370, -1.155006032159970220, 3.137041205227772522 ) ) ;
#6275 = CARTESIAN_POINT ( 'NONE',  ( 3.142392726550628623, 0.5572124999999998884, -1.240001287145177988 ) ) ;
#6276 = ORIENTED_EDGE ( 'NONE', *, *, #3970, .T. ) ;
#6277 = CARTESIAN_POINT ( 'NONE',  ( 1.035166778008262067, 0.2303863975390295360, 2.952525317733012411 ) ) ;
#6278 = CARTESIAN_POINT ( 'NONE',  ( 3.062575188506905466, -3.007518750000000018, -0.5496048259812601477 ) ) ;
#6279 = CARTESIAN_POINT ( 'NONE',  ( 2.136971284225807288, 0.8786812500000001913, 2.616407646066321480 ) ) ;
#6280 = EDGE_LOOP ( 'NONE', ( #608, #2603, #1599, #1944 ) ) ;
#6281 = CARTESIAN_POINT ( 'NONE',  ( -0.9180452162309442610, 3.793331249999999155, -3.112273205143709642 ) ) ;
#6282 = ADVANCED_FACE ( 'NONE', ( #6323 ), #2735, .F. ) ;
#6283 = CARTESIAN_POINT ( 'NONE',  ( -2.981004332527341205, -2.035968750000000327, 1.589291794936732893 ) ) ;
#6284 = EDGE_LOOP ( 'NONE', ( #3563, #1433, #902, #2283, #4159 ) ) ;
#6285 =( BOUNDED_CURVE ( )  B_SPLINE_CURVE ( 2, ( #5482, #992, #5414, #1546, #3812 ),
 .UNSPECIFIED., .F., .F. ) 
 B_SPLINE_CURVE_WITH_KNOTS ( ( 3, 2, 3 ),
 ( 0.01659028043918820208, 0.05000000000000000278, 0.08854378023972318823 ),
 .UNSPECIFIED. ) 
 CURVE ( )  GEOMETRIC_REPRESENTATION_ITEM ( )  RATIONAL_B_SPLINE_CURVE ( ( 0.9945407480612347140, 0.9917734182391064746, 1.000000000000000000, 0.9905092421102533740, 0.9956508716769392198 ) ) 
 REPRESENTATION_ITEM ( '' )  );
#6286 = CARTESIAN_POINT ( 'NONE',  ( -3.316123149911447854, 4.764881250000000179, -1.283924941194535485 ) ) ;
#6287 = FACE_BOUND ( 'NONE', #3304, .T. ) ;
#6288 = CARTESIAN_POINT ( 'NONE',  ( -3.060713460321038415, -1.550193750000000481, 0.7458754588896832072 ) ) ;
#6289 = CARTESIAN_POINT ( 'NONE',  ( -3.377175064149155137, -0.9407207499999040712, 0.08320953124178653848 ) ) ;
#6290 = CARTESIAN_POINT ( 'NONE',  ( 1.858336855842186885, -1.000217606553381655, 2.750661131564297701 ) ) ;
#6291 = ADVANCED_FACE ( 'NONE', ( #5616 ), #4494, .T. ) ;
#6292 = VERTEX_POINT ( 'NONE', #1711 ) ;
#6293 =( BOUNDED_CURVE ( )  B_SPLINE_CURVE ( 2, ( #3292, #2265, #3948, #4464, #546 ),
 .UNSPECIFIED., .F., .T. ) 
 B_SPLINE_CURVE_WITH_KNOTS ( ( 3, 2, 3 ),
 ( 0.01659028043918811535, 0.05000000000000000278, 0.09358265573072881149 ),
 .UNSPECIFIED. ) 
 CURVE ( )  GEOMETRIC_REPRESENTATION_ITEM ( )  RATIONAL_B_SPLINE_CURVE ( ( 0.9945407480612344919, 0.9917734182391063635, 1.000000000000000000, 0.9892685037336780285, 0.9972452917573844111 ) ) 
 REPRESENTATION_ITEM ( '' )  );
#6294 = CARTESIAN_POINT ( 'NONE',  ( 0.1935133489871012635, -0.5786437500000000123, -3.144336125500592605 ) ) ;
#6295 = AXIS2_PLACEMENT_3D ( 'NONE', #1987, #2531, #2389 ) ;
#6296 = CARTESIAN_POINT ( 'NONE',  ( -3.274389914527659151, -0.9407207499999040712, -0.8310270318346358875 ) ) ;
#6297 =( LENGTH_UNIT ( ) NAMED_UNIT ( * ) SI_UNIT ( .MILLI., .METRE. ) );
#6298 = EDGE_CURVE ( 'NONE', #1245, #3488, #2459, .T. ) ;
#6299 = CIRCLE ( 'NONE', #3952, 3.378200000000000092 ) ;
#6300 = CARTESIAN_POINT ( 'NONE',  ( 2.696865457069765881, 4.279106249999995448, -1.876191922371783338 ) ) ;
#6301 = DIRECTION ( 'NONE',  ( 0.000000000000000000, 0.000000000000000000, -1.000000000000000000 ) ) ;
#6302 = ORIENTED_EDGE ( 'NONE', *, *, #6888, .T. ) ;
#6303 = CARTESIAN_POINT ( 'NONE',  ( 2.710256222202066745, 1.200149999999999384, 1.784254110970461271 ) ) ;
#6304 = EDGE_LOOP ( 'NONE', ( #315, #1289, #6263, #564 ) ) ;
#6305 = EDGE_CURVE ( 'NONE', #7082, #7056, #5393, .T. ) ;
#6306 = CARTESIAN_POINT ( 'NONE',  ( 2.860395352179882611, 3.793331249999996491, -1.532054160833668854 ) ) ;
#6307 = CARTESIAN_POINT ( 'NONE',  ( 4.085078299733584928E-17, 2.570952788568593661, -3.556000000000002270 ) ) ;
#6308 = CARTESIAN_POINT ( 'NONE',  ( -1.723682870982021109, 3.793331249999999599, -2.749176037066957790 ) ) ;
#6309 = CARTESIAN_POINT ( 'NONE',  ( -2.928758244282773759, -0.9407207499999041822, -1.683630121655589118 ) ) ;
#6310 = CARTESIAN_POINT ( 'NONE',  ( 2.371453078687844940, 0.8786812499999981929, 2.214782566773077832 ) ) ;
#6311 = ORIENTED_EDGE ( 'NONE', *, *, #6147, .F. ) ;
#6312 = CARTESIAN_POINT ( 'NONE',  ( 0.3802626086684017248, -1.097987288839241460, 3.198471755444903586 ) ) ;
#6313 = CARTESIAN_POINT ( 'NONE',  ( 0.8759784764492972720, 2.223636876399968543, 3.473503715791400381 ) ) ;
#6314 = ORIENTED_EDGE ( 'NONE', *, *, #5714, .F. ) ;
#6315 = CARTESIAN_POINT ( 'NONE',  ( -2.927968652920166726, 1.200149999999999828, -1.398588963926453710 ) ) ;
#6316 = CARTESIAN_POINT ( 'NONE',  ( -0.8606380444397698781, -2.035968750000000327, 3.266731913772983109 ) ) ;
#6317 = ORIENTED_EDGE ( 'NONE', *, *, #5655, .F. ) ;
#6318 = CARTESIAN_POINT ( 'NONE',  ( -2.098054054528993184, 2.336006249999999618, -2.925836017127001476 ) ) ;
#6319 = AXIS2_PLACEMENT_3D ( 'NONE', #6241, #171, #2361 ) ;
#6320 = DIRECTION ( 'NONE',  ( 0.000000000000000000, 0.000000000000000000, -1.000000000000000000 ) ) ;
#6321 = ORIENTED_EDGE ( 'NONE', *, *, #5328, .T. ) ;
#6322 = CARTESIAN_POINT ( 'NONE',  ( -2.747107011765457685, 3.307556250000000198, -1.801827541419621204 ) ) ;
#6323 = FACE_OUTER_BOUND ( 'NONE', #6945, .T. ) ;
#6324 = CARTESIAN_POINT ( 'NONE',  ( 1.548254763459435024, 3.307556249999996645, 3.250423726572942762 ) ) ;
#6325 = CIRCLE ( 'NONE', #5144, 3.378200000000000092 ) ;
#6326 = CARTESIAN_POINT ( 'NONE',  ( -2.913395267377996589, -1.064418750000000635, 1.710076973711858850 ) ) ;
#6327 =( BOUNDED_CURVE ( )  B_SPLINE_CURVE ( 1, ( #1580, #5998 ),
 .UNSPECIFIED., .F., .F. ) 
 B_SPLINE_CURVE_WITH_KNOTS ( ( 2, 2 ),
 ( 2.168404344971008868E-19, 0.0005113447558650965896 ),
 .UNSPECIFIED. ) 
 CURVE ( )  GEOMETRIC_REPRESENTATION_ITEM ( )  RATIONAL_B_SPLINE_CURVE ( ( 0.9945407480612344919, 0.9945407480612344919 ) ) 
 REPRESENTATION_ITEM ( '' )  );
#6328 = FACE_OUTER_BOUND ( 'NONE', #4758, .T. ) ;
#6329 = ORIENTED_EDGE ( 'NONE', *, *, #2752, .F. ) ;
#6330 = AXIS2_PLACEMENT_3D ( 'NONE', #4624, #1840, #3523 ) ;
#6331 = AXIS2_PLACEMENT_3D ( 'NONE', #83, #4586, #2243 ) ;
#6332 = CARTESIAN_POINT ( 'NONE',  ( -3.363234494711738076, 2.600324999999999775, 1.154898148574617700 ) ) ;
#6333 = ADVANCED_FACE ( 'NONE', ( #5358 ), #3065, .T. ) ;
#6334 = FACE_BOUND ( 'NONE', #4602, .T. ) ;
#6335 = APPROVAL_DATE_TIME ( #5844, #3453 ) ;
#6336 = EDGE_CURVE ( 'NONE', #1783, #812, #6189, .T. ) ;
#6337 = CARTESIAN_POINT ( 'NONE',  ( 1.079012043871800053, 2.336006249999998730, -3.103048892990378782 ) ) ;
#6338 = CARTESIAN_POINT ( 'NONE',  ( -2.331214252247939545, 2.223636876399969875, -2.291409323755995597 ) ) ;
#6339 = ORIENTED_EDGE ( 'NONE', *, *, #5389, .T. ) ;
#6340 = CARTESIAN_POINT ( 'NONE',  ( 0.05458617371366101395, -1.039667918822821724, 3.278910924730721543 ) ) ;
#6341 = ORIENTED_EDGE ( 'NONE', *, *, #5529, .T. ) ;
#6342 = ADVANCED_FACE ( 'NONE', ( #3024 ), #3097, .T. ) ;
#6343 = CARTESIAN_POINT ( 'NONE',  ( 3.243639285662713867, 1.850231249999996885, -0.08863242637711066241 ) ) ;
#6344 = CARTESIAN_POINT ( 'NONE',  ( 3.105876717029535605, -1.207420750006950705, 0.1869814659634334852 ) ) ;
#6345 = CARTESIAN_POINT ( 'NONE',  ( 1.546931039921312090, -0.5786437499999997902, -3.050495487478039891 ) ) ;
#6346 = CARTESIAN_POINT ( 'NONE',  ( -0.8028633287753554892, -1.067499318559818722, -3.150774169530495605 ) ) ;
#6347 = CARTESIAN_POINT ( 'NONE',  ( -0.04249896342278431521, -2.035968750000000327, -3.111209746723610614 ) ) ;
#6348 = EDGE_CURVE ( 'NONE', #588, #2055, #5229, .T. ) ;
#6349 = ORIENTED_EDGE ( 'NONE', *, *, #388, .F. ) ;
#6350 = CARTESIAN_POINT ( 'NONE',  ( 1.842218164637615008, -0.9730674576370965667, -2.793040380149392377 ) ) ;
#6351 = DIRECTION ( 'NONE',  ( 0.000000000000000000, 0.000000000000000000, -1.000000000000000000 ) ) ;
#6352 = VERTEX_POINT ( 'NONE', #285 ) ;
#6353 = CARTESIAN_POINT ( 'NONE',  ( 3.180337495298766193, 3.793331249999996047, 1.590782642599804619 ) ) ;
#6354 = CARTESIAN_POINT ( 'NONE',  ( -2.640039610515051649, 0.2303863975390292584, 2.137567787380655560 ) ) ;
#6355 = CARTESIAN_POINT ( 'NONE',  ( 0.000000000000000000, -1.943100000000000049, 0.000000000000000000 ) ) ;
#6356 = ADVANCED_FACE ( 'NONE', ( #5762 ), #5206, .F. ) ;
#6357 = ORIENTED_EDGE ( 'NONE', *, *, #981, .F. ) ;
#6358 = CARTESIAN_POINT ( 'NONE',  ( 3.024279019137205093, 0.5572124999999997774, -0.7315522294453868923 ) ) ;
#6359 = ORIENTED_EDGE ( 'NONE', *, *, #2076, .F. ) ;
#6360 =( BOUNDED_CURVE ( )  B_SPLINE_CURVE ( 2, ( #4751, #3072, #5297, #5147, #2516 ),
 .UNSPECIFIED., .F., .T. ) 
 B_SPLINE_CURVE_WITH_KNOTS ( ( 3, 2, 3 ),
 ( 0.01659028043918811882, 0.05000000000000000278, 0.09358265573071422594 ),
 .UNSPECIFIED. ) 
 CURVE ( )  GEOMETRIC_REPRESENTATION_ITEM ( )  RATIONAL_B_SPLINE_CURVE ( ( 0.9945407480612344919, 0.9917734182391062525, 1.000000000000000000, 0.9892685037336815812, 0.9972452917573793041 ) ) 
 REPRESENTATION_ITEM ( '' )  );
#6361 = CARTESIAN_POINT ( 'NONE',  ( -2.401482852516804822, 3.793331250000000487, -2.182185058964466684 ) ) ;
#6362 = CARTESIAN_POINT ( 'NONE',  ( 1.594923368752632520, -1.207420750006950039, -2.671638392037133158 ) ) ;
#6363 = CARTESIAN_POINT ( 'NONE',  ( 3.321498578642901656, -1.550193749999999815, -0.8161896553308571889 ) ) ;
#6364 = CARTESIAN_POINT ( 'NONE',  ( -3.299246400149549174, -2.035968750000000327, 0.7260912002636144003 ) ) ;
#6365 = CARTESIAN_POINT ( 'NONE',  ( 0.000000000000000000, 2.600324999999999331, 0.000000000000000000 ) ) ;
#6366 = EDGE_LOOP ( 'NONE', ( #7012, #3150, #4875, #5850 ) ) ;
#6367 = CARTESIAN_POINT ( 'NONE',  ( -3.252301928693936528, 3.307556250000000198, -1.544305468311505392 ) ) ;
#6368 =( BOUNDED_SURFACE ( )  B_SPLINE_SURFACE ( 1, 2, ( 
 ( #5152, #5228, #223, #2447, #5915, #5949, #3581, #903, #1496 ),
 ( #5882, #843, #255, #943, #360, #3138, #2520, #3177, #5807 ) ),
 .UNSPECIFIED., .F., .F., .T. ) 
 B_SPLINE_SURFACE_WITH_KNOTS ( ( 2, 2 ),
 ( 3, 2, 2, 2, 3 ),
 ( 0.000000000000000000, 1.000000000000000000 ),
 ( 0.000000000000000000, 0.05000000000000000278, 0.1000000000000000056, 0.1499999999999999944, 0.2000000000000000111 ),
 .UNSPECIFIED. ) 
 GEOMETRIC_REPRESENTATION_ITEM ( )  RATIONAL_B_SPLINE_SURFACE ( (
 ( 1.000000000000000000, 0.9876883405951377704, 1.000000000000000000, 0.9876883405951377704, 1.000000000000000000, 0.9876883405951377704, 1.000000000000000000, 0.9876883405951377704, 1.000000000000000000),
 ( 1.000000000000000000, 0.9876883405951377704, 1.000000000000000000, 0.9876883405951377704, 1.000000000000000000, 0.9876883405951377704, 1.000000000000000000, 0.9876883405951377704, 1.000000000000000000) ) ) 
 REPRESENTATION_ITEM ( '' )  SURFACE ( )  );
#6369 = CARTESIAN_POINT ( 'NONE',  ( 0.5731593185233161414, 1.850231249999998884, -3.193828410871486945 ) ) ;
#6370 = CARTESIAN_POINT ( 'NONE',  ( 3.369875563216064851, 0.8786812500000000803, 0.2370103973230004157 ) ) ;
#6371 = ORIENTED_EDGE ( 'NONE', *, *, #3123, .F. ) ;
#6372 = ORIENTED_EDGE ( 'NONE', *, *, #956, .F. ) ;
#6373 = CARTESIAN_POINT ( 'NONE',  ( 0.000000000000000000, 0.5572124999999997774, 0.000000000000000000 ) ) ;
#6374 = CARTESIAN_POINT ( 'NONE',  ( -3.220139381078885865, 0.5572124999999997774, -1.021243167137430019 ) ) ;
#6375 = CARTESIAN_POINT ( 'NONE',  ( -2.279958950396271611, 3.793331250000000043, -2.728905125596699399 ) ) ;
#6376 = CARTESIAN_POINT ( 'NONE',  ( -3.065354100748962196, 0.5572124999999997774, -0.5338880847345455205 ) ) ;
#6377 = DIRECTION ( 'NONE',  ( 0.000000000000000000, 0.000000000000000000, -1.000000000000000000 ) ) ;
#6378 = ORIENTED_EDGE ( 'NONE', *, *, #6782, .F. ) ;
#6379 = CARTESIAN_POINT ( 'NONE',  ( 2.329284337934335092, 2.223636876399968099, -2.721580575304155314 ) ) ;
#6380 = EDGE_CURVE ( 'NONE', #6949, #2067, #256, .T. ) ;
#6381 = EDGE_LOOP ( 'NONE', ( #486, #2860, #3631, #189 ) ) ;
#6382 = CARTESIAN_POINT ( 'NONE',  ( -1.724237050589107589, -0.09286875000000033298, 2.590065412953073576 ) ) ;
#6383 = CARTESIAN_POINT ( 'NONE',  ( -1.519829407520359554, 1.200149999999999828, -3.214849074534653184 ) ) ;
#6384 = CARTESIAN_POINT ( 'NONE',  ( -2.346205118720125604, -1.005087262691941596, -2.340308764037209333 ) ) ;
#6385 = EDGE_CURVE ( 'NONE', #5632, #2943, #3670, .T. ) ;
#6386 = ORIENTED_EDGE ( 'NONE', *, *, #421, .F. ) ;
#6387 = CARTESIAN_POINT ( 'NONE',  ( -3.376255986770155815, 0.5572124999999998884, -0.1145894925317853114 ) ) ;
#6388 = CARTESIAN_POINT ( 'NONE',  ( 2.913620580197191501, -0.5786437499999999012, -1.791461268363703896 ) ) ;
#6389 = VERTEX_POINT ( 'NONE', #351 ) ;
#6390 = CARTESIAN_POINT ( 'NONE',  ( 0.000000000000000000, 0.5572124999999997774, 0.000000000000000000 ) ) ;
#6391 = DIRECTION ( 'NONE',  ( 0.000000000000000000, 0.000000000000000000, -1.000000000000000000 ) ) ;
#6392 = EDGE_CURVE ( 'NONE', #5702, #1034, #2497, .T. ) ;
#6393 = CARTESIAN_POINT ( 'NONE',  ( 1.239624991056563319, 0.8786812499999998582, -2.853902964634225103 ) ) ;
#6394 = CARTESIAN_POINT ( 'NONE',  ( -1.543986982604769409, -1.550193750000000259, 2.745979112067548300 ) ) ;
#6395 = CARTESIAN_POINT ( 'NONE',  ( 3.068310879982879769, 2.600324999999999775, -1.055708229710603963 ) ) ;
#6396 = CARTESIAN_POINT ( 'NONE',  ( 3.236522210614107831, -1.029273648346682890, 0.5888140908782288907 ) ) ;
#6397 = DIRECTION ( 'NONE',  ( -0.000000000000000000, -1.000000000000000000, -0.000000000000000000 ) ) ;
#6398 =( BOUNDED_CURVE ( )  B_SPLINE_CURVE ( 2, ( #2499, #6455, #6524, #822, #5280 ),
 .UNSPECIFIED., .F., .T. ) 
 B_SPLINE_CURVE_WITH_KNOTS ( ( 3, 2, 3 ),
 ( 0.01659028043918804943, 0.05000000000000000278, 0.09358265573071412879 ),
 .UNSPECIFIED. ) 
 CURVE ( )  GEOMETRIC_REPRESENTATION_ITEM ( )  RATIONAL_B_SPLINE_CURVE ( ( 0.9945407480612344919, 0.9917734182391063635, 1.000000000000000000, 0.9892685037336815812, 0.9972452917573791931 ) ) 
 REPRESENTATION_ITEM ( '' )  );
#6399 = EDGE_LOOP ( 'NONE', ( #498, #724, #4169, #349 ) ) ;
#6400 = B_SPLINE_CURVE_WITH_KNOTS ( 'NONE', 3,
 ( #2845, #4490, #6726, #7175, #4384, #62, #4526, #6762, #1743, #1015 ),
 .UNSPECIFIED., .F., .F.,
 ( 4, 3, 3, 4 ),
 ( 1.999936913394288198E-16, 0.0002589485462244645866, 0.0005341756780451696130, 0.0008103109524490875477 ),
 .UNSPECIFIED. ) ;
#6401 = CARTESIAN_POINT ( 'NONE',  ( -2.169676929936468657, 4.764881249999999291, -2.817381411825787829 ) ) ;
#6402 = APPLICATION_PROTOCOL_DEFINITION ( 'international standard', 'config_control_design', 1994, #5650 ) ;
#6403 = CARTESIAN_POINT ( 'NONE',  ( -1.713878656497743291, 2.600324999999999331, 2.755298799277764221 ) ) ;
#6404 = CARTESIAN_POINT ( 'NONE',  ( 0.3576347554848083865, 0.5572124999999997774, -3.359216072489132898 ) ) ;
#6405 = CARTESIAN_POINT ( 'NONE',  ( -1.625463722542661360, -1.036468050703292176, -2.851729897768907840 ) ) ;
#6406 = EDGE_LOOP ( 'NONE', ( #814, #6192, #5500, #5270, #3353 ) ) ;
#6407 = CARTESIAN_POINT ( 'NONE',  ( -3.366258603517390036, 1.364456250000001702, -1.276969157453806458 ) ) ;
#6408 = ORIENTED_EDGE ( 'NONE', *, *, #1787, .T. ) ;
#6409 = CARTESIAN_POINT ( 'NONE',  ( 2.617741811369363791, 3.307556249999995757, -1.985096277795582731 ) ) ;
#6410 = CARTESIAN_POINT ( 'NONE',  ( 0.1132053339522445939, 1.200149999999999606, 3.554197596134008208 ) ) ;
#6411 = AXIS2_PLACEMENT_3D ( 'NONE', #4841, #419, #348 ) ;
#6412 =( BOUNDED_CURVE ( )  B_SPLINE_CURVE ( 2, ( #11, #2242, #4478, #3265, #6711, #3927, #4950 ),
 .UNSPECIFIED., .F., .F. ) 
 B_SPLINE_CURVE_WITH_KNOTS ( ( 3, 2, 2, 3 ),
 ( 0.01659028043918806677, 0.05000000000000000278, 0.1000000000000000056, 0.1074143368666444776 ),
 .UNSPECIFIED. ) 
 CURVE ( )  GEOMETRIC_REPRESENTATION_ITEM ( )  RATIONAL_B_SPLINE_CURVE ( ( 0.9945407480612344919, 0.9917734182391063635, 1.000000000000000000, 0.9876883405951377704, 1.000000000000000000, 0.9981743441956991703, 0.9968901294768235388 ) ) 
 REPRESENTATION_ITEM ( '' )  );
#6413 = CARTESIAN_POINT ( 'NONE',  ( 3.268787419546758333, 0.2303863975390297025, 0.9241395979767982327 ) ) ;
#6414 = ADVANCED_FACE ( 'NONE', ( #4959 ), #2967, .T. ) ;
#6415 = CIRCLE ( 'NONE', #6172, 3.378200000000000092 ) ;
#6416 = CARTESIAN_POINT ( 'NONE',  ( -1.943856213868751626, -1.207420750006950483, 2.429579237193931540 ) ) ;
#6417 = CARTESIAN_POINT ( 'NONE',  ( 0.02992911731129039438, -2.521743750000000173, -3.420178739383788802 ) ) ;
#6418 = ORIENTED_EDGE ( 'NONE', *, *, #1466, .T. ) ;
#6419 = ORIENTED_EDGE ( 'NONE', *, *, #1506, .F. ) ;
#6420 = CARTESIAN_POINT ( 'NONE',  ( -2.485084664564350287, -1.135696009622295222, 1.873770314375083013 ) ) ;
#6421 = EDGE_CURVE ( 'NONE', #7040, #205, #7026, .T. ) ;
#6422 = CARTESIAN_POINT ( 'NONE',  ( -1.251980059607695761, 3.793331249999999599, 2.993592733296353003 ) ) ;
#6423 = CARTESIAN_POINT ( 'NONE',  ( -2.299284988081661929, -1.155006032159972218, -2.173476380817557452 ) ) ;
#6424 = EDGE_CURVE ( 'NONE', #3605, #3724, #824, .T. ) ;
#6425 = EDGE_LOOP ( 'NONE', ( #1800, #1527, #1733, #6488 ) ) ;
#6426 = CARTESIAN_POINT ( 'NONE',  ( -3.201002585731558714, 0.3929062499999994573, -1.205031454998494178 ) ) ;
#6427 = CARTESIAN_POINT ( 'NONE',  ( -2.035630689701918072, -0.5156196993879217372, -2.735920424957026142 ) ) ;
#6428 = ORIENTED_EDGE ( 'NONE', *, *, #6305, .F. ) ;
#6429 = CARTESIAN_POINT ( 'NONE',  ( -3.449587023651975226, 1.850231250000001104, -0.8634149444223827574 ) ) ;
#6430 = CARTESIAN_POINT ( 'NONE',  ( 0.8980097398556493582, 1.364456249999999038, 3.486534916212300939 ) ) ;
#6431 = CARTESIAN_POINT ( 'NONE',  ( -0.6779879100331185349, 2.821781249999998575, -3.490769026138643483 ) ) ;
#6432 = CARTESIAN_POINT ( 'NONE',  ( 2.649450270777206740, 4.279106249999995448, -2.437777774433456557 ) ) ;
#6433 = AXIS2_PLACEMENT_3D ( 'NONE', #154, #2928, #583 ) ;
#6434 =( BOUNDED_SURFACE ( )  B_SPLINE_SURFACE ( 1, 2, ( 
 ( #5238, #5778, #5160, #3590, #2423, #5198, #5855, #4113, #6866 ),
 ( #4657, #162, #5816, #6345, #270, #1329, #3557, #2386, #4729 ) ),
 .UNSPECIFIED., .F., .F., .T. ) 
 B_SPLINE_SURFACE_WITH_KNOTS ( ( 2, 2 ),
 ( 3, 2, 2, 2, 3 ),
 ( 0.000000000000000000, 1.000000000000000000 ),
 ( 0.000000000000000000, 0.05000000000000000278, 0.1000000000000000056, 0.1499999999999999944, 0.2000000000000000111 ),
 .UNSPECIFIED. ) 
 GEOMETRIC_REPRESENTATION_ITEM ( )  RATIONAL_B_SPLINE_SURFACE ( (
 ( 1.000000000000000000, 0.9876883405951377704, 1.000000000000000000, 0.9876883405951377704, 1.000000000000000000, 0.9876883405951377704, 1.000000000000000000, 0.9876883405951377704, 1.000000000000000000),
 ( 1.000000000000000000, 0.9876883405951377704, 1.000000000000000000, 0.9876883405951377704, 1.000000000000000000, 0.9876883405951377704, 1.000000000000000000, 0.9876883405951377704, 1.000000000000000000) ) ) 
 REPRESENTATION_ITEM ( '' )  SURFACE ( )  );
#6435 = DIRECTION ( 'NONE',  ( 0.000000000000000000, 0.000000000000000000, -1.000000000000000000 ) ) ;
#6437 = ADVANCED_FACE ( 'NONE', ( #422 ), #3243, .F. ) ;
#6436 = CARTESIAN_POINT ( 'NONE',  ( 3.226409131918527073, -1.090493833097039733, -0.1402745681296068136 ) ) ;
#6438 = VERTEX_POINT ( 'NONE', #2180 ) ;
#6439 = CIRCLE ( 'NONE', #3627, 3.556000000000000050 ) ;
#6440 = CARTESIAN_POINT ( 'NONE',  ( -2.098522615355742804, 0.3929062499999995683, -2.700874153720681292 ) ) ;
#6441 = CARTESIAN_POINT ( 'NONE',  ( 3.071192613696941187, -1.181751568882859926, -0.6404337839991157688 ) ) ;
#6442 =( BOUNDED_CURVE ( )  B_SPLINE_CURVE ( 1, ( #4073, #6303 ),
 .UNSPECIFIED., .F., .F. ) 
 B_SPLINE_CURVE_WITH_KNOTS ( ( 2, 2 ),
 ( 0.000000000000000000, 0.0005566452967378106818 ),
 .UNSPECIFIED. ) 
 CURVE ( )  GEOMETRIC_REPRESENTATION_ITEM ( )  RATIONAL_B_SPLINE_CURVE ( ( 0.9945407480612344919, 0.9945407480612344919 ) ) 
 REPRESENTATION_ITEM ( '' )  );
#6443 = CARTESIAN_POINT ( 'NONE',  ( 1.981580035878427903, -1.181751568882859038, 2.432225331568217630 ) ) ;
#6444 = CIRCLE ( 'NONE', #6924, 3.378200000000000092 ) ;
#6445 = ORIENTED_EDGE ( 'NONE', *, *, #6796, .T. ) ;
#6446 = CARTESIAN_POINT ( 'NONE',  ( -1.459162096100070194, 3.793331249999999599, -3.242835484156555204 ) ) ;
#6447 = EDGE_LOOP ( 'NONE', ( #7174, #4821, #6835, #2753 ) ) ;
#6448 = DIRECTION ( 'NONE',  ( -0.000000000000000000, -1.000000000000000000, -0.000000000000000000 ) ) ;
#6449 = AXIS2_PLACEMENT_3D ( 'NONE', #7189, #2712, #372 ) ;
#6450 = CARTESIAN_POINT ( 'NONE',  ( -2.712175061412663624, 3.307556250000000642, -2.367795103275267987 ) ) ;
#6451 = CARTESIAN_POINT ( 'NONE',  ( 2.073095302960531683, 2.600324999999999775, -2.496262683962366502 ) ) ;
#6452 = CARTESIAN_POINT ( 'NONE',  ( -2.367754144437119290, -0.09286875000000044400, -2.409559202738302375 ) ) ;
#6453 = B_SPLINE_CURVE_WITH_KNOTS ( 'NONE', 3,
 ( #6627, #1612, #3258, #3147, #2056, #3737, #2633, #1545, #6036, #5997 ),
 .UNSPECIFIED., .F., .F.,
 ( 4, 3, 3, 4 ),
 ( 2.019613439241145802E-16, 0.0002589485462244638277, 0.0005341756780451714561, 0.0008103109524490921013 ),
 .UNSPECIFIED. ) ;
#6454 = EDGE_LOOP ( 'NONE', ( #5542, #2113, #4962, #4402 ) ) ;
#6455 = CARTESIAN_POINT ( 'NONE',  ( -3.362346549048251365, 0.2303863975390292862, -0.4833537781368720254 ) ) ;
#6456 = VERTEX_POINT ( 'NONE', #931 ) ;
#6457 = CARTESIAN_POINT ( 'NONE',  ( -0.5747268333598668510, 0.5572124999999997774, -3.328952433877083283 ) ) ;
#6458 = DIRECTION ( 'NONE',  ( -0.000000000000000000, -1.000000000000000000, -0.000000000000000000 ) ) ;
#6459 = CARTESIAN_POINT ( 'NONE',  ( -1.589291794936690261, -1.064418750000000191, 2.981004332527363410 ) ) ;
#6460 = ORIENTED_EDGE ( 'NONE', *, *, #4853, .F. ) ;
#6461 = CARTESIAN_POINT ( 'NONE',  ( -2.671959169486730179, -0.5786437500000005674, -2.135217215646148858 ) ) ;
#6462 = CARTESIAN_POINT ( 'NONE',  ( -3.344468858230170483, 2.223636876399969431, -1.283391760588969088 ) ) ;
#6463 = ORIENTED_EDGE ( 'NONE', *, *, #5621, .T. ) ;
#6464 = ADVANCED_FACE ( 'NONE', ( #7170 ), #6016, .T. ) ;
#6465 = CYLINDRICAL_SURFACE ( 'NONE', #250, 3.378200000000000092 ) ;
#6466 = CARTESIAN_POINT ( 'NONE',  ( 1.414733147616557440, 0.8786812499999990811, 3.262463198418482868 ) ) ;
#6467 = DIRECTION ( 'NONE',  ( -0.000000000000000000, -1.000000000000000000, -0.000000000000000000 ) ) ;
#6468 = CARTESIAN_POINT ( 'NONE',  ( 0.8394726534550830399, 0.8786812499999999693, 2.996117139582676892 ) ) ;
#6469 = CARTESIAN_POINT ( 'NONE',  ( 2.725376360821287314, 1.850231249999997329, -1.761072177503387737 ) ) ;
#6470 = ORIENTED_EDGE ( 'NONE', *, *, #180, .T. ) ;
#6471 = CARTESIAN_POINT ( 'NONE',  ( -3.182414200861131803, 2.223636876399968987, -0.7465630804139793408 ) ) ;
#6472 = CARTESIAN_POINT ( 'NONE',  ( -2.174742264592888219, -1.005087262691905403, 2.500443891138436125 ) ) ;
#6473 = VERTEX_POINT ( 'NONE', #4844 ) ;
#6474 = ADVANCED_FACE ( 'NONE', ( #2730 ), #3865, .T. ) ;
#6475 = CARTESIAN_POINT ( 'NONE',  ( -1.581349386128178214, 0.3929062499999996794, -2.724634141560347445 ) ) ;
#6476 =( BOUNDED_CURVE ( )  B_SPLINE_CURVE ( 2, ( #3405, #1250, #661, #4035, #5627, #624, #6261 ),
 .UNSPECIFIED., .F., .F. ) 
 B_SPLINE_CURVE_WITH_KNOTS ( ( 3, 2, 2, 3 ),
 ( 0.01659028043918808759, 0.05000000000000000278, 0.1000000000000000056, 0.1074143368666445053 ),
 .UNSPECIFIED. ) 
 CURVE ( )  GEOMETRIC_REPRESENTATION_ITEM ( )  RATIONAL_B_SPLINE_CURVE ( ( 0.9945407480612344919, 0.9917734182391063635, 1.000000000000000000, 0.9876883405951377704, 1.000000000000000000, 0.9981743441956991703, 0.9968901294768235388 ) ) 
 REPRESENTATION_ITEM ( '' )  );
#6477 = DIRECTION ( 'NONE',  ( 0.000000000000000000, 0.000000000000000000, -1.000000000000000000 ) ) ;
#6478 = CARTESIAN_POINT ( 'NONE',  ( 1.278489883388563619, -2.035968750000000327, 2.836705107703848316 ) ) ;
#6479 = CARTESIAN_POINT ( 'NONE',  ( 0.05263047143130186040, -2.035968750000000327, 3.377789998427509044 ) ) ;
#6480 = ORIENTED_EDGE ( 'NONE', *, *, #2012, .F. ) ;
#6481 = ORIENTED_EDGE ( 'NONE', *, *, #4289, .F. ) ;
#6482 = CARTESIAN_POINT ( 'NONE',  ( 0.4637052119830020191, 4.279106249999997225, 3.570339576458090747 ) ) ;
#6483 = CARTESIAN_POINT ( 'NONE',  ( 0.000000000000000000, -2.857500000000000373, 0.000000000000000000 ) ) ;
#6484 = EDGE_CURVE ( 'NONE', #6352, #1040, #1514, .T. ) ;
#6485 =( BOUNDED_CURVE ( )  B_SPLINE_CURVE ( 2, ( #5757, #1784, #4126, #5793, #794 ),
 .UNSPECIFIED., .F., .T. ) 
 B_SPLINE_CURVE_WITH_KNOTS ( ( 3, 2, 3 ),
 ( 0.01659028043918812229, 0.05000000000000000278, 0.08854378023972317435 ),
 .UNSPECIFIED. ) 
 CURVE ( )  GEOMETRIC_REPRESENTATION_ITEM ( )  RATIONAL_B_SPLINE_CURVE ( ( 0.9945407480612344919, 0.9917734182391063635, 1.000000000000000000, 0.9905092421102533740, 0.9956508716769392198 ) ) 
 REPRESENTATION_ITEM ( '' )  );
#6486 = CARTESIAN_POINT ( 'NONE',  ( 0.000000000000000000, -2.857500000000000373, 0.000000000000000000 ) ) ;
#6487 = CARTESIAN_POINT ( 'NONE',  ( 1.052541986078847636, -0.9407207499999045153, -3.210045265653043600 ) ) ;
#6488 = ORIENTED_EDGE ( 'NONE', *, *, #7108, .T. ) ;
#6489 = CARTESIAN_POINT ( 'NONE',  ( -2.291261887953862875, -1.207420750006951815, -2.105124986980607016 ) ) ;
#6490 = VERTEX_POINT ( 'NONE', #3238 ) ;
#6491 = CARTESIAN_POINT ( 'NONE',  ( 3.308856075960038723, 0.8786812500000003023, -0.6809601372931676222 ) ) ;
#6492 = CARTESIAN_POINT ( 'NONE',  ( -1.052165251867498874, 2.223636876399968987, 3.424253880421498586 ) ) ;
#6493 = CARTESIAN_POINT ( 'NONE',  ( 3.547856869519781853, 0.8786812499999969717, 0.2405153496168269400 ) ) ;
#6494 = CARTESIAN_POINT ( 'NONE',  ( -3.088639656555205448, -1.067499318559816279, 1.016008102343370689 ) ) ;
#6495 = ORIENTED_EDGE ( 'NONE', *, *, #765, .F. ) ;
#6496 = LINE ( 'NONE', #5827, #4002 ) ;
#6497 =( BOUNDED_CURVE ( )  B_SPLINE_CURVE ( 2, ( #1066, #5628, #3889, #5009, #2750 ),
 .UNSPECIFIED., .F., .T. ) 
 B_SPLINE_CURVE_WITH_KNOTS ( ( 3, 2, 3 ),
 ( 0.01659028043918800085, 0.05000000000000000278, 0.08854378023972304945 ),
 .UNSPECIFIED. ) 
 CURVE ( )  GEOMETRIC_REPRESENTATION_ITEM ( )  RATIONAL_B_SPLINE_CURVE ( ( 0.9945407480612347140, 0.9917734182391063635, 1.000000000000000000, 0.9905092421102533740, 0.9956508716769392198 ) ) 
 REPRESENTATION_ITEM ( '' )  );
#6498 = CARTESIAN_POINT ( 'NONE',  ( -2.786528826593702490, -1.181751568882858150, -1.441400916010674438 ) ) ;
#6499 = ORIENTED_EDGE ( 'NONE', *, *, #3509, .T. ) ;
#6500 = CARTESIAN_POINT ( 'NONE',  ( 0.04641077419131215548, 3.793331249999998711, 3.555697124339892046 ) ) ;
#6501 = CARTESIAN_POINT ( 'NONE',  ( 0.000000000000000000, -2.857500000000000373, 0.000000000000000000 ) ) ;
#6502 = CARTESIAN_POINT ( 'NONE',  ( 2.278731954694218409, 1.850231249999997551, 2.310071903892923828 ) ) ;
#6503 = CARTESIAN_POINT ( 'NONE',  ( 0.4339021327081973300, 3.793331249999997823, -3.529428415371432592 ) ) ;
#6504 = CARTESIAN_POINT ( 'NONE',  ( 0.6833249187249730294, 0.2303863975390294250, 3.327472350927258571 ) ) ;
#6505 = ADVANCED_FACE ( 'NONE', ( #5462, #5096 ), #1116, .T. ) ;
#6506 = ORIENTED_EDGE ( 'NONE', *, *, #2945, .F. ) ;
#6507 = CARTESIAN_POINT ( 'NONE',  ( 2.701693470208846204, -0.09286874999999988889, 1.543465141501707105 ) ) ;
#6508 = EDGE_LOOP ( 'NONE', ( #4572, #4351, #3370, #6418 ) ) ;
#6509 = DIRECTION ( 'NONE',  ( 0.000000000000000000, 1.000000000000000000, 0.000000000000000000 ) ) ;
#6510 = CALENDAR_DATE ( 2026, 8, 1 ) ;
#6511 = CARTESIAN_POINT ( 'NONE',  ( -3.129793082295332596, -1.181751568882861259, 0.2162747422385526974 ) ) ;
#6513 = EDGE_CURVE ( 'NONE', #5575, #6781, #3998, .T. ) ;
#6512 = CARTESIAN_POINT ( 'NONE',  ( 2.880838293723803734, -0.5786437499999997902, -1.274781476088659993 ) ) ;
#6514 = CARTESIAN_POINT ( 'NONE',  ( -0.4823589070034554616, -2.521743750000000173, 3.386125846189171451 ) ) ;
#6515 = ORIENTED_EDGE ( 'NONE', *, *, #6424, .F. ) ;
#6516 = CARTESIAN_POINT ( 'NONE',  ( -2.895980214806367581, 2.600324999999999331, 1.463676917202039185 ) ) ;
#6517 = VERTEX_POINT ( 'NONE', #6837 ) ;
#6518 =( BOUNDED_SURFACE ( )  B_SPLINE_SURFACE ( 1, 2, ( 
 ( #1971, #7095, #5257, #4306, #866, #6537, #3577, #897, #3131 ),
 ( #2584, #5834, #287, #1935, #2042, #3099, #4274, #319, #1490 ) ),
 .UNSPECIFIED., .F., .F., .F. ) 
 B_SPLINE_SURFACE_WITH_KNOTS ( ( 2, 2 ),
 ( 3, 2, 2, 2, 3 ),
 ( 0.000000000000000000, 1.000000000000000000 ),
 ( 0.000000000000000000, 0.05000000000000000278, 0.1000000000000000056, 0.1499999999999999944, 0.2000000000000000111 ),
 .UNSPECIFIED. ) 
 GEOMETRIC_REPRESENTATION_ITEM ( )  RATIONAL_B_SPLINE_SURFACE ( (
 ( 1.000000000000000000, 0.9876883405951377704, 1.000000000000000000, 0.9876883405951377704, 1.000000000000000000, 0.9876883405951377704, 1.000000000000000000, 0.9876883405951377704, 1.000000000000000000),
 ( 1.000000000000000000, 0.9876883405951377704, 1.000000000000000000, 0.9876883405951377704, 1.000000000000000000, 0.9876883405951377704, 1.000000000000000000, 0.9876883405951377704, 1.000000000000000000) ) ) 
 REPRESENTATION_ITEM ( '' )  SURFACE ( )  );
#6519 = EDGE_CURVE ( 'NONE', #149, #1975, #3864, .T. ) ;
#6520 = FACE_OUTER_BOUND ( 'NONE', #5433, .T. ) ;
#6521 = CARTESIAN_POINT ( 'NONE',  ( -2.442056846066068321, 1.200149999999999606, -2.136681979865473480 ) ) ;
#6522 = CARTESIAN_POINT ( 'NONE',  ( -3.096885540746824095, -1.135696009622295888, 0.3097756100784140321 ) ) ;
#6523 = ORIENTED_EDGE ( 'NONE', *, *, #6099, .T. ) ;
#6524 = CARTESIAN_POINT ( 'NONE',  ( -3.275023374605442683, -0.09286875000000065217, -0.8285270881437595270 ) ) ;
#6525 = EDGE_CURVE ( 'NONE', #3211, #4839, #2262, .T. ) ;
#6526 = ORIENTED_EDGE ( 'NONE', *, *, #6525, .T. ) ;
#6527 =( BOUNDED_CURVE ( )  B_SPLINE_CURVE ( 2, ( #1979, #5368, #2050, #6512, #945, #3179, #3434 ),
 .UNSPECIFIED., .F., .F. ) 
 B_SPLINE_CURVE_WITH_KNOTS ( ( 3, 2, 2, 3 ),
 ( 0.01659028043918810841, 0.05000000000000000278, 0.1000000000000000056, 0.1074143368666445331 ),
 .UNSPECIFIED. ) 
 CURVE ( )  GEOMETRIC_REPRESENTATION_ITEM ( )  RATIONAL_B_SPLINE_CURVE ( ( 0.9945407480612344919, 0.9917734182391062525, 1.000000000000000000, 0.9876883405951377704, 1.000000000000000000, 0.9981743441956991703, 0.9968901294768235388 ) ) 
 REPRESENTATION_ITEM ( '' )  );
#6528 = CARTESIAN_POINT ( 'NONE',  ( 2.897981381806990164, -0.5786437499999996792, 1.235314128901757513 ) ) ;
#6529 = CARTESIAN_POINT ( 'NONE',  ( 1.529586471455791186, 0.5572124999999997774, -2.709575146833803405 ) ) ;
#6530 = CARTESIAN_POINT ( 'NONE',  ( 2.367795103275229796, 3.307556249999995313, 2.712175061412701815 ) ) ;
#6531 = ORIENTED_EDGE ( 'NONE', *, *, #2277, .F. ) ;
#6532 = CARTESIAN_POINT ( 'NONE',  ( -2.216859799491984528, 1.526976102460970930, -2.394064217597795086 ) ) ;
#6533 = CARTESIAN_POINT ( 'NONE',  ( -2.890609216527235237, -1.005087262691939820, -1.620525201120215364 ) ) ;
#6534 = ORIENTED_EDGE ( 'NONE', *, *, #2945, .T. ) ;
#6535 = DIRECTION ( 'NONE',  ( 0.000000000000000000, 0.000000000000000000, -1.000000000000000000 ) ) ;
#6536 = CARTESIAN_POINT ( 'NONE',  ( 2.701693470208846204, -0.09286874999999988889, 1.543465141501707105 ) ) ;
#6537 = CARTESIAN_POINT ( 'NONE',  ( 2.617741811369363791, 3.307556249999995757, -1.985096277795582731 ) ) ;
#6538 =( BOUNDED_SURFACE ( )  B_SPLINE_SURFACE ( 1, 2, ( 
 ( #3739, #2096, #4325, #5962, #955, #2273, #4472, #1171, #1211 ),
 ( #1100, #625, #3406, #4504, #3850, #584, #5049, #2823, #7 ) ),
 .UNSPECIFIED., .F., .F., .T. ) 
 B_SPLINE_SURFACE_WITH_KNOTS ( ( 2, 2 ),
 ( 3, 2, 2, 2, 3 ),
 ( 0.000000000000000000, 1.000000000000000000 ),
 ( 0.000000000000000000, 0.05000000000000000278, 0.1000000000000000056, 0.1499999999999999944, 0.2000000000000000111 ),
 .UNSPECIFIED. ) 
 GEOMETRIC_REPRESENTATION_ITEM ( )  RATIONAL_B_SPLINE_SURFACE ( (
 ( 1.000000000000000000, 0.9876883405951377704, 1.000000000000000000, 0.9876883405951377704, 1.000000000000000000, 0.9876883405951377704, 1.000000000000000000, 0.9876883405951377704, 1.000000000000000000),
 ( 1.000000000000000000, 0.9876883405951377704, 1.000000000000000000, 0.9876883405951377704, 1.000000000000000000, 0.9876883405951377704, 1.000000000000000000, 0.9876883405951377704, 1.000000000000000000) ) ) 
 REPRESENTATION_ITEM ( '' )  SURFACE ( )  );
#6539 = CARTESIAN_POINT ( 'NONE',  ( -0.1344543200133985483, -0.5156196993881074775, 3.407488064892269186 ) ) ;
#6540 = VERTEX_POINT ( 'NONE', #3457 ) ;
#6541 = CARTESIAN_POINT ( 'NONE',  ( -3.228397611311702331, 1.200150000000000272, 0.3263439685008610591 ) ) ;
#6542 = CARTESIAN_POINT ( 'NONE',  ( -3.124291652791280960, -1.179124203889764688, 0.3224808116046610773 ) ) ;
#6543 = ORIENTED_EDGE ( 'NONE', *, *, #6031, .T. ) ;
#6544 = CARTESIAN_POINT ( 'NONE',  ( -3.369875563216063519, 0.8786812499999996362, 0.2370103973230485439 ) ) ;
#6545 = CARTESIAN_POINT ( 'NONE',  ( -1.477520886666720878, -0.09286875000000033298, 3.037954454804019822 ) ) ;
#6546 = CARTESIAN_POINT ( 'NONE',  ( 0.9959941348792566984, 2.600324999999999331, -3.413668361643546145 ) ) ;
#6547 = CARTESIAN_POINT ( 'NONE',  ( 0.3393260483034199471, -3.007518750000000463, 3.092941978593001018 ) ) ;
#6548 = CARTESIAN_POINT ( 'NONE',  ( 2.826197488987165940, 0.3929062500000002345, -1.391727286362847593 ) ) ;
#6549 = VERTEX_POINT ( 'NONE', #3420 ) ;
#6550 = CARTESIAN_POINT ( 'NONE',  ( 0.1031094701081375492, 0.5572124999999998884, 3.376626078969067635 ) ) ;
#6551 = CARTESIAN_POINT ( 'NONE',  ( 1.532835604167758436, -1.135696009622294333, -2.708703747492862135 ) ) ;
#6552 = EDGE_CURVE ( 'NONE', #5591, #3260, #2225, .T. ) ;
#6553 = EDGE_CURVE ( 'NONE', #4509, #6207, #4052, .T. ) ;
#6554 = CARTESIAN_POINT ( 'NONE',  ( 0.000000000000000000, -2.857500000000000373, 0.000000000000000000 ) ) ;
#6555 = CARTESIAN_POINT ( 'NONE',  ( 3.591929781405258488E-16, -1.385887500000000383, -2.933033249999999814 ) ) ;
#6556 = CONICAL_SURFACE ( 'NONE', #4795, 2.933033249999999814, 0.7853981633974497223 ) ;
#6557 = DIRECTION ( 'NONE',  ( 0.000000000000000000, 0.000000000000000000, -1.000000000000000000 ) ) ;
#6558 = DIRECTION ( 'NONE',  ( -0.000000000000000000, -1.000000000000000000, -0.000000000000000000 ) ) ;
#6559 = ORIENTED_EDGE ( 'NONE', *, *, #1920, .F. ) ;
#6560 = ORIENTED_EDGE ( 'NONE', *, *, #1608, .T. ) ;
#6561 =( BOUNDED_SURFACE ( )  B_SPLINE_SURFACE ( 1, 2, ( 
 ( #2884, #144, #2371, #4063, #3541, #4608, #185, #5764, #767 ),
 ( #2994, #5221, #4748, #4202, #6431, #4240, #6503, #1455, #802 ) ),
 .UNSPECIFIED., .F., .F., .F. ) 
 B_SPLINE_SURFACE_WITH_KNOTS ( ( 2, 2 ),
 ( 3, 2, 2, 2, 3 ),
 ( 0.000000000000000000, 1.000000000000000000 ),
 ( 0.000000000000000000, 0.05000000000000000278, 0.1000000000000000056, 0.1499999999999999944, 0.2000000000000000111 ),
 .UNSPECIFIED. ) 
 GEOMETRIC_REPRESENTATION_ITEM ( )  RATIONAL_B_SPLINE_SURFACE ( (
 ( 1.000000000000000000, 0.9876883405951377704, 1.000000000000000000, 0.9876883405951377704, 1.000000000000000000, 0.9876883405951377704, 1.000000000000000000, 0.9876883405951377704, 1.000000000000000000),
 ( 1.000000000000000000, 0.9876883405951377704, 1.000000000000000000, 0.9876883405951377704, 1.000000000000000000, 0.9876883405951377704, 1.000000000000000000, 0.9876883405951377704, 1.000000000000000000) ) ) 
 REPRESENTATION_ITEM ( '' )  SURFACE ( )  );
#6562 = CARTESIAN_POINT ( 'NONE',  ( 0.000000000000000000, -2.857500000000000373, -3.378200000000000092 ) ) ;
#6563 = ORIENTED_EDGE ( 'NONE', *, *, #805, .F. ) ;
#6564 = AXIS2_PLACEMENT_3D ( 'NONE', #2442, #5107, #5618 ) ;
#6565 = CC_DESIGN_SECURITY_CLASSIFICATION ( #3404, ( #599 ) ) ;
#6566 = ADVANCED_FACE ( 'NONE', ( #3346 ), #1150, .T. ) ;
#6567 = CARTESIAN_POINT ( 'NONE',  ( 2.636196199927217876, -1.064418749999999747, 1.652846588612899126 ) ) ;
#6568 = CARTESIAN_POINT ( 'NONE',  ( -2.527265385917706553, -1.207420750006950927, 1.815037718380041465 ) ) ;
#6569 = EDGE_CURVE ( 'NONE', #4222, #6623, #7191, .T. ) ;
#6570 = CARTESIAN_POINT ( 'NONE',  ( 0.000000000000000000, 2.600324999999999331, 0.000000000000000000 ) ) ;
#6571 = ORIENTED_EDGE ( 'NONE', *, *, #4670, .T. ) ;
#6572 = CARTESIAN_POINT ( 'NONE',  ( 0.2943761980475357309, -1.000217606553379435, -3.306492882875009975 ) ) ;
#6573 = AXIS2_PLACEMENT_3D ( 'NONE', #2609, #7090, #4195 ) ;
#6574 = B_SPLINE_CURVE_WITH_KNOTS ( 'NONE', 3,
 ( #3657, #5166, #6274, #5748, #6312, #3968, #5886, #4010, #5062, #2391 ),
 .UNSPECIFIED., .F., .F.,
 ( 4, 3, 3, 4 ),
 ( 8.093707428600006577E-16, 0.0001296210011225064774, 0.0002688043935198821364, 0.0004095291194012249661 ),
 .UNSPECIFIED. ) ;
#6575 = CARTESIAN_POINT ( 'NONE',  ( -3.102409053345960288, -1.207420750006952259, 0.2376769145647394665 ) ) ;
#6576 = EDGE_LOOP ( 'NONE', ( #2088, #3160, #3263, #1965 ) ) ;
#6577 = CARTESIAN_POINT ( 'NONE',  ( 3.306215448764974418, 0.8786812500000003023, -0.6936675330068663436 ) ) ;
#6578 = CARTESIAN_POINT ( 'NONE',  ( -3.196349304778395073, 0.3929062499999994573, -1.217320616451797566 ) ) ;
#6579 = EDGE_CURVE ( 'NONE', #3907, #6742, #936, .T. ) ;
#6580 = ORIENTED_EDGE ( 'NONE', *, *, #5106, .T. ) ;
#6581 = CARTESIAN_POINT ( 'NONE',  ( 0.1344834704988551732, -0.9407207500002887635, -3.375522098307642160 ) ) ;
#6582 = CARTESIAN_POINT ( 'NONE',  ( -0.1602036999381022397, -1.120186029920318571, 3.194720423443870416 ) ) ;
#6583 = EDGE_LOOP ( 'NONE', ( #2693, #3780, #1255, #3989 ) ) ;
#6584 = CARTESIAN_POINT ( 'NONE',  ( 0.06597841984675729965, -0.03296704296876923346, -3.378200000000002756 ) ) ;
#6585 = CARTESIAN_POINT ( 'NONE',  ( -2.858703370901038099, -1.064418750000000635, -1.800013965834443175 ) ) ;
#6586 = CARTESIAN_POINT ( 'NONE',  ( 2.683822155118884112, -1.090493833097039289, -1.796243714166940952 ) ) ;
#6587 = CARTESIAN_POINT ( 'NONE',  ( 3.104478572187526542, -1.550193749999999815, 0.5352661778898031297 ) ) ;
#6588 = ORIENTED_EDGE ( 'NONE', *, *, #792, .T. ) ;
#6589 = CARTESIAN_POINT ( 'NONE',  ( 2.464476118225124246, 0.8786812500000001913, -2.310539483042439279 ) ) ;
#6590 = DIRECTION ( 'NONE',  ( 0.000000000000000000, 0.000000000000000000, -1.000000000000000000 ) ) ;
#6591 = CARTESIAN_POINT ( 'NONE',  ( -1.468161441773084608, -0.9407207500002883194, 3.042488655836110389 ) ) ;
#6592 = CARTESIAN_POINT ( 'NONE',  ( -0.6885198922663989807, -0.9706622954021472127, -3.277565030284597558 ) ) ;
#6593 = DIRECTION ( 'NONE',  ( -0.000000000000000000, -1.000000000000000000, -0.000000000000000000 ) ) ;
#6594 = EDGE_CURVE ( 'NONE', #7157, #1048, #4744, .T. ) ;
#6595 = ORIENTED_EDGE ( 'NONE', *, *, #2214, .F. ) ;
#6596 = VERTEX_POINT ( 'NONE', #3904 ) ;
#6597 = CARTESIAN_POINT ( 'NONE',  ( -3.054782626116106847, -2.035968750000000327, -0.5913842720086299742 ) ) ;
#6598 = ORIENTED_EDGE ( 'NONE', *, *, #1466, .F. ) ;
#6599 = CARTESIAN_POINT ( 'NONE',  ( -2.590626011985678545, -0.5156196993879221813, 2.217590977294176646 ) ) ;
#6600 = DIRECTION ( 'NONE',  ( 0.000000000000000000, 0.000000000000000000, -1.000000000000000000 ) ) ;
#6601 = CARTESIAN_POINT ( 'NONE',  ( -3.390697990079122093, -0.5786437500000005674, -0.4490940897733211590 ) ) ;
#6602 = CARTESIAN_POINT ( 'NONE',  ( 3.508785700398301621, 1.364456249999997484, 0.8067032437789912747 ) ) ;
#6603 =( BOUNDED_CURVE ( )  B_SPLINE_CURVE ( 1, ( #278, #4266 ),
 .UNSPECIFIED., .F., .F. ) 
 B_SPLINE_CURVE_WITH_KNOTS ( ( 2, 2 ),
 ( 0.000000000000000000, 0.0005566452967378117660 ),
 .UNSPECIFIED. ) 
 CURVE ( )  GEOMETRIC_REPRESENTATION_ITEM ( )  RATIONAL_B_SPLINE_CURVE ( ( 0.9956508716769392198, 0.9956508716769392198 ) ) 
 REPRESENTATION_ITEM ( '' )  );
#6604 = EDGE_CURVE ( 'NONE', #5343, #4343, #18, .T. ) ;
#6605 = ORIENTED_EDGE ( 'NONE', *, *, #5210, .T. ) ;
#6606 = DIRECTION ( 'NONE',  ( 0.000000000000000000, 0.000000000000000000, -1.000000000000000000 ) ) ;
#6607 = FACE_OUTER_BOUND ( 'NONE', #6280, .T. ) ;
#6608 = VERTEX_POINT ( 'NONE', #2841 ) ;
#6609 = DIRECTION ( 'NONE',  ( 0.000000000000000000, 0.000000000000000000, -1.000000000000000000 ) ) ;
#6610 = EDGE_CURVE ( 'NONE', #3724, #4412, #4485, .T. ) ;
#6611 = FACE_OUTER_BOUND ( 'NONE', #3842, .T. ) ;
#6612 = LINE ( 'NONE', #2804, #1185 ) ;
#6613 = VERTEX_POINT ( 'NONE', #1228 ) ;
#6614 = CARTESIAN_POINT ( 'NONE',  ( -0.5619329613636252496, 0.5572124999999997774, -3.331135930419698354 ) ) ;
#6615 = CARTESIAN_POINT ( 'NONE',  ( -3.281543913905691223, 1.364456250000001258, 0.1569998860436803978 ) ) ;
#6616 = EDGE_LOOP ( 'NONE', ( #2905, #5379, #4117, #263 ) ) ;
#6617 = EDGE_CURVE ( 'NONE', #1817, #2931, #2698, .T. ) ;
#6618 = CARTESIAN_POINT ( 'NONE',  ( 0.7035160063692208476, 2.821781249999997687, -3.167667399093900382 ) ) ;
#6619 = CARTESIAN_POINT ( 'NONE',  ( -3.088018712689668099, -1.064418750000000413, 0.3815398800629350995 ) ) ;
#6620 = CARTESIAN_POINT ( 'NONE',  ( 1.250678338589076954, 0.5572125000000001105, -3.138158525853030678 ) ) ;
#6621 = CARTESIAN_POINT ( 'NONE',  ( 2.564304213994039738, -1.181751568882859260, 1.807407923023048202 ) ) ;
#6622 = CARTESIAN_POINT ( 'NONE',  ( 1.262887209264354382, -1.207420750006950483, 2.843685662424116689 ) ) ;
#6623 = VERTEX_POINT ( 'NONE', #5132 ) ;
#6624 = CARTESIAN_POINT ( 'NONE',  ( 0.3160498594639921666, -0.09286875000000011093, 3.363383374867157105 ) ) ;
#6625 = CARTESIAN_POINT ( 'NONE',  ( -3.388205318128547638, 1.200149999999999828, -1.079444636007530267 ) ) ;
#6626 = CARTESIAN_POINT ( 'NONE',  ( 0.3576347554848083865, 0.5572124999999997774, -3.359216072489132898 ) ) ;
#6627 = CARTESIAN_POINT ( 'NONE',  ( -2.365913973236883461, -0.9407207499999039602, -2.411366067448655670 ) ) ;
#6628 = CARTESIAN_POINT ( 'NONE',  ( -3.277558503343882990, -0.9407207500002886524, -0.8184408941144486471 ) ) ;
#6629 = CARTESIAN_POINT ( 'NONE',  ( 0.000000000000000000, 0.8786812499999998582, 3.244850000000000012 ) ) ;
#6630 = ORIENTED_EDGE ( 'NONE', *, *, #1364, .F. ) ;
#6631 = ORIENTED_EDGE ( 'NONE', *, *, #2604, .F. ) ;
#6632 = CARTESIAN_POINT ( 'NONE',  ( -2.709525586027135446, -3.007518750000000463, -2.017599152127176332 ) ) ;
#6633 =( BOUNDED_CURVE ( )  B_SPLINE_CURVE ( 2, ( #728, #5579, #2956, #3982, #5178 ),
 .UNSPECIFIED., .F., .T. ) 
 B_SPLINE_CURVE_WITH_KNOTS ( ( 3, 2, 3 ),
 ( 0.01659028043918806331, 0.05000000000000000278, 0.09358265573071412879 ),
 .UNSPECIFIED. ) 
 CURVE ( )  GEOMETRIC_REPRESENTATION_ITEM ( )  RATIONAL_B_SPLINE_CURVE ( ( 0.9945407480612344919, 0.9917734182391062525, 1.000000000000000000, 0.9892685037336815812, 0.9972452917573791931 ) ) 
 REPRESENTATION_ITEM ( '' )  );
#6634 = ORIENTED_EDGE ( 'NONE', *, *, #6298, .T. ) ;
#6635 = CARTESIAN_POINT ( 'NONE',  ( 2.494963663692849387, -1.005087262691942263, -2.181027254985651975 ) ) ;
#6636 = CARTESIAN_POINT ( 'NONE',  ( -1.414733147616602738, 0.8786812500000006354, 3.262463198418462884 ) ) ;
#6637 = EDGE_CURVE ( 'NONE', #1048, #4627, #5478, .T. ) ;
#6638 = CARTESIAN_POINT ( 'NONE',  ( 0.4657461316309808308, -2.035968749999999883, 3.076444829810990989 ) ) ;
#6639 = CARTESIAN_POINT ( 'NONE',  ( 2.894559796249613015, -1.060154572504549364, 1.499196137562113229 ) ) ;
#6640 = CARTESIAN_POINT ( 'NONE',  ( -0.8204210176929869203, 1.850231249999999328, -3.460064356876561220 ) ) ;
#6641 = ORIENTED_EDGE ( 'NONE', *, *, #5307, .T. ) ;
#6642 = CARTESIAN_POINT ( 'NONE',  ( 3.439548008715549443, 1.526976102460968487, 0.9772977105855966684 ) ) ;
#6643 = CARTESIAN_POINT ( 'NONE',  ( -2.985541159279008205, 1.850231250000000882, 1.931755674574544113 ) ) ;
#6644 = VERTEX_POINT ( 'NONE', #2981 ) ;
#6645 = AXIS2_PLACEMENT_3D ( 'NONE', #3900, #5710, #5600 ) ;
#6646 = EDGE_CURVE ( 'NONE', #2345, #4828, #3478, .T. ) ;
#6647 = DIRECTION ( 'NONE',  ( -0.000000000000000000, -1.000000000000000000, -0.000000000000000000 ) ) ;
#6648 = ADVANCED_FACE ( 'NONE', ( #887 ), #5752, .T. ) ;
#6649 = FACE_OUTER_BOUND ( 'NONE', #2506, .T. ) ;
#6650 = AXIS2_PLACEMENT_3D ( 'NONE', #1233, #5250, #6320 ) ;
#6651 =( BOUNDED_CURVE ( )  B_SPLINE_CURVE ( 2, ( #4140, #4614, #4576 ),
 .UNSPECIFIED., .F., .T. ) 
 B_SPLINE_CURVE_WITH_KNOTS ( ( 3, 3 ),
 ( 0.01659028043918807718, 0.04336420826859078981 ),
 .UNSPECIFIED. ) 
 CURVE ( )  GEOMETRIC_REPRESENTATION_ITEM ( )  RATIONAL_B_SPLINE_CURVE ( ( 0.9945407480612344919, 0.9923230614146001383, 0.9971657983404598191 ) ) 
 REPRESENTATION_ITEM ( '' )  );
#6652 = CARTESIAN_POINT ( 'NONE',  ( -0.2656327651355716579, 2.821781249999998575, 3.233958991172654507 ) ) ;
#6653 = ORIENTED_EDGE ( 'NONE', *, *, #6513, .F. ) ;
#6654 = CARTESIAN_POINT ( 'NONE',  ( -2.028825172535843713, -3.007518750000000463, 2.359088948998087076 ) ) ;
#6655 = CARTESIAN_POINT ( 'NONE',  ( -2.401482852516804822, 3.793331250000000487, -2.182185058964466684 ) ) ;
#6656 = VERTEX_POINT ( 'NONE', #1847 ) ;
#6657 = ADVANCED_FACE ( 'NONE', ( #4086 ), #756, .T. ) ;
#6658 = CARTESIAN_POINT ( 'NONE',  ( -0.2680398304409936094, 2.336006249999999174, -3.590334505883859162 ) ) ;
#6659 = DIRECTION ( 'NONE',  ( -0.000000000000000000, -1.000000000000000000, -0.000000000000000000 ) ) ;
#6660 = CARTESIAN_POINT ( 'NONE',  ( 3.064159454495670509, 1.526976102460968709, -1.842967215335024278 ) ) ;
#6661 = EDGE_CURVE ( 'NONE', #1154, #4620, #6240, .T. ) ;
#6662 = CARTESIAN_POINT ( 'NONE',  ( -3.549853190847274131, 2.600324999999998887, 0.2089935966278322066 ) ) ;
#6663 = CYLINDRICAL_SURFACE ( 'NONE', #2829, 3.556000000000000050 ) ;
#6664 = CARTESIAN_POINT ( 'NONE',  ( 3.137877136491699304, 0.3929062500000003455, 0.2793280556029344996 ) ) ;
#6665 = CARTESIAN_POINT ( 'NONE',  ( 3.057852037926208855, -0.09286874999999968072, -1.435888628741981865 ) ) ;
#6666 = CARTESIAN_POINT ( 'NONE',  ( -0.6056374459503137686, -0.9407207499999382661, 3.323467846100363943 ) ) ;
#6667 = CYLINDRICAL_SURFACE ( 'NONE', #487, 3.378200000000000092 ) ;
#6668 = CARTESIAN_POINT ( 'NONE',  ( 0.5823852848295210105, 4.764881249999997515, -3.507985658467557055 ) ) ;
#6669 = ORIENTED_EDGE ( 'NONE', *, *, #5979, .T. ) ;
#6670 = CARTESIAN_POINT ( 'NONE',  ( -3.554613543459008707, 1.850231250000001104, 0.09929026466772239434 ) ) ;
#6671 = VERTEX_POINT ( 'NONE', #1958 ) ;
#6672 = PLANE ( 'NONE',  #5025 ) ;
#6673 = CARTESIAN_POINT ( 'NONE',  ( 1.022666094541399229, 0.5572124999999997774, 3.219687764221157433 ) ) ;
#6674 = CIRCLE ( 'NONE', #359, 3.378200000000000092 ) ;
#6675 = CARTESIAN_POINT ( 'NONE',  ( 0.01353331480741758186, -1.161495545032331878, -3.157425204967733379 ) ) ;
#6676 = CARTESIAN_POINT ( 'NONE',  ( -1.038759263170663028, -1.149975985603239881, -2.994976873648251825 ) ) ;
#6677 = CARTESIAN_POINT ( 'NONE',  ( -3.126200226394300508, -1.029273648346682224, -1.024036228806095128 ) ) ;
#6678 = CARTESIAN_POINT ( 'NONE',  ( 2.710256222202066745, 1.200149999999999384, 1.784254110970461271 ) ) ;
#6679 =( BOUNDED_CURVE ( )  B_SPLINE_CURVE ( 2, ( #96, #2329, #830, #3020, #4092 ),
 .UNSPECIFIED., .F., .F. ) 
 B_SPLINE_CURVE_WITH_KNOTS ( ( 3, 2, 3 ),
 ( 0.01659028043918812922, 0.05000000000000000278, 0.08854378023972317435 ),
 .UNSPECIFIED. ) 
 CURVE ( )  GEOMETRIC_REPRESENTATION_ITEM ( )  RATIONAL_B_SPLINE_CURVE ( ( 0.9945407480612344919, 0.9917734182391064746, 1.000000000000000000, 0.9905092421102533740, 0.9956508716769392198 ) ) 
 REPRESENTATION_ITEM ( '' )  );
#6680 = ORIENTED_EDGE ( 'NONE', *, *, #1111, .T. ) ;
#6681 = CARTESIAN_POINT ( 'NONE',  ( 0.000000000000000000, 2.600324999999999331, 0.000000000000000000 ) ) ;
#6682 = CIRCLE ( 'NONE', #841, 2.500000000000000444 ) ;
#6683 = AXIS2_PLACEMENT_3D ( 'NONE', #3230, #490, #6600 ) ;
#6684 = CARTESIAN_POINT ( 'NONE',  ( -3.183484718932422464, 2.600324999999998887, 0.6280736953763924602 ) ) ;
#6685 = ORIENTED_EDGE ( 'NONE', *, *, #6569, .F. ) ;
#6686 = CARTESIAN_POINT ( 'NONE',  ( -1.044270636497591775, 1.364456250000000370, 3.445554534845157946 ) ) ;
#6687 = CARTESIAN_POINT ( 'NONE',  ( -2.267056939220352341, -1.064418750000000191, -2.504533504334260474 ) ) ;
#6688 = CARTESIAN_POINT ( 'NONE',  ( 0.5913842720086726068, -1.064418749999999969, 3.054782626116100630 ) ) ;
#6689 = ORIENTED_EDGE ( 'NONE', *, *, #2626, .T. ) ;
#6690 = CARTESIAN_POINT ( 'NONE',  ( 0.000000000000000000, 3.873500000000000831, -2.499999999999999556 ) ) ;
#6691 = EDGE_CURVE ( 'NONE', #3936, #3854, #4234, .T. ) ;
#6692 = CARTESIAN_POINT ( 'NONE',  ( -3.376830453778549845, -0.9407207500002889855, 0.09618381586523823412 ) ) ;
#6693 = VERTEX_POINT ( 'NONE', #5824 ) ;
#6694 =( BOUNDED_CURVE ( )  B_SPLINE_CURVE ( 2, ( #859, #1959, #1302, #5284, #4155 ),
 .UNSPECIFIED., .F., .T. ) 
 B_SPLINE_CURVE_WITH_KNOTS ( ( 3, 2, 3 ),
 ( 0.01659028043918821249, 0.05000000000000000278, 0.08854378023972321599 ),
 .UNSPECIFIED. ) 
 CURVE ( )  GEOMETRIC_REPRESENTATION_ITEM ( )  RATIONAL_B_SPLINE_CURVE ( ( 0.9945407480612347140, 0.9917734182391064746, 1.000000000000000000, 0.9905092421102533740, 0.9956508716769392198 ) ) 
 REPRESENTATION_ITEM ( '' )  );
#6695 = CARTESIAN_POINT ( 'NONE',  ( -1.200528824281311469, -2.035968750000000327, 2.870568374393776434 ) ) ;
#6696 = DIRECTION ( 'NONE',  ( 0.000000000000000000, 0.000000000000000000, -1.000000000000000000 ) ) ;
#6697 = CARTESIAN_POINT ( 'NONE',  ( 2.567200295926222342, -0.9407207499999045153, -2.195841041741557031 ) ) ;
#6698 = CARTESIAN_POINT ( 'NONE',  ( 2.154625762752588880, -1.064418749999999969, -2.244776174250525003 ) ) ;
#6699 = CARTESIAN_POINT ( 'NONE',  ( 2.090856495548349514, -2.035968749999999439, -2.653404295433188231 ) ) ;
#6700 = ADVANCED_FACE ( 'NONE', ( #240 ), #5950, .F. ) ;
#6701 = CARTESIAN_POINT ( 'NONE',  ( 3.418533734936422430, -1.550193749999999593, 0.1102064630479778207 ) ) ;
#6702 = CYLINDRICAL_SURFACE ( 'NONE', #2000, 3.556000000000000050 ) ;
#6703 = CARTESIAN_POINT ( 'NONE',  ( 3.071357342001765467, -1.060154572504550030, -1.092167363858496110 ) ) ;
#6704 = CARTESIAN_POINT ( 'NONE',  ( -0.5218896098286363028, 2.600324999999999331, 3.517494454175148277 ) ) ;
#6705 = CARTESIAN_POINT ( 'NONE',  ( -3.553637346389642460, 1.200149999999999606, -0.1296055953451681064 ) ) ;
#6706 = ORIENTED_EDGE ( 'NONE', *, *, #924, .F. ) ;
#6707 = CARTESIAN_POINT ( 'NONE',  ( -2.572723599587936061, 2.600324999999999331, -2.454837933575923614 ) ) ;
#6708 = ORIENTED_EDGE ( 'NONE', *, *, #5832, .T. ) ;
#6709 = EDGE_CURVE ( 'NONE', #5702, #456, #6714, .T. ) ;
#6710 = CARTESIAN_POINT ( 'NONE',  ( 2.040636555446688760, 0.5572124999999997774, -2.692217986823258080 ) ) ;
#6711 = CARTESIAN_POINT ( 'NONE',  ( -3.076444829810998094, -1.064418750000000413, -0.4657461316309398081 ) ) ;
#6712 = CARTESIAN_POINT ( 'NONE',  ( -1.497214124249495594E-11, -1.177963633540397570, -3.140957116459603959 ) ) ;
#6713 = CARTESIAN_POINT ( 'NONE',  ( 3.022180583884416016, 2.336006249999997397, 1.288256162997590826 ) ) ;
#6714 =( BOUNDED_CURVE ( )  B_SPLINE_CURVE ( 2, ( #276, #4154, #6382, #2502, #4189, #6420, #5863 ),
 .UNSPECIFIED., .F., .F. ) 
 B_SPLINE_CURVE_WITH_KNOTS ( ( 3, 2, 2, 3 ),
 ( 0.01659028043918809106, 0.05000000000000000278, 0.1000000000000000056, 0.1074143368666445331 ),
 .UNSPECIFIED. ) 
 CURVE ( )  GEOMETRIC_REPRESENTATION_ITEM ( )  RATIONAL_B_SPLINE_CURVE ( ( 0.9945407480612347140, 0.9917734182391064746, 1.000000000000000000, 0.9876883405951377704, 1.000000000000000000, 0.9981743441956991703, 0.9968901294768235388 ) ) 
 REPRESENTATION_ITEM ( '' )  );
#6715 = CARTESIAN_POINT ( 'NONE',  ( 1.333282306962320307, 3.793331249999997823, 2.958278183748321855 ) ) ;
#6716 = CARTESIAN_POINT ( 'NONE',  ( 2.945803401241537056, -2.035968749999999883, 1.001835600901559431 ) ) ;
#6717 = VERTEX_POINT ( 'NONE', #7013 ) ;
#6718 = CARTESIAN_POINT ( 'NONE',  ( -1.746217812079166043, 1.200150000000000272, 3.097718410827146052 ) ) ;
#6719 = LINE ( 'NONE', #19, #1274 ) ;
#6720 = ORIENTED_EDGE ( 'NONE', *, *, #2755, .T. ) ;
#6721 = CARTESIAN_POINT ( 'NONE',  ( 0.000000000000000000, 1.200150000000000050, 0.000000000000000000 ) ) ;
#6722 = CARTESIAN_POINT ( 'NONE',  ( 3.460064356876553671, 4.764881249999994850, 0.8204210176930391007 ) ) ;
#6723 =( BOUNDED_SURFACE ( )  B_SPLINE_SURFACE ( 1, 2, ( 
 ( #137, #2365, #6842, #6205, #2434, #6911, #6281, #1851, #642 ),
 ( #4091, #5175, #1194, #6318, #2878, #5101, #1890, #680, #3536 ) ),
 .UNSPECIFIED., .F., .F., .F. ) 
 B_SPLINE_SURFACE_WITH_KNOTS ( ( 2, 2 ),
 ( 3, 2, 2, 2, 3 ),
 ( 0.000000000000000000, 1.000000000000000000 ),
 ( 0.000000000000000000, 0.05000000000000000278, 0.1000000000000000056, 0.1499999999999999944, 0.2000000000000000111 ),
 .UNSPECIFIED. ) 
 GEOMETRIC_REPRESENTATION_ITEM ( )  RATIONAL_B_SPLINE_SURFACE ( (
 ( 1.000000000000000000, 0.9876883405951377704, 1.000000000000000000, 0.9876883405951377704, 1.000000000000000000, 0.9876883405951377704, 1.000000000000000000, 0.9876883405951377704, 1.000000000000000000),
 ( 1.000000000000000000, 0.9876883405951377704, 1.000000000000000000, 0.9876883405951377704, 1.000000000000000000, 0.9876883405951377704, 1.000000000000000000, 0.9876883405951377704, 1.000000000000000000) ) ) 
 REPRESENTATION_ITEM ( '' )  SURFACE ( )  );
#6724 = CARTESIAN_POINT ( 'NONE',  ( -0.03276214749315092128, 2.600324999999998887, 3.244684601651084854 ) ) ;
#6725 = EDGE_LOOP ( 'NONE', ( #4233, #2254, #3107, #1392 ) ) ;
#6726 = CARTESIAN_POINT ( 'NONE',  ( 1.047305192362818715, -1.000217606553381211, 3.150032438647241140 ) ) ;
#6727 = CARTESIAN_POINT ( 'NONE',  ( -2.055858693268152848, 4.279106249999999001, -2.562542576509311942 ) ) ;
#6728 = ORIENTED_EDGE ( 'NONE', *, *, #1587, .T. ) ;
#6729 = CARTESIAN_POINT ( 'NONE',  ( 0.000000000000000000, -2.857500000000000373, 0.000000000000000000 ) ) ;
#6730 = CARTESIAN_POINT ( 'NONE',  ( 0.000000000000000000, -2.857500000000000373, 0.000000000000000000 ) ) ;
#6731 = CARTESIAN_POINT ( 'NONE',  ( 0.8647370725050570472, 4.279106249999997225, 3.169449355731155826 ) ) ;
#6732 = ADVANCED_FACE ( 'NONE', ( #4227 ), #3438, .T. ) ;
#6733 = CARTESIAN_POINT ( 'NONE',  ( -2.386579944820707233, -1.064418750000000413, -1.996413889197224734 ) ) ;
#6734 = DIRECTION ( 'NONE',  ( -0.000000000000000000, -1.000000000000000000, -0.000000000000000000 ) ) ;
#6735 = CARTESIAN_POINT ( 'NONE',  ( 0.1319065244727328223, -0.09286874999999988889, -3.375623780696175302 ) ) ;
#6736 = CARTESIAN_POINT ( 'NONE',  ( -1.749710566339141682, 0.8786812499999997472, -2.889766110611926564 ) ) ;
#6737 = CARTESIAN_POINT ( 'NONE',  ( -1.907274975901231517, 2.821781249999999908, 2.625138794197548364 ) ) ;
#6738 = DIRECTION ( 'NONE',  ( 0.000000000000000000, 0.000000000000000000, -1.000000000000000000 ) ) ;
#6739 = ADVANCED_FACE ( 'NONE', ( #4373 ), #6080, .T. ) ;
#6740 = CARTESIAN_POINT ( 'NONE',  ( 1.947044624145271907, 1.200149999999999606, 2.975592921013726411 ) ) ;
#6741 = CARTESIAN_POINT ( 'NONE',  ( -3.002677889419313573, -1.550193750000000481, -0.9530071241898678824 ) ) ;
#6742 = VERTEX_POINT ( 'NONE', #414 ) ;
#6743 = CARTESIAN_POINT ( 'NONE',  ( -3.367807200970590831, 1.364456250000001258, -1.272879362678862591 ) ) ;
#6744 = ORIENTED_EDGE ( 'NONE', *, *, #5784, .T. ) ;
#6745 = EDGE_CURVE ( 'NONE', #7227, #4809, #3170, .T. ) ;
#6746 = DIRECTION ( 'NONE',  ( -0.000000000000000000, -1.000000000000000000, -0.000000000000000000 ) ) ;
#6747 = CARTESIAN_POINT ( 'NONE',  ( 3.170153407116436561, 2.600324999999999331, 0.6922274899540424853 ) ) ;
#6748 = CARTESIAN_POINT ( 'NONE',  ( 1.506419611119519830, -0.09286874999999988889, 2.722523132176202676 ) ) ;
#6749 = CARTESIAN_POINT ( 'NONE',  ( 3.244547307297482419, 2.821781249999996355, 0.04432034756947628162 ) ) ;
#6750 = CARTESIAN_POINT ( 'NONE',  ( 0.3538685932306663839, 4.764881249999997515, 3.225496634818425523 ) ) ;
#6751 = FACE_OUTER_BOUND ( 'NONE', #6304, .T. ) ;
#6752 = EDGE_CURVE ( 'NONE', #4785, #6158, #217, .T. ) ;
#6753 = ORIENTED_EDGE ( 'NONE', *, *, #2311, .T. ) ;
#6754 = CARTESIAN_POINT ( 'NONE',  ( 1.784189794262895257, -1.036468050703328148, -2.755206435311010171 ) ) ;
#6755 = CARTESIAN_POINT ( 'NONE',  ( 0.000000000000000000, 2.857499999999999485, 0.000000000000000000 ) ) ;
#6756 = ORIENTED_EDGE ( 'NONE', *, *, #5884, .T. ) ;
#6757 =( BOUNDED_SURFACE ( )  B_SPLINE_SURFACE ( 1, 2, ( 
 ( #4854, #7138, #7249, #6658, #7215, #2190, #2699, #1638, #5000 ),
 ( #4929, #2223, #3767, #5987, #6618, #4460, #6133, #1822, #5073 ) ),
 .UNSPECIFIED., .F., .F., .F. ) 
 B_SPLINE_SURFACE_WITH_KNOTS ( ( 2, 2 ),
 ( 3, 2, 2, 2, 3 ),
 ( 0.000000000000000000, 1.000000000000000000 ),
 ( 0.000000000000000000, 0.05000000000000000278, 0.1000000000000000056, 0.1499999999999999944, 0.2000000000000000111 ),
 .UNSPECIFIED. ) 
 GEOMETRIC_REPRESENTATION_ITEM ( )  RATIONAL_B_SPLINE_SURFACE ( (
 ( 1.000000000000000000, 0.9876883405951377704, 1.000000000000000000, 0.9876883405951377704, 1.000000000000000000, 0.9876883405951377704, 1.000000000000000000, 0.9876883405951377704, 1.000000000000000000),
 ( 1.000000000000000000, 0.9876883405951377704, 1.000000000000000000, 0.9876883405951377704, 1.000000000000000000, 0.9876883405951377704, 1.000000000000000000, 0.9876883405951377704, 1.000000000000000000) ) ) 
 REPRESENTATION_ITEM ( '' )  SURFACE ( )  );
#6758 = CARTESIAN_POINT ( 'NONE',  ( 3.172702188662916090, 2.600324999999999331, -1.605956668797008824 ) ) ;
#6759 = CARTESIAN_POINT ( 'NONE',  ( 1.355496885431874521, -0.09286875000000011093, -2.800724985353699736 ) ) ;
#6760 = DIRECTION ( 'NONE',  ( -0.000000000000000000, -1.000000000000000000, -0.000000000000000000 ) ) ;
#6761 = ORIENTED_EDGE ( 'NONE', *, *, #6348, .T. ) ;
#6762 = CARTESIAN_POINT ( 'NONE',  ( 0.6212682383327718938, -1.149975985603239881, 3.108525865510789910 ) ) ;
#6763 = CARTESIAN_POINT ( 'NONE',  ( -2.341698345542835291, 0.5572124999999997774, -2.048873131377819679 ) ) ;
#6764 = ORIENTED_EDGE ( 'NONE', *, *, #2136, .T. ) ;
#6765 = CIRCLE ( 'NONE', #807, 3.556000000000000050 ) ;
#6766 = CARTESIAN_POINT ( 'NONE',  ( 2.645351770621075627, -1.064418749999999747, -2.101035280444365938 ) ) ;
#6767 = CARTESIAN_POINT ( 'NONE',  ( -3.581673430641661326, 3.307556250000001086, 0.3660090860603409935 ) ) ;
#6768 =( BOUNDED_CURVE ( )  B_SPLINE_CURVE ( 2, ( #760, #5249, #5136, #2987, #6246 ),
 .UNSPECIFIED., .F., .F. ) 
 B_SPLINE_CURVE_WITH_KNOTS ( ( 3, 2, 3 ),
 ( 0.01659028043918810494, 0.05000000000000000278, 0.09358265573073303034 ),
 .UNSPECIFIED. ) 
 CURVE ( )  GEOMETRIC_REPRESENTATION_ITEM ( )  RATIONAL_B_SPLINE_CURVE ( ( 0.9945407480612344919, 0.9917734182391063635, 1.000000000000000000, 0.9892685037336769183, 0.9972452917573861875 ) ) 
 REPRESENTATION_ITEM ( '' )  );
#6769 = CARTESIAN_POINT ( 'NONE',  ( -1.439824681139965090, 0.5572124999999999995, -3.056000675323914173 ) ) ;
#6770 = AXIS2_PLACEMENT_3D ( 'NONE', #2161, #475, #3844 ) ;
#6771 = CARTESIAN_POINT ( 'NONE',  ( -2.037754609529634386, 0.3929062499999995683, 2.402468155398735927 ) ) ;
#6772 = CARTESIAN_POINT ( 'NONE',  ( 3.354731839642395741, -2.521743749999999729, -0.6665528077245368443 ) ) ;
#6773 = CARTESIAN_POINT ( 'NONE',  ( -3.285022622275590720, 0.5572124999999998884, 0.7879477210688655697 ) ) ;
#6774 = ORIENTED_EDGE ( 'NONE', *, *, #1735, .F. ) ;
#6775 = CARTESIAN_POINT ( 'NONE',  ( -2.959212350452370188, -3.007518750000000463, 0.9615063779976493752 ) ) ;
#6776 = CARTESIAN_POINT ( 'NONE',  ( -0.7685757019148906632, -0.9407207499999037381, -3.289608887151534766 ) ) ;
#6777 = CARTESIAN_POINT ( 'NONE',  ( 2.672225359965618274, -0.9407207499999047373, 2.066747895984643257 ) ) ;
#6778 = CARTESIAN_POINT ( 'NONE',  ( -2.648232530175410826, 0.2303863975390292307, 2.127409141856971608 ) ) ;
#6779 = CARTESIAN_POINT ( 'NONE',  ( -2.781949432675932421, -2.035968750000000327, -1.393624628095406770 ) ) ;
#6780 =( BOUNDED_CURVE ( )  B_SPLINE_CURVE ( 1, ( #1799, #5268 ),
 .UNSPECIFIED., .F., .T. ) 
 B_SPLINE_CURVE_WITH_KNOTS ( ( 2, 2 ),
 ( 2.168404344971008868E-19, 0.0005113447558650977822 ),
 .UNSPECIFIED. ) 
 CURVE ( )  GEOMETRIC_REPRESENTATION_ITEM ( )  RATIONAL_B_SPLINE_CURVE ( ( 0.9945407480612344919, 0.9945407480612344919 ) ) 
 REPRESENTATION_ITEM ( '' )  );
#6781 = VERTEX_POINT ( 'NONE', #3786 ) ;
#6782 = EDGE_CURVE ( 'NONE', #4443, #246, #957, .T. ) ;
#6783 = CARTESIAN_POINT ( 'NONE',  ( -2.906389838473221410, 0.8786812500000020787, 2.048910468229296455 ) ) ;
#6784 = ADVANCED_FACE ( 'NONE', ( #5494 ), #1707, .T. ) ;
#6785 = ORIENTED_EDGE ( 'NONE', *, *, #1284, .T. ) ;
#6786 = DIRECTION ( 'NONE',  ( -0.000000000000000000, -1.000000000000000000, -0.000000000000000000 ) ) ;
#6787 = CARTESIAN_POINT ( 'NONE',  ( 1.072037565459877495, 1.200149999999999828, 3.390556216646892107 ) ) ;
#6788 = DIRECTION ( 'NONE',  ( 0.000000000000000000, 0.000000000000000000, -1.000000000000000000 ) ) ;
#6789 = CARTESIAN_POINT ( 'NONE',  ( 2.906576583022484339, 4.279106249999995448, 1.531336667795356821 ) ) ;
#6790 = AXIS2_PLACEMENT_3D ( 'NONE', #1170, #1099, #1686 ) ;
#6791 = CARTESIAN_POINT ( 'NONE',  ( -0.01665430493873907083, -1.197745325730084076, -3.121143487008938067 ) ) ;
#6792 = CARTESIAN_POINT ( 'NONE',  ( 3.063346065877435187, -0.09286874999999979174, -1.424129952171933500 ) ) ;
#6793 = ORIENTED_EDGE ( 'NONE', *, *, #4151, .F. ) ;
#6794 = CARTESIAN_POINT ( 'NONE',  ( 1.594923368752632520, -1.207420750006950039, -2.671638392037133158 ) ) ;
#6795 = CARTESIAN_POINT ( 'NONE',  ( 1.876389005281407396, 2.600324999999999775, -3.020645676152545533 ) ) ;
#6796 = EDGE_CURVE ( 'NONE', #6540, #995, #4701, .T. ) ;
#6797 = ORIENTED_EDGE ( 'NONE', *, *, #2057, .F. ) ;
#6798 = AXIS2_PLACEMENT_3D ( 'NONE', #1318, #3472, #3400 ) ;
#6799 = CARTESIAN_POINT ( 'NONE',  ( 3.181134130629025059, -1.127509193519550257, 0.2559167165271389877 ) ) ;
#6800 = CARTESIAN_POINT ( 'NONE',  ( 2.510163380765111807, -1.550193749999999815, -1.903516978708128526 ) ) ;
#6801 = DIRECTION ( 'NONE',  ( 0.000000000000000000, 0.000000000000000000, -1.000000000000000000 ) ) ;
#6802 = AXIS2_PLACEMENT_3D ( 'NONE', #758, #6760, #2985 ) ;
#6803 = AXIS2_PLACEMENT_3D ( 'NONE', #527, #4804, #5635 ) ;
#6804 = ORIENTED_EDGE ( 'NONE', *, *, #2302, .F. ) ;
#6805 = CARTESIAN_POINT ( 'NONE',  ( 0.000000000000000000, -2.857500000000000373, 0.000000000000000000 ) ) ;
#6806 = CARTESIAN_POINT ( 'NONE',  ( 0.000000000000000000, 2.600324999999999331, 0.000000000000000000 ) ) ;
#6807 = ORIENTED_EDGE ( 'NONE', *, *, #7184, .F. ) ;
#6808 =( BOUNDED_CURVE ( )  B_SPLINE_CURVE ( 1, ( #3357, #5548 ),
 .UNSPECIFIED., .F., .T. ) 
 B_SPLINE_CURVE_WITH_KNOTS ( ( 2, 2 ),
 ( 0.000000000000000000, 0.0005566452967378113324 ),
 .UNSPECIFIED. ) 
 CURVE ( )  GEOMETRIC_REPRESENTATION_ITEM ( )  RATIONAL_B_SPLINE_CURVE ( ( 0.9945407480612344919, 0.9945407480612344919 ) ) 
 REPRESENTATION_ITEM ( '' )  );
#6809 = AXIS2_PLACEMENT_3D ( 'NONE', #5894, #4148, #785 ) ;
#6810 = CARTESIAN_POINT ( 'NONE',  ( -1.336970837101085108, -1.097987288839243236, 2.930414681008699507 ) ) ;
#6811 = EDGE_CURVE ( 'NONE', #6934, #6207, #723, .T. ) ;
#6812 = CARTESIAN_POINT ( 'NONE',  ( 2.499999999999999556, 3.873500000000000387, 0.000000000000000000 ) ) ;
#6813 = CARTESIAN_POINT ( 'NONE',  ( -2.359088948998060431, -0.09286875000000044400, 2.028825172535879240 ) ) ;
#6814 = CARTESIAN_POINT ( 'NONE',  ( -3.215458901050597174, -1.090493833097039289, -0.3003612768745365647 ) ) ;
#6815 = CARTESIAN_POINT ( 'NONE',  ( -2.927968652920166726, 1.200149999999999828, -1.398588963926453710 ) ) ;
#6816 = CIRCLE ( 'NONE', #5043, 3.556000000000000050 ) ;
#6817 = ORIENTED_EDGE ( 'NONE', *, *, #1590, .F. ) ;
#6818 = CARTESIAN_POINT ( 'NONE',  ( -0.7710867977994446676, -0.09286875000000011093, -3.289021190302582553 ) ) ;
#6819 = CARTESIAN_POINT ( 'NONE',  ( -2.257806155216826927, 0.3929062499999995683, -2.196954358157964027 ) ) ;
#6820 = CARTESIAN_POINT ( 'NONE',  ( 0.000000000000000000, -2.857500000000000373, 0.000000000000000000 ) ) ;
#6821 = CARTESIAN_POINT ( 'NONE',  ( -0.3373187198758229033, 1.200150000000000050, 3.227269372661869973 ) ) ;
#6822 = CARTESIAN_POINT ( 'NONE',  ( -3.150211770202682171, -0.5786437500000005674, 0.02151486092798871735 ) ) ;
#6823 = ORIENTED_EDGE ( 'NONE', *, *, #3421, .T. ) ;
#6824 = CARTESIAN_POINT ( 'NONE',  ( -3.131364084680125615, 3.307556250000000642, -0.9938502866551910397 ) ) ;
#6825 = ORIENTED_EDGE ( 'NONE', *, *, #4864, .F. ) ;
#6826 = CARTESIAN_POINT ( 'NONE',  ( 3.109431755408755382, -0.9730674576368971707, 1.235425630995667268 ) ) ;
#6827 = CARTESIAN_POINT ( 'NONE',  ( -1.746217812079166043, 1.200150000000000272, 3.097718410827146052 ) ) ;
#6828 = CARTESIAN_POINT ( 'NONE',  ( -0.4076393103398346929, -2.521743750000000173, -3.123800134296355502 ) ) ;
#6829 = CARTESIAN_POINT ( 'NONE',  ( 2.984500451741029625, 1.364456249999997706, -2.013728946109853979 ) ) ;
#6830 = EDGE_CURVE ( 'NONE', #3749, #3085, #4931, .T. ) ;
#6831 = DIRECTION ( 'NONE',  ( -0.000000000000000000, -1.000000000000000000, -0.000000000000000000 ) ) ;
#6832 = CARTESIAN_POINT ( 'NONE',  ( 1.997487667577861004, 2.223636876399968543, 2.587500646715704455 ) ) ;
#6833 = EDGE_LOOP ( 'NONE', ( #6341, #6774, #1469, #2167 ) ) ;
#6834 = CARTESIAN_POINT ( 'NONE',  ( -0.9615063779976485980, -0.09286875000000022196, 2.959212350452370188 ) ) ;
#6835 = ORIENTED_EDGE ( 'NONE', *, *, #3606, .T. ) ;
#6836 = B_SPLINE_CURVE_WITH_KNOTS ( 'NONE', 3,
 ( #5905, #6498, #4342, #3792, #1006, #1410, #2543, #6533, #970, #3752 ),
 .UNSPECIFIED., .F., .F.,
 ( 4, 3, 3, 4 ),
 ( 8.098635786747664894E-16, 0.0001296210011225064232, 0.0002688043935198817570, 0.0004095291194012241529 ),
 .UNSPECIFIED. ) ;
#6837 = CARTESIAN_POINT ( 'NONE',  ( -1.627600686132253394, -0.9407207499999039602, -2.960262023284788047 ) ) ;
#6838 = CARTESIAN_POINT ( 'NONE',  ( 3.004302792026273927, 2.336006249999997397, -1.329414967920987234 ) ) ;
#6839 = CARTESIAN_POINT ( 'NONE',  ( 2.714760119853369513, 0.5572124999999996664, -1.520365002771937757 ) ) ;
#6840 = EDGE_CURVE ( 'NONE', #397, #5667, #2452, .T. ) ;
#6841 = ORIENTED_EDGE ( 'NONE', *, *, #6709, .F. ) ;
#6842 = CARTESIAN_POINT ( 'NONE',  ( -2.572062472623955820, 1.850231250000000882, -1.978268475060841469 ) ) ;
#6843 = DIRECTION ( 'NONE',  ( 0.000000000000000000, 1.000000000000000000, 0.000000000000000000 ) ) ;
#6844 = ORIENTED_EDGE ( 'NONE', *, *, #2458, .F. ) ;
#6845 = EDGE_CURVE ( 'NONE', #1296, #3444, #6087, .T. ) ;
#6846 = CARTESIAN_POINT ( 'NONE',  ( 3.165134646780739303, -2.035968749999999883, -1.180744641210859536 ) ) ;
#6847 = CARTESIAN_POINT ( 'NONE',  ( -3.550575156891458750, 3.793331250000000932, -0.1963467729941157369 ) ) ;
#6848 = CARTESIAN_POINT ( 'NONE',  ( 1.221461923758591750, -0.9407207500002896516, 3.149645378262225570 ) ) ;
#6849 = CARTESIAN_POINT ( 'NONE',  ( -2.642545682984766664, -0.5786437500000005674, 2.171513452579675540 ) ) ;
#6850 = CARTESIAN_POINT ( 'NONE',  ( 2.127533436348612028, 1.850231249999997996, 2.849339831823973324 ) ) ;
#6851 =( BOUNDED_SURFACE ( )  B_SPLINE_SURFACE ( 1, 2, ( 
 ( #2530, #5309, #272, #234, #5817, #3628, #4220, #1330, #3558 ),
 ( #5780, #2495, #5745, #334, #3083, #881, #5857, #2563, #4796 ) ),
 .UNSPECIFIED., .F., .F., .F. ) 
 B_SPLINE_SURFACE_WITH_KNOTS ( ( 2, 2 ),
 ( 3, 2, 2, 2, 3 ),
 ( 0.000000000000000000, 1.000000000000000000 ),
 ( 0.000000000000000000, 0.05000000000000000278, 0.1000000000000000056, 0.1499999999999999944, 0.2000000000000000111 ),
 .UNSPECIFIED. ) 
 GEOMETRIC_REPRESENTATION_ITEM ( )  RATIONAL_B_SPLINE_SURFACE ( (
 ( 1.000000000000000000, 0.9876883405951377704, 1.000000000000000000, 0.9876883405951377704, 1.000000000000000000, 0.9876883405951377704, 1.000000000000000000, 0.9876883405951377704, 1.000000000000000000),
 ( 1.000000000000000000, 0.9876883405951377704, 1.000000000000000000, 0.9876883405951377704, 1.000000000000000000, 0.9876883405951377704, 1.000000000000000000, 0.9876883405951377704, 1.000000000000000000) ) ) 
 REPRESENTATION_ITEM ( '' )  SURFACE ( )  );
#6853 = EDGE_CURVE ( 'NONE', #6218, #328, #3521, .T. ) ;
#6852 = CARTESIAN_POINT ( 'NONE',  ( -1.587315543849916022, -1.000217606553516658, 2.915472842393071140 ) ) ;
#6854 = UNCERTAINTY_MEASURE_WITH_UNIT (LENGTH_MEASURE( 1.000000000000000082E-05 ), #6297, 'distance_accuracy_value', 'NONE');
#6855 = VERTEX_POINT ( 'NONE', #5016 ) ;
#6856 = FACE_OUTER_BOUND ( 'NONE', #1339, .T. ) ;
#6857 = CARTESIAN_POINT ( 'NONE',  ( -1.173549167476291233, -0.5786437500000002343, -3.212678121585108570 ) ) ;
#6858 = PERSON_AND_ORGANIZATION_ROLE ( 'classification_officer' ) ;
#6859 = CARTESIAN_POINT ( 'NONE',  ( -2.442056846066068321, 1.200149999999999606, -2.136681979865473480 ) ) ;
#6860 = CARTESIAN_POINT ( 'NONE',  ( 1.688699348290920721, -3.007518750000000018, -2.613374592568356025 ) ) ;
#6861 = VERTEX_POINT ( 'NONE', #632 ) ;
#6862 = CARTESIAN_POINT ( 'NONE',  ( -1.723682870982021109, 3.793331249999999599, -2.749176037066957790 ) ) ;
#6863 = ORIENTED_EDGE ( 'NONE', *, *, #1472, .T. ) ;
#6864 = CARTESIAN_POINT ( 'NONE',  ( 3.193828410871502044, 4.764881249999995738, -0.5731593185232689569 ) ) ;
#6865 = CARTESIAN_POINT ( 'NONE',  ( 3.111209746723610614, -1.064418749999999747, 0.04249896342274171041 ) ) ;
#6866 = CARTESIAN_POINT ( 'NONE',  ( 2.800724985353682861, -3.007518749999999574, -1.355496885431914933 ) ) ;
#6867 = CARTESIAN_POINT ( 'NONE',  ( -1.519829407520359554, 1.200149999999999828, -3.214849074534653184 ) ) ;
#6868 = CARTESIAN_POINT ( 'NONE',  ( 0.000000000000000000, -2.857500000000000373, 0.000000000000000000 ) ) ;
#6869 = ORIENTED_EDGE ( 'NONE', *, *, #2910, .F. ) ;
#6870 = CARTESIAN_POINT ( 'NONE',  ( -0.9763550932164087870, 1.200150000000000272, -3.094476087231952999 ) ) ;
#6871 = CARTESIAN_POINT ( 'NONE',  ( -3.166895159296140072, -1.067499318559820720, -0.7367105551704163924 ) ) ;
#6872 = ORIENTED_EDGE ( 'NONE', *, *, #5664, .F. ) ;
#6873 = DIRECTION ( 'NONE',  ( -0.000000000000000000, -1.000000000000000000, -0.000000000000000000 ) ) ;
#6874 = CARTESIAN_POINT ( 'NONE',  ( 3.214858539617377442, -3.007518750000000018, -1.037747469401500755 ) ) ;
#6875 = CARTESIAN_POINT ( 'NONE',  ( 1.067918408573564459, 1.200149999999999828, 3.391855874389375636 ) ) ;
#6876 = ORIENTED_EDGE ( 'NONE', *, *, #3894, .F. ) ;
#6877 = DIRECTION ( 'NONE',  ( 0.000000000000000000, 0.000000000000000000, -1.000000000000000000 ) ) ;
#6878 = CARTESIAN_POINT ( 'NONE',  ( -3.088699544860783242, -2.521743750000000173, 0.6198646690537004122 ) ) ;
#6879 = EDGE_CURVE ( 'NONE', #6226, #2345, #5849, .T. ) ;
#6880 = ORIENTED_EDGE ( 'NONE', *, *, #4591, .F. ) ;
#6881 =( BOUNDED_CURVE ( )  B_SPLINE_CURVE ( 1, ( #3312, #5537 ),
 .UNSPECIFIED., .F., .T. ) 
 B_SPLINE_CURVE_WITH_KNOTS ( ( 2, 2 ),
 ( 0.000000000000000000, 0.0005113447558650961559 ),
 .UNSPECIFIED. ) 
 CURVE ( )  GEOMETRIC_REPRESENTATION_ITEM ( )  RATIONAL_B_SPLINE_CURVE ( ( 0.9945407480612344919, 0.9945407480612344919 ) ) 
 REPRESENTATION_ITEM ( '' )  );
#6882 = ADVANCED_FACE ( 'NONE', ( #4549 ), #3374, .T. ) ;
#6883 = CARTESIAN_POINT ( 'NONE',  ( 0.4236825286629502529, 0.8786812499999997472, -3.082519321092045406 ) ) ;
#6884 = DIRECTION ( 'NONE',  ( -0.000000000000000000, -1.000000000000000000, -0.000000000000000000 ) ) ;
#6885 = CARTESIAN_POINT ( 'NONE',  ( 1.229098791874747354, -1.097987288839245679, 2.977270122401079355 ) ) ;
#6886 = CARTESIAN_POINT ( 'NONE',  ( -3.216192062180830202, 0.5572124999999997774, -1.033607207388291815 ) ) ;
#6887 = CARTESIAN_POINT ( 'NONE',  ( 3.209663031985435122, 1.200150000000000272, 1.530751195036639478 ) ) ;
#6888 = EDGE_CURVE ( 'NONE', #6181, #297, #4873, .T. ) ;
#6889 = DIRECTION ( 'NONE',  ( -0.000000000000000000, -1.000000000000000000, -0.000000000000000000 ) ) ;
#6890 = ORIENTED_EDGE ( 'NONE', *, *, #2589, .T. ) ;
#6891 = CARTESIAN_POINT ( 'NONE',  ( -2.227588055090556907, -1.550193750000000259, 2.227588055090557795 ) ) ;
#6892 = CARTESIAN_POINT ( 'NONE',  ( 2.964105475746108276, 0.5572124999999996664, 0.9463144184952146931 ) ) ;
#6893 = ADVANCED_FACE ( 'NONE', ( #2831 ), #1195, .T. ) ;
#6894 =( BOUNDED_SURFACE ( )  B_SPLINE_SURFACE ( 1, 2, ( 
 ( #4129, #1893, #4198, #5907, #3573, #6322, #6361, #3680, #5872 ),
 ( #284, #1343, #6429, #5321, #316, #5797, #5830, #1932, #5761 ) ),
 .UNSPECIFIED., .F., .F., .T. ) 
 B_SPLINE_SURFACE_WITH_KNOTS ( ( 2, 2 ),
 ( 3, 2, 2, 2, 3 ),
 ( 0.000000000000000000, 1.000000000000000000 ),
 ( 0.000000000000000000, 0.05000000000000000278, 0.1000000000000000056, 0.1499999999999999944, 0.2000000000000000111 ),
 .UNSPECIFIED. ) 
 GEOMETRIC_REPRESENTATION_ITEM ( )  RATIONAL_B_SPLINE_SURFACE ( (
 ( 1.000000000000000000, 0.9876883405951377704, 1.000000000000000000, 0.9876883405951377704, 1.000000000000000000, 0.9876883405951377704, 1.000000000000000000, 0.9876883405951377704, 1.000000000000000000),
 ( 1.000000000000000000, 0.9876883405951377704, 1.000000000000000000, 0.9876883405951377704, 1.000000000000000000, 0.9876883405951377704, 1.000000000000000000, 0.9876883405951377704, 1.000000000000000000) ) ) 
 REPRESENTATION_ITEM ( '' )  SURFACE ( )  );
#6895 = CARTESIAN_POINT ( 'NONE',  ( -0.4418403513199333221, 0.8786812500000001913, -3.214627291995990621 ) ) ;
#6896 = CYLINDRICAL_SURFACE ( 'NONE', #5388, 3.556000000000000050 ) ;
#6897 = EDGE_LOOP ( 'NONE', ( #3063, #1145, #1103, #7097 ) ) ;
#6898 = DIRECTION ( 'NONE',  ( -0.000000000000000000, -1.000000000000000000, -0.000000000000000000 ) ) ;
#6899 = EDGE_LOOP ( 'NONE', ( #3773, #893, #3595, #7177 ) ) ;
#6900 = CARTESIAN_POINT ( 'NONE',  ( -3.201359073816325118, 1.850231250000001548, 0.5294823915805609849 ) ) ;
#6901 = CARTESIAN_POINT ( 'NONE',  ( -1.129558771696347774, -0.5786437500000003453, 3.228407555232106763 ) ) ;
#6902 = FACE_OUTER_BOUND ( 'NONE', #3530, .T. ) ;
#6903 = ORIENTED_EDGE ( 'NONE', *, *, #1371, .T. ) ;
#6904 = CARTESIAN_POINT ( 'NONE',  ( 0.08346672729514800770, 2.223636876399968987, -3.267743852310713848 ) ) ;
#6905 = CARTESIAN_POINT ( 'NONE',  ( 0.000000000000000000, 2.600324999999999331, 0.000000000000000000 ) ) ;
#6906 = ORIENTED_EDGE ( 'NONE', *, *, #6604, .F. ) ;
#6907 = CARTESIAN_POINT ( 'NONE',  ( 3.432292713824922181, 3.307556249999994868, 1.087066668363771527 ) ) ;
#6908 = CARTESIAN_POINT ( 'NONE',  ( -0.2656327651355716579, 2.821781249999998575, 3.233958991172654507 ) ) ;
#6909 = DIRECTION ( 'NONE',  ( -0.000000000000000000, -1.000000000000000000, -0.000000000000000000 ) ) ;
#6910 = ORIENTED_EDGE ( 'NONE', *, *, #3082, .T. ) ;
#6911 = CARTESIAN_POINT ( 'NONE',  ( -1.410980865964682085, 3.307556249999998865, -2.966869127378353177 ) ) ;
#6912 = CIRCLE ( 'NONE', #3744, 3.378200000000000092 ) ;
#6913 = CARTESIAN_POINT ( 'NONE',  ( -3.326221769210327306, -3.007518750000000463, 0.5903253188127055573 ) ) ;
#6914 = ORIENTED_EDGE ( 'NONE', *, *, #2403, .T. ) ;
#6915 = CARTESIAN_POINT ( 'NONE',  ( 0.1474510261136244560, -0.9407207499999045153, -3.374980508817551961 ) ) ;
#6916 = CARTESIAN_POINT ( 'NONE',  ( -2.701068216365348551, 4.764881249999999291, 1.798132924185785075 ) ) ;
#6917 = CARTESIAN_POINT ( 'NONE',  ( 2.207404554437184974, 0.3929062500000000124, -2.612639181832403068 ) ) ;
#6918 = CIRCLE ( 'NONE', #3398, 2.933033249999999814 ) ;
#6919 = CARTESIAN_POINT ( 'NONE',  ( -1.351828257207569051, 0.8786812499999996362, 3.095932105685646807 ) ) ;
#6920 = CARTESIAN_POINT ( 'NONE',  ( 2.674804083923781661, 1.200150000000000050, 2.343194211461069099 ) ) ;
#6921 = FACE_OUTER_BOUND ( 'NONE', #7118, .T. ) ;
#6922 =( BOUNDED_CURVE ( )  B_SPLINE_CURVE ( 1, ( #4084, #2978 ),
 .UNSPECIFIED., .F., .T. ) 
 B_SPLINE_CURVE_WITH_KNOTS ( ( 2, 2 ),
 ( 0.000000000000000000, 0.0005113447558650976738 ),
 .UNSPECIFIED. ) 
 CURVE ( )  GEOMETRIC_REPRESENTATION_ITEM ( )  RATIONAL_B_SPLINE_CURVE ( ( 0.9945407480612344919, 0.9945407480612344919 ) ) 
 REPRESENTATION_ITEM ( '' )  );
#6923 = VERTEX_POINT ( 'NONE', #13 ) ;
#6924 = AXIS2_PLACEMENT_3D ( 'NONE', #361, #4314, #1978 ) ;
#6925 = CARTESIAN_POINT ( 'NONE',  ( 2.450143975615257652, 1.526976102460968709, -2.604303326828736775 ) ) ;
#6926 = CARTESIAN_POINT ( 'NONE',  ( 0.7736233713222818720, 1.200149999999999828, -3.151278851806668779 ) ) ;
#6927 = DATE_TIME_ROLE ( 'classification_date' ) ;
#6928 = CIRCLE ( 'NONE', #4813, 3.378200000000000092 ) ;
#6929 = EDGE_CURVE ( 'NONE', #2133, #4066, #3200, .T. ) ;
#6931 = CARTESIAN_POINT ( 'NONE',  ( -0.6619943850202015811, -0.5786437500000002343, -3.079944889209218051 ) ) ;
#6930 = AXIS2_PLACEMENT_3D ( 'NONE', #3489, #5712, #6193 ) ;
#6932 = ORIENTED_EDGE ( 'NONE', *, *, #3526, .T. ) ;
#6933 = CARTESIAN_POINT ( 'NONE',  ( -2.717781964590241905, 2.223636876399969875, 1.816253774071184601 ) ) ;
#6934 = VERTEX_POINT ( 'NONE', #782 ) ;
#6935 = DIRECTION ( 'NONE',  ( 0.000000000000000000, 0.000000000000000000, -1.000000000000000000 ) ) ;
#6936 = ADVANCED_FACE ( 'NONE', ( #6939 ), #6434, .T. ) ;
#6937 = CARTESIAN_POINT ( 'NONE',  ( 3.117940921259693354, -0.5786437499999996792, -0.4502682510443198893 ) ) ;
#6938 =( BOUNDED_CURVE ( )  B_SPLINE_CURVE ( 1, ( #1358, #161 ),
 .UNSPECIFIED., .F., .T. ) 
 B_SPLINE_CURVE_WITH_KNOTS ( ( 2, 2 ),
 ( 0.000000000000000000, 0.0005566452967378097061 ),
 .UNSPECIFIED. ) 
 CURVE ( )  GEOMETRIC_REPRESENTATION_ITEM ( )  RATIONAL_B_SPLINE_CURVE ( ( 0.9956508716769392198, 0.9956508716769392198 ) ) 
 REPRESENTATION_ITEM ( '' )  );
#6939 = FACE_OUTER_BOUND ( 'NONE', #5279, .T. ) ;
#6940 = DIRECTION ( 'NONE',  ( -0.000000000000000000, -1.000000000000000000, -0.000000000000000000 ) ) ;
#6941 = CARTESIAN_POINT ( 'NONE',  ( -2.825199768650449528, 0.5572124999999997774, -1.852155907913113797 ) ) ;
#6942 = ORIENTED_EDGE ( 'NONE', *, *, #4537, .T. ) ;
#6943 = CARTESIAN_POINT ( 'NONE',  ( 2.538137469347943487, 0.5572124999999995554, 2.229370634661725248 ) ) ;
#6944 = ADVANCED_FACE ( 'NONE', ( #4623 ), #1946, .F. ) ;
#6945 = EDGE_LOOP ( 'NONE', ( #2667, #2482, #5826, #2206 ) ) ;
#6946 = CARTESIAN_POINT ( 'NONE',  ( 0.000000000000000000, -2.857500000000000373, 0.000000000000000000 ) ) ;
#6947 = CARTESIAN_POINT ( 'NONE',  ( 0.1920338938252801331, 2.821781249999998575, 3.550811031809822271 ) ) ;
#6948 = CARTESIAN_POINT ( 'NONE',  ( -2.316973092708658477, -2.521743750000000173, 2.134463111423651416 ) ) ;
#6949 = VERTEX_POINT ( 'NONE', #4180 ) ;
#6950 = CARTESIAN_POINT ( 'NONE',  ( 3.329206089094517651, 0.5572124999999997774, 0.5732556640243327006 ) ) ;
#6951 = CARTESIAN_POINT ( 'NONE',  ( -2.917339328464154669, -2.035968750000000327, 1.081925825829254117 ) ) ;
#6952 = ORIENTED_EDGE ( 'NONE', *, *, #2092, .F. ) ;
#6953 = CC_DESIGN_PERSON_AND_ORGANIZATION_ASSIGNMENT ( #3000, #4615, ( #599 ) ) ;
#6954 = CARTESIAN_POINT ( 'NONE',  ( 0.000000000000000000, -2.857500000000000373, 0.000000000000000000 ) ) ;
#6955 = DIRECTION ( 'NONE',  ( -0.000000000000000000, -1.000000000000000000, -0.000000000000000000 ) ) ;
#6956 = CARTESIAN_POINT ( 'NONE',  ( 2.906389838473196541, 0.8786812499999975268, 2.048910468229336868 ) ) ;
#6957 = CARTESIAN_POINT ( 'NONE',  ( -2.590065412953049151, -3.007518750000000463, 1.724237050589144005 ) ) ;
#6958 = CARTESIAN_POINT ( 'NONE',  ( -1.655039654546634376, 0.5572124999999997774, 2.945009164990519679 ) ) ;
#6959 =( BOUNDED_CURVE ( )  B_SPLINE_CURVE ( 2, ( #6740, #3953, #4579, #6142, #2785 ),
 .UNSPECIFIED., .F., .F. ) 
 B_SPLINE_CURVE_WITH_KNOTS ( ( 3, 2, 3 ),
 ( 0.01659028043918818821, 0.05000000000000000278, 0.08854378023972310496 ),
 .UNSPECIFIED. ) 
 CURVE ( )  GEOMETRIC_REPRESENTATION_ITEM ( )  RATIONAL_B_SPLINE_CURVE ( ( 0.9945407480612344919, 0.9917734182391064746, 1.000000000000000000, 0.9905092421102533740, 0.9956508716769392198 ) ) 
 REPRESENTATION_ITEM ( '' )  );
#6960 = CARTESIAN_POINT ( 'NONE',  ( 2.790163541009825110, 2.821781249999997243, -2.204568759285941315 ) ) ;
#6961 = CARTESIAN_POINT ( 'NONE',  ( -0.8639094619119257468, -1.207420750006950261, -2.989162540180619665 ) ) ;
#6962 = EDGE_LOOP ( 'NONE', ( #446, #1846, #6841, #1809 ) ) ;
#6963 = EDGE_CURVE ( 'NONE', #1411, #4544, #2688, .T. ) ;
#6964 = CARTESIAN_POINT ( 'NONE',  ( -3.349955994259384173, 0.8786812500000017456, 1.192866646581093093 ) ) ;
#6965 =( NAMED_UNIT ( * ) SI_UNIT ( $, .STERADIAN. ) SOLID_ANGLE_UNIT ( ) );
#6966 = CARTESIAN_POINT ( 'NONE',  ( 0.000000000000000000, 3.873500000000000831, 0.000000000000000000 ) ) ;
#6967 = CARTESIAN_POINT ( 'NONE',  ( -2.968955718300262170, 1.200149999999999828, -1.957150465031283426 ) ) ;
#6968 =( BOUNDED_CURVE ( )  B_SPLINE_CURVE ( 2, ( #3988, #4030, #1793, #39, #5515 ),
 .UNSPECIFIED., .F., .T. ) 
 B_SPLINE_CURVE_WITH_KNOTS ( ( 3, 2, 3 ),
 ( 0.01659028043918808412, 0.05000000000000000278, 0.09358265573071419818 ),
 .UNSPECIFIED. ) 
 CURVE ( )  GEOMETRIC_REPRESENTATION_ITEM ( )  RATIONAL_B_SPLINE_CURVE ( ( 0.9945407480612344919, 0.9917734182391063635, 1.000000000000000000, 0.9892685037336815812, 0.9972452917573793041 ) ) 
 REPRESENTATION_ITEM ( '' )  );
#6969 = CARTESIAN_POINT ( 'NONE',  ( 2.197800227886420377, -3.007518749999999574, -2.565523221158287459 ) ) ;
#6970 = ORIENTED_EDGE ( 'NONE', *, *, #5521, .T. ) ;
#6971 = CARTESIAN_POINT ( 'NONE',  ( 2.556568766490480815, -1.207420750006950483, 1.773524285766999720 ) ) ;
#6972 = ORIENTED_EDGE ( 'NONE', *, *, #4808, .F. ) ;
#6973 = EDGE_CURVE ( 'NONE', #5185, #3721, #4188, .T. ) ;
#6974 = CARTESIAN_POINT ( 'NONE',  ( 1.100918190171941813, 1.850231249999998662, -3.381288975900838878 ) ) ;
#6975 = ADVANCED_FACE ( 'NONE', ( #3662 ), #5674, .T. ) ;
#6976 = CARTESIAN_POINT ( 'NONE',  ( -0.2613917324958371369, 1.526976102460970042, 3.566128949092806089 ) ) ;
#6977 = CARTESIAN_POINT ( 'NONE',  ( -3.547856869519783629, 0.8786812500000026338, 0.2405153496167755367 ) ) ;
#6978 = CYLINDRICAL_SURFACE ( 'NONE', #4578, 3.378200000000000092 ) ;
#6979 = CARTESIAN_POINT ( 'NONE',  ( -1.863105589565090758, -0.09286875000000033298, -2.492041294226746473 ) ) ;
#6980 = ORIENTED_EDGE ( 'NONE', *, *, #5421, .F. ) ;
#6981 = EDGE_CURVE ( 'NONE', #5354, #368, #407, .T. ) ;
#6982 = VERTEX_POINT ( 'NONE', #1474 ) ;
#6983 = CARTESIAN_POINT ( 'NONE',  ( 2.947320238515209301, 1.364456249999997484, -1.451372741492643392 ) ) ;
#6984 = EDGE_CURVE ( 'NONE', #2578, #1300, #681, .T. ) ;
#6985 = DIRECTION ( 'NONE',  ( -0.000000000000000000, -1.000000000000000000, -0.000000000000000000 ) ) ;
#6986 = ORIENTED_EDGE ( 'NONE', *, *, #259, .T. ) ;
#6987 = CARTESIAN_POINT ( 'NONE',  ( -0.8012551856908058934, 2.223636876399969431, -3.169086099537753665 ) ) ;
#6988 = CARTESIAN_POINT ( 'NONE',  ( -2.818063048906697787, 0.5572124999999997774, -1.862996482118709496 ) ) ;
#6989 = ORIENTED_EDGE ( 'NONE', *, *, #1906, .T. ) ;
#6990 = CARTESIAN_POINT ( 'NONE',  ( 3.409072778706439433, -0.5156196993879218482, -0.08529751482967047604 ) ) ;
#6991 = CARTESIAN_POINT ( 'NONE',  ( -0.1329279692040685468, 1.850231249999999106, 3.242126104503538109 ) ) ;
#6992 = FACE_OUTER_BOUND ( 'NONE', #1007, .T. ) ;
#6993 = CARTESIAN_POINT ( 'NONE',  ( 0.000000000000000000, -2.857500000000000373, 0.000000000000000000 ) ) ;
#6994 = B_SPLINE_CURVE_WITH_KNOTS ( 'NONE', 3,
 ( #2388, #6791, #1769, #1221 ),
 .UNSPECIFIED., .F., .F.,
 ( 4, 4 ),
 ( 8.093906333738730019E-16, 4.882991258137373258E-05 ),
 .UNSPECIFIED. ) ;
#6995 = DIRECTION ( 'NONE',  ( -0.000000000000000000, -1.000000000000000000, -0.000000000000000000 ) ) ;
#6996 = ORIENTED_EDGE ( 'NONE', *, *, #2701, .T. ) ;
#6997 = CARTESIAN_POINT ( 'NONE',  ( -3.570339576458081421, 2.336006250000000506, -0.4637052119830497587 ) ) ;
#6998 =( BOUNDED_CURVE ( )  B_SPLINE_CURVE ( 2, ( #6108, #6778, #43, #1210, #2271 ),
 .UNSPECIFIED., .F., .F. ) 
 B_SPLINE_CURVE_WITH_KNOTS ( ( 3, 2, 3 ),
 ( 0.01659028043918807024, 0.05000000000000000278, 0.09358265573071411492 ),
 .UNSPECIFIED. ) 
 CURVE ( )  GEOMETRIC_REPRESENTATION_ITEM ( )  RATIONAL_B_SPLINE_CURVE ( ( 0.9945407480612347140, 0.9917734182391064746, 1.000000000000000000, 0.9892685037336815812, 0.9972452917573791931 ) ) 
 REPRESENTATION_ITEM ( '' )  );
#6999 = CARTESIAN_POINT ( 'NONE',  ( 3.298666158262124171, -0.9730674576370968998, -0.5600392018439782627 ) ) ;
#7000 = ORIENTED_EDGE ( 'NONE', *, *, #5791, .T. ) ;
#7001 = CARTESIAN_POINT ( 'NONE',  ( 3.170153407116436561, 2.600324999999999331, 0.6922274899540424853 ) ) ;
#7002 = AXIS2_PLACEMENT_3D ( 'NONE', #3507, #2301, #4536 ) ;
#7003 = ORIENTED_EDGE ( 'NONE', *, *, #6745, .T. ) ;
#7004 = CARTESIAN_POINT ( 'NONE',  ( -1.451545173690342194, 2.600324999999999331, 3.246252086443114582 ) ) ;
#7005 = AXIS2_PLACEMENT_3D ( 'NONE', #2799, #2177, #4411 ) ;
#7006 = CARTESIAN_POINT ( 'NONE',  ( -3.448535725078929026, 1.850231250000001992, -0.8676043757694726910 ) ) ;
#7007 =( BOUNDED_CURVE ( )  B_SPLINE_CURVE ( 1, ( #5108, #3613 ),
 .UNSPECIFIED., .F., .T. ) 
 B_SPLINE_CURVE_WITH_KNOTS ( ( 2, 2 ),
 ( 0.000000000000000000, 0.0005566452967378121997 ),
 .UNSPECIFIED. ) 
 CURVE ( )  GEOMETRIC_REPRESENTATION_ITEM ( )  RATIONAL_B_SPLINE_CURVE ( ( 0.9945407480612347140, 0.9945407480612347140 ) ) 
 REPRESENTATION_ITEM ( '' )  );
#7008 = CARTESIAN_POINT ( 'NONE',  ( -2.386579944820707233, -1.064418750000000413, -1.996413889197224734 ) ) ;
#7009 = CARTESIAN_POINT ( 'NONE',  ( 0.7587026320485230624, 2.336006249999998285, 3.519476883141268164 ) ) ;
#7010 = ORIENTED_EDGE ( 'NONE', *, *, #7069, .F. ) ;
#7011 = CARTESIAN_POINT ( 'NONE',  ( -2.591287580903198329, -1.090493833097039733, -1.927335340320430745 ) ) ;
#7012 = ORIENTED_EDGE ( 'NONE', *, *, #3983, .F. ) ;
#7013 = CARTESIAN_POINT ( 'NONE',  ( -3.361829207450901524, 2.600324999999999331, 1.158982476109989612 ) ) ;
#7014 = CARTESIAN_POINT ( 'NONE',  ( -1.081925825829213705, -1.064418750000000191, 2.917339328464170212 ) ) ;
#7015 = ADVANCED_FACE ( 'NONE', ( #3111 ), #7114, .T. ) ;
#7016 = ORIENTED_EDGE ( 'NONE', *, *, #295, .F. ) ;
#7017 = CARTESIAN_POINT ( 'NONE',  ( -2.917339328464154669, -2.035968750000000327, 1.081925825829254117 ) ) ;
#7018 =( BOUNDED_CURVE ( )  B_SPLINE_CURVE ( 1, ( #4361, #2232 ),
 .UNSPECIFIED., .F., .F. ) 
 B_SPLINE_CURVE_WITH_KNOTS ( ( 2, 2 ),
 ( 0.000000000000000000, 0.0005566452967378117660 ),
 .UNSPECIFIED. ) 
 CURVE ( )  GEOMETRIC_REPRESENTATION_ITEM ( )  RATIONAL_B_SPLINE_CURVE ( ( 0.9945407480612344919, 0.9945407480612344919 ) ) 
 REPRESENTATION_ITEM ( '' )  );
#7019 = CARTESIAN_POINT ( 'NONE',  ( 2.214494057658361381, 2.600324999999999331, 2.782292592197273429 ) ) ;
#7020 = ORIENTED_EDGE ( 'NONE', *, *, #5378, .F. ) ;
#7021 = CARTESIAN_POINT ( 'NONE',  ( -3.274389914527659151, -0.9407207499999040712, -0.8310270318346358875 ) ) ;
#7022 = CARTESIAN_POINT ( 'NONE',  ( 3.051087569131426758, 0.5572124999999997774, 1.450206842313079836 ) ) ;
#7023 = CARTESIAN_POINT ( 'NONE',  ( 1.072037565459877495, 1.200149999999999828, 3.390556216646892107 ) ) ;
#7024 = CARTESIAN_POINT ( 'NONE',  ( -0.6198646690536572246, -0.5786437500000002343, 3.088699544860791679 ) ) ;
#7025 = CARTESIAN_POINT ( 'NONE',  ( 1.766462183813145126, 3.307556249999996645, -3.137189597075897840 ) ) ;
#7026 = CIRCLE ( 'NONE', #1403, 3.378200000000000092 ) ;
#7027 = CARTESIAN_POINT ( 'NONE',  ( 0.06726839710405457806, -0.8793083663189538157, -3.378199999999998759 ) ) ;
#7028 = CARTESIAN_POINT ( 'NONE',  ( -3.229490588810609353, -0.9407207499999041822, 0.9912748240442841308 ) ) ;
#7029 = ORIENTED_EDGE ( 'NONE', *, *, #1740, .F. ) ;
#7030 = EDGE_CURVE ( 'NONE', #4809, #1446, #6453, .T. ) ;
#7031 = CIRCLE ( 'NONE', #1884, 3.556000000000000050 ) ;
#7032 = CARTESIAN_POINT ( 'NONE',  ( -2.881054350932950037, 0.8786812500000017456, 1.492842037681921585 ) ) ;
#7033 = DIRECTION ( 'NONE',  ( 0.000000000000000000, 0.7071067811865465735, 0.7071067811865485719 ) ) ;
#7034 = DIRECTION ( 'NONE',  ( 0.000000000000000000, 0.000000000000000000, -1.000000000000000000 ) ) ;
#7035 = CIRCLE ( 'NONE', #4346, 3.378200000000000092 ) ;
#7036 = LOCAL_TIME ( 23, 8, 25.00000000000000000, #152 ) ;
#7037 = CARTESIAN_POINT ( 'NONE',  ( 2.185085436008181947, -0.09286874999999979174, 2.215137442089074593 ) ) ;
#7038 = ORIENTED_EDGE ( 'NONE', *, *, #5971, .T. ) ;
#7039 = CARTESIAN_POINT ( 'NONE',  ( -1.638339757382591300, -1.207420750006949595, -2.645236301236538079 ) ) ;
#7040 = VERTEX_POINT ( 'NONE', #4901 ) ;
#7041 =( BOUNDED_CURVE ( )  B_SPLINE_CURVE ( 2, ( #616, #2852, #5692, #2334, #4533 ),
 .UNSPECIFIED., .F., .F. ) 
 B_SPLINE_CURVE_WITH_KNOTS ( ( 3, 2, 3 ),
 ( 0.01659028043918822290, 0.05000000000000000278, 0.08854378023972320211 ),
 .UNSPECIFIED. ) 
 CURVE ( )  GEOMETRIC_REPRESENTATION_ITEM ( )  RATIONAL_B_SPLINE_CURVE ( ( 0.9945407480612344919, 0.9917734182391064746, 1.000000000000000000, 0.9905092421102533740, 0.9956508716769392198 ) ) 
 REPRESENTATION_ITEM ( '' )  );
#7042 = CARTESIAN_POINT ( 'NONE',  ( 1.544305468311460761, 3.307556249999997089, 3.252301928693961397 ) ) ;
#7043 = AXIS2_PLACEMENT_3D ( 'NONE', #4391, #6734, #6214 ) ;
#7044 = CARTESIAN_POINT ( 'NONE',  ( -2.393694106376065278, 2.600324999999998887, 2.190725917955162583 ) ) ;
#7045 = CARTESIAN_POINT ( 'NONE',  ( -0.8485263808968785959, -1.181751568882859038, -3.020328207833733014 ) ) ;
#7046 = CARTESIAN_POINT ( 'NONE',  ( -1.180998208685513085, 1.526976102460970042, -3.375032525836832331 ) ) ;
#7047 = VERTEX_POINT ( 'NONE', #3702 ) ;
#7048 = AXIS2_PLACEMENT_3D ( 'NONE', #138, #6843, #796 ) ;
#7049 = ORIENTED_EDGE ( 'NONE', *, *, #3663, .F. ) ;
#7050 =( BOUNDED_CURVE ( )  B_SPLINE_CURVE ( 2, ( #2151, #7246, #2185 ),
 .UNSPECIFIED., .F., .T. ) 
 B_SPLINE_CURVE_WITH_KNOTS ( ( 3, 3 ),
 ( 0.01659028043918809453, 0.04315487585834447415 ),
 .UNSPECIFIED. ) 
 CURVE ( )  GEOMETRIC_REPRESENTATION_ITEM ( )  RATIONAL_B_SPLINE_CURVE ( ( 0.9945407480612344919, 0.9923404004353768570, 0.9970905038964716915 ) ) 
 REPRESENTATION_ITEM ( '' )  );
#7051 = CARTESIAN_POINT ( 'NONE',  ( 3.174650536196669925, 2.600324999999999331, -1.602101736166031909 ) ) ;
#7052 = EDGE_CURVE ( 'NONE', #2541, #5068, #129, .T. ) ;
#7053 = CARTESIAN_POINT ( 'NONE',  ( -0.6259939812971690998, 1.850231249999998884, 3.500466759645023629 ) ) ;
#7054 = CARTESIAN_POINT ( 'NONE',  ( -0.02540695377406645972, -1.207420750006951593, -3.111396268028217449 ) ) ;
#7055 = CARTESIAN_POINT ( 'NONE',  ( 0.000000000000000000, -0.9407207500000012157, 0.000000000000000000 ) ) ;
#7056 = VERTEX_POINT ( 'NONE', #6591 ) ;
#7057 = CARTESIAN_POINT ( 'NONE',  ( -2.134463111423618553, -0.5786437500000004563, 2.316973092708688675 ) ) ;
#7058 = CARTESIAN_POINT ( 'NONE',  ( -3.141653168019178821, 2.600324999999999331, -1.665878558561536327 ) ) ;
#7059 = ORIENTED_EDGE ( 'NONE', *, *, #2306, .F. ) ;
#7060 = CARTESIAN_POINT ( 'NONE',  ( 1.211759848044096310, -0.09286874999999999991, 3.153390764029751381 ) ) ;
#7061 = EDGE_CURVE ( 'NONE', #3426, #694, #177, .T. ) ;
#7062 = CARTESIAN_POINT ( 'NONE',  ( 3.097288200277807491, -3.007518750000000018, 0.2970489091376462554 ) ) ;
#7063 = CARTESIAN_POINT ( 'NONE',  ( -1.479839660492883624, -0.9407207500000011047, 3.036825615545335033 ) ) ;
#7064 = CARTESIAN_POINT ( 'NONE',  ( 1.022666094541399229, 0.5572124999999997774, 3.219687764221157433 ) ) ;
#7065 = ORIENTED_EDGE ( 'NONE', *, *, #3294, .F. ) ;
#7066 = CYLINDRICAL_SURFACE ( 'NONE', #1550, 3.556000000000000050 ) ;
#7067 = CARTESIAN_POINT ( 'NONE',  ( -0.3984980917924292876, -1.207420750006951593, 3.085876135044598456 ) ) ;
#7068 = ORIENTED_EDGE ( 'NONE', *, *, #696, .T. ) ;
#7069 = EDGE_CURVE ( 'NONE', #5354, #6181, #2598, .T. ) ;
#7070 = CARTESIAN_POINT ( 'NONE',  ( 0.000000000000000000, -1.385887500000000383, 0.000000000000000000 ) ) ;
#7071 = CARTESIAN_POINT ( 'NONE',  ( -0.7812085044867130845, -0.9407207500002878753, -3.286631788399528631 ) ) ;
#7072 = EDGE_CURVE ( 'NONE', #5068, #5093, #5629, .T. ) ;
#7073 = CARTESIAN_POINT ( 'NONE',  ( 1.991667181717363233, -1.067499318559819166, 2.570064051603155431 ) ) ;
#7074 = CARTESIAN_POINT ( 'NONE',  ( 1.834242132000979186, -0.5786437499999999012, 2.561220975932525512 ) ) ;
#7075 = VERTEX_POINT ( 'NONE', #477 ) ;
#7076 = CARTESIAN_POINT ( 'NONE',  ( 0.6705359316328345365, 0.2303863975390293972, 3.330073085553102885 ) ) ;
#7077 = ORIENTED_EDGE ( 'NONE', *, *, #225, .F. ) ;
#7078 = CARTESIAN_POINT ( 'NONE',  ( 1.004005340147231529, 3.793331249999997823, 3.411320752576025850 ) ) ;
#7079 = CARTESIAN_POINT ( 'NONE',  ( -2.227588055090556907, -1.550193750000000259, 2.227588055090557795 ) ) ;
#7080 = FACE_OUTER_BOUND ( 'NONE', #4553, .T. ) ;
#7081 = CARTESIAN_POINT ( 'NONE',  ( -3.473679356246821115, 2.600324999999999331, -0.7607152752407883023 ) ) ;
#7082 = VERTEX_POINT ( 'NONE', #5340 ) ;
#7083 =( BOUNDED_CURVE ( )  B_SPLINE_CURVE ( 1, ( #480, #6071 ),
 .UNSPECIFIED., .F., .F. ) 
 B_SPLINE_CURVE_WITH_KNOTS ( ( 2, 2 ),
 ( 4.336808689942017736E-19, 0.0005566452967378094892 ),
 .UNSPECIFIED. ) 
 CURVE ( )  GEOMETRIC_REPRESENTATION_ITEM ( )  RATIONAL_B_SPLINE_CURVE ( ( 0.9956508716769392198, 0.9956508716769392198 ) ) 
 REPRESENTATION_ITEM ( '' )  );
#7084 = CARTESIAN_POINT ( 'NONE',  ( 0.000000000000000000, -2.857500000000000373, 0.000000000000000000 ) ) ;
#7085 = ORIENTED_EDGE ( 'NONE', *, *, #4097, .T. ) ;
#7086 = CARTESIAN_POINT ( 'NONE',  ( 3.077179123492455481, -1.064418749999999747, 1.393988479845584161 ) ) ;
#7087 = CARTESIAN_POINT ( 'NONE',  ( -3.046420138823542789, 0.8786812499999996362, 0.6330533846133045150 ) ) ;
#7088 = CARTESIAN_POINT ( 'NONE',  ( 2.256578695637662779, -1.207420750006950927, -2.142261618102285770 ) ) ;
#7089 = EDGE_LOOP ( 'NONE', ( #5871, #5052, #2836, #1407 ) ) ;
#7090 = DIRECTION ( 'NONE',  ( -0.000000000000000000, -1.000000000000000000, -0.000000000000000000 ) ) ;
#7091 = DIRECTION ( 'NONE',  ( -0.000000000000000000, -1.000000000000000000, -0.000000000000000000 ) ) ;
#7092 = ORIENTED_EDGE ( 'NONE', *, *, #5294, .T. ) ;
#7093 = DIRECTION ( 'NONE',  ( -0.000000000000000000, -1.000000000000000000, -0.000000000000000000 ) ) ;
#7094 = CARTESIAN_POINT ( 'NONE',  ( 1.876389005281407396, 2.600324999999999775, -3.020645676152545533 ) ) ;
#7095 = CARTESIAN_POINT ( 'NONE',  ( 0.9509872958147450595, 1.364456249999998816, -3.144646655239373256 ) ) ;
#7096 = CARTESIAN_POINT ( 'NONE',  ( 0.1478323092253241711, 1.850231249999999328, -3.552925781429878249 ) ) ;
#7097 = ORIENTED_EDGE ( 'NONE', *, *, #5276, .T. ) ;
#7098 = CARTESIAN_POINT ( 'NONE',  ( -4.084873239877797321E-17, -0.8176576455691431100, -3.378199999999999203 ) ) ;
#7099 = EDGE_CURVE ( 'NONE', #6438, #4311, #5822, .T. ) ;
#7100 = EDGE_CURVE ( 'NONE', #3013, #858, #1106, .T. ) ;
#7101 = VERTEX_POINT ( 'NONE', #5893 ) ;
#7102 = CARTESIAN_POINT ( 'NONE',  ( -2.172508597397098562, -2.035968750000000327, -2.586975383384176208 ) ) ;
#7103 = CARTESIAN_POINT ( 'NONE',  ( -3.117497301564141843, 1.364456250000001258, 1.036527856764835942 ) ) ;
#7104 = CARTESIAN_POINT ( 'NONE',  ( -3.157838902381131518, -1.155006032159971996, 0.1968870259763538244 ) ) ;
#7105 = EDGE_CURVE ( 'NONE', #7101, #3668, #5869, .T. ) ;
#7106 = CARTESIAN_POINT ( 'NONE',  ( 2.639424921839177873, -1.029273648346682890, -1.963469922201362738 ) ) ;
#7107 = CARTESIAN_POINT ( 'NONE',  ( 1.225316086524144588, 2.223636876399968543, 3.030464826884645024 ) ) ;
#7108 = EDGE_CURVE ( 'NONE', #5185, #1783, #4341, .T. ) ;
#7109 = ORIENTED_EDGE ( 'NONE', *, *, #5076, .T. ) ;
#7110 = CARTESIAN_POINT ( 'NONE',  ( -3.103637692652537083, 1.200149999999999828, 1.735675393829858804 ) ) ;
#7111 = ORIENTED_EDGE ( 'NONE', *, *, #6251, .F. ) ;
#7112 = ADVANCED_FACE ( 'NONE', ( #5080 ), #6, .T. ) ;
#7113 = CARTESIAN_POINT ( 'NONE',  ( 1.209352165352724384, -0.9407207499999051814, 3.154314914550702564 ) ) ;
#7114 = CYLINDRICAL_SURFACE ( 'NONE', #1417, 3.556000000000000050 ) ;
#7115 = CYLINDRICAL_SURFACE ( 'NONE', #5854, 3.378200000000000092 ) ;
#7116 = CARTESIAN_POINT ( 'NONE',  ( 3.438358388941518573, 1.526976102460968709, 0.9814748639524308871 ) ) ;
#7117 = VERTEX_POINT ( 'NONE', #1755 ) ;
#7118 = EDGE_LOOP ( 'NONE', ( #2020, #4206, #4798, #4689 ) ) ;
#7119 = EDGE_LOOP ( 'NONE', ( #5601, #7234, #1567, #3464 ) ) ;
#7120 = EDGE_CURVE ( 'NONE', #2498, #920, #4340, .T. ) ;
#7121 = CARTESIAN_POINT ( 'NONE',  ( -1.666341983850471387, 0.5572124999999997774, 2.938628869533765009 ) ) ;
#7122 = CARTESIAN_POINT ( 'NONE',  ( 2.017599152127215412, -0.09286874999999988889, 2.709525586027108801 ) ) ;
#7123 = DIRECTION ( 'NONE',  ( -0.000000000000000000, -1.000000000000000000, -0.000000000000000000 ) ) ;
#7124 = CARTESIAN_POINT ( 'NONE',  ( 1.761072177503432812, 4.764881249999996626, -2.725376360821263333 ) ) ;
#7125 =( BOUNDED_CURVE ( )  B_SPLINE_CURVE ( 2, ( #2624, #5299, #3617, #4283, #4754 ),
 .UNSPECIFIED., .F., .T. ) 
 B_SPLINE_CURVE_WITH_KNOTS ( ( 3, 2, 3 ),
 ( 0.01659028043918812229, 0.05000000000000000278, 0.09358265573071417043 ),
 .UNSPECIFIED. ) 
 CURVE ( )  GEOMETRIC_REPRESENTATION_ITEM ( )  RATIONAL_B_SPLINE_CURVE ( ( 0.9945407480612344919, 0.9917734182391063635, 1.000000000000000000, 0.9892685037336815812, 0.9972452917573793041 ) ) 
 REPRESENTATION_ITEM ( '' )  );
#7126 = EDGE_LOOP ( 'NONE', ( #5174, #2426, #2462, #2175 ) ) ;
#7127 = CARTESIAN_POINT ( 'NONE',  ( -2.353647750693674379, 1.850231250000000660, 2.665610298909915965 ) ) ;
#7128 = CARTESIAN_POINT ( 'NONE',  ( 3.528898769048930628, 2.821781249999995911, -0.4381888608864512591 ) ) ;
#7129 = ORIENTED_EDGE ( 'NONE', *, *, #5791, .F. ) ;
#7130 = CARTESIAN_POINT ( 'NONE',  ( 1.896969770606286243, -3.007518750000000018, 2.466361275118864604 ) ) ;
#7131 = CARTESIAN_POINT ( 'NONE',  ( -0.3619597333248527060, -3.007518750000000463, -3.358752802968894446 ) ) ;
#7132 = CARTESIAN_POINT ( 'NONE',  ( -2.115774822787416021, 4.764881249999999291, 2.460192761097979464 ) ) ;
#7133 = CARTESIAN_POINT ( 'NONE',  ( 3.353495595039366783, -1.064418749999999747, -0.4078020770564578790 ) ) ;
#7134 = ORIENTED_EDGE ( 'NONE', *, *, #1725, .T. ) ;
#7135 = CYLINDRICAL_SURFACE ( 'NONE', #5510, 3.962399999999999700 ) ;
#7136 = CARTESIAN_POINT ( 'NONE',  ( 0.000000000000000000, -2.766060000000000407, 3.162299999999999667 ) ) ;
#7137 = VERTEX_POINT ( 'NONE', #4577 ) ;
#7138 = CARTESIAN_POINT ( 'NONE',  ( -1.364395405176447751, 1.364456250000000370, -3.331782164724536699 ) ) ;
#7139 = CARTESIAN_POINT ( 'NONE',  ( -2.944277490974890998, 0.5572124999999997774, 1.656340935960526339 ) ) ;
#7140 = AXIS2_PLACEMENT_3D ( 'NONE', #1620, #7228, #3372 ) ;
#7141 = FACE_OUTER_BOUND ( 'NONE', #4074, .T. ) ;
#7142 = CARTESIAN_POINT ( 'NONE',  ( 2.586975383384205074, -1.064418749999999969, 2.172508597397061259 ) ) ;
#7143 = CARTESIAN_POINT ( 'NONE',  ( 0.9530071241899075174, -1.550193750000000037, 3.002677889419299806 ) ) ;
#7144 = EDGE_LOOP ( 'NONE', ( #6753, #2594 ) ) ;
#7145 = AXIS2_PLACEMENT_3D ( 'NONE', #489, #2208, #2278 ) ;
#7146 = CARTESIAN_POINT ( 'NONE',  ( -0.6056374459503137686, -0.9407207499999382661, 3.323467846100363943 ) ) ;
#7147 = CARTESIAN_POINT ( 'NONE',  ( 3.489167758074392278, 2.600324999999998443, -0.6861809936264170462 ) ) ;
#7148 = CARTESIAN_POINT ( 'NONE',  ( -2.806924700904740000, -2.521743750000000173, 1.430199569925503456 ) ) ;
#7149 = ADVANCED_FACE ( 'NONE', ( #4469 ), #3440, .T. ) ;
#7150 = AXIS2_PLACEMENT_3D ( 'NONE', #4656, #5236, #1874 ) ;
#7151 = CARTESIAN_POINT ( 'NONE',  ( -3.281971131266082420, 0.5572124999999997774, 0.8005627605228925470 ) ) ;
#7152 = CARTESIAN_POINT ( 'NONE',  ( -1.928127838233953950, 4.764881249999999291, 2.987885379231819627 ) ) ;
#7153 = VERTEX_POINT ( 'NONE', #3919 ) ;
#7154 = ORIENTED_EDGE ( 'NONE', *, *, #5351, .T. ) ;
#7155 = CARTESIAN_POINT ( 'NONE',  ( -2.781949432675932421, -2.035968750000000327, -1.393624628095406770 ) ) ;
#7156 =( BOUNDED_CURVE ( )  B_SPLINE_CURVE ( 1, ( #1635, #2152 ),
 .UNSPECIFIED., .F., .F. ) 
 B_SPLINE_CURVE_WITH_KNOTS ( ( 2, 2 ),
 ( 0.000000000000000000, 0.0005566452967378093808 ),
 .UNSPECIFIED. ) 
 CURVE ( )  GEOMETRIC_REPRESENTATION_ITEM ( )  RATIONAL_B_SPLINE_CURVE ( ( 0.9945407480612344919, 0.9945407480612344919 ) ) 
 REPRESENTATION_ITEM ( '' )  );
#7157 = VERTEX_POINT ( 'NONE', #1719 ) ;
#7158 = EDGE_CURVE ( 'NONE', #3041, #3091, #404, .T. ) ;
#7159 = CIRCLE ( 'NONE', #3058, 2.499999999999999556 ) ;
#7160 = CARTESIAN_POINT ( 'NONE',  ( 2.495805126969723897, -2.035968749999999439, 2.276662471292492107 ) ) ;
#7161 = CARTESIAN_POINT ( 'NONE',  ( -0.4953646341497053851, -2.521743750000000173, 3.384247662425084791 ) ) ;
#7162 = CARTESIAN_POINT ( 'NONE',  ( -2.381962996990029335, -1.060154572504550030, 2.225380361627209869 ) ) ;
#7163 = CARTESIAN_POINT ( 'NONE',  ( 1.409775854514240478, 4.279106249999996336, 3.312835530911820925 ) ) ;
#7164 = EDGE_CURVE ( 'NONE', #275, #149, #6178, .T. ) ;
#7165 = EDGE_LOOP ( 'NONE', ( #179, #1820, #3783, #2955 ) ) ;
#7166 = CARTESIAN_POINT ( 'NONE',  ( -2.072703945163115513, 1.526976102460970708, 2.913674600067790443 ) ) ;
#7167 = AXIS2_PLACEMENT_3D ( 'NONE', #3351, #5576, #570 ) ;
#7168 = DIRECTION ( 'NONE',  ( -0.000000000000000000, -1.000000000000000000, -0.000000000000000000 ) ) ;
#7169 = ORIENTED_EDGE ( 'NONE', *, *, #659, .T. ) ;
#7170 = FACE_OUTER_BOUND ( 'NONE', #3740, .T. ) ;
#7171 = CARTESIAN_POINT ( 'NONE',  ( 1.727779834237990864, -1.550193750000000037, 2.634212203062769042 ) ) ;
#7172 =( BOUNDED_SURFACE ( )  B_SPLINE_SURFACE ( 1, 2, ( 
 ( #7032, #7103, #4786, #2015, #4247, #324, #292, #3653, #5366 ),
 ( #6964, #2082, #2554, #6997, #1387, #6367, #1350, #2590, #6401 ) ),
 .UNSPECIFIED., .F., .F., .T. ) 
 B_SPLINE_SURFACE_WITH_KNOTS ( ( 2, 2 ),
 ( 3, 2, 2, 2, 3 ),
 ( 0.000000000000000000, 1.000000000000000000 ),
 ( 0.000000000000000000, 0.05000000000000000278, 0.1000000000000000056, 0.1499999999999999944, 0.2000000000000000111 ),
 .UNSPECIFIED. ) 
 GEOMETRIC_REPRESENTATION_ITEM ( )  RATIONAL_B_SPLINE_SURFACE ( (
 ( 1.000000000000000000, 0.9876883405951377704, 1.000000000000000000, 0.9876883405951377704, 1.000000000000000000, 0.9876883405951377704, 1.000000000000000000, 0.9876883405951377704, 1.000000000000000000),
 ( 1.000000000000000000, 0.9876883405951377704, 1.000000000000000000, 0.9876883405951377704, 1.000000000000000000, 0.9876883405951377704, 1.000000000000000000, 0.9876883405951377704, 1.000000000000000000) ) ) 
 REPRESENTATION_ITEM ( '' )  SURFACE ( )  );
#7173 = FACE_OUTER_BOUND ( 'NONE', #1363, .T. ) ;
#7174 = ORIENTED_EDGE ( 'NONE', *, *, #3, .F. ) ;
#7175 = CARTESIAN_POINT ( 'NONE',  ( 0.9662113852660710878, -1.029273648346684222, 3.144553006771772186 ) ) ;
#7176 = CARTESIAN_POINT ( 'NONE',  ( 3.503631749925566918, 1.200149999999999828, 0.6080300657973449763 ) ) ;
#7177 = ORIENTED_EDGE ( 'NONE', *, *, #3294, .T. ) ;
#7178 = CARTESIAN_POINT ( 'NONE',  ( -1.390054261881466191, -2.521743750000000173, 3.125102799976518408 ) ) ;
#7179 = CARTESIAN_POINT ( 'NONE',  ( -0.1699165730702769939, -1.064418750000000191, -3.106857030536817277 ) ) ;
#7180 = CARTESIAN_POINT ( 'NONE',  ( -2.573609166346000787, -1.550193750000000481, -2.252788099288469237 ) ) ;
#7181 = CARTESIAN_POINT ( 'NONE',  ( 1.877427255613558055, -0.09286875000000011093, -2.808469714965668551 ) ) ;
#7182 = CARTESIAN_POINT ( 'NONE',  ( 3.262031882860939813, -1.550193749999999593, 1.028429072223564944 ) ) ;
#7183 = EDGE_LOOP ( 'NONE', ( #4383, #2348, #4349, #5436 ) ) ;
#7184 = EDGE_CURVE ( 'NONE', #328, #4176, #5213, .T. ) ;
#7185 = CARTESIAN_POINT ( 'NONE',  ( -2.895980214806367581, 2.600324999999999331, 1.463676917202039185 ) ) ;
#7186 = CARTESIAN_POINT ( 'NONE',  ( 1.594923368752632520, -1.207420750006950261, -2.671638392037133158 ) ) ;
#7187 = CARTESIAN_POINT ( 'NONE',  ( -3.499703808797360871, 4.764881250000000179, 0.6302453892645702993 ) ) ;
#7188 = CARTESIAN_POINT ( 'NONE',  ( 2.714760119853369513, 0.5572124999999996664, -1.520365002771937757 ) ) ;
#7189 = CARTESIAN_POINT ( 'NONE',  ( 0.000000000000000000, 1.200150000000000050, 0.000000000000000000 ) ) ;
#7190 = CARTESIAN_POINT ( 'NONE',  ( 3.174650536196669925, 2.600324999999999331, -1.602101736166031909 ) ) ;
#7191 =( BOUNDED_CURVE ( )  B_SPLINE_CURVE ( 1, ( #2395, #6758 ),
 .UNSPECIFIED., .F., .F. ) 
 B_SPLINE_CURVE_WITH_KNOTS ( ( 2, 2 ),
 ( 0.000000000000000000, 0.0005566452967378115492 ),
 .UNSPECIFIED. ) 
 CURVE ( )  GEOMETRIC_REPRESENTATION_ITEM ( )  RATIONAL_B_SPLINE_CURVE ( ( 0.9956508716769392198, 0.9956508716769392198 ) ) 
 REPRESENTATION_ITEM ( '' )  );
#7192 = ORIENTED_EDGE ( 'NONE', *, *, #1682, .F. ) ;
#7193 = EDGE_CURVE ( 'NONE', #6051, #7082, #4613, .T. ) ;
#7194 = VERTEX_POINT ( 'NONE', #110 ) ;
#7195 = CARTESIAN_POINT ( 'NONE',  ( -2.561220975932550825, -2.521743750000000173, -1.834242132000945436 ) ) ;
#7196 = EDGE_CURVE ( 'NONE', #4288, #4987, #5077, .T. ) ;
#7197 = ORIENTED_EDGE ( 'NONE', *, *, #108, .F. ) ;
#7198 = CARTESIAN_POINT ( 'NONE',  ( 2.155196598958115661, 1.200149999999999606, -2.828473726206304661 ) ) ;
#7199 = CARTESIAN_POINT ( 'NONE',  ( 0.000000000000000000, 0.5572124999999997774, 0.000000000000000000 ) ) ;
#7200 = CARTESIAN_POINT ( 'NONE',  ( 0.5913842720086726068, -1.064418749999999969, 3.054782626116100630 ) ) ;
#7201 = CARTESIAN_POINT ( 'NONE',  ( -3.146685944841074889, 0.3929062499999995683, 0.1505478359323415283 ) ) ;
#7202 = CARTESIAN_POINT ( 'NONE',  ( -3.071740224496156024, -1.060154572504549142, -1.091090035770688305 ) ) ;
#7203 =( BOUNDED_CURVE ( )  B_SPLINE_CURVE ( 1, ( #2716, #4907 ),
 .UNSPECIFIED., .F., .T. ) 
 B_SPLINE_CURVE_WITH_KNOTS ( ( 2, 2 ),
 ( 0.000000000000000000, 0.0005566452967378093808 ),
 .UNSPECIFIED. ) 
 CURVE ( )  GEOMETRIC_REPRESENTATION_ITEM ( )  RATIONAL_B_SPLINE_CURVE ( ( 0.9956508716769392198, 0.9956508716769392198 ) ) 
 REPRESENTATION_ITEM ( '' )  );
#7204 = ORIENTED_EDGE ( 'NONE', *, *, #3384, .T. ) ;
#7205 = CYLINDRICAL_SURFACE ( 'NONE', #4121, 2.933033249999999814 ) ;
#7206 = VERTEX_POINT ( 'NONE', #2305 ) ;
#7207 = DIRECTION ( 'NONE',  ( -0.000000000000000000, -1.000000000000000000, -0.000000000000000000 ) ) ;
#7208 = EDGE_CURVE ( 'NONE', #2933, #4134, #1902, .T. ) ;
#7209 = CARTESIAN_POINT ( 'NONE',  ( -2.013214896413466626, 3.793331249999999599, 2.544802016534670308 ) ) ;
#7210 = ORIENTED_EDGE ( 'NONE', *, *, #402, .F. ) ;
#7211 = CARTESIAN_POINT ( 'NONE',  ( 0.8149798718961327459, -1.207420750006946930, -3.002871968366980671 ) ) ;
#7212 = CARTESIAN_POINT ( 'NONE',  ( -1.001835600901599843, -1.064418750000000191, -2.945803401241524622 ) ) ;
#7213 = ORIENTED_EDGE ( 'NONE', *, *, #6845, .T. ) ;
#7214 =( BOUNDED_CURVE ( )  B_SPLINE_CURVE ( 1, ( #7240, #4921 ),
 .UNSPECIFIED., .F., .F. ) 
 B_SPLINE_CURVE_WITH_KNOTS ( ( 2, 2 ),
 ( 0.000000000000000000, 0.0005566452967378123081 ),
 .UNSPECIFIED. ) 
 CURVE ( )  GEOMETRIC_REPRESENTATION_ITEM ( )  RATIONAL_B_SPLINE_CURVE ( ( 0.9945407480612344919, 0.9945407480612344919 ) ) 
 REPRESENTATION_ITEM ( '' )  );
#7215 = CARTESIAN_POINT ( 'NONE',  ( 0.2932567600001723118, 2.821781249999998575, -3.543887198079845202 ) ) ;
#7216 = CARTESIAN_POINT ( 'NONE',  ( 0.1435166106407508302, 1.850231249999998662, -3.553102726135314526 ) ) ;
#7217 = CARTESIAN_POINT ( 'NONE',  ( 2.930642448104152198, -1.550193749999999815, -1.155695430351080688 ) ) ;
#7218 = CARTESIAN_POINT ( 'NONE',  ( 2.865834777561208302, 2.600324999999999331, 1.521854970166578003 ) ) ;
#7219 = CARTESIAN_POINT ( 'NONE',  ( 1.842539447956307308, 0.5572124999999997774, 2.831480818004045386 ) ) ;
#7220 = CARTESIAN_POINT ( 'NONE',  ( 2.880838293723803734, -0.5786437499999997902, -1.274781476088659993 ) ) ;
#7221 = CARTESIAN_POINT ( 'NONE',  ( -0.5294823915806022852, 4.764881249999998403, 3.201359073816322898 ) ) ;
#7222 = CARTESIAN_POINT ( 'NONE',  ( 2.304713393563053714, -1.090493833097040177, 2.262230981690924736 ) ) ;
#7223 = CARTESIAN_POINT ( 'NONE',  ( -2.495702532148898811, 1.850231250000001104, -2.533101828001702582 ) ) ;
#7224 = ORIENTED_EDGE ( 'NONE', *, *, #1830, .F. ) ;
#7225 = ORIENTED_EDGE ( 'NONE', *, *, #3615, .T. ) ;
#7226 = CARTESIAN_POINT ( 'NONE',  ( -3.369454150665855963, -1.550193750000000703, -0.5876198498660132330 ) ) ;
#7227 = VERTEX_POINT ( 'NONE', #1649 ) ;
#7228 = DIRECTION ( 'NONE',  ( -0.000000000000000000, -1.000000000000000000, -0.000000000000000000 ) ) ;
#7229 = CARTESIAN_POINT ( 'NONE',  ( -1.373564089629106588, 4.764881249999998403, 2.939791355552528795 ) ) ;
#7230 = CARTESIAN_POINT ( 'NONE',  ( -3.234884724928787758, 2.600324999999998887, -0.2541108791893525454 ) ) ;
#7231 = DIRECTION ( 'NONE',  ( 0.000000000000000000, 0.000000000000000000, -1.000000000000000000 ) ) ;
#7232 =( BOUNDED_CURVE ( )  B_SPLINE_CURVE ( 1, ( #5633, #5087 ),
 .UNSPECIFIED., .F., .T. ) 
 B_SPLINE_CURVE_WITH_KNOTS ( ( 2, 2 ),
 ( 0.000000000000000000, 0.0005566452967378103566 ),
 .UNSPECIFIED. ) 
 CURVE ( )  GEOMETRIC_REPRESENTATION_ITEM ( )  RATIONAL_B_SPLINE_CURVE ( ( 0.9945407480612347140, 0.9945407480612347140 ) ) 
 REPRESENTATION_ITEM ( '' )  );
#7233 = DIRECTION ( 'NONE',  ( -0.000000000000000000, -1.000000000000000000, -0.000000000000000000 ) ) ;
#7234 = ORIENTED_EDGE ( 'NONE', *, *, #4470, .F. ) ;
#7235 = CARTESIAN_POINT ( 'NONE',  ( 0.6686058431695097726, -1.149975985603238993, -3.098688998107153481 ) ) ;
#7236 = CARTESIAN_POINT ( 'NONE',  ( -2.835253898595173183, -0.9407207500002887635, 1.836728224452794933 ) ) ;
#7237 = ORIENTED_EDGE ( 'NONE', *, *, #3789, .F. ) ;
#7238 = CIRCLE ( 'NONE', #1853, 3.378200000000000092 ) ;
#7239 = CARTESIAN_POINT ( 'NONE',  ( 2.984371566576158319, -1.064418749999999747, 0.8803173306324157954 ) ) ;
#7240 = CARTESIAN_POINT ( 'NONE',  ( 3.309493616848862452, 1.200150000000000050, -1.300918137330959512 ) ) ;
#7241 = AXIS2_PLACEMENT_3D ( 'NONE', #1845, #4119, #5785 ) ;
#7242 = ADVANCED_FACE ( 'NONE', ( #4539 ), #3329, .T. ) ;
#7243 =( BOUNDED_CURVE ( )  B_SPLINE_CURVE ( 1, ( #561, #2211 ),
 .UNSPECIFIED., .F., .T. ) 
 B_SPLINE_CURVE_WITH_KNOTS ( ( 2, 2 ),
 ( 0.000000000000000000, 0.0005113447558650970233 ),
 .UNSPECIFIED. ) 
 CURVE ( )  GEOMETRIC_REPRESENTATION_ITEM ( )  RATIONAL_B_SPLINE_CURVE ( ( 0.9945407480612344919, 0.9945407480612344919 ) ) 
 REPRESENTATION_ITEM ( '' )  );
#7244 = DIRECTION ( 'NONE',  ( -0.000000000000000000, -1.000000000000000000, -0.000000000000000000 ) ) ;
#7245 = VERTEX_POINT ( 'NONE', #3473 ) ;
#7246 = CARTESIAN_POINT ( 'NONE',  ( -0.2829373800575001319, 0.2974963826126212352, -3.378200000000000980 ) ) ;
#7247 = CARTESIAN_POINT ( 'NONE',  ( -3.224891182083241326, -0.09286875000000054114, 1.006137219131539196 ) ) ;
#7248 = ORIENTED_EDGE ( 'NONE', *, *, #6594, .F. ) ;
#7249 = CARTESIAN_POINT ( 'NONE',  ( -0.8162176178087204859, 1.850231249999999994, -3.461058335304197708 ) ) ;
#7250 = DIRECTION ( 'NONE',  ( 0.000000000000000000, 0.000000000000000000, -1.000000000000000000 ) ) ;
#7251 = CARTESIAN_POINT ( 'NONE',  ( 3.489167758074392278, 2.600324999999998443, -0.6861809936264170462 ) ) ;
ENDSEC;
END-ISO-10303-21;
