ISO-10303-21;
HEADER;
FILE_DESCRIPTION (( 'STEP AP203' ),
    '1' );
FILE_NAME ('92290A228_NO THREADS_Super-Corrosion-Resistant 316 Stainless Steel Socket Head Screw.STEP',
    '2026-01-08T20:14:45',
    ( 'McMaster Carr Supply' ),
    ( 'McMaster Carr Supply' ),
    'SwSTEP 2.0',
    'SolidWorks 2024',
    '' );
FILE_SCHEMA (( 'CONFIG_CONTROL_DESIGN' ));
ENDSEC;

DATA;
#1 = DIRECTION ( 'NONE',  ( 0.000000000000000000, 1.000000000000000000, 0.000000000000000000 ) ) ;
#2 = AXIS2_PLACEMENT_3D ( 'NONE', #824, #723, #1007 ) ;
#3 = ORIENTED_EDGE ( 'NONE', *, *, #145, .F. ) ;
#4 = ADVANCED_FACE ( 'NONE', ( #169 ), #290, .T. ) ;
#5 = APPROVAL ( #112, 'UNSPECIFIED' ) ;
#6 = CIRCLE ( 'NONE', #969, 3.898242356748393256 ) ;
#7 = AXIS2_PLACEMENT_3D ( 'NONE', #615, #507, #318 ) ;
#8 =( NAMED_UNIT ( * ) PLANE_ANGLE_UNIT ( ) SI_UNIT ( $, .RADIAN. ) );
#9 = CIRCLE ( 'NONE', #140, 3.898242356748394588 ) ;
#10 = CARTESIAN_POINT ( 'NONE',  ( -0.1000000000000008382, -2.251666049839538442, 6.000000000000000000 ) ) ;
#11 = VECTOR ( 'NONE', #646, 1000.000000000000000 ) ;
#12 = FACE_OUTER_BOUND ( 'NONE', #252, .T. ) ;
#13 = ORIENTED_EDGE ( 'NONE', *, *, #574, .F. ) ;
#14 = FACE_OUTER_BOUND ( 'NONE', #453, .T. ) ;
#15 = EDGE_CURVE ( 'NONE', #1077, #437, #273, .T. ) ;
#16 = DATE_AND_TIME ( #1039, #694 ) ;
#17 = EDGE_LOOP ( 'NONE', ( #449, #625, #753, #121 ) ) ;
#18 = DIRECTION ( 'NONE',  ( -0.4999999999999998890, 0.8660254037844387076, 0.000000000000000000 ) ) ;
#19 = ORIENTED_EDGE ( 'NONE', *, *, #48, .F. ) ;
#20 = CARTESIAN_POINT ( 'NONE',  ( -0.2424084962205907412, 2.169446466211690794, 8.368664193487921565 ) ) ;
#21 = ORIENTED_EDGE ( 'NONE', *, *, #829, .T. ) ;
#22 = CARTESIAN_POINT ( 'NONE',  ( 0.000000000000000000, 2.000000000000000000, 6.000000000000000000 ) ) ;
#23 = VERTEX_POINT ( 'NONE', #992 ) ;
#24 = DIRECTION ( 'NONE',  ( 0.000000000000000000, 0.000000000000000000, 1.000000000000000000 ) ) ;
#25 = ORIENTED_EDGE ( 'NONE', *, *, #111, .T. ) ;
#26 = AXIS2_PLACEMENT_3D ( 'NONE', #1139, #638, #1051 ) ;
#27 = VECTOR ( 'NONE', #964, 1000.000000000000000 ) ;
#28 = LOCAL_TIME ( 14, 14, 45.00000000000000000, #37 ) ;
#29 = CALENDAR_DATE ( 2026, 8, 1 ) ;
#30 = ORIENTED_EDGE ( 'NONE', *, *, #146, .F. ) ;
#31 = DIRECTION ( 'NONE',  ( 1.000000000000000000, -1.224646799147353207E-16, 1.387402318691687155E-48 ) ) ;
#32 = VERTEX_POINT ( 'NONE', #160 ) ;
#33 = AXIS2_PLACEMENT_3D ( 'NONE', #299, #503, #185 ) ;
#34 = DIRECTION ( 'NONE',  ( -0.000000000000000000, 1.132899967286609269E-32, 1.000000000000000000 ) ) ;
#35 = VERTEX_POINT ( 'NONE', #1199 ) ;
#36 = ADVANCED_FACE ( 'NONE', ( #562 ), #1036, .T. ) ;
#37 = COORDINATED_UNIVERSAL_TIME_OFFSET ( 6, 0, .BEHIND. ) ;
#38 = EDGE_LOOP ( 'NONE', ( #359, #55, #44, #965 ) ) ;
#39 = FACE_OUTER_BOUND ( 'NONE', #818, .T. ) ;
#40 = ORIENTED_EDGE ( 'NONE', *, *, #343, .T. ) ;
#41 = CARTESIAN_POINT ( 'NONE',  ( -1.758820561781463621, 1.293945551957725870, 8.369318561058982198 ) ) ;
#42 = ORIENTED_EDGE ( 'NONE', *, *, #925, .T. ) ;
#43 = DESIGN_CONTEXT ( 'detailed design', #506, 'design' ) ;
#44 = ORIENTED_EDGE ( 'NONE', *, *, #1228, .F. ) ;
#45 = DIRECTION ( 'NONE',  ( 0.000000000000000000, -1.132899967286609269E-32, -1.000000000000000000 ) ) ;
#46 = ORIENTED_EDGE ( 'NONE', *, *, #614, .T. ) ;
#47 = CARTESIAN_POINT ( 'NONE',  ( 0.000000000000000000, 2.500000000000000444, 3.499999999999999556 ) ) ;
#48 = EDGE_CURVE ( 'NONE', #1220, #749, #596, .T. ) ;
#49 = VERTEX_POINT ( 'NONE', #883 ) ;
#50 = VECTOR ( 'NONE', #96, 1000.000000000000000 ) ;
#51 = CIRCLE ( 'NONE', #1164, 2.000000000000000000 ) ;
#52 = CARTESIAN_POINT ( 'NONE',  ( -1.999999999999999112, 2.449293595523087504E-16, 8.190598923241498852 ) ) ;
#53 = CARTESIAN_POINT ( 'NONE',  ( 0.000000000000000000, -3.898242356748393700, 3.499999999999999556 ) ) ;
#54 = DIRECTION ( 'NONE',  ( -3.755786496842899550E-16, -1.000000000000000000, 0.000000000000000000 ) ) ;
#55 = ORIENTED_EDGE ( 'NONE', *, *, #15, .T. ) ;
#56 = B_SPLINE_CURVE_WITH_KNOTS ( 'NONE', 3,
 ( #876, #984, #792, #672, #1096, #60 ),
 .UNSPECIFIED., .F., .F.,
 ( 4, 2, 4 ),
 ( 5.962126228860470552E-18, 0.0001080138242822572072, 0.0002160276485645084513 ),
 .UNSPECIFIED. ) ;
#57 = EDGE_CURVE ( 'NONE', #1045, #363, #568, .T. ) ;
#58 = DIRECTION ( 'NONE',  ( 0.000000000000000000, 1.000000000000000000, -1.132899967286609269E-32 ) ) ;
#59 = DIRECTION ( 'NONE',  ( 0.000000000000000000, 0.000000000000000000, 1.000000000000000000 ) ) ;
#60 = CARTESIAN_POINT ( 'NONE',  ( -1.900000000000029443, 1.212435565298197071, 8.444484457158354829 ) ) ;
#61 = ORIENTED_EDGE ( 'NONE', *, *, #313, .F. ) ;
#62 = APPROVAL_STATUS ( 'not_yet_approved' ) ;
#63 = ORIENTED_EDGE ( 'NONE', *, *, #987, .F. ) ;
#64 = EDGE_CURVE ( 'NONE', #794, #787, #977, .T. ) ;
#65 = CARTESIAN_POINT ( 'NONE',  ( 0.000000000000000000, 2.000000000000000000, 6.000000000000000000 ) ) ;
#66 = DIRECTION ( 'NONE',  ( 0.8660254037844385966, -0.5000000000000002220, 0.000000000000000000 ) ) ;
#67 = DIRECTION ( 'NONE',  ( -0.000000000000000000, 1.132899967286609269E-32, 1.000000000000000000 ) ) ;
#68 = ORIENTED_EDGE ( 'NONE', *, *, #677, .F. ) ;
#69 = AXIS2_PLACEMENT_3D ( 'NONE', #198, #1316, #1325 ) ;
#70 = CARTESIAN_POINT ( 'NONE',  ( 0.000000000000000000, -2.499999999999998668, 3.499999999999999556 ) ) ;
#71 = AXIS2_PLACEMENT_3D ( 'NONE', #1161, #431, #1170 ) ;
#72 = TOROIDAL_SURFACE ( 'NONE', #587, 3.898242356748394588, 0.07968749999999949485 ) ;
#73 = CARTESIAN_POINT ( 'NONE',  ( 0.09999999999999925615, -2.251666049839538442, 8.500000000000000000 ) ) ;
#74 = CARTESIAN_POINT ( 'NONE',  ( 0.3855051150325636833, 2.086829594820474920, 8.306210946477824209 ) ) ;
#75 = ORIENTED_EDGE ( 'NONE', *, *, #561, .T. ) ;
#76 = EDGE_CURVE ( 'NONE', #1077, #129, #9, .T. ) ;
#77 = ADVANCED_FACE ( 'NONE', ( #983 ), #276, .F. ) ;
#78 = CARTESIAN_POINT ( 'NONE',  ( 5.009570812762143332E-16, 3.954589928374198315, 3.523339928374197072 ) ) ;
#79 = CARTESIAN_POINT ( 'NONE',  ( 0.000000000000000000, 2.309401076758502924, 6.000000000000000000 ) ) ;
#80 = CARTESIAN_POINT ( 'NONE',  ( 4.842975897723821146E-16, 3.954589928374198315, 3.523339928374197072 ) ) ;
#81 = EDGE_LOOP ( 'NONE', ( #1173, #628, #743, #549, #923 ) ) ;
#82 = CARTESIAN_POINT ( 'NONE',  ( -0.03649189087662135789, 2.278447870346798965, 8.469047943376274645 ) ) ;
#83 =( NAMED_UNIT ( * ) SI_UNIT ( $, .STERADIAN. ) SOLID_ANGLE_UNIT ( ) );
#84 = DIRECTION ( 'NONE',  ( -3.755786496842899550E-16, -1.000000000000000000, 0.000000000000000000 ) ) ;
#85 = CARTESIAN_POINT ( 'NONE',  ( 0.000000000000000000, 2.358139725155972144E-15, 6.000000000000000000 ) ) ;
#86 = DIRECTION ( 'NONE',  ( 0.000000000000000000, -1.000000000000000000, 0.000000000000000000 ) ) ;
#87 = DIRECTION ( 'NONE',  ( -0.000000000000000000, 1.132899967286609269E-32, 1.000000000000000000 ) ) ;
#88 = PLANE ( 'NONE',  #719 ) ;
#89 = VECTOR ( 'NONE', #101, 1000.000000000000000 ) ;
#90 = CARTESIAN_POINT ( 'NONE',  ( -0.09999999999999992228, 2.251666049839540218, 8.500000000000000000 ) ) ;
#91 = DIRECTION ( 'NONE',  ( 0.000000000000000000, 1.000000000000000000, 0.000000000000000000 ) ) ;
#92 = AXIS2_PLACEMENT_3D ( 'NONE', #438, #1156, #939 ) ;
#93 = EDGE_CURVE ( 'NONE', #545, #35, #576, .T. ) ;
#94 = DIRECTION ( 'NONE',  ( -0.000000000000000000, 1.132899967286609269E-32, 1.000000000000000000 ) ) ;
#95 = CARTESIAN_POINT ( 'NONE',  ( 0.000000000000000000, 1.056307058905370433E-15, -8.500000000000000000 ) ) ;
#96 = DIRECTION ( 'NONE',  ( 8.659560562354968603E-17, 0.7071067811865504593, 0.7071067811865445751 ) ) ;
#97 = CARTESIAN_POINT ( 'NONE',  ( 4.808472961108189113E-16, 3.898242356748395476, 3.499999999999999556 ) ) ;
#98 = ORIENTED_EDGE ( 'NONE', *, *, #561, .F. ) ;
#99 = EDGE_CURVE ( 'NONE', #709, #1165, #785, .T. ) ;
#100 = APPROVAL ( #62, 'UNSPECIFIED' ) ;
#101 = DIRECTION ( 'NONE',  ( 0.7071067811865487940, 0.000000000000000000, 0.7071067811865463515 ) ) ;
#102 = CARTESIAN_POINT ( 'NONE',  ( -0.1000000000000239725, 2.251666049839526451, 8.444484457158409896 ) ) ;
#103 = ORIENTED_EDGE ( 'NONE', *, *, #1079, .T. ) ;
#104 = DIRECTION ( 'NONE',  ( 0.000000000000000000, -1.000000000000000000, 1.132899967286609269E-32 ) ) ;
#105 = CARTESIAN_POINT ( 'NONE',  ( -6.505213034913026604E-16, -2.078460969082650767, 6.000000000000000000 ) ) ;
#106 = DIRECTION ( 'NONE',  ( 0.000000000000000000, -1.000000000000000000, 0.000000000000000000 ) ) ;
#107 = CIRCLE ( 'NONE', #821, 0.07968749999999989730 ) ;
#108 = VERTEX_POINT ( 'NONE', #380 ) ;
#109 = FACE_OUTER_BOUND ( 'NONE', #1260, .T. ) ;
#110 = CIRCLE ( 'NONE', #92, 2.000000000000000000 ) ;
#111 = EDGE_CURVE ( 'NONE', #760, #35, #162, .T. ) ;
#112 = APPROVAL_STATUS ( 'not_yet_approved' ) ;
#113 = EDGE_LOOP ( 'NONE', ( #958, #335 ) ) ;
#114 = CARTESIAN_POINT ( 'NONE',  ( 4.773970024492554122E-16, 3.898242356748394588, 8.420312500000001421 ) ) ;
#115 = CONICAL_SURFACE ( 'NONE', #467, 2.309401076758502480, 0.7853981633974500554 ) ;
#116 = FACE_OUTER_BOUND ( 'NONE', #348, .T. ) ;
#117 = ORIENTED_EDGE ( 'NONE', *, *, #396, .F. ) ;
#118 = CYLINDRICAL_SURFACE ( 'NONE', #246, 0.2000000000000000944 ) ;
#119 = CC_DESIGN_PERSON_AND_ORGANIZATION_ASSIGNMENT ( #441, #980, ( #1061 ) ) ;
#120 = APPROVAL_STATUS ( 'not_yet_approved' ) ;
#121 = ORIENTED_EDGE ( 'NONE', *, *, #889, .F. ) ;
#122 = CARTESIAN_POINT ( 'NONE',  ( 0.000000000000000000, -1.980384757729334977, -8.500000000000000000 ) ) ;
#123 = CARTESIAN_POINT ( 'NONE',  ( 0.000000000000000000, 1.056307058905370630E-15, 8.500000000000000000 ) ) ;
#124 = EDGE_CURVE ( 'NONE', #953, #559, #1280, .T. ) ;
#125 = ORIENTED_EDGE ( 'NONE', *, *, #698, .F. ) ;
#126 = FACE_OUTER_BOUND ( 'NONE', #221, .T. ) ;
#127 = ORIENTED_EDGE ( 'NONE', *, *, #1306, .F. ) ;
#128 = APPROVAL_ROLE ( '' ) ;
#129 = VERTEX_POINT ( 'NONE', #53 ) ;
#130 = CARTESIAN_POINT ( 'NONE',  ( -1.899999999999975264, -1.212435565298226603, 8.444484457158409896 ) ) ;
#131 = ORIENTED_EDGE ( 'NONE', *, *, #1098, .F. ) ;
#132 = CARTESIAN_POINT ( 'NONE',  ( -0.1000000000000239725, 2.251666049839526451, 8.444484457158409896 ) ) ;
#133 = ORIENTED_EDGE ( 'NONE', *, *, #790, .T. ) ;
#134 = CIRCLE ( 'NONE', #156, 0.07968749999999989730 ) ;
#135 = PERSON_AND_ORGANIZATION ( #720, #1271 ) ;
#136 = ORIENTED_EDGE ( 'NONE', *, *, #364, .T. ) ;
#137 = EDGE_CURVE ( 'NONE', #794, #559, #988, .T. ) ;
#138 = DIRECTION ( 'NONE',  ( 0.8660254037844385966, -0.5000000000000002220, 0.000000000000000000 ) ) ;
#139 = ORIENTED_EDGE ( 'NONE', *, *, #657, .T. ) ;
#140 = AXIS2_PLACEMENT_3D ( 'NONE', #666, #765, #770 ) ;
#141 = CARTESIAN_POINT ( 'NONE',  ( 0.000000000000000000, 1.056307058905370630E-15, 3.851757643251606300 ) ) ;
#142 = VERTEX_POINT ( 'NONE', #1084 ) ;
#143 = ORIENTED_EDGE ( 'NONE', *, *, #76, .F. ) ;
#144 = DIRECTION ( 'NONE',  ( 1.000000000000000000, -1.224646799147353207E-16, 1.387402318691687155E-48 ) ) ;
#145 = EDGE_CURVE ( 'NONE', #488, #539, #892, .T. ) ;
#146 = EDGE_CURVE ( 'NONE', #1162, #534, #791, .T. ) ;
#147 = VERTEX_POINT ( 'NONE', #1273 ) ;
#148 = FACE_BOUND ( 'NONE', #113, .T. ) ;
#149 = ORIENTED_EDGE ( 'NONE', *, *, #622, .T. ) ;
#150 = CARTESIAN_POINT ( 'NONE',  ( 0.000000000000000000, -3.954589928374194763, 8.476660071625804704 ) ) ;
#151 = CARTESIAN_POINT ( 'NONE',  ( 0.000000000000000000, -6.740754805355325486E-31, 8.500000000000000000 ) ) ;
#152 = ORIENTED_EDGE ( 'NONE', *, *, #1261, .F. ) ;
#153 = LINE ( 'NONE', #260, #200 ) ;
#154 = ORIENTED_EDGE ( 'NONE', *, *, #1171, .F. ) ;
#155 = ADVANCED_FACE ( 'NONE', ( #776 ), #875, .F. ) ;
#156 = AXIS2_PLACEMENT_3D ( 'NONE', #533, #31, #1041 ) ;
#157 = VECTOR ( 'NONE', #505, 1000.000000000000000 ) ;
#158 = APPROVAL_PERSON_ORGANIZATION ( #210, #5, #448 ) ;
#159 = CYLINDRICAL_SURFACE ( 'NONE', #1225, 0.2000000000000000111 ) ;
#160 = CARTESIAN_POINT ( 'NONE',  ( 0.000000000000000000, -4.226660071625803816, 3.795410071625804349 ) ) ;
#161 = CARTESIAN_POINT ( 'NONE',  ( 2.000000000000000000, 1.039230484541342703, 8.444484457158397461 ) ) ;
#162 = CIRCLE ( 'NONE', #804, 2.309401076758502480 ) ;
#163 = VERTEX_POINT ( 'NONE', #602 ) ;
#164 = PERSON_AND_ORGANIZATION_ROLE ( 'creator' ) ;
#165 = EDGE_CURVE ( 'NONE', #881, #747, #1087, .T. ) ;
#166 = FACE_OUTER_BOUND ( 'NONE', #919, .T. ) ;
#167 = CARTESIAN_POINT ( 'NONE',  ( -6.592722328075628197E-16, -2.309401076758501148, 6.000000000000000000 ) ) ;
#168 = PLANE ( 'NONE',  #842 ) ;
#169 = FACE_OUTER_BOUND ( 'NONE', #345, .T. ) ;
#170 = LINE ( 'NONE', #489, #541 ) ;
#171 = CARTESIAN_POINT ( 'NONE',  ( 2.000000000000385914, 1.072313172062414388, 8.459738353980540637 ) ) ;
#172 = EDGE_CURVE ( 'NONE', #35, #760, #1192, .T. ) ;
#173 = CARTESIAN_POINT ( 'NONE',  ( 0.03649189087662054604, -2.278447870346796744, 8.469047943376274645 ) ) ;
#174 = CARTESIAN_POINT ( 'NONE',  ( 4.773970024492555108E-16, 3.898242356748395476, 3.579687499999999467 ) ) ;
#175 = ADVANCED_FACE ( 'NONE', ( #1217 ), #1006, .F. ) ;
#176 = VECTOR ( 'NONE', #410, 1000.000000000000000 ) ;
#177 = CARTESIAN_POINT ( 'NONE',  ( 1.800000000000000044, 1.039230484541326494, 6.000000000000000000 ) ) ;
#178 = CONICAL_SURFACE ( 'NONE', #1104, 4.226660071625804704, 0.7853981633974514986 ) ;
#179 = CIRCLE ( 'NONE', #353, 4.250000000000000888 ) ;
#180 = DIRECTION ( 'NONE',  ( 0.000000000000000000, 0.000000000000000000, 1.000000000000000000 ) ) ;
#181 = FACE_OUTER_BOUND ( 'NONE', #835, .T. ) ;
#182 = ORIENTED_EDGE ( 'NONE', *, *, #316, .F. ) ;
#183 = AXIS2_PLACEMENT_3D ( 'NONE', #962, #45, #1154 ) ;
#184 = DIRECTION ( 'NONE',  ( -0.000000000000000000, 1.132899967286609269E-32, 1.000000000000000000 ) ) ;
#185 = DIRECTION ( 'NONE',  ( 0.000000000000000000, 1.000000000000000000, -1.132899967286609269E-32 ) ) ;
#186 = DIRECTION ( 'NONE',  ( 0.000000000000000000, 1.000000000000000000, 0.000000000000000000 ) ) ;
#187 = CARTESIAN_POINT ( 'NONE',  ( -1.999999999999998668, 1.039230484541327160, 6.000000000000000000 ) ) ;
#188 = CARTESIAN_POINT ( 'NONE',  ( 1.999999999999999112, -0.1816397233248678578, 8.190598923241497076 ) ) ;
#189 = DIRECTION ( 'NONE',  ( 0.000000000000000000, -1.000000000000000000, 0.000000000000000000 ) ) ;
#190 = CARTESIAN_POINT ( 'NONE',  ( -1.999999999999998668, 1.039230484541327160, 8.500000000000000000 ) ) ;
#191 = CARTESIAN_POINT ( 'NONE',  ( 0.09999999999996923850, 2.251666049839557981, 8.444484457158356605 ) ) ;
#192 = CARTESIAN_POINT ( 'NONE',  ( 0.000000000000000000, 1.056307058905370630E-15, 8.204589928374199204 ) ) ;
#193 = ADVANCED_FACE ( 'NONE', ( #1304 ), #597, .F. ) ;
#194 = EDGE_CURVE ( 'NONE', #1148, #49, #815, .T. ) ;
#195 = CARTESIAN_POINT ( 'NONE',  ( 0.000000000000000000, 3.898242356748394144, 8.500000000000000000 ) ) ;
#196 = DIRECTION ( 'NONE',  ( 1.000000000000000000, 0.000000000000000000, 0.000000000000000000 ) ) ;
#197 = AXIS2_PLACEMENT_3D ( 'NONE', #195, #795, #595 ) ;
#198 = CARTESIAN_POINT ( 'NONE',  ( -1.799999999999999600, -1.039230484541324717, 6.000000000000000000 ) ) ;
#199 = FACE_OUTER_BOUND ( 'NONE', #832, .T. ) ;
#200 = VECTOR ( 'NONE', #54, 1000.000000000000000 ) ;
#201 = ORIENTED_EDGE ( 'NONE', *, *, #642, .T. ) ;
#202 = MANIFOLD_SOLID_BREP ( 'Fillet1', #465 ) ;
#203 = ADVANCED_FACE ( 'NONE', ( #305 ), #311, .F. ) ;
#204 = AXIS2_PLACEMENT_3D ( 'NONE', #1175, #466, #995 ) ;
#205 = CARTESIAN_POINT ( 'NONE',  ( 0.000000000000000000, 8.673617379884035472E-16, 8.148242356748394144 ) ) ;
#206 = CARTESIAN_POINT ( 'NONE',  ( -0.09999999999997019606, -2.251666049839556205, 8.444484457158354829 ) ) ;
#207 = CARTESIAN_POINT ( 'NONE',  ( 0.07134955218145895561, 2.268207393600422339, 8.459738353980544190 ) ) ;
#208 = CARTESIAN_POINT ( 'NONE',  ( 0.000000000000000000, 1.056307058905370630E-15, 3.795410071625804349 ) ) ;
#209 = ORIENTED_EDGE ( 'NONE', *, *, #433, .F. ) ;
#210 = PERSON_AND_ORGANIZATION ( #720, #1271 ) ;
#211 = CARTESIAN_POINT ( 'NONE',  ( 0.000000000000000000, -1.980384757729334977, -8.500000000000000000 ) ) ;
#212 = CARTESIAN_POINT ( 'NONE',  ( 0.000000000000000000, 1.056307058905370630E-15, 8.500000000000000000 ) ) ;
#213 = VERTEX_POINT ( 'NONE', #1203 ) ;
#214 = ADVANCED_FACE ( 'NONE', ( #1309 ), #88, .F. ) ;
#215 = EDGE_CURVE ( 'NONE', #747, #881, #524, .T. ) ;
#216 = PERSON_AND_ORGANIZATION ( #720, #1271 ) ;
#217 = ORIENTED_EDGE ( 'NONE', *, *, #522, .T. ) ;
#218 = DIRECTION ( 'NONE',  ( 1.000000000000000000, -1.224646799147353207E-16, 1.387402318691687155E-48 ) ) ;
#219 = DIRECTION ( 'NONE',  ( 0.000000000000000000, -1.000000000000000000, 0.000000000000000000 ) ) ;
#220 = AXIS2_PLACEMENT_3D ( 'NONE', #295, #917, #809 ) ;
#221 = EDGE_LOOP ( 'NONE', ( #845, #1183, #1251, #1245 ) ) ;
#222 = LINE ( 'NONE', #944, #331 ) ;
#223 = VECTOR ( 'NONE', #1091, 1000.000000000000114 ) ;
#224 = COORDINATED_UNIVERSAL_TIME_OFFSET ( 6, 0, .BEHIND. ) ;
#225 = VERTEX_POINT ( 'NONE', #910 ) ;
#226 = PLANE ( 'NONE',  #291 ) ;
#227 = AXIS2_PLACEMENT_3D ( 'NONE', #857, #218, #1252 ) ;
#228 = CARTESIAN_POINT ( 'NONE',  ( 1.899999999999975708, 1.212435565298228157, 8.444484457158409896 ) ) ;
#229 = VERTEX_POINT ( 'NONE', #1319 ) ;
#230 = CARTESIAN_POINT ( 'NONE',  ( 2.000000000000000000, 1.154700538379251684, 6.000000000000000000 ) ) ;
#231 = ORIENTED_EDGE ( 'NONE', *, *, #389, .T. ) ;
#232 = DATE_AND_TIME ( #538, #1166 ) ;
#233 = ORIENTED_EDGE ( 'NONE', *, *, #790, .F. ) ;
#234 = CARTESIAN_POINT ( 'NONE',  ( 1.899999999999999911, 1.212435565298214168, 8.500000000000000000 ) ) ;
#235 = ORIENTED_EDGE ( 'NONE', *, *, #996, .F. ) ;
#236 = CARTESIAN_POINT ( 'NONE',  ( -0.6933998369014240382, 1.909066494267423586, 8.214612937833640771 ) ) ;
#237 = ORIENTED_EDGE ( 'NONE', *, *, #475, .F. ) ;
#238 = ADVANCED_FACE ( 'NONE', ( #409 ), #1110, .F. ) ;
#239 = ORIENTED_EDGE ( 'NONE', *, *, #698, .T. ) ;
#240 = FACE_OUTER_BOUND ( 'NONE', #1145, .T. ) ;
#241 = B_SPLINE_CURVE_WITH_KNOTS ( 'NONE', 3,
 ( #620, #705, #901, #1221, #1011, #1235, #415, #293, #801, #1022 ),
 .UNSPECIFIED., .F., .F.,
 ( 4, 2, 2, 2, 4 ),
 ( 0.0001268304123778833908, 0.0006601496066918053664, 0.001193468801005727721, 0.001726787995319649860, 0.002260107189633572215 ),
 .UNSPECIFIED. ) ;
#242 = ORIENTED_EDGE ( 'NONE', *, *, #435, .T. ) ;
#243 = CARTESIAN_POINT ( 'NONE',  ( 0.000000000000000000, 1.056307058905370630E-15, 8.204589928374199204 ) ) ;
#244 = CIRCLE ( 'NONE', #1125, 0.2000000000000000944 ) ;
#245 = ORIENTED_EDGE ( 'NONE', *, *, #145, .T. ) ;
#246 = AXIS2_PLACEMENT_3D ( 'NONE', #641, #833, #1246 ) ;
#247 = AXIS2_PLACEMENT_3D ( 'NONE', #930, #937, #519 ) ;
#248 = EDGE_CURVE ( 'NONE', #229, #363, #1211, .T. ) ;
#249 = ADVANCED_FACE ( 'NONE', ( #715 ), #115, .F. ) ;
#250 = ORIENTED_EDGE ( 'NONE', *, *, #336, .T. ) ;
#251 = CARTESIAN_POINT ( 'NONE',  ( -1.999999999999999556, -1.039230484541348032, 8.444484457158386803 ) ) ;
#252 = EDGE_LOOP ( 'NONE', ( #63, #1323, #354, #125 ) ) ;
#253 = CARTESIAN_POINT ( 'NONE',  ( 2.743444426250909809E-16, 1.980384757729336753, -8.500000000000000000 ) ) ;
#254 = ORIENTED_EDGE ( 'NONE', *, *, #362, .F. ) ;
#255 = VERTEX_POINT ( 'NONE', #206 ) ;
#256 = FACE_OUTER_BOUND ( 'NONE', #780, .T. ) ;
#257 = DIRECTION ( 'NONE',  ( 0.8660254037844388186, 0.4999999999999997780, 0.000000000000000000 ) ) ;
#258 = EDGE_CURVE ( 'NONE', #953, #612, #288, .T. ) ;
#259 = ORIENTED_EDGE ( 'NONE', *, *, #137, .F. ) ;
#260 = CARTESIAN_POINT ( 'NONE',  ( -1.999999999999998668, 1.154700538379252350, 6.000000000000000000 ) ) ;
#261 = ORIENTED_EDGE ( 'NONE', *, *, #15, .F. ) ;
#262 = B_SPLINE_CURVE_WITH_KNOTS ( 'NONE', 3,
 ( #130, #1167, #334, #1068, #744, #251 ),
 .UNSPECIFIED., .F., .F.,
 ( 4, 2, 4 ),
 ( 3.020237765868930870E-18, 0.0001080138242822596467, 0.0002160276485645162576 ),
 .UNSPECIFIED. ) ;
#263 = CARTESIAN_POINT ( 'NONE',  ( 0.000000000000000000, -4.170312500000000533, 3.851757643251606300 ) ) ;
#264 = CARTESIAN_POINT ( 'NONE',  ( 1.954947791480571517, 1.170826839704681932, 8.469047943376274645 ) ) ;
#265 = CARTESIAN_POINT ( 'NONE',  ( 0.000000000000000000, 8.673617379884035472E-16, 8.420312500000001421 ) ) ;
#266 = ORIENTED_EDGE ( 'NONE', *, *, #324, .F. ) ;
#267 = CIRCLE ( 'NONE', #479, 0.2000000000000000944 ) ;
#268 = CONICAL_SURFACE ( 'NONE', #1248, 1.980384757729335865, 0.7853981633974524978 ) ;
#269 = CC_DESIGN_APPROVAL ( #5, ( #600 ) ) ;
#270 = CARTESIAN_POINT ( 'NONE',  ( -1.999999999999999556, 0.7061319174527767029, 8.304945648187127105 ) ) ;
#271 = CARTESIAN_POINT ( 'NONE',  ( 1.899999999999975708, 1.212435565298228157, 8.444484457158409896 ) ) ;
#272 = CARTESIAN_POINT ( 'NONE',  ( 5.190457312088357615E-16, 4.226660071625805593, 3.795410071625804349 ) ) ;
#273 = CIRCLE ( 'NONE', #741, 0.07968749999999989730 ) ;
#274 = ORIENTED_EDGE ( 'NONE', *, *, #674, .T. ) ;
#275 = CARTESIAN_POINT ( 'NONE',  ( -1.999999999999998668, 1.154700538379252350, 6.000000000000000000 ) ) ;
#276 = PLANE ( 'NONE',  #1130 ) ;
#277 = LINE ( 'NONE', #1294, #27 ) ;
#278 = ORIENTED_EDGE ( 'NONE', *, *, #215, .F. ) ;
#279 = CARTESIAN_POINT ( 'NONE',  ( -1.999999999999998668, 1.039230484541344035, 8.444484457158397461 ) ) ;
#280 = CARTESIAN_POINT ( 'NONE',  ( 2.000000000000000000, 1.154700538379251684, 6.000000000000000000 ) ) ;
#281 = CARTESIAN_POINT ( 'NONE',  ( 0.000000000000000000, -3.898242356748393700, 3.579687499999999467 ) ) ;
#282 = ORIENTED_EDGE ( 'NONE', *, *, #778, .T. ) ;
#283 = VECTOR ( 'NONE', #1291, 1000.000000000000000 ) ;
#284 = ADVANCED_FACE ( 'NONE', ( #39 ), #434, .F. ) ;
#285 = CARTESIAN_POINT ( 'NONE',  ( -0.1000000000000239725, 2.251666049839526451, 8.444484457158409896 ) ) ;
#286 = AXIS2_PLACEMENT_3D ( 'NONE', #767, #1177, #468 ) ;
#287 = TOROIDAL_SURFACE ( 'NONE', #520, 4.170312500000001421, 0.07968749999999924505 ) ;
#288 = LINE ( 'NONE', #735, #873 ) ;
#289 = DIRECTION ( 'NONE',  ( 0.000000000000000000, -1.132899967286609269E-32, -1.000000000000000000 ) ) ;
#290 = TOROIDAL_SURFACE ( 'NONE', #635, 4.170312500000001421, 0.07968749999999989730 ) ;
#291 = AXIS2_PLACEMENT_3D ( 'NONE', #340, #18, #1257 ) ;
#292 = CARTESIAN_POINT ( 'NONE',  ( 1.999999999999998224, -0.8765022320709234815, 8.369453068865338352 ) ) ;
#293 = CARTESIAN_POINT ( 'NONE',  ( -1.610158731416492017, -1.379775499737164068, 8.304289082169166392 ) ) ;
#294 = DIRECTION ( 'NONE',  ( 1.000000000000000000, 0.000000000000000000, 0.000000000000000000 ) ) ;
#295 = CARTESIAN_POINT ( 'NONE',  ( 0.000000000000000000, 2.000000000000000000, 6.000000000000000000 ) ) ;
#296 = PLANE ( 'NONE',  #566 ) ;
#297 = ADVANCED_FACE ( 'NONE', ( #1146 ), #226, .F. ) ;
#298 = FACE_BOUND ( 'NONE', #973, .T. ) ;
#299 = CARTESIAN_POINT ( 'NONE',  ( 0.000000000000000000, 2.000000000000000000, 6.000000000000000000 ) ) ;
#300 = LINE ( 'NONE', #406, #89 ) ;
#301 = CARTESIAN_POINT ( 'NONE',  ( 0.000000000000000000, 2.309401076758502924, 6.000000000000000000 ) ) ;
#302 = ORIENTED_EDGE ( 'NONE', *, *, #642, .F. ) ;
#303 = CARTESIAN_POINT ( 'NONE',  ( 3.061616997868382648E-16, 2.500000000000000444, 3.499999999999999556 ) ) ;
#304 = CONICAL_SURFACE ( 'NONE', #924, 2.000000000000000000, 1.047197551196600074 ) ;
#305 = FACE_OUTER_BOUND ( 'NONE', #1088, .T. ) ;
#306 = DIRECTION ( 'NONE',  ( 0.8660254037844388186, 0.4999999999999997780, 0.000000000000000000 ) ) ;
#307 = DIRECTION ( 'NONE',  ( 0.000000000000000000, -1.000000000000000000, 1.132899967286609269E-32 ) ) ;
#308 = VECTOR ( 'NONE', #604, 1000.000000000000000 ) ;
#309 = ORIENTED_EDGE ( 'NONE', *, *, #829, .F. ) ;
#310 = LOCAL_TIME ( 14, 14, 45.00000000000000000, #1290 ) ;
#311 = CONICAL_SURFACE ( 'NONE', #1065, 2.000000000000000000, 1.047197551196600074 ) ;
#312 = CARTESIAN_POINT ( 'NONE',  ( 0.000000000000000000, 0.000000000000000000, 0.000000000000000000 ) ) ;
#313 = EDGE_CURVE ( 'NONE', #894, #941, #636, .T. ) ;
#314 = CARTESIAN_POINT ( 'NONE',  ( 0.1000000000000000056, 2.251666049839540218, 6.000000000000000000 ) ) ;
#315 = CYLINDRICAL_SURFACE ( 'NONE', #906, 0.2000000000000000944 ) ;
#316 = EDGE_CURVE ( 'NONE', #225, #163, #974, .T. ) ;
#317 = ORIENTED_EDGE ( 'NONE', *, *, #554, .F. ) ;
#318 = DIRECTION ( 'NONE',  ( 0.000000000000000000, 1.000000000000000000, 0.000000000000000000 ) ) ;
#319 = EDGE_LOOP ( 'NONE', ( #235, #1239, #645, #643, #136 ) ) ;
#320 = CARTESIAN_POINT ( 'NONE',  ( 0.000000000000000000, 8.673617379884035472E-16, 8.420312500000001421 ) ) ;
#321 = CARTESIAN_POINT ( 'NONE',  ( 0.000000000000000000, 1.056307058905370630E-15, 8.148242356748394144 ) ) ;
#322 = ORIENTED_EDGE ( 'NONE', *, *, #1205, .T. ) ;
#323 = DIRECTION ( 'NONE',  ( -0.8660254037844387076, 0.4999999999999998890, 0.000000000000000000 ) ) ;
#324 = EDGE_CURVE ( 'NONE', #430, #953, #1231, .T. ) ;
#325 = EDGE_LOOP ( 'NONE', ( #1157, #856, #209, #154, #515, #237 ) ) ;
#326 = LINE ( 'NONE', #234, #11 ) ;
#327 = FACE_OUTER_BOUND ( 'NONE', #734, .T. ) ;
#328 = AXIS2_PLACEMENT_3D ( 'NONE', #684, #1089, #769 ) ;
#329 = ORIENTED_EDGE ( 'NONE', *, *, #1301, .F. ) ;
#330 = DIRECTION ( 'NONE',  ( -0.000000000000000000, 1.132899967286609269E-32, 1.000000000000000000 ) ) ;
#331 = VECTOR ( 'NONE', #24, 1000.000000000000000 ) ;
#332 = PERSON_AND_ORGANIZATION ( #720, #1271 ) ;
#333 = EDGE_LOOP ( 'NONE', ( #152, #143 ) ) ;
#334 = CARTESIAN_POINT ( 'NONE',  ( -1.954947791480569297, -1.170826839704680822, 8.469047943376274645 ) ) ;
#335 = ORIENTED_EDGE ( 'NONE', *, *, #574, .T. ) ;
#336 = EDGE_CURVE ( 'NONE', #142, #511, #262, .T. ) ;
#337 = CARTESIAN_POINT ( 'NONE',  ( -0.8471518139462798080, 1.820297748932139026, 8.190260938740275165 ) ) ;
#338 = ORIENTED_EDGE ( 'NONE', *, *, #948, .T. ) ;
#339 = ORIENTED_EDGE ( 'NONE', *, *, #258, .F. ) ;
#340 = CARTESIAN_POINT ( 'NONE',  ( 0.000000000000000000, 2.309401076758502924, 6.000000000000000000 ) ) ;
#341 = ORIENTED_EDGE ( 'NONE', *, *, #861, .F. ) ;
#342 = DIRECTION ( 'NONE',  ( 1.000000000000000000, -7.511572993685799101E-16, 0.000000000000000000 ) ) ;
#343 = EDGE_CURVE ( 'NONE', #766, #213, #360, .T. ) ;
#344 = CC_DESIGN_PERSON_AND_ORGANIZATION_ASSIGNMENT ( #216, #626, ( #866 ) ) ;
#345 = EDGE_LOOP ( 'NONE', ( #1155, #239, #1255, #773 ) ) ;
#346 = VERTEX_POINT ( 'NONE', #556 ) ;
#347 = CARTESIAN_POINT ( 'NONE',  ( 1.999999999999998224, -1.039230484541349586, 8.444484457158386803 ) ) ;
#348 = EDGE_LOOP ( 'NONE', ( #61, #938, #637, #1043 ) ) ;
#349 = FACE_OUTER_BOUND ( 'NONE', #1124, .T. ) ;
#350 = VECTOR ( 'NONE', #850, 1000.000000000000000 ) ;
#351 = ORIENTED_EDGE ( 'NONE', *, *, #1150, .F. ) ;
#352 = VECTOR ( 'NONE', #869, 1000.000000000000000 ) ;
#353 = AXIS2_PLACEMENT_3D ( 'NONE', #321, #1136, #729 ) ;
#354 = ORIENTED_EDGE ( 'NONE', *, *, #957, .T. ) ;
#355 = FACE_OUTER_BOUND ( 'NONE', #1172, .T. ) ;
#356 = VECTOR ( 'NONE', #180, 1000.000000000000000 ) ;
#357 = EDGE_CURVE ( 'NONE', #229, #787, #1151, .T. ) ;
#358 = CARTESIAN_POINT ( 'NONE',  ( 2.000000000000000000, 1.039230484541342703, 8.444484457158397461 ) ) ;
#359 = ORIENTED_EDGE ( 'NONE', *, *, #1261, .T. ) ;
#360 = CIRCLE ( 'NONE', #402, 0.07968749999999989730 ) ;
#361 = CARTESIAN_POINT ( 'NONE',  ( -1.899999999999999467, -1.212435565298212614, 6.000000000000000000 ) ) ;
#362 = EDGE_CURVE ( 'NONE', #539, #1148, #591, .T. ) ;
#363 = VERTEX_POINT ( 'NONE', #936 ) ;
#364 = EDGE_CURVE ( 'NONE', #1045, #1220, #326, .T. ) ;
#365 = CARTESIAN_POINT ( 'NONE',  ( -1.999999999999999556, 0.3588206183384915482, 8.215590781147993127 ) ) ;
#366 = DIRECTION ( 'NONE',  ( 0.000000000000000000, 1.000000000000000000, -1.132899967286609269E-32 ) ) ;
#367 = ORIENTED_EDGE ( 'NONE', *, *, #172, .T. ) ;
#368 = ADVANCED_FACE ( 'NONE', ( #240 ), #728, .F. ) ;
#369 = ORIENTED_EDGE ( 'NONE', *, *, #897, .T. ) ;
#370 = DIRECTION ( 'NONE',  ( -0.000000000000000000, 1.132899967286609269E-32, 1.000000000000000000 ) ) ;
#371 = CARTESIAN_POINT ( 'NONE',  ( 0.8471518139462793640, -1.820297748932137472, 8.190260938740276941 ) ) ;
#372 = B_SPLINE_CURVE_WITH_KNOTS ( 'NONE', 3,
 ( #52, #1198, #365, #270, #384, #279 ),
 .UNSPECIFIED., .F., .F.,
 ( 4, 2, 4 ),
 ( 0.002562286343442875258, 0.003096814370600553534, 0.003631342397758231810 ),
 .UNSPECIFIED. ) ;
#373 = CARTESIAN_POINT ( 'NONE',  ( 1.900000000000028777, -1.212435565298195739, 8.444484457158354829 ) ) ;
#374 = ORIENTED_EDGE ( 'NONE', *, *, #1243, .T. ) ;
#375 = APPLICATION_CONTEXT ( 'configuration controlled 3d designs of mechanical parts and assemblies' ) ;
#376 = CALENDAR_DATE ( 2026, 8, 1 ) ;
#377 = CIRCLE ( 'NONE', #1270, 0.07968749999999946709 ) ;
#378 = APPROVAL_PERSON_ORGANIZATION ( #332, #1234, #128 ) ;
#379 = DIRECTION ( 'NONE',  ( 0.000000000000000000, -1.132899967286609269E-32, -1.000000000000000000 ) ) ;
#380 = CARTESIAN_POINT ( 'NONE',  ( 5.204748896376252671E-16, 4.250000000000001776, 8.148242356748394144 ) ) ;
#381 = CARTESIAN_POINT ( 'NONE',  ( 5.204748896376251685E-16, 4.250000000000001776, 8.500000000000000000 ) ) ;
#382 = EDGE_CURVE ( 'NONE', #163, #225, #989, .T. ) ;
#383 = ORIENTED_EDGE ( 'NONE', *, *, #819, .F. ) ;
#384 = CARTESIAN_POINT ( 'NONE',  ( -1.999999999999999112, 0.8768097915118131525, 8.369594879592634484 ) ) ;
#385 = CARTESIAN_POINT ( 'NONE',  ( 0.6933998369014233720, -1.909066494267422032, 8.214612937833642548 ) ) ;
#386 = CARTESIAN_POINT ( 'NONE',  ( 1.152848186053719415, 1.643803866205616693, 8.190260938740275165 ) ) ;
#387 = ORIENTED_EDGE ( 'NONE', *, *, #622, .F. ) ;
#388 = EDGE_CURVE ( 'NONE', #1058, #813, #107, .T. ) ;
#389 = EDGE_CURVE ( 'NONE', #108, #346, #134, .T. ) ;
#390 = DIRECTION ( 'NONE',  ( -1.084202172485504434E-15, 1.000000000000000000, 0.000000000000000000 ) ) ;
#391 = DIRECTION ( 'NONE',  ( -1.000000000000000000, 0.000000000000000000, 0.000000000000000000 ) ) ;
#392 = DIRECTION ( 'NONE',  ( -0.8660254037844387076, 0.4999999999999999445, 0.000000000000000000 ) ) ;
#393 = AXIS2_PLACEMENT_3D ( 'NONE', #320, #1111, #903 ) ;
#394 = DIRECTION ( 'NONE',  ( 0.000000000000000000, -1.000000000000000000, 0.000000000000000000 ) ) ;
#395 = AXIS2_PLACEMENT_3D ( 'NONE', #633, #342, #846 ) ;
#396 = EDGE_CURVE ( 'NONE', #747, #163, #950, .T. ) ;
#397 = CC_DESIGN_APPROVAL ( #1234, ( #678 ) ) ;
#398 = DIRECTION ( 'NONE',  ( -0.000000000000000000, 1.132899967286609269E-32, 1.000000000000000000 ) ) ;
#399 = DIRECTION ( 'NONE',  ( -1.000000000000000000, 0.000000000000000000, 0.000000000000000000 ) ) ;
#400 = DIRECTION ( 'NONE',  ( -0.000000000000000000, -0.000000000000000000, 1.000000000000000000 ) ) ;
#401 = VECTOR ( 'NONE', #589, 1000.000000000000000 ) ;
#402 = AXIS2_PLACEMENT_3D ( 'NONE', #114, #144, #836 ) ;
#403 = CARTESIAN_POINT ( 'NONE',  ( 0.000000000000000000, 1.056307058905370630E-15, 3.499999999999999556 ) ) ;
#404 = CARTESIAN_POINT ( 'NONE',  ( 0.000000000000000000, 1.056307058905370630E-15, 3.499999999999999556 ) ) ;
#405 = DIRECTION ( 'NONE',  ( 1.000000000000000000, 0.000000000000000000, 0.000000000000000000 ) ) ;
#406 = CARTESIAN_POINT ( 'NONE',  ( 2.309401076758502480, -6.740754805355325486E-31, 8.500000000000000000 ) ) ;
#407 = CARTESIAN_POINT ( 'NONE',  ( -1.999999999999999112, -0.1816397233248671361, 8.190598923241500628 ) ) ;
#408 = CARTESIAN_POINT ( 'NONE',  ( 0.000000000000000000, 8.673617379884035472E-16, 3.579687499999999467 ) ) ;
#409 = FACE_OUTER_BOUND ( 'NONE', #1080, .T. ) ;
#410 = DIRECTION ( 'NONE',  ( 0.000000000000000000, -0.000000000000000000, 1.000000000000000000 ) ) ;
#411 = CARTESIAN_POINT ( 'NONE',  ( -0.09999999999999989453, 2.251666049839540218, 6.000000000000000000 ) ) ;
#412 = ORIENTED_EDGE ( 'NONE', *, *, #433, .T. ) ;
#413 = EDGE_CURVE ( 'NONE', #975, #709, #750, .T. ) ;
#414 = ADVANCED_FACE ( 'NONE', ( #967 ), #905, .T. ) ;
#415 = CARTESIAN_POINT ( 'NONE',  ( -1.306600163098576406, -1.555035120870329690, 8.214612937833640771 ) ) ;
#416 = AXIS2_PLACEMENT_3D ( 'NONE', #403, #87, #394 ) ;
#417 = VECTOR ( 'NONE', #752, 1000.000000000000000 ) ;
#418 = CARTESIAN_POINT ( 'NONE',  ( -6.592722328075628197E-16, -2.309401076758501148, 6.000000000000000000 ) ) ;
#419 = CARTESIAN_POINT ( 'NONE',  ( 0.000000000000000000, 4.226660071625805593, 8.204589928374199204 ) ) ;
#420 = AXIS2_PLACEMENT_3D ( 'NONE', #205, #94, #713 ) ;
#421 = VERTEX_POINT ( 'NONE', #150 ) ;
#422 = FACE_OUTER_BOUND ( 'NONE', #17, .T. ) ;
#423 = FACE_OUTER_BOUND ( 'NONE', #1169, .T. ) ;
#424 = ORIENTED_EDGE ( 'NONE', *, *, #573, .F. ) ;
#425 = LINE ( 'NONE', #230, #654 ) ;
#426 = PRODUCT_DEFINITION_SHAPE ( 'NONE', 'NONE',  #600 ) ;
#427 = ORIENTED_EDGE ( 'NONE', *, *, #1073, .F. ) ;
#428 = CARTESIAN_POINT ( 'NONE',  ( 1.928650447818917701, -1.195894221538000401, 8.459738353980537084 ) ) ;
#429 = CARTESIAN_POINT ( 'NONE',  ( 0.000000000000000000, 8.673617379884035472E-16, 3.851757643251606300 ) ) ;
#430 = VERTEX_POINT ( 'NONE', #1075 ) ;
#431 = DIRECTION ( 'NONE',  ( 0.000000000000000000, -1.132899967286609269E-32, -1.000000000000000000 ) ) ;
#432 = ORIENTED_EDGE ( 'NONE', *, *, #690, .F. ) ;
#433 = EDGE_CURVE ( 'NONE', #545, #49, #372, .T. ) ;
#434 = CYLINDRICAL_SURFACE ( 'NONE', #763, 0.2000000000000000944 ) ;
#435 = EDGE_CURVE ( 'NONE', #1072, #1045, #267, .T. ) ;
#436 = CIRCLE ( 'NONE', #2, 4.250000000000000888 ) ;
#437 = VERTEX_POINT ( 'NONE', #78 ) ;
#438 = CARTESIAN_POINT ( 'NONE',  ( 0.000000000000000000, 2.358139725155972144E-15, 6.000000000000000000 ) ) ;
#439 = AXIS2_PLACEMENT_3D ( 'NONE', #558, #67, #1195 ) ;
#440 = ORIENTED_EDGE ( 'NONE', *, *, #948, .F. ) ;
#441 = PERSON_AND_ORGANIZATION ( #720, #1271 ) ;
#442 = EDGE_LOOP ( 'NONE', ( #1035, #945, #233, #730 ) ) ;
#443 = DIRECTION ( 'NONE',  ( 0.000000000000000000, 1.000000000000000000, -1.132899967286609269E-32 ) ) ;
#444 = EDGE_CURVE ( 'NONE', #528, #32, #560, .T. ) ;
#445 = EDGE_LOOP ( 'NONE', ( #351, #1160, #1236, #432 ) ) ;
#446 = DIRECTION ( 'NONE',  ( 0.000000000000000000, -1.000000000000000000, 0.000000000000000000 ) ) ;
#447 = EDGE_LOOP ( 'NONE', ( #998, #1032, #367, #675, #1241, #739, #1176, #655, #955, #250 ) ) ;
#448 = APPROVAL_ROLE ( '' ) ;
#449 = ORIENTED_EDGE ( 'NONE', *, *, #343, .F. ) ;
#450 = DIRECTION ( 'NONE',  ( -1.000000000000000000, 0.000000000000000000, 0.000000000000000000 ) ) ;
#451 = EDGE_LOOP ( 'NONE', ( #963, #478, #1067, #309, #127 ) ) ;
#452 = CARTESIAN_POINT ( 'NONE',  ( 1.999999999999998224, -1.154700538379250796, 6.000000000000000000 ) ) ;
#453 = EDGE_LOOP ( 'NONE', ( #1296, #664, #19, #1050 ) ) ;
#454 = EDGE_CURVE ( 'NONE', #421, #1282, #1269, .T. ) ;
#455 = ORIENTED_EDGE ( 'NONE', *, *, #682, .T. ) ;
#456 = EDGE_CURVE ( 'NONE', #32, #147, #1082, .T. ) ;
#457 = CARTESIAN_POINT ( 'NONE',  ( -1.799999999999998712, 1.039230484541327160, 6.000000000000000000 ) ) ;
#458 = VERTEX_POINT ( 'NONE', #70 ) ;
#459 = CARTESIAN_POINT ( 'NONE',  ( -1.999999999999999556, -1.039230484541324939, 6.000000000000000000 ) ) ;
#460 = AXIS2_PLACEMENT_3D ( 'NONE', #1311, #1122, #399 ) ;
#461 = VERTEX_POINT ( 'NONE', #789 ) ;
#462 = AXIS2_PLACEMENT_3D ( 'NONE', #192, #1008, #91 ) ;
#463 = ORIENTED_EDGE ( 'NONE', *, *, #812, .T. ) ;
#464 = DIRECTION ( 'NONE',  ( 0.000000000000000000, 0.000000000000000000, 1.000000000000000000 ) ) ;
#465 = CLOSED_SHELL ( 'NONE', ( #203, #249, #537, #798, #414, #771, #1168, #1233, #1295, #1057, #1021, #175, #693, #368, #155, #485, #593, #762, #1132, #4, #1197, #1264, #36, #1287, #966, #1285, #1056, #1003, #1113, #831, #77, #238, #214, #297, #487, #1047, #731, #621, #193, #788, #1189, #530, #284 ) ) ;
#466 = DIRECTION ( 'NONE',  ( -0.000000000000000000, 1.132899967286609269E-32, 1.000000000000000000 ) ) ;
#467 = AXIS2_PLACEMENT_3D ( 'NONE', #1315, #1128, #701 ) ;
#468 = DIRECTION ( 'NONE',  ( 0.000000000000000000, -1.000000000000000000, 1.132899967286609269E-32 ) ) ;
#469 = ORIENTED_EDGE ( 'NONE', *, *, #362, .T. ) ;
#470 = DIRECTION ( 'NONE',  ( -3.755786496842899550E-16, -1.000000000000000000, 0.000000000000000000 ) ) ;
#471 = CARTESIAN_POINT ( 'NONE',  ( 1.159411470725570048, -1.640014552033553397, 8.190944087187112643 ) ) ;
#472 = CARTESIAN_POINT ( 'NONE',  ( -0.03634816968753945554, -2.278474041998778343, 8.469071817718717199 ) ) ;
#473 = ORIENTED_EDGE ( 'NONE', *, *, #551, .T. ) ;
#474 = DIRECTION ( 'NONE',  ( 0.000000000000000000, -1.000000000000000000, 0.000000000000000000 ) ) ;
#475 = EDGE_CURVE ( 'NONE', #461, #985, #483, .T. ) ;
#476 = CARTESIAN_POINT ( 'NONE',  ( 0.3898412685835073721, -2.084326115400587653, 8.304289082169169944 ) ) ;
#477 = CARTESIAN_POINT ( 'NONE',  ( -0.07134955218145980216, -2.268207393600420119, 8.459738353980540637 ) ) ;
#478 = ORIENTED_EDGE ( 'NONE', *, *, #908, .T. ) ;
#479 = AXIS2_PLACEMENT_3D ( 'NONE', #177, #370, #581 ) ;
#480 = VECTOR ( 'NONE', #918, 1000.000000000000000 ) ;
#481 = AXIS2_PLACEMENT_3D ( 'NONE', #265, #717, #307 ) ;
#482 = CC_DESIGN_SECURITY_CLASSIFICATION ( #1061, ( #678 ) ) ;
#483 = LINE ( 'NONE', #275, #1102 ) ;
#484 = DIRECTION ( 'NONE',  ( 1.000000000000000000, 0.000000000000000000, 0.000000000000000000 ) ) ;
#485 = ADVANCED_FACE ( 'NONE', ( #355 ), #1094, .F. ) ;
#486 = CARTESIAN_POINT ( 'NONE',  ( 1.306600163098575518, 1.555035120870331244, 8.214612937833642548 ) ) ;
#487 = ADVANCED_FACE ( 'NONE', ( #688 ), #874, .F. ) ;
#488 = VERTEX_POINT ( 'NONE', #878 ) ;
#489 = CARTESIAN_POINT ( 'NONE',  ( -2.000000000000000000, 2.603069084985442440E-15, 6.000000000000000000 ) ) ;
#490 = B_SPLINE_CURVE_WITH_KNOTS ( 'NONE', 3,
 ( #959, #41, #1063, #859, #1254, #337, #236, #1053, #20, #132 ),
 .UNSPECIFIED., .F., .F.,
 ( 4, 2, 2, 2, 4 ),
 ( 0.0001268304123778837432, 0.0006601496066918056916, 0.001193468801005727505, 0.001726787995319649209, 0.002260107189633571781 ),
 .UNSPECIFIED. ) ;
#491 = DIRECTION ( 'NONE',  ( -0.8660254037844387076, -0.4999999999999998335, 0.000000000000000000 ) ) ;
#492 = VERTEX_POINT ( 'NONE', #588 ) ;
#493 = DIRECTION ( 'NONE',  ( -0.000000000000000000, 1.132899967286609269E-32, 1.000000000000000000 ) ) ;
#494 = CARTESIAN_POINT ( 'NONE',  ( 2.710505431213761085E-17, 2.078460969082652543, 6.000000000000000000 ) ) ;
#495 = DIRECTION ( 'NONE',  ( -0.000000000000000000, 1.132899967286609269E-32, 1.000000000000000000 ) ) ;
#496 = CARTESIAN_POINT ( 'NONE',  ( 0.000000000000000000, 1.056307058905370630E-15, 8.204589928374199204 ) ) ;
#497 = CC_DESIGN_PERSON_AND_ORGANIZATION_ASSIGNMENT ( #135, #164, ( #678 ) ) ;
#498 = CIRCLE ( 'NONE', #1027, 3.954589928374196539 ) ;
#499 = CARTESIAN_POINT ( 'NONE',  ( -1.999999999999999556, -1.039230484541324717, 6.000000000000000000 ) ) ;
#500 = CIRCLE ( 'NONE', #867, 0.2000000000000000944 ) ;
#501 = DIRECTION ( 'NONE',  ( 0.000000000000000000, -1.000000000000000000, 0.000000000000000000 ) ) ;
#502 = CIRCLE ( 'NONE', #247, 3.954589928374197427 ) ;
#503 = DIRECTION ( 'NONE',  ( 0.000000000000000000, -1.132899967286609269E-32, -1.000000000000000000 ) ) ;
#504 = CARTESIAN_POINT ( 'NONE',  ( 0.000000000000000000, 1.056307058905370630E-15, 3.795410071625804349 ) ) ;
#505 = DIRECTION ( 'NONE',  ( 8.659560562354931626E-17, 0.7071067811865474617, 0.7071067811865475727 ) ) ;
#506 = APPLICATION_CONTEXT ( 'configuration controlled 3d designs of mechanical parts and assemblies' ) ;
#507 = DIRECTION ( 'NONE',  ( 0.000000000000000000, -1.132899967286609269E-32, -1.000000000000000000 ) ) ;
#508 = DIRECTION ( 'NONE',  ( -0.000000000000000000, 1.132899967286609269E-32, 1.000000000000000000 ) ) ;
#509 = LINE ( 'NONE', #10, #673 ) ;
#510 = CARTESIAN_POINT ( 'NONE',  ( 0.000000000000000000, 1.056307058905370630E-15, 3.523339928374197072 ) ) ;
#511 = VERTEX_POINT ( 'NONE', #994 ) ;
#512 = DIRECTION ( 'NONE',  ( 0.000000000000000000, -1.000000000000000000, 0.000000000000000000 ) ) ;
#513 = FACE_OUTER_BOUND ( 'NONE', #1137, .T. ) ;
#514 = DIRECTION ( 'NONE',  ( 0.000000000000000000, -1.000000000000000000, 0.000000000000000000 ) ) ;
#515 = ORIENTED_EDGE ( 'NONE', *, *, #579, .T. ) ;
#516 = AXIS2_PLACEMENT_3D ( 'NONE', #263, #775, #464 ) ;
#517 = CIRCLE ( 'NONE', #1010, 4.226660071625804704 ) ;
#518 = CARTESIAN_POINT ( 'NONE',  ( 2.000000000000000000, 1.039230484541342703, 8.444484457158397461 ) ) ;
#519 = DIRECTION ( 'NONE',  ( 0.000000000000000000, -1.000000000000000000, 0.000000000000000000 ) ) ;
#520 = AXIS2_PLACEMENT_3D ( 'NONE', #429, #837, #104 ) ;
#521 = ORIENTED_EDGE ( 'NONE', *, *, #316, .T. ) ;
#522 = EDGE_CURVE ( 'NONE', #492, #461, #170, .T. ) ;
#523 = PLANE ( 'NONE',  #395 ) ;
#524 = CIRCLE ( 'NONE', #1277, 1.980384757729335865 ) ;
#525 = PERSON_AND_ORGANIZATION ( #720, #1271 ) ;
#526 = ORIENTED_EDGE ( 'NONE', *, *, #1020, .T. ) ;
#527 = CARTESIAN_POINT ( 'NONE',  ( 0.000000000000000000, 1.056307058905370433E-15, -7.980384757729341416 ) ) ;
#528 = VERTEX_POINT ( 'NONE', #1081 ) ;
#529 = CARTESIAN_POINT ( 'NONE',  ( 2.710505431213761085E-17, 2.078460969082652543, 6.000000000000000000 ) ) ;
#530 = ADVANCED_FACE ( 'NONE', ( #166 ), #159, .F. ) ;
#531 = APPROVAL_DATE_TIME ( #1250, #5 ) ;
#532 = ORIENTED_EDGE ( 'NONE', *, *, #64, .T. ) ;
#533 = CARTESIAN_POINT ( 'NONE',  ( 5.107159854569198494E-16, 4.170312500000002309, 8.148242356748394144 ) ) ;
#534 = VERTEX_POINT ( 'NONE', #665 ) ;
#535 = CARTESIAN_POINT ( 'NONE',  ( 5.176165727800464532E-16, -4.226660071625803816, 8.204589928374199204 ) ) ;
#536 = ORIENTED_EDGE ( 'NONE', *, *, #811, .F. ) ;
#537 = ADVANCED_FACE ( 'NONE', ( #256 ), #865, .T. ) ;
#538 = CALENDAR_DATE ( 2026, 8, 1 ) ;
#539 = VERTEX_POINT ( 'NONE', #1184 ) ;
#540 = CARTESIAN_POINT ( 'NONE',  ( 0.000000000000000000, -4.170312500000000533, 8.148242356748394144 ) ) ;
#541 = VECTOR ( 'NONE', #895, 1000.000000000000114 ) ;
#542 = EDGE_LOOP ( 'NONE', ( #254, #3, #1178, #1258 ) ) ;
#543 = DIRECTION ( 'NONE',  ( -0.000000000000000000, 1.132899967286609269E-32, 1.000000000000000000 ) ) ;
#544 = AXIS2_PLACEMENT_3D ( 'NONE', #898, #1305, #1002 ) ;
#545 = VERTEX_POINT ( 'NONE', #575 ) ;
#546 = DATE_TIME_ROLE ( 'classification_date' ) ;
#547 = ORIENTED_EDGE ( 'NONE', *, *, #852, .F. ) ;
#548 = DIRECTION ( 'NONE',  ( 0.000000000000000000, 0.000000000000000000, -1.000000000000000000 ) ) ;
#549 = ORIENTED_EDGE ( 'NONE', *, *, #64, .F. ) ;
#550 = DIRECTION ( 'NONE',  ( -0.000000000000000000, 1.132899967286609269E-32, 1.000000000000000000 ) ) ;
#551 = EDGE_CURVE ( 'NONE', #23, #430, #981, .T. ) ;
#552 = EDGE_LOOP ( 'NONE', ( #278, #1300 ) ) ;
#553 = B_SPLINE_CURVE_WITH_KNOTS ( 'NONE', 3,
 ( #1200, #1085, #173, #472, #477, #978 ),
 .UNSPECIFIED., .F., .F.,
 ( 4, 2, 4 ),
 ( 3.245370453949394397E-18, 0.0001080138242822584947, 0.0002160276485645137639 ),
 .UNSPECIFIED. ) ;
#554 = EDGE_CURVE ( 'NONE', #421, #766, #498, .T. ) ;
#555 = ORIENTED_EDGE ( 'NONE', *, *, #551, .F. ) ;
#556 = CARTESIAN_POINT ( 'NONE',  ( 0.000000000000000000, 4.226660071625805593, 8.204589928374199204 ) ) ;
#557 = ORIENTED_EDGE ( 'NONE', *, *, #1073, .T. ) ;
#558 = CARTESIAN_POINT ( 'NONE',  ( 0.000000000000000000, 1.056307058905370630E-15, 8.500000000000001776 ) ) ;
#559 = VERTEX_POINT ( 'NONE', #695 ) ;
#560 = LINE ( 'NONE', #1284, #886 ) ;
#561 = EDGE_CURVE ( 'NONE', #612, #23, #840, .T. ) ;
#562 = FACE_OUTER_BOUND ( 'NONE', #445, .T. ) ;
#563 = CARTESIAN_POINT ( 'NONE',  ( 0.1000000000000000472, 2.251666049839540218, 6.000000000000000000 ) ) ;
#564 = CIRCLE ( 'NONE', #1310, 4.250000000000000888 ) ;
#565 = EDGE_LOOP ( 'NONE', ( #632, #1268, #1158, #943 ) ) ;
#566 = AXIS2_PLACEMENT_3D ( 'NONE', #1123, #1206, #392 ) ;
#567 = DIRECTION ( 'NONE',  ( -0.000000000000000000, 1.132899967286609269E-32, 1.000000000000000000 ) ) ;
#568 = LINE ( 'NONE', #280, #1107 ) ;
#569 = AXIS2_PLACEMENT_3D ( 'NONE', #457, #864, #1272 ) ;
#570 = LINE ( 'NONE', #668, #223 ) ;
#571 = CARTESIAN_POINT ( 'NONE',  ( 0.000000000000000000, 8.673617379884035472E-16, 8.148242356748394144 ) ) ;
#572 = APPROVAL_DATE_TIME ( #1066, #1234 ) ;
#573 = EDGE_CURVE ( 'NONE', #225, #1274, #1004, .T. ) ;
#574 = EDGE_CURVE ( 'NONE', #1274, #458, #946, .T. ) ;
#575 = CARTESIAN_POINT ( 'NONE',  ( -1.999999999999999112, 2.449293595523087504E-16, 8.190598923241498852 ) ) ;
#576 = LINE ( 'NONE', #1180, #761 ) ;
#577 = DIRECTION ( 'NONE',  ( -0.000000000000000000, 1.132899967286609269E-32, 1.000000000000000000 ) ) ;
#578 = DIRECTION ( 'NONE',  ( -0.000000000000000000, 1.132899967286609269E-32, 1.000000000000000000 ) ) ;
#579 = EDGE_CURVE ( 'NONE', #511, #985, #807, .T. ) ;
#580 = EDGE_CURVE ( 'NONE', #651, #430, #982, .T. ) ;
#581 = DIRECTION ( 'NONE',  ( 2.168404344971007685E-15, 1.000000000000000000, 0.000000000000000000 ) ) ;
#582 = CARTESIAN_POINT ( 'NONE',  ( 1.614494884967434762, -1.377272020317279244, 8.306210946477822432 ) ) ;
#583 = CARTESIAN_POINT ( 'NONE',  ( 2.000000000000000000, 0.8768097915118115981, 8.369594879592636261 ) ) ;
#584 = DIRECTION ( 'NONE',  ( 1.000000000000000000, -1.224646799147353207E-16, 1.387402318691687155E-48 ) ) ;
#585 = CIRCLE ( 'NONE', #69, 0.1999999999999999833 ) ;
#586 = AXIS2_PLACEMENT_3D ( 'NONE', #243, #34, #1044 ) ;
#587 = AXIS2_PLACEMENT_3D ( 'NONE', #408, #607, #828 ) ;
#588 = CARTESIAN_POINT ( 'NONE',  ( 0.000000000000000000, 2.358139725155972144E-15, 4.845299461620754755 ) ) ;
#589 = DIRECTION ( 'NONE',  ( -0.000000000000000000, 0.000000000000000000, -1.000000000000000000 ) ) ;
#590 = CARTESIAN_POINT ( 'NONE',  ( 0.000000000000000000, 1.056307058905370433E-15, -8.500000000000000000 ) ) ;
#591 = CIRCLE ( 'NONE', #569, 0.2000000000000000944 ) ;
#592 = EDGE_LOOP ( 'NONE', ( #547, #245, #863, #30, #139 ) ) ;
#593 = ADVANCED_FACE ( 'NONE', ( #298, #1108 ), #704, .F. ) ;
#594 = EDGE_CURVE ( 'NONE', #941, #147, #564, .T. ) ;
#595 = DIRECTION ( 'NONE',  ( 0.000000000000000000, 1.000000000000000000, -1.132899967286609269E-32 ) ) ;
#596 = B_SPLINE_CURVE_WITH_KNOTS ( 'NONE', 3,
 ( #271, #1194, #264, #680, #171, #358 ),
 .UNSPECIFIED., .F., .F.,
 ( 4, 2, 4 ),
 ( 3.421684341693427244E-18, 0.0001080138242822607309, 0.0002160276485645180465 ),
 .UNSPECIFIED. ) ;
#597 = CYLINDRICAL_SURFACE ( 'NONE', #1297, 0.2000000000000000111 ) ;
#598 = CARTESIAN_POINT ( 'NONE',  ( 0.000000000000000000, -2.499999999999998668, 8.500000000000000000 ) ) ;
#599 = CARTESIAN_POINT ( 'NONE',  ( -2.000000000000000000, -0.8765022320709215942, 8.369453068865340128 ) ) ;
#600 = PRODUCT_DEFINITION ( 'UNKNOWN', '', #678, #43 ) ;
#601 = DIRECTION ( 'NONE',  ( 0.000000000000000000, -1.000000000000000000, 0.000000000000000000 ) ) ;
#602 = CARTESIAN_POINT ( 'NONE',  ( 0.000000000000000000, -2.499999999999998668, -7.980384757729341416 ) ) ;
#603 = DIRECTION ( 'NONE',  ( 0.000000000000000000, -1.000000000000000000, 0.000000000000000000 ) ) ;
#604 = DIRECTION ( 'NONE',  ( -0.8660254037844387076, -0.4999999999999998335, 0.000000000000000000 ) ) ;
#605 = VECTOR ( 'NONE', #1307, 1000.000000000000000 ) ;
#606 = CIRCLE ( 'NONE', #1186, 3.954589928374197427 ) ;
#607 = DIRECTION ( 'NONE',  ( -0.000000000000000000, 1.132899967286609269E-32, 1.000000000000000000 ) ) ;
#608 = LOCAL_TIME ( 14, 14, 45.00000000000000000, #1030 ) ;
#609 = DIRECTION ( 'NONE',  ( 0.000000000000000000, -1.000000000000000000, 0.000000000000000000 ) ) ;
#610 = LINE ( 'NONE', #598, #1204 ) ;
#611 = FACE_OUTER_BOUND ( 'NONE', #442, .T. ) ;
#612 = VERTEX_POINT ( 'NONE', #1202 ) ;
#613 = AXIS2_PLACEMENT_3D ( 'NONE', #808, #696, #405 ) ;
#614 = EDGE_CURVE ( 'NONE', #1092, #854, #1046, .T. ) ;
#615 = CARTESIAN_POINT ( 'NONE',  ( 0.000000000000000000, 2.358139725155972144E-15, 6.000000000000000000 ) ) ;
#616 = CARTESIAN_POINT ( 'NONE',  ( 0.000000000000000000, 2.358139725155972144E-15, 6.000000000000000000 ) ) ;
#617 = FACE_OUTER_BOUND ( 'NONE', #542, .T. ) ;
#618 = DIRECTION ( 'NONE',  ( 0.000000000000000000, -1.000000000000000000, 0.000000000000000000 ) ) ;
#619 = ORIENTED_EDGE ( 'NONE', *, *, #413, .F. ) ;
#620 = CARTESIAN_POINT ( 'NONE',  ( -0.09999999999997019606, -2.251666049839556205, 8.444484457158354829 ) ) ;
#621 = ADVANCED_FACE ( 'NONE', ( #617 ), #803, .F. ) ;
#622 = EDGE_CURVE ( 'NONE', #1165, #794, #244, .T. ) ;
#623 = LINE ( 'NONE', #1013, #50 ) ;
#624 = CARTESIAN_POINT ( 'NONE',  ( -1.999999999999999112, 2.449293595523087504E-16, 8.190598923241498852 ) ) ;
#625 = ORIENTED_EDGE ( 'NONE', *, *, #1303, .T. ) ;
#626 = PERSON_AND_ORGANIZATION_ROLE ( 'design_owner' ) ;
#627 = AXIS2_PLACEMENT_3D ( 'NONE', #65, #379, #58 ) ;
#628 = ORIENTED_EDGE ( 'NONE', *, *, #258, .T. ) ;
#629 = TOROIDAL_SURFACE ( 'NONE', #544, 4.170312500000001421, 0.07968749999999924505 ) ;
#630 = DIRECTION ( 'NONE',  ( 0.000000000000000000, 0.000000000000000000, 1.000000000000000000 ) ) ;
#631 = CARTESIAN_POINT ( 'NONE',  ( 1.799999999999998268, -1.039230484541325605, 6.000000000000000000 ) ) ;
#632 = ORIENTED_EDGE ( 'NONE', *, *, #860, .F. ) ;
#633 = CARTESIAN_POINT ( 'NONE',  ( 1.999999999999998224, -1.154700538379250796, 6.000000000000000000 ) ) ;
#634 = EDGE_CURVE ( 'NONE', #985, #975, #585, .T. ) ;
#635 = AXIS2_PLACEMENT_3D ( 'NONE', #571, #578, #687 ) ;
#636 = CIRCLE ( 'NONE', #227, 0.07968749999999902300 ) ;
#637 = ORIENTED_EDGE ( 'NONE', *, *, #456, .T. ) ;
#638 = DIRECTION ( 'NONE',  ( -0.000000000000000000, 1.132899967286609269E-32, 1.000000000000000000 ) ) ;
#639 = CYLINDRICAL_SURFACE ( 'NONE', #888, 4.250000000000000888 ) ;
#640 = EDGE_LOOP ( 'NONE', ( #261, #847, #935, #131 ) ) ;
#641 = CARTESIAN_POINT ( 'NONE',  ( 1.800000000000000044, 1.039230484541326494, 6.000000000000000000 ) ) ;
#642 = EDGE_CURVE ( 'NONE', #255, #1165, #509, .T. ) ;
#643 = ORIENTED_EDGE ( 'NONE', *, *, #57, .F. ) ;
#644 = SHAPE_DEFINITION_REPRESENTATION ( #426, #736 ) ;
#645 = ORIENTED_EDGE ( 'NONE', *, *, #812, .F. ) ;
#646 = DIRECTION ( 'NONE',  ( -0.000000000000000000, 0.000000000000000000, 1.000000000000000000 ) ) ;
#647 = ORIENTED_EDGE ( 'NONE', *, *, #957, .F. ) ;
#648 = CARTESIAN_POINT ( 'NONE',  ( 0.9999999999999995559, -1.732050807568875417, 6.000000000000000000 ) ) ;
#649 = ORIENTED_EDGE ( 'NONE', *, *, #872, .F. ) ;
#650 = DATE_TIME_ROLE ( 'creation_date' ) ;
#651 = VERTEX_POINT ( 'NONE', #1023 ) ;
#652 = CARTESIAN_POINT ( 'NONE',  ( -1.999999999999999556, -1.154700538379249908, 6.000000000000000000 ) ) ;
#653 = AXIS2_PLACEMENT_3D ( 'NONE', #504, #1017, #603 ) ;
#654 = VECTOR ( 'NONE', #323, 1000.000000000000000 ) ;
#655 = ORIENTED_EDGE ( 'NONE', *, *, #927, .T. ) ;
#656 = CARTESIAN_POINT ( 'NONE',  ( 0.000000000000000000, 1.056307058905370630E-15, 8.500000000000000000 ) ) ;
#657 = EDGE_CURVE ( 'NONE', #1162, #1092, #702, .T. ) ;
#658 = AXIS2_PLACEMENT_3D ( 'NONE', #920, #1127, #189 ) ;
#659 = ORIENTED_EDGE ( 'NONE', *, *, #93, .F. ) ;
#660 = ORIENTED_EDGE ( 'NONE', *, *, #336, .F. ) ;
#661 = CARTESIAN_POINT ( 'NONE',  ( 1.955042317390573103, -1.170715459329877195, 8.469071817718713646 ) ) ;
#662 = ORIENTED_EDGE ( 'NONE', *, *, #1306, .T. ) ;
#663 = FACE_OUTER_BOUND ( 'NONE', #552, .T. ) ;
#664 = ORIENTED_EDGE ( 'NONE', *, *, #710, .F. ) ;
#665 = CARTESIAN_POINT ( 'NONE',  ( -0.9999999999999995559, 1.732050807568880080, 6.000000000000000000 ) ) ;
#666 = CARTESIAN_POINT ( 'NONE',  ( 0.000000000000000000, 1.056307058905370630E-15, 3.499999999999999556 ) ) ;
#667 = ORIENTED_EDGE ( 'NONE', *, *, #146, .T. ) ;
#668 = CARTESIAN_POINT ( 'NONE',  ( 2.000000000000000000, 2.358139725155972144E-15, 6.000000000000000000 ) ) ;
#669 = ORIENTED_EDGE ( 'NONE', *, *, #215, .T. ) ;
#670 = DIRECTION ( 'NONE',  ( 0.000000000000000000, -1.132899967286609269E-32, -1.000000000000000000 ) ) ;
#671 = DIRECTION ( 'NONE',  ( -0.7071067811865487940, 8.659560562354948882E-17, 0.7071067811865463515 ) ) ;
#672 = CARTESIAN_POINT ( 'NONE',  ( -1.955042317390574436, 1.170715459329878305, 8.469071817718715423 ) ) ;
#673 = VECTOR ( 'NONE', #1001, 1000.000000000000000 ) ;
#674 = EDGE_CURVE ( 'NONE', #163, #458, #610, .T. ) ;
#675 = ORIENTED_EDGE ( 'NONE', *, *, #682, .F. ) ;
#676 = CIRCLE ( 'NONE', #439, 3.898242356748393256 ) ;
#677 = EDGE_CURVE ( 'NONE', #881, #225, #623, .T. ) ;
#678 = PRODUCT_DEFINITION_FORMATION_WITH_SPECIFIED_SOURCE ( 'ANY', '', #866, .NOT_KNOWN. ) ;
#679 = DIRECTION ( 'NONE',  ( 0.000000000000000000, 1.000000000000000000, -1.132899967286609269E-32 ) ) ;
#680 = CARTESIAN_POINT ( 'NONE',  ( 1.991390487078126492, 1.107758582668911806, 8.469071817718715423 ) ) ;
#681 = CARTESIAN_POINT ( 'NONE',  ( 1.999999999999999112, -2.761013168273541319E-25, 8.190598923241498852 ) ) ;
#682 = EDGE_CURVE ( 'NONE', #651, #760, #300, .T. ) ;
#683 = B_SPLINE_CURVE_WITH_KNOTS ( 'NONE', 3,
 ( #786, #990, #74, #971, #1275, #386, #486, #893, #1299, #1078 ),
 .UNSPECIFIED., .F., .F.,
 ( 4, 2, 2, 2, 4 ),
 ( 0.0001268304123778832282, 0.0006601496066918055832, 0.001193468801005727938, 0.001726787995319650293, 0.002260107189633572648 ),
 .UNSPECIFIED. ) ;
#684 = CARTESIAN_POINT ( 'NONE',  ( 0.000000000000000000, 8.673617379884035472E-16, 3.579687499999999467 ) ) ;
#685 = CARTESIAN_POINT ( 'NONE',  ( 0.2424084962205906857, -2.169446466211690794, 8.368664193487919789 ) ) ;
#686 = LINE ( 'NONE', #381, #352 ) ;
#687 = DIRECTION ( 'NONE',  ( 0.000000000000000000, -1.000000000000000000, 1.132899967286609269E-32 ) ) ;
#688 = FACE_OUTER_BOUND ( 'NONE', #1289, .T. ) ;
#689 = CARTESIAN_POINT ( 'NONE',  ( -6.592722328075628197E-16, -2.309401076758501148, 6.000000000000000000 ) ) ;
#690 = EDGE_CURVE ( 'NONE', #894, #32, #1009, .T. ) ;
#691 = DIRECTION ( 'NONE',  ( -1.000000000000000000, -0.000000000000000000, 0.000000000000000000 ) ) ;
#692 = ORIENTED_EDGE ( 'NONE', *, *, #861, .T. ) ;
#693 = ADVANCED_FACE ( 'NONE', ( #513 ), #816, .F. ) ;
#694 = LOCAL_TIME ( 14, 14, 45.00000000000000000, #1152 ) ;
#695 = CARTESIAN_POINT ( 'NONE',  ( 0.1000000000000234035, -2.251666049839524675, 8.444484457158408119 ) ) ;
#696 = DIRECTION ( 'NONE',  ( 0.000000000000000000, 0.000000000000000000, 1.000000000000000000 ) ) ;
#697 = CARTESIAN_POINT ( 'NONE',  ( 2.000000000000000000, 1.039230484541326271, 6.000000000000000000 ) ) ;
#698 = EDGE_CURVE ( 'NONE', #108, #1058, #436, .T. ) ;
#699 = DIRECTION ( 'NONE',  ( -0.000000000000000000, 1.132899967286609269E-32, 1.000000000000000000 ) ) ;
#700 = DIRECTION ( 'NONE',  ( 1.000000000000000000, 0.000000000000000000, 0.000000000000000000 ) ) ;
#701 = DIRECTION ( 'NONE',  ( 1.000000000000000000, 0.000000000000000000, 0.000000000000000000 ) ) ;
#702 = LINE ( 'NONE', #90, #176 ) ;
#703 = CARTESIAN_POINT ( 'NONE',  ( 0.000000000000000000, -6.740754805355325486E-31, 8.500000000000000000 ) ) ;
#704 = PLANE ( 'NONE',  #197 ) ;
#705 = CARTESIAN_POINT ( 'NONE',  ( -0.2411794382185356578, -2.170156063180026518, 8.369318561058980421 ) ) ;
#706 = DIRECTION ( 'NONE',  ( 0.000000000000000000, 0.000000000000000000, -1.000000000000000000 ) ) ;
#707 = CARTESIAN_POINT ( 'NONE',  ( 0.03634816968753850491, 2.278474041998780120, 8.469071817718715423 ) ) ;
#708 = LINE ( 'NONE', #419, #1143 ) ;
#709 = VERTEX_POINT ( 'NONE', #1320 ) ;
#710 = EDGE_CURVE ( 'NONE', #749, #1072, #1117, .T. ) ;
#711 = VECTOR ( 'NONE', #1218, 1000.000000000000000 ) ;
#712 = AXIS2_PLACEMENT_3D ( 'NONE', #141, #330, #446 ) ;
#713 = DIRECTION ( 'NONE',  ( 0.000000000000000000, -1.000000000000000000, 1.132899967286609269E-32 ) ) ;
#714 = TOROIDAL_SURFACE ( 'NONE', #420, 4.170312500000001421, 0.07968749999999989730 ) ;
#715 = FACE_OUTER_BOUND ( 'NONE', #447, .T. ) ;
#716 = FACE_OUTER_BOUND ( 'NONE', #451, .T. ) ;
#717 = DIRECTION ( 'NONE',  ( -0.000000000000000000, 1.132899967286609269E-32, 1.000000000000000000 ) ) ;
#718 = ORIENTED_EDGE ( 'NONE', *, *, #573, .T. ) ;
#719 = AXIS2_PLACEMENT_3D ( 'NONE', #902, #1000, #84 ) ;
#720 = PERSON ( 'UNSPECIFIED', 'UNSPECIFIED', 'UNSPECIFIED', ('UNSPECIFIED'), ('UNSPECIFIED'), ('UNSPECIFIED') ) ;
#721 = EDGE_CURVE ( 'NONE', #787, #612, #1223, .T. ) ;
#722 = CYLINDRICAL_SURFACE ( 'NONE', #1144, 2.499999999999999556 ) ;
#723 = DIRECTION ( 'NONE',  ( -0.000000000000000000, 1.132899967286609269E-32, 1.000000000000000000 ) ) ;
#724 = DIRECTION ( 'NONE',  ( 0.000000000000000000, 0.000000000000000000, -1.000000000000000000 ) ) ;
#725 = ORIENTED_EDGE ( 'NONE', *, *, #57, .T. ) ;
#726 = APPLICATION_PROTOCOL_DEFINITION ( 'international standard', 'config_control_design', 1994, #375 ) ;
#727 = ORIENTED_EDGE ( 'NONE', *, *, #382, .T. ) ;
#728 = PLANE ( 'NONE',  #1109 ) ;
#729 = DIRECTION ( 'NONE',  ( 0.000000000000000000, -1.000000000000000000, 0.000000000000000000 ) ) ;
#730 = ORIENTED_EDGE ( 'NONE', *, *, #456, .F. ) ;
#731 = ADVANCED_FACE ( 'NONE', ( #716 ), #304, .F. ) ;
#732 = CARTESIAN_POINT ( 'NONE',  ( 0.09999999999996923850, 2.251666049839557981, 8.444484457158356605 ) ) ;
#733 = CALENDAR_DATE ( 2026, 8, 1 ) ;
#734 = EDGE_LOOP ( 'NONE', ( #98, #339, #266, #555 ) ) ;
#735 = CARTESIAN_POINT ( 'NONE',  ( 1.899999999999998357, -1.212435565298213502, 6.000000000000000000 ) ) ;
#736 = ADVANCED_BREP_SHAPE_REPRESENTATION ( '92290A228_NO THREADS_Super-Corrosion-Resistant 316 Stainless Steel Socket Head Screw', ( #202, #844 ), #928 ) ;
#737 = DIRECTION ( 'NONE',  ( -0.000000000000000000, 1.132899967286609269E-32, 1.000000000000000000 ) ) ;
#738 = EDGE_CURVE ( 'NONE', #854, #931, #1229, .T. ) ;
#739 = ORIENTED_EDGE ( 'NONE', *, *, #324, .T. ) ;
#740 = CARTESIAN_POINT ( 'NONE',  ( 0.000000000000000000, 2.358139725155972144E-15, 6.000000000000000000 ) ) ;
#741 = AXIS2_PLACEMENT_3D ( 'NONE', #174, #584, #899 ) ;
#742 = DATE_AND_TIME ( #29, #28 ) ;
#743 = ORIENTED_EDGE ( 'NONE', *, *, #721, .F. ) ;
#744 = CARTESIAN_POINT ( 'NONE',  ( -2.000000000000385025, -1.072313172062412612, 8.459738353980538861 ) ) ;
#745 = ORIENTED_EDGE ( 'NONE', *, *, #634, .F. ) ;
#746 = DIRECTION ( 'NONE',  ( 0.000000000000000000, -1.000000000000000000, 0.000000000000000000 ) ) ;
#747 = VERTEX_POINT ( 'NONE', #211 ) ;
#748 = APPROVAL_ROLE ( '' ) ;
#749 = VERTEX_POINT ( 'NONE', #518 ) ;
#750 = LINE ( 'NONE', #652, #1247 ) ;
#751 = EDGE_LOOP ( 'NONE', ( #42, #754 ) ) ;
#752 = DIRECTION ( 'NONE',  ( 7.511572993685799101E-16, 1.000000000000000000, 0.000000000000000000 ) ) ;
#753 = ORIENTED_EDGE ( 'NONE', *, *, #454, .T. ) ;
#754 = ORIENTED_EDGE ( 'NONE', *, *, #889, .T. ) ;
#755 = CARTESIAN_POINT ( 'NONE',  ( 1.900000000000028777, -1.212435565298195739, 8.444484457158354829 ) ) ;
#756 = AXIS2_PLACEMENT_3D ( 'NONE', #1278, #567, #474 ) ;
#757 = AXIS2_PLACEMENT_3D ( 'NONE', #703, #400, #805 ) ;
#758 = ORIENTED_EDGE ( 'NONE', *, *, #872, .T. ) ;
#759 = DIRECTION ( 'NONE',  ( 0.000000000000000000, -1.000000000000000000, 0.000000000000000000 ) ) ;
#760 = VERTEX_POINT ( 'NONE', #929 ) ;
#761 = VECTOR ( 'NONE', #671, 1000.000000000000000 ) ;
#762 = ADVANCED_FACE ( 'NONE', ( #422 ), #968, .T. ) ;
#763 = AXIS2_PLACEMENT_3D ( 'NONE', #843, #548, #450 ) ;
#764 = DIRECTION ( 'NONE',  ( 0.000000000000000000, 0.000000000000000000, -1.000000000000000000 ) ) ;
#765 = DIRECTION ( 'NONE',  ( -0.000000000000000000, 1.132899967286609269E-32, 1.000000000000000000 ) ) ;
#766 = VERTEX_POINT ( 'NONE', #1237 ) ;
#767 = CARTESIAN_POINT ( 'NONE',  ( 0.000000000000000000, 1.056307058905370433E-15, -8.500000000000000000 ) ) ;
#768 = ORIENTED_EDGE ( 'NONE', *, *, #1205, .F. ) ;
#769 = DIRECTION ( 'NONE',  ( 0.000000000000000000, -1.000000000000000000, 1.132899967286609269E-32 ) ) ;
#770 = DIRECTION ( 'NONE',  ( 0.000000000000000000, -1.000000000000000000, 0.000000000000000000 ) ) ;
#771 = ADVANCED_FACE ( 'NONE', ( #126 ), #1227, .T. ) ;
#772 = CARTESIAN_POINT ( 'NONE',  ( 5.204748896376251685E-16, 4.250000000000001776, 3.851757643251606300 ) ) ;
#773 = ORIENTED_EDGE ( 'NONE', *, *, #1079, .F. ) ;
#774 = ORIENTED_EDGE ( 'NONE', *, *, #111, .F. ) ;
#775 = DIRECTION ( 'NONE',  ( -1.000000000000000000, -0.000000000000000000, 0.000000000000000000 ) ) ;
#776 = FACE_OUTER_BOUND ( 'NONE', #887, .T. ) ;
#777 = FACE_OUTER_BOUND ( 'NONE', #333, .T. ) ;
#778 = EDGE_CURVE ( 'NONE', #813, #346, #1126, .T. ) ;
#779 = AXIS2_PLACEMENT_3D ( 'NONE', #1100, #670, #679 ) ;
#780 = EDGE_LOOP ( 'NONE', ( #669, #1069, #1097, #117 ) ) ;
#781 = AXIS2_PLACEMENT_3D ( 'NONE', #656, #550, #746 ) ;
#782 = CC_DESIGN_APPROVAL ( #100, ( #1061 ) ) ;
#783 = CARTESIAN_POINT ( 'NONE',  ( 0.000000000000000000, 1.056307058905370630E-15, 8.476660071625804704 ) ) ;
#784 = VECTOR ( 'NONE', #257, 1000.000000000000114 ) ;
#785 = LINE ( 'NONE', #879, #932 ) ;
#786 = CARTESIAN_POINT ( 'NONE',  ( 0.09999999999996923850, 2.251666049839557981, 8.444484457158356605 ) ) ;
#787 = VERTEX_POINT ( 'NONE', #648 ) ;
#788 = ADVANCED_FACE ( 'NONE', ( #14 ), #118, .F. ) ;
#789 = CARTESIAN_POINT ( 'NONE',  ( -2.000000000000000000, 3.109297024524551955E-15, 6.000000000000000000 ) ) ;
#790 = EDGE_CURVE ( 'NONE', #147, #941, #991, .T. ) ;
#791 = LINE ( 'NONE', #79, #912 ) ;
#792 = CARTESIAN_POINT ( 'NONE',  ( -1.991439682357180496, 1.107621030642141235, 8.469047943376279974 ) ) ;
#793 = B_SPLINE_CURVE_WITH_KNOTS ( 'NONE', 3,
 ( #1321, #599, #904, #1317, #407, #624 ),
 .UNSPECIFIED., .F., .F.,
 ( 4, 2, 4 ),
 ( 0.001493260266394068857, 0.002027773304918472057, 0.002562286343442875258 ),
 .UNSPECIFIED. ) ;
#794 = VERTEX_POINT ( 'NONE', #1259 ) ;
#795 = DIRECTION ( 'NONE',  ( 0.000000000000000000, -1.132899967286609269E-32, -1.000000000000000000 ) ) ;
#796 = DIRECTION ( 'NONE',  ( 0.000000000000000000, 0.000000000000000000, 1.000000000000000000 ) ) ;
#797 = FACE_OUTER_BOUND ( 'NONE', #1182, .T. ) ;
#798 = ADVANCED_FACE ( 'NONE', ( #109 ), #1026, .T. ) ;
#799 = CIRCLE ( 'NONE', #71, 2.000000000000000000 ) ;
#800 = CARTESIAN_POINT ( 'NONE',  ( 1.999999999999999112, -2.761013168273541319E-25, 8.190598923241498852 ) ) ;
#801 = CARTESIAN_POINT ( 'NONE',  ( -1.757591503779408315, -1.294655148926060706, 8.368664193487928671 ) ) ;
#802 = DIRECTION ( 'NONE',  ( -0.5000000000000002220, -0.8660254037844385966, 0.000000000000000000 ) ) ;
#803 = CYLINDRICAL_SURFACE ( 'NONE', #460, 0.2000000000000000944 ) ;
#804 = AXIS2_PLACEMENT_3D ( 'NONE', #151, #59, #484 ) ;
#805 = DIRECTION ( 'NONE',  ( 1.000000000000000000, 0.000000000000000000, 0.000000000000000000 ) ) ;
#806 = AXIS2_PLACEMENT_3D ( 'NONE', #616, #796, #294 ) ;
#807 = LINE ( 'NONE', #499, #605 ) ;
#808 = CARTESIAN_POINT ( 'NONE',  ( 0.000000000000000000, -6.740754805355325486E-31, 8.500000000000000000 ) ) ;
#809 = DIRECTION ( 'NONE',  ( 0.000000000000000000, 1.000000000000000000, -1.132899967286609269E-32 ) ) ;
#810 = CARTESIAN_POINT ( 'NONE',  ( 0.000000000000000000, 1.056307058905370630E-15, 8.204589928374199204 ) ) ;
#811 = EDGE_CURVE ( 'NONE', #787, #709, #51, .T. ) ;
#812 = EDGE_CURVE ( 'NONE', #363, #931, #425, .T. ) ;
#813 = VERTEX_POINT ( 'NONE', #535 ) ;
#814 = DIRECTION ( 'NONE',  ( -0.000000000000000000, 1.132899967286609269E-32, 1.000000000000000000 ) ) ;
#815 = LINE ( 'NONE', #190, #891 ) ;
#816 = PLANE ( 'NONE',  #220 ) ;
#817 = LINE ( 'NONE', #301, #308 ) ;
#818 = EDGE_LOOP ( 'NONE', ( #745, #868, #660, #383 ) ) ;
#819 = EDGE_CURVE ( 'NONE', #975, #142, #222, .T. ) ;
#820 = PRODUCT_RELATED_PRODUCT_CATEGORY ( 'detail', '', ( #866 ) ) ;
#821 = AXIS2_PLACEMENT_3D ( 'NONE', #540, #956, #630 ) ;
#822 = CIRCLE ( 'NONE', #7, 2.000000000000000000 ) ;
#823 =( LENGTH_UNIT ( ) NAMED_UNIT ( * ) SI_UNIT ( .MILLI., .METRE. ) );
#824 = CARTESIAN_POINT ( 'NONE',  ( 0.000000000000000000, 1.056307058905370630E-15, 8.148242356748394144 ) ) ;
#825 = DIRECTION ( 'NONE',  ( -0.000000000000000000, 1.132899967286609269E-32, 1.000000000000000000 ) ) ;
#826 = ORIENTED_EDGE ( 'NONE', *, *, #778, .F. ) ;
#827 = B_SPLINE_CURVE_WITH_KNOTS ( 'NONE', 3,
 ( #161, #583, #880, #885, #1288, #681 ),
 .UNSPECIFIED., .F., .F.,
 ( 4, 2, 4 ),
 ( 0.001381568564657004866, 0.001915798630797540310, 0.002450028696938075755 ),
 .UNSPECIFIED. ) ;
#828 = DIRECTION ( 'NONE',  ( 0.000000000000000000, -1.000000000000000000, 1.132899967286609269E-32 ) ) ;
#829 = EDGE_CURVE ( 'NONE', #534, #363, #110, .T. ) ;
#830 = DIRECTION ( 'NONE',  ( -1.000000000000000000, 0.000000000000000000, 0.000000000000000000 ) ) ;
#831 = ADVANCED_FACE ( 'NONE', ( #349 ), #523, .F. ) ;
#832 = EDGE_LOOP ( 'NONE', ( #68, #960, #1138, #182 ) ) ;
#833 = DIRECTION ( 'NONE',  ( 0.000000000000000000, 0.000000000000000000, -1.000000000000000000 ) ) ;
#834 = CC_DESIGN_PERSON_AND_ORGANIZATION_ASSIGNMENT ( #525, #855, ( #678 ) ) ;
#835 = EDGE_LOOP ( 'NONE', ( #317, #322, #282, #427 ) ) ;
#836 = DIRECTION ( 'NONE',  ( 1.224646799147356905E-16, 1.000000000000000000, 0.000000000000000000 ) ) ;
#837 = DIRECTION ( 'NONE',  ( -0.000000000000000000, 1.132899967286609269E-32, 1.000000000000000000 ) ) ;
#838 = ORIENTED_EDGE ( 'NONE', *, *, #852, .T. ) ;
#839 = CARTESIAN_POINT ( 'NONE',  ( 0.000000000000000000, 1.056307058905370630E-15, 3.523339928374197072 ) ) ;
#840 = CIRCLE ( 'NONE', #1163, 0.1999999999999999833 ) ;
#841 = ORIENTED_EDGE ( 'NONE', *, *, #99, .F. ) ;
#842 = AXIS2_PLACEMENT_3D ( 'NONE', #47, #577, #1188 ) ;
#843 = CARTESIAN_POINT ( 'NONE',  ( -1.799999999999999600, -1.039230484541324717, 6.000000000000000000 ) ) ;
#844 = AXIS2_PLACEMENT_3D ( 'NONE', #312, #909, #700 ) ;
#845 = ORIENTED_EDGE ( 'NONE', *, *, #1228, .T. ) ;
#846 = DIRECTION ( 'NONE',  ( 7.511572993685799101E-16, 1.000000000000000000, 0.000000000000000000 ) ) ;
#847 = ORIENTED_EDGE ( 'NONE', *, *, #76, .T. ) ;
#848 = APPROVAL_DATE_TIME ( #232, #100 ) ;
#849 = ORIENTED_EDGE ( 'NONE', *, *, #710, .T. ) ;
#850 = DIRECTION ( 'NONE',  ( 0.000000000000000000, -0.7071067811865504593, 0.7071067811865445751 ) ) ;
#851 = ORIENTED_EDGE ( 'NONE', *, *, #413, .T. ) ;
#852 = EDGE_CURVE ( 'NONE', #488, #1092, #490, .T. ) ;
#853 = DIRECTION ( 'NONE',  ( 0.000000000000000000, 1.000000000000000000, 0.000000000000000000 ) ) ;
#854 = VERTEX_POINT ( 'NONE', #732 ) ;
#855 = PERSON_AND_ORGANIZATION_ROLE ( 'design_supplier' ) ;
#856 = ORIENTED_EDGE ( 'NONE', *, *, #194, .T. ) ;
#857 = CARTESIAN_POINT ( 'NONE',  ( 5.107159854569198494E-16, 4.170312500000002309, 3.851757643251606300 ) ) ;
#858 = ORIENTED_EDGE ( 'NONE', *, *, #996, .T. ) ;
#859 = CARTESIAN_POINT ( 'NONE',  ( -1.316228636538921526, 1.549476119137662700, 8.216845785978183159 ) ) ;
#860 = EDGE_CURVE ( 'NONE', #931, #1162, #500, .T. ) ;
#861 = EDGE_CURVE ( 'NONE', #23, #229, #952, .T. ) ;
#862 = ORIENTED_EDGE ( 'NONE', *, *, #674, .F. ) ;
#863 = ORIENTED_EDGE ( 'NONE', *, *, #1048, .F. ) ;
#864 = DIRECTION ( 'NONE',  ( -0.000000000000000000, 1.132899967286609269E-32, 1.000000000000000000 ) ) ;
#865 = CONICAL_SURFACE ( 'NONE', #756, 1.980384757729335865, 0.7853981633974524978 ) ;
#866 = PRODUCT ( '92290A228_NO THREADS_Super-Corrosion-Resistant 316 Stainless Steel Socket Head Screw', '92290A228_NO THREADS_Super-Corrosion-Resistant 316 Stainless Steel Socket Head Screw', '', ( #1005 ) ) ;
#867 = AXIS2_PLACEMENT_3D ( 'NONE', #529, #543, #1267 ) ;
#868 = ORIENTED_EDGE ( 'NONE', *, *, #579, .F. ) ;
#869 = DIRECTION ( 'NONE',  ( -0.000000000000000000, 1.132899967286609269E-32, 1.000000000000000000 ) ) ;
#870 = CIRCLE ( 'NONE', #1106, 3.898242356748394588 ) ;
#871 = ORIENTED_EDGE ( 'NONE', *, *, #1031, .F. ) ;
#872 = EDGE_CURVE ( 'NONE', #709, #461, #799, .T. ) ;
#873 = VECTOR ( 'NONE', #1159, 1000.000000000000000 ) ;
#874 = PLANE ( 'NONE',  #779 ) ;
#875 = PLANE ( 'NONE',  #954 ) ;
#876 = CARTESIAN_POINT ( 'NONE',  ( -1.999999999999998668, 1.039230484541344035, 8.444484457158397461 ) ) ;
#877 = ORIENTED_EDGE ( 'NONE', *, *, #580, .F. ) ;
#878 = CARTESIAN_POINT ( 'NONE',  ( -1.900000000000029443, 1.212435565298197071, 8.444484457158354829 ) ) ;
#879 = CARTESIAN_POINT ( 'NONE',  ( -1.999999999999999556, -1.154700538379249908, 6.000000000000000000 ) ) ;
#880 = CARTESIAN_POINT ( 'NONE',  ( 1.999999999999999556, 0.7061319174527754816, 8.304945648187130658 ) ) ;
#881 = VERTEX_POINT ( 'NONE', #253 ) ;
#882 = CARTESIAN_POINT ( 'NONE',  ( 1.999999999999998224, -1.039230484541325827, 8.500000000000000000 ) ) ;
#883 = CARTESIAN_POINT ( 'NONE',  ( -1.999999999999998668, 1.039230484541344035, 8.444484457158397461 ) ) ;
#884 = VECTOR ( 'NONE', #1135, 1000.000000000000000 ) ;
#885 = CARTESIAN_POINT ( 'NONE',  ( 2.000000000000000000, 0.3588206183384906045, 8.215590781147994903 ) ) ;
#886 = VECTOR ( 'NONE', #1179, 1000.000000000000000 ) ;
#887 = EDGE_LOOP ( 'NONE', ( #1064, #1016, #851, #758 ) ) ;
#888 = AXIS2_PLACEMENT_3D ( 'NONE', #212, #737, #106 ) ;
#889 = EDGE_CURVE ( 'NONE', #213, #1282, #6, .T. ) ;
#890 = DIRECTION ( 'NONE',  ( -1.000000000000000000, -0.000000000000000000, 0.000000000000000000 ) ) ;
#891 = VECTOR ( 'NONE', #1012, 1000.000000000000000 ) ;
#892 = LINE ( 'NONE', #1298, #401 ) ;
#893 = CARTESIAN_POINT ( 'NONE',  ( 1.610158731416490907, 1.379775499737165623, 8.304289082169168168 ) ) ;
#894 = VERTEX_POINT ( 'NONE', #272 ) ;
#895 = DIRECTION ( 'NONE',  ( -0.8660254037844397068, 1.060575238724908147E-16, 0.4999999999999979461 ) ) ;
#896 = DIRECTION ( 'NONE',  ( -0.000000000000000000, -0.000000000000000000, 1.000000000000000000 ) ) ;
#897 = EDGE_CURVE ( 'NONE', #49, #488, #56, .T. ) ;
#898 = CARTESIAN_POINT ( 'NONE',  ( 0.000000000000000000, 8.673617379884035472E-16, 3.851757643251606300 ) ) ;
#899 = DIRECTION ( 'NONE',  ( 1.224646799147344826E-16, 1.000000000000000000, 0.000000000000000000 ) ) ;
#900 = CARTESIAN_POINT ( 'NONE',  ( 3.061616997868382648E-16, 2.500000000000000444, 8.500000000000000000 ) ) ;
#901 = CARTESIAN_POINT ( 'NONE',  ( -0.3855051150325641274, -2.086829594820473144, 8.306210946477822432 ) ) ;
#902 = CARTESIAN_POINT ( 'NONE',  ( -1.999999999999998668, 1.154700538379252350, 6.000000000000000000 ) ) ;
#903 = DIRECTION ( 'NONE',  ( 0.000000000000000000, -1.000000000000000000, 1.132899967286609269E-32 ) ) ;
#904 = CARTESIAN_POINT ( 'NONE',  ( -2.000000000000000000, -0.7058902640396800265, 8.304892848087982671 ) ) ;
#905 = TOROIDAL_SURFACE ( 'NONE', #328, 3.898242356748394588, 0.07968749999999949485 ) ;
#906 = AXIS2_PLACEMENT_3D ( 'NONE', #631, #724, #830 ) ;
#907 = CARTESIAN_POINT ( 'NONE',  ( 1.999999999999999112, -0.7058902640396818029, 8.304892848087980894 ) ) ;
#908 = EDGE_CURVE ( 'NONE', #492, #229, #570, .T. ) ;
#909 = DIRECTION ( 'NONE',  ( 0.000000000000000000, 0.000000000000000000, 1.000000000000000000 ) ) ;
#910 = CARTESIAN_POINT ( 'NONE',  ( 3.061616997868382648E-16, 2.500000000000000444, -7.980384757729341416 ) ) ;
#911 = CARTESIAN_POINT ( 'NONE',  ( 2.000000000000000000, 1.039230484541326271, 6.000000000000000000 ) ) ;
#912 = VECTOR ( 'NONE', #491, 1000.000000000000000 ) ;
#913 = CARTESIAN_POINT ( 'NONE',  ( -0.09999999999999982514, -2.251666049839538886, 6.000000000000000000 ) ) ;
#914 = APPLICATION_PROTOCOL_DEFINITION ( 'international standard', 'config_control_design', 1994, #506 ) ;
#915 = CC_DESIGN_DATE_AND_TIME_ASSIGNMENT ( #742, #650, ( #600 ) ) ;
#916 = DIRECTION ( 'NONE',  ( 0.000000000000000000, -1.000000000000000000, 0.000000000000000000 ) ) ;
#917 = DIRECTION ( 'NONE',  ( 0.000000000000000000, -1.132899967286609269E-32, -1.000000000000000000 ) ) ;
#918 = DIRECTION ( 'NONE',  ( 7.511572993685799101E-16, 1.000000000000000000, 0.000000000000000000 ) ) ;
#919 = EDGE_LOOP ( 'NONE', ( #387, #302, #1263, #259 ) ) ;
#920 = CARTESIAN_POINT ( 'NONE',  ( 0.000000000000000000, 1.056307058905370630E-15, 8.476660071625804704 ) ) ;
#921 = DIRECTION ( 'NONE',  ( -0.000000000000000000, -0.000000000000000000, 1.000000000000000000 ) ) ;
#922 = DIRECTION ( 'NONE',  ( 0.000000000000000000, -1.000000000000000000, 0.000000000000000000 ) ) ;
#923 = ORIENTED_EDGE ( 'NONE', *, *, #137, .T. ) ;
#924 = AXIS2_PLACEMENT_3D ( 'NONE', #85, #921, #1129 ) ;
#925 = EDGE_CURVE ( 'NONE', #1282, #213, #676, .T. ) ;
#926 = AXIS2_PLACEMENT_3D ( 'NONE', #839, #1037, #759 ) ;
#927 = EDGE_CURVE ( 'NONE', #559, #255, #553, .T. ) ;
#928 =( GEOMETRIC_REPRESENTATION_CONTEXT ( 3 ) GLOBAL_UNCERTAINTY_ASSIGNED_CONTEXT ( ( #1134 ) ) GLOBAL_UNIT_ASSIGNED_CONTEXT ( ( #823, #8, #83 ) ) REPRESENTATION_CONTEXT ( 'NONE', 'WORKASPACE' ) );
#929 = CARTESIAN_POINT ( 'NONE',  ( 2.309401076758502480, -6.740754805355325486E-31, 8.500000000000000000 ) ) ;
#930 = CARTESIAN_POINT ( 'NONE',  ( 0.000000000000000000, 1.056307058905370630E-15, 3.523339928374197072 ) ) ;
#931 = VERTEX_POINT ( 'NONE', #563 ) ;
#932 = VECTOR ( 'NONE', #66, 999.9999999999998863 ) ;
#933 = CARTESIAN_POINT ( 'NONE',  ( 0.000000000000000000, 1.056307058905370630E-15, 8.500000000000001776 ) ) ;
#934 = AXIS2_PLACEMENT_3D ( 'NONE', #527, #942, #1265 ) ;
#935 = ORIENTED_EDGE ( 'NONE', *, *, #1093, .T. ) ;
#936 = CARTESIAN_POINT ( 'NONE',  ( 0.9999999999999986677, 1.732050807568878081, 6.000000000000000000 ) ) ;
#937 = DIRECTION ( 'NONE',  ( -0.000000000000000000, 1.132899967286609269E-32, 1.000000000000000000 ) ) ;
#938 = ORIENTED_EDGE ( 'NONE', *, *, #690, .T. ) ;
#939 = DIRECTION ( 'NONE',  ( 0.000000000000000000, 1.000000000000000000, 0.000000000000000000 ) ) ;
#940 = PERSON_AND_ORGANIZATION ( #720, #1271 ) ;
#941 = VERTEX_POINT ( 'NONE', #772 ) ;
#942 = DIRECTION ( 'NONE',  ( -0.000000000000000000, 1.132899967286609269E-32, 1.000000000000000000 ) ) ;
#943 = ORIENTED_EDGE ( 'NONE', *, *, #657, .F. ) ;
#944 = CARTESIAN_POINT ( 'NONE',  ( -1.899999999999999467, -1.212435565298212614, 8.500000000000000000 ) ) ;
#945 = ORIENTED_EDGE ( 'NONE', *, *, #313, .T. ) ;
#946 = CIRCLE ( 'NONE', #416, 2.499999999999999556 ) ;
#947 = ORIENTED_EDGE ( 'NONE', *, *, #554, .T. ) ;
#948 = EDGE_CURVE ( 'NONE', #749, #651, #827, .T. ) ;
#949 = AXIS2_PLACEMENT_3D ( 'NONE', #208, #1224, #618 ) ;
#950 = LINE ( 'NONE', #122, #350 ) ;
#951 = EDGE_LOOP ( 'NONE', ( #1201, #242, #725, #1074 ) ) ;
#952 = LINE ( 'NONE', #452, #417 ) ;
#953 = VERTEX_POINT ( 'NONE', #373 ) ;
#954 = AXIS2_PLACEMENT_3D ( 'NONE', #1279, #1187, #366 ) ;
#955 = ORIENTED_EDGE ( 'NONE', *, *, #1301, .T. ) ;
#956 = DIRECTION ( 'NONE',  ( -1.000000000000000000, -0.000000000000000000, 0.000000000000000000 ) ) ;
#957 = EDGE_CURVE ( 'NONE', #147, #1058, #277, .T. ) ;
#958 = ORIENTED_EDGE ( 'NONE', *, *, #1322, .T. ) ;
#959 = CARTESIAN_POINT ( 'NONE',  ( -1.900000000000029443, 1.212435565298197071, 8.444484457158354829 ) ) ;
#960 = ORIENTED_EDGE ( 'NONE', *, *, #165, .T. ) ;
#961 = ORIENTED_EDGE ( 'NONE', *, *, #357, .T. ) ;
#962 = CARTESIAN_POINT ( 'NONE',  ( 0.000000000000000000, 2.358139725155972144E-15, 6.000000000000000000 ) ) ;
#963 = ORIENTED_EDGE ( 'NONE', *, *, #522, .F. ) ;
#964 = DIRECTION ( 'NONE',  ( -0.000000000000000000, 1.132899967286609269E-32, 1.000000000000000000 ) ) ;
#965 = ORIENTED_EDGE ( 'NONE', *, *, #1093, .F. ) ;
#966 = ADVANCED_FACE ( 'NONE', ( #777, #148 ), #168, .F. ) ;
#967 = FACE_OUTER_BOUND ( 'NONE', #38, .T. ) ;
#968 = TOROIDAL_SURFACE ( 'NONE', #393, 3.898242356748393700, 0.07968750000000027200 ) ;
#969 = AXIS2_PLACEMENT_3D ( 'NONE', #933, #1240, #1142 ) ;
#970 = CARTESIAN_POINT ( 'NONE',  ( 1.316228636538921304, -1.549476119137661145, 8.216845785978181382 ) ) ;
#971 = CARTESIAN_POINT ( 'NONE',  ( 0.6837713634610772528, 1.914625496000092353, 8.216845785978183159 ) ) ;
#972 = APPROVAL_PERSON_ORGANIZATION ( #940, #100, #748 ) ;
#973 = EDGE_LOOP ( 'NONE', ( #774, #979 ) ) ;
#974 = CIRCLE ( 'NONE', #934, 2.499999999999999556 ) ;
#975 = VERTEX_POINT ( 'NONE', #361 ) ;
#976 = DIRECTION ( 'NONE',  ( 0.000000000000000000, 0.000000000000000000, 1.000000000000000000 ) ) ;
#977 = LINE ( 'NONE', #689, #784 ) ;
#978 = CARTESIAN_POINT ( 'NONE',  ( -0.09999999999997019606, -2.251666049839556205, 8.444484457158354829 ) ) ;
#979 = ORIENTED_EDGE ( 'NONE', *, *, #172, .F. ) ;
#980 = PERSON_AND_ORGANIZATION_ROLE ( 'classification_officer' ) ;
#981 = LINE ( 'NONE', #882, #283 ) ;
#982 = B_SPLINE_CURVE_WITH_KNOTS ( 'NONE', 3,
 ( #800, #188, #1302, #907, #292, #1216 ),
 .UNSPECIFIED., .F., .F.,
 ( 4, 2, 4 ),
 ( 0.002450028696938075755, 0.002984243782800425314, 0.003518458868662774873 ),
 .UNSPECIFIED. ) ;
#983 = FACE_OUTER_BOUND ( 'NONE', #81, .T. ) ;
#984 = CARTESIAN_POINT ( 'NONE',  ( -1.999999999999998668, 1.072308541062008125, 8.459736218700165011 ) ) ;
#985 = VERTEX_POINT ( 'NONE', #459 ) ;
#986 = CARTESIAN_POINT ( 'NONE',  ( 0.000000000000000000, -3.898242356748392812, 8.420312500000001421 ) ) ;
#987 = EDGE_CURVE ( 'NONE', #941, #108, #686, .T. ) ;
#988 = LINE ( 'NONE', #73, #356 ) ;
#989 = CIRCLE ( 'NONE', #26, 2.499999999999999556 ) ;
#990 = CARTESIAN_POINT ( 'NONE',  ( 0.2411794382185348806, 2.170156063180029182, 8.369318561058980421 ) ) ;
#991 = CIRCLE ( 'NONE', #712, 4.250000000000000888 ) ;
#992 = CARTESIAN_POINT ( 'NONE',  ( 1.999999999999998224, -1.039230484541325827, 6.000000000000000000 ) ) ;
#993 = AXIS2_PLACEMENT_3D ( 'NONE', #404, #1324, #501 ) ;
#994 = CARTESIAN_POINT ( 'NONE',  ( -1.999999999999999556, -1.039230484541348032, 8.444484457158386803 ) ) ;
#995 = DIRECTION ( 'NONE',  ( 0.000000000000000000, -1.000000000000000000, 0.000000000000000000 ) ) ;
#996 = EDGE_CURVE ( 'NONE', #854, #1220, #683, .T. ) ;
#997 = LINE ( 'NONE', #80, #157 ) ;
#998 = ORIENTED_EDGE ( 'NONE', *, *, #1171, .T. ) ;
#999 = CARTESIAN_POINT ( 'NONE',  ( -0.07135356274527575315, 2.268205078099878591, 8.459736218700077970 ) ) ;
#1000 = DIRECTION ( 'NONE',  ( -1.000000000000000000, 3.755786496842899550E-16, 0.000000000000000000 ) ) ;
#1001 = DIRECTION ( 'NONE',  ( -0.000000000000000000, -0.000000000000000000, -1.000000000000000000 ) ) ;
#1002 = DIRECTION ( 'NONE',  ( 0.000000000000000000, -1.000000000000000000, 1.132899967286609269E-32 ) ) ;
#1003 = ADVANCED_FACE ( 'NONE', ( #663 ), #1070, .F. ) ;
#1004 = LINE ( 'NONE', #900, #1292 ) ;
#1005 = MECHANICAL_CONTEXT ( 'NONE', #375, 'mechanical' ) ;
#1006 = PLANE ( 'NONE',  #33 ) ;
#1007 = DIRECTION ( 'NONE',  ( 0.000000000000000000, -1.000000000000000000, 0.000000000000000000 ) ) ;
#1008 = DIRECTION ( 'NONE',  ( 0.000000000000000000, -1.132899967286609269E-32, -1.000000000000000000 ) ) ;
#1009 = CIRCLE ( 'NONE', #653, 4.226660071625804704 ) ;
#1010 = AXIS2_PLACEMENT_3D ( 'NONE', #810, #1215, #514 ) ;
#1011 = CARTESIAN_POINT ( 'NONE',  ( -0.8405885292744296189, -1.824087063104197437, 8.190944087187112643 ) ) ;
#1012 = DIRECTION ( 'NONE',  ( 0.000000000000000000, -0.000000000000000000, 1.000000000000000000 ) ) ;
#1013 = CARTESIAN_POINT ( 'NONE',  ( 2.425271854633437464E-16, 1.980384757729336753, -8.500000000000000000 ) ) ;
#1014 = AXIS2_PLACEMENT_3D ( 'NONE', #1116, #398, #609 ) ;
#1015 = CARTESIAN_POINT ( 'NONE',  ( 1.999999999999998224, -1.154700538379250796, 6.000000000000000000 ) ) ;
#1016 = ORIENTED_EDGE ( 'NONE', *, *, #634, .T. ) ;
#1017 = DIRECTION ( 'NONE',  ( -0.000000000000000000, 1.132899967286609269E-32, 1.000000000000000000 ) ) ;
#1018 = DIRECTION ( 'NONE',  ( 0.000000000000000000, 0.7071067811865497932, -0.7071067811865452413 ) ) ;
#1019 = ORIENTED_EDGE ( 'NONE', *, *, #908, .F. ) ;
#1020 = EDGE_CURVE ( 'NONE', #1148, #461, #153, .T. ) ;
#1021 = ADVANCED_FACE ( 'NONE', ( #1281 ), #1083, .T. ) ;
#1022 = CARTESIAN_POINT ( 'NONE',  ( -1.899999999999975264, -1.212435565298226603, 8.444484457158409896 ) ) ;
#1023 = CARTESIAN_POINT ( 'NONE',  ( 1.999999999999999112, -2.761013168273541319E-25, 8.190598923241498852 ) ) ;
#1024 = LINE ( 'NONE', #1244, #1029 ) ;
#1025 = EDGE_LOOP ( 'NONE', ( #374, #231, #826, #1276 ) ) ;
#1026 = CYLINDRICAL_SURFACE ( 'NONE', #781, 2.499999999999999556 ) ;
#1027 = AXIS2_PLACEMENT_3D ( 'NONE', #783, #699, #1209 ) ;
#1028 = CONICAL_SURFACE ( 'NONE', #757, 2.309401076758502480, 0.7853981633974500554 ) ;
#1029 = VECTOR ( 'NONE', #1147, 1000.000000000000000 ) ;
#1030 = COORDINATED_UNIVERSAL_TIME_OFFSET ( 6, 0, .BEHIND. ) ;
#1031 = EDGE_CURVE ( 'NONE', #229, #1072, #1181, .T. ) ;
#1032 = ORIENTED_EDGE ( 'NONE', *, *, #93, .T. ) ;
#1033 = CARTESIAN_POINT ( 'NONE',  ( 1.991439682357178720, -1.107621030642141458, 8.469047943376278198 ) ) ;
#1034 = CARTESIAN_POINT ( 'NONE',  ( 0.000000000000000000, 1.056307058905370630E-15, 3.499999999999999556 ) ) ;
#1035 = ORIENTED_EDGE ( 'NONE', *, *, #1071, .T. ) ;
#1036 = CONICAL_SURFACE ( 'NONE', #204, 3.954589928374197427, 0.7853981633974482790 ) ;
#1037 = DIRECTION ( 'NONE',  ( -0.000000000000000000, 1.132899967286609269E-32, 1.000000000000000000 ) ) ;
#1038 = AXIS2_PLACEMENT_3D ( 'NONE', #1222, #802, #1213 ) ;
#1039 = CALENDAR_DATE ( 2026, 8, 1 ) ;
#1040 = ORIENTED_EDGE ( 'NONE', *, *, #48, .T. ) ;
#1041 = DIRECTION ( 'NONE',  ( 1.224646799147356905E-16, 1.000000000000000000, 0.000000000000000000 ) ) ;
#1042 = CYLINDRICAL_SURFACE ( 'NONE', #1208, 4.250000000000000888 ) ;
#1043 = ORIENTED_EDGE ( 'NONE', *, *, #594, .F. ) ;
#1044 = DIRECTION ( 'NONE',  ( 0.000000000000000000, -1.000000000000000000, 0.000000000000000000 ) ) ;
#1045 = VERTEX_POINT ( 'NONE', #1312 ) ;
#1046 = B_SPLINE_CURVE_WITH_KNOTS ( 'NONE', 3,
 ( #285, #999, #82, #707, #207, #191 ),
 .UNSPECIFIED., .F., .F.,
 ( 4, 2, 4 ),
 ( 3.191296421977894258E-18, 0.0001080138242822582914, 0.0002160276485645134116 ),
 .UNSPECIFIED. ) ;
#1047 = ADVANCED_FACE ( 'NONE', ( #797 ), #1028, .F. ) ;
#1048 = EDGE_CURVE ( 'NONE', #534, #539, #817, .T. ) ;
#1049 = PERSON_AND_ORGANIZATION ( #720, #1271 ) ;
#1050 = ORIENTED_EDGE ( 'NONE', *, *, #364, .F. ) ;
#1051 = DIRECTION ( 'NONE',  ( 0.000000000000000000, -1.000000000000000000, 0.000000000000000000 ) ) ;
#1052 = ORIENTED_EDGE ( 'NONE', *, *, #1243, .F. ) ;
#1053 = CARTESIAN_POINT ( 'NONE',  ( -0.3898412685835082603, 2.084326115400588986, 8.304289082169166392 ) ) ;
#1054 = EDGE_LOOP ( 'NONE', ( #947, #40, #1253, #1226 ) ) ;
#1055 = VECTOR ( 'NONE', #306, 1000.000000000000114 ) ;
#1056 = ADVANCED_FACE ( 'NONE', ( #199 ), #268, .T. ) ;
#1057 = ADVANCED_FACE ( 'NONE', ( #181 ), #178, .T. ) ;
#1058 = VERTEX_POINT ( 'NONE', #1112 ) ;
#1059 = CIRCLE ( 'NONE', #949, 4.226660071625804704 ) ;
#1060 = DIRECTION ( 'NONE',  ( 0.000000000000000000, -1.132899967286609269E-32, -1.000000000000000000 ) ) ;
#1061 = SECURITY_CLASSIFICATION ( '', '', #1191 ) ;
#1062 = ORIENTED_EDGE ( 'NONE', *, *, #811, .T. ) ;
#1063 = CARTESIAN_POINT ( 'NONE',  ( -1.614494884967435206, 1.377272020317280798, 8.306210946477825985 ) ) ;
#1064 = ORIENTED_EDGE ( 'NONE', *, *, #475, .T. ) ;
#1065 = AXIS2_PLACEMENT_3D ( 'NONE', #1121, #896, #196 ) ;
#1066 = DATE_AND_TIME ( #733, #310 ) ;
#1067 = ORIENTED_EDGE ( 'NONE', *, *, #248, .T. ) ;
#1068 = CARTESIAN_POINT ( 'NONE',  ( -1.991390487078125160, -1.107758582668911806, 8.469071817718715423 ) ) ;
#1069 = ORIENTED_EDGE ( 'NONE', *, *, #677, .T. ) ;
#1070 = PLANE ( 'NONE',  #286 ) ;
#1071 = EDGE_CURVE ( 'NONE', #32, #894, #1059, .T. ) ;
#1072 = VERTEX_POINT ( 'NONE', #697 ) ;
#1073 = EDGE_CURVE ( 'NONE', #766, #346, #708, .T. ) ;
#1074 = ORIENTED_EDGE ( 'NONE', *, *, #248, .F. ) ;
#1075 = CARTESIAN_POINT ( 'NONE',  ( 1.999999999999998224, -1.039230484541349586, 8.444484457158386803 ) ) ;
#1076 = DIRECTION ( 'NONE',  ( 0.8660254037844388186, 0.4999999999999997224, 0.000000000000000000 ) ) ;
#1077 = VERTEX_POINT ( 'NONE', #97 ) ;
#1078 = CARTESIAN_POINT ( 'NONE',  ( 1.899999999999975708, 1.212435565298228157, 8.444484457158409896 ) ) ;
#1079 = EDGE_CURVE ( 'NONE', #346, #813, #517, .T. ) ;
#1080 = EDGE_LOOP ( 'NONE', ( #329, #201, #841, #619, #1105 ) ) ;
#1081 = CARTESIAN_POINT ( 'NONE',  ( 0.000000000000000000, -3.954589928374196539, 3.523339928374197072 ) ) ;
#1082 = CIRCLE ( 'NONE', #516, 0.07968749999999902300 ) ;
#1083 = TOROIDAL_SURFACE ( 'NONE', #481, 3.898242356748393700, 0.07968750000000027200 ) ;
#1084 = CARTESIAN_POINT ( 'NONE',  ( -1.899999999999975264, -1.212435565298226603, 8.444484457158409896 ) ) ;
#1085 = CARTESIAN_POINT ( 'NONE',  ( 0.07135356274527505926, -2.268205078099876371, 8.459736218700074417 ) ) ;
#1086 = ORIENTED_EDGE ( 'NONE', *, *, #1048, .T. ) ;
#1087 = CIRCLE ( 'NONE', #1014, 1.980384757729335865 ) ;
#1088 = EDGE_LOOP ( 'NONE', ( #1019, #217, #649, #536, #1133 ) ) ;
#1089 = DIRECTION ( 'NONE',  ( -0.000000000000000000, 1.132899967286609269E-32, 1.000000000000000000 ) ) ;
#1090 = DIRECTION ( 'NONE',  ( -0.8660254037844387076, 0.4999999999999998890, 0.000000000000000000 ) ) ;
#1091 = DIRECTION ( 'NONE',  ( 0.8660254037844397068, 0.000000000000000000, 0.4999999999999979461 ) ) ;
#1092 = VERTEX_POINT ( 'NONE', #102 ) ;
#1093 = EDGE_CURVE ( 'NONE', #129, #528, #377, .T. ) ;
#1094 = PLANE ( 'NONE',  #627 ) ;
#1095 = CARTESIAN_POINT ( 'NONE',  ( 0.1000000000000234035, -2.251666049839524675, 8.444484457158408119 ) ) ;
#1096 = CARTESIAN_POINT ( 'NONE',  ( -1.928650447818918590, 1.195894221538001068, 8.459738353980540637 ) ) ;
#1097 = ORIENTED_EDGE ( 'NONE', *, *, #382, .F. ) ;
#1098 = EDGE_CURVE ( 'NONE', #437, #528, #606, .T. ) ;
#1099 = CC_DESIGN_PERSON_AND_ORGANIZATION_ASSIGNMENT ( #1049, #1262, ( #600 ) ) ;
#1100 = CARTESIAN_POINT ( 'NONE',  ( 0.000000000000000000, 2.000000000000000000, 6.000000000000000000 ) ) ;
#1101 = CARTESIAN_POINT ( 'NONE',  ( 1.900000000000028777, -1.212435565298195739, 8.444484457158354829 ) ) ;
#1102 = VECTOR ( 'NONE', #470, 1000.000000000000000 ) ;
#1103 = FACE_OUTER_BOUND ( 'NONE', #319, .T. ) ;
#1104 = AXIS2_PLACEMENT_3D ( 'NONE', #496, #289, #1 ) ;
#1105 = ORIENTED_EDGE ( 'NONE', *, *, #819, .T. ) ;
#1106 = AXIS2_PLACEMENT_3D ( 'NONE', #1034, #1140, #219 ) ;
#1107 = VECTOR ( 'NONE', #1090, 1000.000000000000000 ) ;
#1108 = FACE_OUTER_BOUND ( 'NONE', #751, .T. ) ;
#1109 = AXIS2_PLACEMENT_3D ( 'NONE', #22, #1060, #443 ) ;
#1110 = PLANE ( 'NONE',  #1038 ) ;
#1111 = DIRECTION ( 'NONE',  ( -0.000000000000000000, 1.132899967286609269E-32, 1.000000000000000000 ) ) ;
#1112 = CARTESIAN_POINT ( 'NONE',  ( 0.000000000000000000, -4.250000000000000000, 8.148242356748394144 ) ) ;
#1113 = ADVANCED_FACE ( 'NONE', ( #1103 ), #296, .F. ) ;
#1114 = DIRECTION ( 'NONE',  ( -0.000000000000000000, 1.132899967286609269E-32, 1.000000000000000000 ) ) ;
#1115 = CARTESIAN_POINT ( 'NONE',  ( 0.000000000000000000, -3.898242356748392368, 8.500000000000001776 ) ) ;
#1116 = CARTESIAN_POINT ( 'NONE',  ( 0.000000000000000000, 1.056307058905370433E-15, -8.500000000000000000 ) ) ;
#1117 = LINE ( 'NONE', #911, #711 ) ;
#1118 = FACE_OUTER_BOUND ( 'NONE', #1256, .T. ) ;
#1119 = CARTESIAN_POINT ( 'NONE',  ( 0.000000000000000000, 1.056307058905370630E-15, 3.851757643251606300 ) ) ;
#1120 = CARTESIAN_POINT ( 'NONE',  ( 0.000000000000000000, 1.056307058905370630E-15, 8.500000000000000000 ) ) ;
#1121 = CARTESIAN_POINT ( 'NONE',  ( 0.000000000000000000, 2.358139725155972144E-15, 6.000000000000000000 ) ) ;
#1122 = DIRECTION ( 'NONE',  ( 0.000000000000000000, 0.000000000000000000, -1.000000000000000000 ) ) ;
#1123 = CARTESIAN_POINT ( 'NONE',  ( 2.000000000000000000, 1.154700538379251684, 6.000000000000000000 ) ) ;
#1124 = EDGE_LOOP ( 'NONE', ( #440, #849, #871, #341, #473, #877 ) ) ;
#1125 = AXIS2_PLACEMENT_3D ( 'NONE', #105, #495, #186 ) ;
#1126 = CIRCLE ( 'NONE', #586, 4.226660071625804704 ) ;
#1127 = DIRECTION ( 'NONE',  ( -0.000000000000000000, 1.132899967286609269E-32, 1.000000000000000000 ) ) ;
#1128 = DIRECTION ( 'NONE',  ( -0.000000000000000000, -0.000000000000000000, 1.000000000000000000 ) ) ;
#1129 = DIRECTION ( 'NONE',  ( 1.000000000000000000, 0.000000000000000000, 0.000000000000000000 ) ) ;
#1130 = AXIS2_PLACEMENT_3D ( 'NONE', #167, #1293, #1076 ) ;
#1131 = DIRECTION ( 'NONE',  ( -0.000000000000000000, 1.132899967286609269E-32, 1.000000000000000000 ) ) ;
#1132 = ADVANCED_FACE ( 'NONE', ( #1118 ), #1207, .T. ) ;
#1133 = ORIENTED_EDGE ( 'NONE', *, *, #357, .F. ) ;
#1134 = UNCERTAINTY_MEASURE_WITH_UNIT (LENGTH_MEASURE( 1.000000000000000082E-05 ), #823, 'distance_accuracy_value', 'NONE');
#1135 = DIRECTION ( 'NONE',  ( 0.000000000000000000, -0.000000000000000000, -1.000000000000000000 ) ) ;
#1136 = DIRECTION ( 'NONE',  ( -0.000000000000000000, 1.132899967286609269E-32, 1.000000000000000000 ) ) ;
#1137 = EDGE_LOOP ( 'NONE', ( #1232, #75, #692, #961 ) ) ;
#1138 = ORIENTED_EDGE ( 'NONE', *, *, #396, .T. ) ;
#1139 = CARTESIAN_POINT ( 'NONE',  ( 0.000000000000000000, 1.056307058905370433E-15, -7.980384757729341416 ) ) ;
#1140 = DIRECTION ( 'NONE',  ( -0.000000000000000000, 1.132899967286609269E-32, 1.000000000000000000 ) ) ;
#1141 = ORIENTED_EDGE ( 'NONE', *, *, #860, .T. ) ;
#1142 = DIRECTION ( 'NONE',  ( 0.000000000000000000, -1.000000000000000000, 0.000000000000000000 ) ) ;
#1143 = VECTOR ( 'NONE', #1018, 1000.000000000000000 ) ;
#1144 = AXIS2_PLACEMENT_3D ( 'NONE', #1120, #814, #512 ) ;
#1145 = EDGE_LOOP ( 'NONE', ( #1190, #149, #532, #1062 ) ) ;
#1146 = FACE_OUTER_BOUND ( 'NONE', #592, .T. ) ;
#1147 = DIRECTION ( 'NONE',  ( 8.659560562354961208E-17, -0.7071067811865497932, -0.7071067811865452413 ) ) ;
#1148 = VERTEX_POINT ( 'NONE', #187 ) ;
#1149 = DIRECTION ( 'NONE',  ( 0.000000000000000000, -1.132899967286609269E-32, -1.000000000000000000 ) ) ;
#1150 = EDGE_CURVE ( 'NONE', #437, #894, #997, .T. ) ;
#1151 = CIRCLE ( 'NONE', #183, 2.000000000000000000 ) ;
#1152 = COORDINATED_UNIVERSAL_TIME_OFFSET ( 6, 0, .BEHIND. ) ;
#1153 = ORIENTED_EDGE ( 'NONE', *, *, #1303, .F. ) ;
#1154 = DIRECTION ( 'NONE',  ( 0.000000000000000000, 1.000000000000000000, 0.000000000000000000 ) ) ;
#1155 = ORIENTED_EDGE ( 'NONE', *, *, #389, .F. ) ;
#1156 = DIRECTION ( 'NONE',  ( 0.000000000000000000, -1.132899967286609269E-32, -1.000000000000000000 ) ) ;
#1157 = ORIENTED_EDGE ( 'NONE', *, *, #1020, .F. ) ;
#1158 = ORIENTED_EDGE ( 'NONE', *, *, #614, .F. ) ;
#1159 = DIRECTION ( 'NONE',  ( -0.000000000000000000, -0.000000000000000000, -1.000000000000000000 ) ) ;
#1160 = ORIENTED_EDGE ( 'NONE', *, *, #1098, .T. ) ;
#1161 = CARTESIAN_POINT ( 'NONE',  ( 0.000000000000000000, 2.358139725155972144E-15, 6.000000000000000000 ) ) ;
#1162 = VERTEX_POINT ( 'NONE', #411 ) ;
#1163 = AXIS2_PLACEMENT_3D ( 'NONE', #1314, #493, #390 ) ;
#1164 = AXIS2_PLACEMENT_3D ( 'NONE', #740, #1149, #853 ) ;
#1165 = VERTEX_POINT ( 'NONE', #913 ) ;
#1166 = LOCAL_TIME ( 14, 14, 45.00000000000000000, #224 ) ;
#1167 = CARTESIAN_POINT ( 'NONE',  ( -1.928646437254724511, -1.195896537037873575, 8.459736218700074417 ) ) ;
#1168 = ADVANCED_FACE ( 'NONE', ( #611 ), #629, .T. ) ;
#1169 = EDGE_LOOP ( 'NONE', ( #133, #1196, #1052, #647 ) ) ;
#1170 = DIRECTION ( 'NONE',  ( 0.000000000000000000, 1.000000000000000000, 0.000000000000000000 ) ) ;
#1171 = EDGE_CURVE ( 'NONE', #511, #545, #793, .T. ) ;
#1172 = EDGE_LOOP ( 'NONE', ( #1086, #469, #526, #662 ) ) ;
#1173 = ORIENTED_EDGE ( 'NONE', *, *, #124, .F. ) ;
#1174 = DIRECTION ( 'NONE',  ( -1.000000000000000000, 0.000000000000000000, 0.000000000000000000 ) ) ;
#1175 = CARTESIAN_POINT ( 'NONE',  ( 0.000000000000000000, 1.056307058905370630E-15, 3.523339928374197072 ) ) ;
#1176 = ORIENTED_EDGE ( 'NONE', *, *, #124, .T. ) ;
#1177 = DIRECTION ( 'NONE',  ( -0.000000000000000000, 1.132899967286609269E-32, 1.000000000000000000 ) ) ;
#1178 = ORIENTED_EDGE ( 'NONE', *, *, #897, .F. ) ;
#1179 = DIRECTION ( 'NONE',  ( 0.000000000000000000, -0.7071067811865474617, 0.7071067811865475727 ) ) ;
#1180 = CARTESIAN_POINT ( 'NONE',  ( -2.309401076758502480, 2.828200636599743720E-16, 8.500000000000000000 ) ) ;
#1181 = LINE ( 'NONE', #1015, #480 ) ;
#1182 = EDGE_LOOP ( 'NONE', ( #659, #412, #369, #838, #46, #858, #1040, #338, #455, #25 ) ) ;
#1183 = ORIENTED_EDGE ( 'NONE', *, *, #1150, .T. ) ;
#1184 = CARTESIAN_POINT ( 'NONE',  ( -1.899999999999998801, 1.212435565298215057, 6.000000000000000000 ) ) ;
#1185 = AXIS2_PLACEMENT_3D ( 'NONE', #986, #890, #976 ) ;
#1186 = AXIS2_PLACEMENT_3D ( 'NONE', #510, #825, #922 ) ;
#1187 = DIRECTION ( 'NONE',  ( 0.000000000000000000, -1.132899967286609269E-32, -1.000000000000000000 ) ) ;
#1188 = DIRECTION ( 'NONE',  ( 0.000000000000000000, -1.000000000000000000, 1.132899967286609269E-32 ) ) ;
#1189 = ADVANCED_FACE ( 'NONE', ( #327 ), #315, .F. ) ;
#1190 = ORIENTED_EDGE ( 'NONE', *, *, #99, .T. ) ;
#1191 = SECURITY_CLASSIFICATION_LEVEL ( 'unclassified' ) ;
#1192 = CIRCLE ( 'NONE', #613, 2.309401076758502480 ) ;
#1193 = CARTESIAN_POINT ( 'NONE',  ( -6.505213034913026604E-16, -2.078460969082650767, 6.000000000000000000 ) ) ;
#1194 = CARTESIAN_POINT ( 'NONE',  ( 1.928646437254724733, 1.195896537037874907, 8.459736218700077970 ) ) ;
#1195 = DIRECTION ( 'NONE',  ( 0.000000000000000000, -1.000000000000000000, 0.000000000000000000 ) ) ;
#1196 = ORIENTED_EDGE ( 'NONE', *, *, #987, .T. ) ;
#1197 = ADVANCED_FACE ( 'NONE', ( #12 ), #639, .T. ) ;
#1198 = CARTESIAN_POINT ( 'NONE',  ( -1.999999999999999112, 0.1816448168043618694, 8.190598923241498852 ) ) ;
#1199 = CARTESIAN_POINT ( 'NONE',  ( -2.309401076758502480, 2.828200636599743720E-16, 8.500000000000000000 ) ) ;
#1200 = CARTESIAN_POINT ( 'NONE',  ( 0.1000000000000234035, -2.251666049839524675, 8.444484457158408119 ) ) ;
#1201 = ORIENTED_EDGE ( 'NONE', *, *, #1031, .T. ) ;
#1202 = CARTESIAN_POINT ( 'NONE',  ( 1.899999999999998801, -1.212435565298213280, 6.000000000000000000 ) ) ;
#1203 = CARTESIAN_POINT ( 'NONE',  ( 4.808472961108187141E-16, 3.898242356748394144, 8.500000000000001776 ) ) ;
#1204 = VECTOR ( 'NONE', #1214, 1000.000000000000000 ) ;
#1205 = EDGE_CURVE ( 'NONE', #421, #813, #1024, .T. ) ;
#1206 = DIRECTION ( 'NONE',  ( 0.4999999999999999445, 0.8660254037844387076, 0.000000000000000000 ) ) ;
#1207 = CONICAL_SURFACE ( 'NONE', #462, 4.226660071625804704, 0.7853981633974514986 ) ;
#1208 = AXIS2_PLACEMENT_3D ( 'NONE', #123, #1238, #1230 ) ;
#1209 = DIRECTION ( 'NONE',  ( 0.000000000000000000, -1.000000000000000000, 0.000000000000000000 ) ) ;
#1210 = FACE_OUTER_BOUND ( 'NONE', #1283, .T. ) ;
#1211 = CIRCLE ( 'NONE', #806, 2.000000000000000000 ) ;
#1212 = CC_DESIGN_DATE_AND_TIME_ASSIGNMENT ( #16, #546, ( #1061 ) ) ;
#1213 = DIRECTION ( 'NONE',  ( 0.8660254037844384856, -0.5000000000000001110, 0.000000000000000000 ) ) ;
#1214 = DIRECTION ( 'NONE',  ( -0.000000000000000000, 1.132899967286609269E-32, 1.000000000000000000 ) ) ;
#1215 = DIRECTION ( 'NONE',  ( -0.000000000000000000, 1.132899967286609269E-32, 1.000000000000000000 ) ) ;
#1216 = CARTESIAN_POINT ( 'NONE',  ( 1.999999999999998224, -1.039230484541349586, 8.444484457158386803 ) ) ;
#1217 = FACE_OUTER_BOUND ( 'NONE', #951, .T. ) ;
#1218 = DIRECTION ( 'NONE',  ( -0.000000000000000000, -0.000000000000000000, -1.000000000000000000 ) ) ;
#1219 = DIRECTION ( 'NONE',  ( 0.000000000000000000, 0.000000000000000000, 1.000000000000000000 ) ) ;
#1220 = VERTEX_POINT ( 'NONE', #228 ) ;
#1221 = CARTESIAN_POINT ( 'NONE',  ( -0.6837713634610779190, -1.914625496000090799, 8.216845785978183159 ) ) ;
#1222 = CARTESIAN_POINT ( 'NONE',  ( -1.999999999999999556, -1.154700538379249908, 6.000000000000000000 ) ) ;
#1223 = LINE ( 'NONE', #418, #1055 ) ;
#1224 = DIRECTION ( 'NONE',  ( -0.000000000000000000, 1.132899967286609269E-32, 1.000000000000000000 ) ) ;
#1225 = AXIS2_PLACEMENT_3D ( 'NONE', #1193, #764, #1174 ) ;
#1226 = ORIENTED_EDGE ( 'NONE', *, *, #454, .F. ) ;
#1227 = CONICAL_SURFACE ( 'NONE', #926, 3.954589928374197427, 0.7853981633974482790 ) ;
#1228 = EDGE_CURVE ( 'NONE', #528, #437, #502, .T. ) ;
#1229 = LINE ( 'NONE', #314, #884 ) ;
#1230 = DIRECTION ( 'NONE',  ( 0.000000000000000000, -1.000000000000000000, 0.000000000000000000 ) ) ;
#1231 = B_SPLINE_CURVE_WITH_KNOTS ( 'NONE', 3,
 ( #347, #1242, #1033, #661, #428, #755 ),
 .UNSPECIFIED., .F., .F.,
 ( 4, 2, 4 ),
 ( 9.232922090087854945E-18, 0.0001080138242822585218, 0.0002160276485645078279 ),
 .UNSPECIFIED. ) ;
#1232 = ORIENTED_EDGE ( 'NONE', *, *, #721, .T. ) ;
#1233 = ADVANCED_FACE ( 'NONE', ( #423 ), #1042, .T. ) ;
#1234 = APPROVAL ( #120, 'UNSPECIFIED' ) ;
#1235 = CARTESIAN_POINT ( 'NONE',  ( -1.152848186053720081, -1.643803866205614250, 8.190260938740275165 ) ) ;
#1236 = ORIENTED_EDGE ( 'NONE', *, *, #444, .T. ) ;
#1237 = CARTESIAN_POINT ( 'NONE',  ( 4.842975897723819173E-16, 3.954589928374196539, 8.476660071625804704 ) ) ;
#1238 = DIRECTION ( 'NONE',  ( -0.000000000000000000, 1.132899967286609269E-32, 1.000000000000000000 ) ) ;
#1239 = ORIENTED_EDGE ( 'NONE', *, *, #738, .T. ) ;
#1240 = DIRECTION ( 'NONE',  ( -0.000000000000000000, 1.132899967286609269E-32, 1.000000000000000000 ) ) ;
#1241 = ORIENTED_EDGE ( 'NONE', *, *, #580, .T. ) ;
#1242 = CARTESIAN_POINT ( 'NONE',  ( 1.999999999999997780, -1.072308541062006126, 8.459736218700165011 ) ) ;
#1243 = EDGE_CURVE ( 'NONE', #1058, #108, #179, .T. ) ;
#1244 = CARTESIAN_POINT ( 'NONE',  ( 5.176165727800464532E-16, -4.226660071625803816, 8.204589928374199204 ) ) ;
#1245 = ORIENTED_EDGE ( 'NONE', *, *, #444, .F. ) ;
#1246 = DIRECTION ( 'NONE',  ( -1.000000000000000000, 0.000000000000000000, 0.000000000000000000 ) ) ;
#1247 = VECTOR ( 'NONE', #138, 999.9999999999998863 ) ;
#1248 = AXIS2_PLACEMENT_3D ( 'NONE', #590, #1131, #86 ) ;
#1249 = CIRCLE ( 'NONE', #993, 2.499999999999999556 ) ;
#1250 = DATE_AND_TIME ( #376, #608 ) ;
#1251 = ORIENTED_EDGE ( 'NONE', *, *, #1071, .F. ) ;
#1252 = DIRECTION ( 'NONE',  ( 1.224646799147358138E-16, 1.000000000000000000, 0.000000000000000000 ) ) ;
#1253 = ORIENTED_EDGE ( 'NONE', *, *, #925, .F. ) ;
#1254 = CARTESIAN_POINT ( 'NONE',  ( -1.159411470725570936, 1.640014552033554729, 8.190944087187116196 ) ) ;
#1255 = ORIENTED_EDGE ( 'NONE', *, *, #388, .T. ) ;
#1256 = EDGE_LOOP ( 'NONE', ( #768, #1153, #557, #103 ) ) ;
#1257 = DIRECTION ( 'NONE',  ( -0.8660254037844387076, -0.4999999999999998890, 0.000000000000000000 ) ) ;
#1258 = ORIENTED_EDGE ( 'NONE', *, *, #194, .F. ) ;
#1259 = CARTESIAN_POINT ( 'NONE',  ( 0.09999999999999927003, -2.251666049839538442, 6.000000000000000000 ) ) ;
#1260 = EDGE_LOOP ( 'NONE', ( #727, #718, #1266, #862 ) ) ;
#1261 = EDGE_CURVE ( 'NONE', #129, #1077, #870, .T. ) ;
#1262 = PERSON_AND_ORGANIZATION_ROLE ( 'creator' ) ;
#1263 = ORIENTED_EDGE ( 'NONE', *, *, #927, .F. ) ;
#1264 = ADVANCED_FACE ( 'NONE', ( #116 ), #287, .T. ) ;
#1265 = DIRECTION ( 'NONE',  ( 0.000000000000000000, -1.000000000000000000, 0.000000000000000000 ) ) ;
#1266 = ORIENTED_EDGE ( 'NONE', *, *, #1322, .F. ) ;
#1267 = DIRECTION ( 'NONE',  ( 0.000000000000000000, 1.000000000000000000, 0.000000000000000000 ) ) ;
#1268 = ORIENTED_EDGE ( 'NONE', *, *, #738, .F. ) ;
#1269 = CIRCLE ( 'NONE', #1185, 0.07968749999999989730 ) ;
#1270 = AXIS2_PLACEMENT_3D ( 'NONE', #281, #691, #1219 ) ;
#1271 = ORGANIZATION ( 'UNSPECIFIED', 'UNSPECIFIED', '' ) ;
#1272 = DIRECTION ( 'NONE',  ( 0.000000000000000000, 1.000000000000000000, 0.000000000000000000 ) ) ;
#1273 = CARTESIAN_POINT ( 'NONE',  ( 0.000000000000000000, -4.250000000000000000, 3.851757643251606300 ) ) ;
#1274 = VERTEX_POINT ( 'NONE', #303 ) ;
#1275 = CARTESIAN_POINT ( 'NONE',  ( 0.8405885292744282866, 1.824087063104200546, 8.190944087187112643 ) ) ;
#1276 = ORIENTED_EDGE ( 'NONE', *, *, #388, .F. ) ;
#1277 = AXIS2_PLACEMENT_3D ( 'NONE', #95, #508, #916 ) ;
#1278 = CARTESIAN_POINT ( 'NONE',  ( 0.000000000000000000, 1.056307058905370433E-15, -8.500000000000000000 ) ) ;
#1279 = CARTESIAN_POINT ( 'NONE',  ( 0.000000000000000000, 2.000000000000000000, 6.000000000000000000 ) ) ;
#1280 = B_SPLINE_CURVE_WITH_KNOTS ( 'NONE', 3,
 ( #1101, #1286, #582, #970, #471, #371, #385, #476, #685, #1095 ),
 .UNSPECIFIED., .F., .F.,
 ( 4, 2, 2, 2, 4 ),
 ( 0.0001268304123778830927, 0.0006601496066918051495, 0.001193468801005727071, 0.001726787995319649209, 0.002260107189633570914 ),
 .UNSPECIFIED. ) ;
#1281 = FACE_OUTER_BOUND ( 'NONE', #1054, .T. ) ;
#1282 = VERTEX_POINT ( 'NONE', #1115 ) ;
#1283 = EDGE_LOOP ( 'NONE', ( #424, #521, #274, #13 ) ) ;
#1284 = CARTESIAN_POINT ( 'NONE',  ( 0.000000000000000000, -3.954589928374196539, 3.523339928374197072 ) ) ;
#1285 = ADVANCED_FACE ( 'NONE', ( #1210 ), #722, .T. ) ;
#1286 = CARTESIAN_POINT ( 'NONE',  ( 1.758820561781463843, -1.293945551957724538, 8.369318561058980421 ) ) ;
#1287 = ADVANCED_FACE ( 'NONE', ( #1318 ), #72, .T. ) ;
#1288 = CARTESIAN_POINT ( 'NONE',  ( 1.999999999999999556, 0.1816448168043612033, 8.190598923241498852 ) ) ;
#1289 = EDGE_LOOP ( 'NONE', ( #463, #1141, #667, #21 ) ) ;
#1290 = COORDINATED_UNIVERSAL_TIME_OFFSET ( 6, 0, .BEHIND. ) ;
#1291 = DIRECTION ( 'NONE',  ( 0.000000000000000000, 0.000000000000000000, 1.000000000000000000 ) ) ;
#1292 = VECTOR ( 'NONE', #184, 1000.000000000000000 ) ;
#1293 = DIRECTION ( 'NONE',  ( 0.4999999999999997224, -0.8660254037844388186, 0.000000000000000000 ) ) ;
#1294 = CARTESIAN_POINT ( 'NONE',  ( 0.000000000000000000, -4.250000000000000000, 8.500000000000000000 ) ) ;
#1295 = ADVANCED_FACE ( 'NONE', ( #1308 ), #714, .T. ) ;
#1296 = ORIENTED_EDGE ( 'NONE', *, *, #435, .F. ) ;
#1297 = AXIS2_PLACEMENT_3D ( 'NONE', #494, #706, #391 ) ;
#1298 = CARTESIAN_POINT ( 'NONE',  ( -1.899999999999998801, 1.212435565298214835, 6.000000000000000000 ) ) ;
#1299 = CARTESIAN_POINT ( 'NONE',  ( 1.757591503779408093, 1.294655148926062704, 8.368664193487925118 ) ) ;
#1300 = ORIENTED_EDGE ( 'NONE', *, *, #165, .F. ) ;
#1301 = EDGE_CURVE ( 'NONE', #255, #142, #241, .T. ) ;
#1302 = CARTESIAN_POINT ( 'NONE',  ( 1.999999999999999112, -0.3593019115243414330, 8.215705241290454097 ) ) ;
#1303 = EDGE_CURVE ( 'NONE', #766, #421, #1313, .T. ) ;
#1304 = FACE_OUTER_BOUND ( 'NONE', #565, .T. ) ;
#1305 = DIRECTION ( 'NONE',  ( -0.000000000000000000, 1.132899967286609269E-32, 1.000000000000000000 ) ) ;
#1306 = EDGE_CURVE ( 'NONE', #461, #534, #822, .T. ) ;
#1307 = DIRECTION ( 'NONE',  ( -0.000000000000000000, 0.000000000000000000, -1.000000000000000000 ) ) ;
#1308 = FACE_OUTER_BOUND ( 'NONE', #1025, .T. ) ;
#1309 = FACE_OUTER_BOUND ( 'NONE', #325, .T. ) ;
#1310 = AXIS2_PLACEMENT_3D ( 'NONE', #1119, #1114, #601 ) ;
#1311 = CARTESIAN_POINT ( 'NONE',  ( -1.799999999999998712, 1.039230484541327160, 6.000000000000000000 ) ) ;
#1312 = CARTESIAN_POINT ( 'NONE',  ( 1.899999999999999911, 1.212435565298214168, 6.000000000000000000 ) ) ;
#1313 = CIRCLE ( 'NONE', #658, 3.954589928374196539 ) ;
#1314 = CARTESIAN_POINT ( 'NONE',  ( 1.799999999999998268, -1.039230484541325605, 6.000000000000000000 ) ) ;
#1315 = CARTESIAN_POINT ( 'NONE',  ( 0.000000000000000000, -6.740754805355325486E-31, 8.500000000000000000 ) ) ;
#1316 = DIRECTION ( 'NONE',  ( -0.000000000000000000, 1.132899967286609269E-32, 1.000000000000000000 ) ) ;
#1317 = CARTESIAN_POINT ( 'NONE',  ( -1.999999999999998668, -0.3593019115243402672, 8.215705241290450545 ) ) ;
#1318 = FACE_OUTER_BOUND ( 'NONE', #640, .T. ) ;
#1319 = CARTESIAN_POINT ( 'NONE',  ( 2.000000000000000000, 8.558251264188123238E-16, 6.000000000000000000 ) ) ;
#1320 = CARTESIAN_POINT ( 'NONE',  ( -1.000000000000000222, -1.732050807568874751, 6.000000000000000000 ) ) ;
#1321 = CARTESIAN_POINT ( 'NONE',  ( -1.999999999999999556, -1.039230484541348032, 8.444484457158386803 ) ) ;
#1322 = EDGE_CURVE ( 'NONE', #458, #1274, #1249, .T. ) ;
#1323 = ORIENTED_EDGE ( 'NONE', *, *, #594, .T. ) ;
#1324 = DIRECTION ( 'NONE',  ( -0.000000000000000000, 1.132899967286609269E-32, 1.000000000000000000 ) ) ;
#1325 = DIRECTION ( 'NONE',  ( 1.084202172485504434E-15, 1.000000000000000000, 0.000000000000000000 ) ) ;
ENDSEC;
END-ISO-10303-21;
