ISO-10303-21;
HEADER;
FILE_DESCRIPTION (( 'STEP AP203' ),
    '1' );
FILE_NAME ('93625A225_NO THREADS_18-8 Stainless Steel Nylon-Insert Locknut.STEP',
    '2026-01-08T05:45:15',
    ( 'McMaster Carr Supply' ),
    ( 'McMaster Carr Supply' ),
    'SwSTEP 2.0',
    'SolidWorks 2024',
    '' );
FILE_SCHEMA (( 'CONFIG_CONTROL_DESIGN' ));
ENDSEC;

DATA;
#1 = ADVANCED_FACE ( 'NONE', ( #664 ), #512, .F. ) ;
#2 = B_SPLINE_CURVE_WITH_KNOTS ( 'NONE', 3,
 ( #1219, #86, #710, #325 ),
 .UNSPECIFIED., .F., .F.,
 ( 4, 4 ),
 ( 2.878927149363385052E-15, 0.0002173906396370438288 ),
 .UNSPECIFIED. ) ;
#3 = CYLINDRICAL_SURFACE ( 'NONE', #26, 0.4118518518518524685 ) ;
#4 = EDGE_CURVE ( 'NONE', #838, #1442, #906, .T. ) ;
#5 = AXIS2_PLACEMENT_3D ( 'NONE', #544, #184, #431 ) ;
#6 = VERTEX_POINT ( 'NONE', #1288 ) ;
#7 = CARTESIAN_POINT ( 'NONE',  ( 2.000000000000000888, -2.499999999999999112, 3.464101615137754386 ) ) ;
#8 = DIRECTION ( 'NONE',  ( 0.000000000000000000, 1.000000000000000000, 0.000000000000000000 ) ) ;
#9 = CARTESIAN_POINT ( 'NONE',  ( 8.673617379884035472E-16, -2.137552331008732320, 0.000000000000000000 ) ) ;
#10 = FACE_OUTER_BOUND ( 'NONE', #543, .T. ) ;
#11 = DIRECTION ( 'NONE',  ( 0.000000000000000000, 0.000000000000000000, 1.000000000000000000 ) ) ;
#12 = ORIENTED_EDGE ( 'NONE', *, *, #4, .F. ) ;
#13 = CARTESIAN_POINT ( 'NONE',  ( -0.07235223785681225983, -2.179519533793506270, 4.555088450303001579 ) ) ;
#14 = DIRECTION ( 'NONE',  ( -0.000000000000000000, -1.000000000000000000, -0.000000000000000000 ) ) ;
#15 = CARTESIAN_POINT ( 'NONE',  ( -1.696167102488635114, 1.413348332598739931, -3.639519620304604963 ) ) ;
#16 = CARTESIAN_POINT ( 'NONE',  ( 8.673617379884035472E-16, 2.325000000000000622, 0.000000000000000000 ) ) ;
#17 = ORIENTED_EDGE ( 'NONE', *, *, #19, .T. ) ;
#18 = CARTESIAN_POINT ( 'NONE',  ( 3.999999999999999112, -2.472597193788306669, 0.7029683645108590895 ) ) ;
#19 = EDGE_CURVE ( 'NONE', #1568, #578, #889, .T. ) ;
#20 = CARTESIAN_POINT ( 'NONE',  ( -3.908822612746234881, -2.179486533593310238, -2.340023217003305955 ) ) ;
#21 = VECTOR ( 'NONE', #1521, 1000.000000000000000 ) ;
#22 = ADVANCED_FACE ( 'NONE', ( #1694 ), #1320, .T. ) ;
#23 = DIRECTION ( 'NONE',  ( -0.000000000000000000, 1.000000000000000000, -0.000000000000000000 ) ) ;
#24 = CIRCLE ( 'NONE', #448, 2.899999999999998135 ) ;
#25 = EDGE_LOOP ( 'NONE', ( #131, #1394 ) ) ;
#26 = AXIS2_PLACEMENT_3D ( 'NONE', #139, #1534, #257 ) ;
#27 = B_SPLINE_CURVE_WITH_KNOTS ( 'NONE', 3,
 ( #501, #15, #1294, #896, #151, #1546 ),
 .UNSPECIFIED., .F., .F.,
 ( 4, 2, 4 ),
 ( 0.002336974151641549053, 0.003378785994338391607, 0.004420597837035234595 ),
 .UNSPECIFIED. ) ;
#28 = ORIENTED_EDGE ( 'NONE', *, *, #309, .F. ) ;
#29 = DIRECTION ( 'NONE',  ( 0.000000000000000000, 0.000000000000000000, 1.000000000000000000 ) ) ;
#30 = AXIS2_PLACEMENT_3D ( 'NONE', #254, #137, #527 ) ;
#31 = CARTESIAN_POINT ( 'NONE',  ( 8.673617379884035472E-16, 2.500000000000000000, 0.000000000000000000 ) ) ;
#32 = EDGE_CURVE ( 'NONE', #606, #343, #405, .T. ) ;
#33 = DIRECTION ( 'NONE',  ( 0.000000000000000000, 0.000000000000000000, 1.000000000000000000 ) ) ;
#34 = DIRECTION ( 'NONE',  ( -0.000000000000000000, 1.000000000000000000, -0.000000000000000000 ) ) ;
#35 = ORIENTED_EDGE ( 'NONE', *, *, #1495, .T. ) ;
#36 = DIRECTION ( 'NONE',  ( 0.000000000000000000, 0.000000000000000000, 1.000000000000000000 ) ) ;
#37 = DIRECTION ( 'NONE',  ( 0.000000000000000000, 0.000000000000000000, 1.000000000000000000 ) ) ;
#38 = CYLINDRICAL_SURFACE ( 'NONE', #368, 2.899999999999998135 ) ;
#39 = EDGE_CURVE ( 'NONE', #1216, #1089, #138, .T. ) ;
#40 = ORIENTED_EDGE ( 'NONE', *, *, #716, .T. ) ;
#41 = CARTESIAN_POINT ( 'NONE',  ( 3.999999999999994227, -2.189835713167236353, -2.142505617728012624 ) ) ;
#42 = FACE_OUTER_BOUND ( 'NONE', #540, .T. ) ;
#43 = CARTESIAN_POINT ( 'NONE',  ( 8.673617379884035472E-16, 1.413348332598736823, 0.000000000000000000 ) ) ;
#44 = CYLINDRICAL_SURFACE ( 'NONE', #1485, 2.500000000000002665 ) ;
#45 = CONICAL_SURFACE ( 'NONE', #1657, 4.627777777777778212, 1.047197551196595189 ) ;
#46 = TOROIDAL_SURFACE ( 'NONE', #1692, 3.649999999999999911, 0.3500000000000006994 ) ;
#47 = CIRCLE ( 'NONE', #1001, 2.899999999999998135 ) ;
#48 = CARTESIAN_POINT ( 'NONE',  ( 8.673617379884035472E-16, -2.137552331008732320, 0.000000000000000000 ) ) ;
#49 = DIRECTION ( 'NONE',  ( 0.000000000000000000, 0.000000000000000000, 1.000000000000000000 ) ) ;
#50 = ADVANCED_FACE ( 'NONE', ( #10 ), #68, .T. ) ;
#51 = COORDINATED_UNIVERSAL_TIME_OFFSET ( 6, 0, .BEHIND. ) ;
#52 = CONICAL_SURFACE ( 'NONE', #1275, 2.500000000000000000, 1.047197551196601850 ) ;
#53 = CARTESIAN_POINT ( 'NONE',  ( 8.673617379884035472E-16, 2.149999999999999911, 0.000000000000000000 ) ) ;
#54 = DIRECTION ( 'NONE',  ( 0.000000000000000000, 0.000000000000000000, 1.000000000000000000 ) ) ;
#55 = EDGE_LOOP ( 'NONE', ( #213, #1396, #17, #216 ) ) ;
#56 = EDGE_LOOP ( 'NONE', ( #1638, #1380 ) ) ;
#57 = CARTESIAN_POINT ( 'NONE',  ( 8.673617379884035472E-16, 2.149999999999999911, 0.000000000000000000 ) ) ;
#58 = ORIENTED_EDGE ( 'NONE', *, *, #678, .F. ) ;
#59 = DIRECTION ( 'NONE',  ( 0.000000000000000000, 0.000000000000000000, 1.000000000000000000 ) ) ;
#60 = ORIENTED_EDGE ( 'NONE', *, *, #525, .T. ) ;
#61 = CARTESIAN_POINT ( 'NONE',  ( 8.673617379884035472E-16, 2.325000000000000622, 0.000000000000000000 ) ) ;
#62 = ORIENTED_EDGE ( 'NONE', *, *, #809, .F. ) ;
#63 = DIRECTION ( 'NONE',  ( 0.000000000000000000, 1.000000000000000000, 0.000000000000000000 ) ) ;
#64 = ADVANCED_FACE ( 'NONE', ( #1306 ), #1233, .T. ) ;
#65 = CARTESIAN_POINT ( 'NONE',  ( 8.673617379884035472E-16, 1.413348332598738155, 0.000000000000000000 ) ) ;
#66 = EDGE_CURVE ( 'NONE', #1584, #208, #1174, .T. ) ;
#67 = CARTESIAN_POINT ( 'NONE',  ( -1.104904969831646197E-13, -2.179519533792974695, 4.555088450304013215 ) ) ;
#68 = CONICAL_SURFACE ( 'NONE', #1024, 2.500000000000000000, 1.047197551196601850 ) ;
#69 = EDGE_LOOP ( 'NONE', ( #182, #1250 ) ) ;
#70 = AXIS2_PLACEMENT_3D ( 'NONE', #432, #951, #958 ) ;
#71 = VECTOR ( 'NONE', #1578, 1000.000000000000000 ) ;
#72 = CARTESIAN_POINT ( 'NONE',  ( -0.2059259259233596762, 1.122005773542118279, 4.499910764752034886 ) ) ;
#73 = AXIS2_PLACEMENT_3D ( 'NONE', #874, #116, #1284 ) ;
#74 = ORIENTED_EDGE ( 'NONE', *, *, #1602, .T. ) ;
#75 = EDGE_LOOP ( 'NONE', ( #82, #1560, #1175, #314 ) ) ;
#76 = CYLINDRICAL_SURFACE ( 'NONE', #1462, 0.4118518518518524685 ) ;
#77 = PERSON_AND_ORGANIZATION_ROLE ( 'classification_officer' ) ;
#78 = EDGE_CURVE ( 'NONE', #625, #1653, #666, .T. ) ;
#79 = B_SPLINE_CURVE_WITH_KNOTS ( 'NONE', 3,
 ( #490, #150, #1138, #1673 ),
 .UNSPECIFIED., .F., .F.,
 ( 4, 4 ),
 ( 0.0002449788594572728452, 0.002336974151641549053 ),
 .UNSPECIFIED. ) ;
#80 = DIRECTION ( 'NONE',  ( 0.000000000000000000, 1.000000000000000000, 0.000000000000000000 ) ) ;
#81 = CARTESIAN_POINT ( 'NONE',  ( 8.673617379884035472E-16, 2.500000000000000000, 0.000000000000000000 ) ) ;
#82 = ORIENTED_EDGE ( 'NONE', *, *, #1345, .F. ) ;
#83 = B_SPLINE_CURVE_WITH_KNOTS ( 'NONE', 3,
 ( #1668, #1134, #1011, #872, #230, #626 ),
 .UNSPECIFIED., .F., .F.,
 ( 4, 2, 4 ),
 ( 0.002336974151641545584, 0.003378785994338388138, 0.004420597837035231126 ),
 .UNSPECIFIED. ) ;
#84 = CARTESIAN_POINT ( 'NONE',  ( -0.7936157751880688060, -2.388838235329199033, -4.160607872079040703 ) ) ;
#85 = ORIENTED_EDGE ( 'NONE', *, *, #242, .F. ) ;
#86 = CARTESIAN_POINT ( 'NONE',  ( 0.1444544429738580937, 1.103159130803227139, -4.535401341980412226 ) ) ;
#87 = ORIENTED_EDGE ( 'NONE', *, *, #332, .F. ) ;
#88 = LINE ( 'NONE', #346, #503 ) ;
#89 = CARTESIAN_POINT ( 'NONE',  ( 1.314357819677187390E-15, 2.149999999999999911, -3.649999999999999911 ) ) ;
#90 = ORIENTED_EDGE ( 'NONE', *, *, #281, .F. ) ;
#91 = ADVANCED_FACE ( 'NONE', ( #1181 ), #1346, .T. ) ;
#92 = ORIENTED_EDGE ( 'NONE', *, *, #1114, .F. ) ;
#93 = PLANE ( 'NONE',  #161 ) ;
#94 = VERTEX_POINT ( 'NONE', #1147 ) ;
#95 = FACE_OUTER_BOUND ( 'NONE', #1289, .T. ) ;
#96 = DATE_AND_TIME ( #1672, #1135 ) ;
#97 = FACE_OUTER_BOUND ( 'NONE', #703, .T. ) ;
#98 = DIRECTION ( 'NONE',  ( 0.000000000000000000, 0.000000000000000000, 1.000000000000000000 ) ) ;
#99 = EDGE_LOOP ( 'NONE', ( #62, #506, #1237, #1665 ) ) ;
#100 = ORIENTED_EDGE ( 'NONE', *, *, #1438, .T. ) ;
#101 = CC_DESIGN_PERSON_AND_ORGANIZATION_ASSIGNMENT ( #1605, #792, ( #1059 ) ) ;
#102 = CARTESIAN_POINT ( 'NONE',  ( -3.794074074074075487, -2.499999999999999112, -2.428292465524958033 ) ) ;
#103 = VECTOR ( 'NONE', #195, 1000.000000000000000 ) ;
#104 = AXIS2_PLACEMENT_3D ( 'NONE', #396, #234, #1143 ) ;
#105 = EDGE_CURVE ( 'NONE', #474, #1096, #581, .T. ) ;
#106 = ORIENTED_EDGE ( 'NONE', *, *, #274, .F. ) ;
#107 = CARTESIAN_POINT ( 'NONE',  ( 3.794074074074071490, -2.208657440944164829, 2.428292465524961585 ) ) ;
#108 = AXIS2_PLACEMENT_3D ( 'NONE', #1300, #1282, #477 ) ;
#109 = DATE_AND_TIME ( #978, #943 ) ;
#110 = CARTESIAN_POINT ( 'NONE',  ( 8.673617379884035472E-16, -2.499999999999999112, 0.000000000000000000 ) ) ;
#111 = CARTESIAN_POINT ( 'NONE',  ( 8.673617379884035472E-16, -2.499999999999999112, 4.000000000000000888 ) ) ;
#112 = EDGE_LOOP ( 'NONE', ( #756, #1639, #1316, #1221 ) ) ;
#113 = CC_DESIGN_SECURITY_CLASSIFICATION ( #827, ( #1166 ) ) ;
#114 = CARTESIAN_POINT ( 'NONE',  ( -2.607687347554496160, -2.472669457721936137, -3.113253161444037076 ) ) ;
#115 = EDGE_LOOP ( 'NONE', ( #320, #901, #1441, #1372 ) ) ;
#116 = DIRECTION ( 'NONE',  ( -0.5000000000000002220, 0.000000000000000000, -0.8660254037844385966 ) ) ;
#117 = EDGE_CURVE ( 'NONE', #1216, #343, #1155, .T. ) ;
#118 = CARTESIAN_POINT ( 'NONE',  ( 0.2059259259259252905, -2.208657440944163941, -4.499910764750550740 ) ) ;
#119 = DIRECTION ( 'NONE',  ( 0.000000000000000000, 1.000000000000000000, 0.000000000000000000 ) ) ;
#120 = DIRECTION ( 'NONE',  ( 0.000000000000000000, -1.000000000000000000, 0.000000000000000000 ) ) ;
#121 = LINE ( 'NONE', #1549, #800 ) ;
#122 = ORIENTED_EDGE ( 'NONE', *, *, #219, .T. ) ;
#123 = CARTESIAN_POINT ( 'NONE',  ( 2.000000000000000888, -2.499999999999999112, 3.464101615137754386 ) ) ;
#124 = CARTESIAN_POINT ( 'NONE',  ( 0.2059259259259240693, 1.122005773542905871, 4.499910764750552516 ) ) ;
#125 = ADVANCED_FACE ( 'NONE', ( #793 ), #38, .F. ) ;
#126 = CARTESIAN_POINT ( 'NONE',  ( 0.2059259259233554296, -2.208657440943375683, 4.499910764752035774 ) ) ;
#127 = EDGE_LOOP ( 'NONE', ( #597, #335 ) ) ;
#128 = EDGE_CURVE ( 'NONE', #270, #918, #1514, .T. ) ;
#129 = PLANE ( 'NONE',  #290 ) ;
#130 = B_SPLINE_CURVE_WITH_KNOTS ( 'NONE', 3,
 ( #126, #400, #536, #1146 ),
 .UNSPECIFIED., .F., .F.,
 ( 4, 4 ),
 ( 0.0002449788594572719237, 0.002336974151641551221 ),
 .UNSPECIFIED. ) ;
#131 = ORIENTED_EDGE ( 'NONE', *, *, #1217, .F. ) ;
#132 = DIRECTION ( 'NONE',  ( 0.000000000000000000, 0.000000000000000000, 1.000000000000000000 ) ) ;
#133 = AXIS2_PLACEMENT_3D ( 'NONE', #607, #1126, #1099 ) ;
#134 = FACE_BOUND ( 'NONE', #1608, .T. ) ;
#135 = AXIS2_PLACEMENT_3D ( 'NONE', #497, #521, #1565 ) ;
#136 = VECTOR ( 'NONE', #272, 1000.000000000000000 ) ;
#137 = DIRECTION ( 'NONE',  ( -0.000000000000000000, 1.000000000000000000, -0.000000000000000000 ) ) ;
#138 = LINE ( 'NONE', #1414, #1344 ) ;
#139 = CARTESIAN_POINT ( 'NONE',  ( 3.588148148148145644, -2.499999999999999112, 2.071618299225591819 ) ) ;
#140 = CIRCLE ( 'NONE', #5, 0.1750000000000010991 ) ;
#141 = VERTEX_POINT ( 'NONE', #680 ) ;
#142 = DIRECTION ( 'NONE',  ( 0.000000000000000000, 0.000000000000000000, 1.000000000000000000 ) ) ;
#143 = DIRECTION ( 'NONE',  ( 0.000000000000000000, 0.000000000000000000, 1.000000000000000000 ) ) ;
#144 = DIRECTION ( 'NONE',  ( 0.000000000000000000, 1.000000000000000000, 0.000000000000000000 ) ) ;
#145 = DIRECTION ( 'NONE',  ( 0.000000000000000000, -1.000000000000000000, 0.000000000000000000 ) ) ;
#146 = CARTESIAN_POINT ( 'NONE',  ( 3.205347124796961822, 1.285147148250800120, -2.768194128169287005 ) ) ;
#147 = EDGE_CURVE ( 'NONE', #1613, #1330, #179, .T. ) ;
#148 = ORIENTED_EDGE ( 'NONE', *, *, #172, .T. ) ;
#149 = CARTESIAN_POINT ( 'NONE',  ( 3.999999999999998224, -2.208657440944165273, 2.071618299225590931 ) ) ;
#150 = CARTESIAN_POINT ( 'NONE',  ( -3.206384224811932526, -2.388838235329197257, 2.767595358196470734 ) ) ;
#151 = CARTESIAN_POINT ( 'NONE',  ( -0.4990968777013825575, 1.211889536292560354, -4.330648436824412251 ) ) ;
#152 = DIRECTION ( 'NONE',  ( 0.000000000000000000, 0.000000000000000000, 1.000000000000000000 ) ) ;
#153 = B_SPLINE_CURVE_WITH_KNOTS ( 'NONE', 3,
 ( #72, #341, #1505, #1105 ),
 .UNSPECIFIED., .F., .F.,
 ( 4, 4 ),
 ( 0.0002449788594572721947, 0.002336974151641545584 ),
 .UNSPECIFIED. ) ;
#154 = EDGE_CURVE ( 'NONE', #1121, #594, #1687, .T. ) ;
#155 = ORIENTED_EDGE ( 'NONE', *, *, #1071, .T. ) ;
#156 = CARTESIAN_POINT ( 'NONE',  ( -3.855444492352802843, 1.103190116387118724, -2.392860238011453866 ) ) ;
#157 = CARTESIAN_POINT ( 'NONE',  ( 8.673617379884035472E-16, 1.413348332598737045, 0.000000000000000000 ) ) ;
#158 = AXIS2_PLACEMENT_3D ( 'NONE', #65, #579, #481 ) ;
#159 = AXIS2_PLACEMENT_3D ( 'NONE', #31, #406, #923 ) ;
#160 = CARTESIAN_POINT ( 'NONE',  ( -4.000000000000001776, -2.208657440944162165, 2.071618299225592708 ) ) ;
#161 = AXIS2_PLACEMENT_3D ( 'NONE', #458, #836, #1247 ) ;
#162 = ORIENTED_EDGE ( 'NONE', *, *, #414, .F. ) ;
#163 = EDGE_LOOP ( 'NONE', ( #1310, #846, #1677, #523, #35, #1079 ) ) ;
#164 = CARTESIAN_POINT ( 'NONE',  ( 0.2059259259259240693, 1.122005773542905871, 4.499910764750552516 ) ) ;
#165 = DIRECTION ( 'NONE',  ( 0.000000000000000000, 0.000000000000000000, 1.000000000000000000 ) ) ;
#166 = EDGE_CURVE ( 'NONE', #1625, #586, #473, .T. ) ;
#167 = DIRECTION ( 'NONE',  ( 0.000000000000000000, 0.000000000000000000, 1.000000000000000000 ) ) ;
#168 = CARTESIAN_POINT ( 'NONE',  ( 0.1446368045769443056, 1.103215041346880199, 4.535296055459782316 ) ) ;
#169 = CARTESIAN_POINT ( 'NONE',  ( -4.000000000000000888, -2.189841783788781804, -2.142482754253053567 ) ) ;
#170 = EDGE_CURVE ( 'NONE', #386, #729, #796, .T. ) ;
#171 = CARTESIAN_POINT ( 'NONE',  ( 0.2059259259259252905, -2.208657440944163941, -4.499910764750550740 ) ) ;
#172 = EDGE_CURVE ( 'NONE', #1503, #833, #259, .T. ) ;
#173 = CARTESIAN_POINT ( 'NONE',  ( -3.908355476595628097, 1.092901030036033783, -2.340580339188459646 ) ) ;
#174 = CARTESIAN_POINT ( 'NONE',  ( -3.794074074074075931, -2.208657440944163497, -2.428292465524958033 ) ) ;
#175 = CARTESIAN_POINT ( 'NONE',  ( 4.000000000000000888, -2.499999999999999112, -2.309401076758503368 ) ) ;
#176 = CARTESIAN_POINT ( 'NONE',  ( 4.000000000000000888, 1.122005773542648077, -2.071618299226565707 ) ) ;
#177 = AXIS2_PLACEMENT_3D ( 'NONE', #886, #246, #759 ) ;
#178 = AXIS2_PLACEMENT_3D ( 'NONE', #593, #1132, #1272 ) ;
#179 = B_SPLINE_CURVE_WITH_KNOTS ( 'NONE', 3,
 ( #307, #1222, #1070, #1092, #302, #1198 ),
 .UNSPECIFIED., .F., .F.,
 ( 4, 2, 4 ),
 ( 2.878809843505264741E-15, 0.0002170332297797231830, 0.0004340664595565675923 ),
 .UNSPECIFIED. ) ;
#180 = DIRECTION ( 'NONE',  ( -0.000000000000000000, 1.000000000000000000, -0.000000000000000000 ) ) ;
#181 = ORIENTED_EDGE ( 'NONE', *, *, #971, .F. ) ;
#182 = ORIENTED_EDGE ( 'NONE', *, *, #78, .T. ) ;
#183 = CARTESIAN_POINT ( 'NONE',  ( -3.794074074074075931, -2.208657440944163497, -2.428292465524958033 ) ) ;
#184 = DIRECTION ( 'NONE',  ( 1.000000000000000000, 0.000000000000000000, 1.224646799147353207E-16 ) ) ;
#185 = CC_DESIGN_APPROVAL ( #926, ( #827 ) ) ;
#186 = CARTESIAN_POINT ( 'NONE',  ( -4.000000000000001776, -2.499999999999998224, 0.3491627581861843632 ) ) ;
#187 = ORIENTED_EDGE ( 'NONE', *, *, #1307, .T. ) ;
#188 = EDGE_CURVE ( 'NONE', #329, #959, #551, .T. ) ;
#189 = FACE_OUTER_BOUND ( 'NONE', #844, .T. ) ;
#190 = ORIENTED_EDGE ( 'NONE', *, *, #1402, .T. ) ;
#191 = EDGE_CURVE ( 'NONE', #464, #453, #847, .T. ) ;
#192 = EDGE_LOOP ( 'NONE', ( #1136, #826, #709, #436, #338, #241 ) ) ;
#193 = FACE_OUTER_BOUND ( 'NONE', #1094, .T. ) ;
#194 = PERSON_AND_ORGANIZATION ( #785, #887 ) ;
#195 = DIRECTION ( 'NONE',  ( 0.000000000000000000, 1.000000000000000000, 0.000000000000000000 ) ) ;
#196 = EDGE_LOOP ( 'NONE', ( #1627, #1223, #822, #1491 ) ) ;
#197 = CARTESIAN_POINT ( 'NONE',  ( -0.2059259259233581218, -2.208657440943376571, -4.499910764752033110 ) ) ;
#198 = VERTEX_POINT ( 'NONE', #1339 ) ;
#199 = DIRECTION ( 'NONE',  ( 0.000000000000000000, 0.000000000000000000, 1.000000000000000000 ) ) ;
#200 = CARTESIAN_POINT ( 'NONE',  ( -4.000000000000001776, -2.208657440943904149, -2.071618299226564375 ) ) ;
#201 = FACE_BOUND ( 'NONE', #483, .T. ) ;
#202 = ORIENTED_EDGE ( 'NONE', *, *, #1256, .F. ) ;
#203 = CIRCLE ( 'NONE', #1131, 3.825000000000001066 ) ;
#204 = CARTESIAN_POINT ( 'NONE',  ( -1.999999999999999556, -2.499999999999999112, -3.464101615137753942 ) ) ;
#205 = CIRCLE ( 'NONE', #1160, 0.3500000000000009215 ) ;
#206 = VERTEX_POINT ( 'NONE', #566 ) ;
#207 = CARTESIAN_POINT ( 'NONE',  ( -4.000000000000002665, 1.284482107985164268, 1.395582192341575212 ) ) ;
#208 = VERTEX_POINT ( 'NONE', #803 ) ;
#209 = LINE ( 'NONE', #621, #530 ) ;
#210 = ADVANCED_FACE ( 'NONE', ( #426 ), #44, .F. ) ;
#211 = CIRCLE ( 'NONE', #561, 2.500000000000003109 ) ;
#212 = CARTESIAN_POINT ( 'NONE',  ( 4.000000000000000888, -2.298634549597016186, -1.732742079433690074 ) ) ;
#213 = ORIENTED_EDGE ( 'NONE', *, *, #1475, .F. ) ;
#214 = DIRECTION ( 'NONE',  ( 0.000000000000000000, 0.000000000000000000, 1.000000000000000000 ) ) ;
#215 = EDGE_CURVE ( 'NONE', #1423, #329, #484, .T. ) ;
#216 = ORIENTED_EDGE ( 'NONE', *, *, #806, .T. ) ;
#217 = CARTESIAN_POINT ( 'NONE',  ( -4.000000000000001776, 1.122005773542904983, 2.071618299225593596 ) ) ;
#218 = FACE_OUTER_BOUND ( 'NONE', #494, .T. ) ;
#219 = EDGE_CURVE ( 'NONE', #625, #1266, #1333, .T. ) ;
#220 = CARTESIAN_POINT ( 'NONE',  ( 3.794074074074071490, -2.208657440944164829, 2.428292465524961585 ) ) ;
#221 = ORIENTED_EDGE ( 'NONE', *, *, #1176, .T. ) ;
#222 = ORIENTED_EDGE ( 'NONE', *, *, #1067, .F. ) ;
#223 = DIRECTION ( 'NONE',  ( 0.000000000000000000, 0.000000000000000000, 1.000000000000000000 ) ) ;
#224 = ORIENTED_EDGE ( 'NONE', *, *, #538, .F. ) ;
#225 = CARTESIAN_POINT ( 'NONE',  ( -0.1446368045769480803, -2.189866708748136936, 4.535296055459783204 ) ) ;
#226 = PERSON_AND_ORGANIZATION ( #785, #887 ) ;
#227 = CARTESIAN_POINT ( 'NONE',  ( 8.673617379884035472E-16, 2.279373736383168314, 0.000000000000000000 ) ) ;
#228 = CARTESIAN_POINT ( 'NONE',  ( 3.794074074074074598, -2.499999999999999112, -2.428292465524959809 ) ) ;
#229 = VERTEX_POINT ( 'NONE', #815 ) ;
#230 = CARTESIAN_POINT ( 'NONE',  ( -3.500903122298618442, 1.211889536292558800, 2.597554793451100519 ) ) ;
#231 = AXIS2_PLACEMENT_3D ( 'NONE', #630, #1562, #1165 ) ;
#232 = AXIS2_PLACEMENT_3D ( 'NONE', #704, #587, #1259 ) ;
#233 = ORIENTED_EDGE ( 'NONE', *, *, #399, .F. ) ;
#234 = DIRECTION ( 'NONE',  ( -0.000000000000000000, 1.000000000000000000, -0.000000000000000000 ) ) ;
#235 = AXIS2_PLACEMENT_3D ( 'NONE', #429, #1576, #29 ) ;
#236 = CARTESIAN_POINT ( 'NONE',  ( 2.000000000000000444, -2.499999999999999112, -3.464101615137754830 ) ) ;
#237 = DIRECTION ( 'NONE',  ( -0.000000000000000000, -1.000000000000000000, -0.000000000000000000 ) ) ;
#238 = ORIENTED_EDGE ( 'NONE', *, *, #377, .T. ) ;
#239 = CIRCLE ( 'NONE', #30, 2.899999999999998135 ) ;
#240 = CARTESIAN_POINT ( 'NONE',  ( 8.673617379884035472E-16, 1.413348332598738155, 0.000000000000000000 ) ) ;
#241 = ORIENTED_EDGE ( 'NONE', *, *, #128, .F. ) ;
#242 = EDGE_CURVE ( 'NONE', #1425, #1625, #1591, .T. ) ;
#243 = ORIENTED_EDGE ( 'NONE', *, *, #1071, .F. ) ;
#244 = CARTESIAN_POINT ( 'NONE',  ( 0.2059259259259240693, 1.122005773542905871, 4.499910764750552516 ) ) ;
#245 = EDGE_CURVE ( 'NONE', #633, #1039, #642, .T. ) ;
#246 = DIRECTION ( 'NONE',  ( 0.5000000000000001110, -0.000000000000000000, 0.8660254037844387076 ) ) ;
#247 = DIRECTION ( 'NONE',  ( 0.000000000000000000, 0.000000000000000000, 1.000000000000000000 ) ) ;
#248 = EDGE_LOOP ( 'NONE', ( #383, #1362, #1298, #1032 ) ) ;
#249 = VERTEX_POINT ( 'NONE', #171 ) ;
#250 = CARTESIAN_POINT ( 'NONE',  ( 0.4990968777013816138, -2.298541203693817980, -4.330648436824412251 ) ) ;
#251 = EDGE_LOOP ( 'NONE', ( #1081, #784, #1232, #1158 ) ) ;
#252 = CARTESIAN_POINT ( 'NONE',  ( 3.908355476595627209, -2.179552697437292963, -2.340580339188461423 ) ) ;
#253 = CARTESIAN_POINT ( 'NONE',  ( -0.1445555076470585176, -2.189841783788333274, -4.535342992264133954 ) ) ;
#254 = CARTESIAN_POINT ( 'NONE',  ( 8.673617379884035472E-16, 2.325000000000000622, 0.000000000000000000 ) ) ;
#255 = VERTEX_POINT ( 'NONE', #1066 ) ;
#256 = EDGE_LOOP ( 'NONE', ( #992, #1248, #1494, #1186 ) ) ;
#257 = DIRECTION ( 'NONE',  ( 0.000000000000000000, 0.000000000000000000, 1.000000000000000000 ) ) ;
#258 = VERTEX_POINT ( 'NONE', #1343 ) ;
#259 = CIRCLE ( 'NONE', #308, 4.000000000000000888 ) ;
#260 = LINE ( 'NONE', #488, #1488 ) ;
#261 = AXIS2_PLACEMENT_3D ( 'NONE', #670, #1471, #49 ) ;
#262 = CARTESIAN_POINT ( 'NONE',  ( 1.696167102488635114, 1.413348332598740376, 3.639519620304607184 ) ) ;
#263 = AXIS2_PLACEMENT_3D ( 'NONE', #605, #585, #1513 ) ;
#264 = VECTOR ( 'NONE', #237, 1000.000000000000000 ) ;
#265 = CARTESIAN_POINT ( 'NONE',  ( 8.673617379884035472E-16, -2.100000000000004974, -2.500000000000002220 ) ) ;
#266 = EDGE_CURVE ( 'NONE', #229, #763, #1482, .T. ) ;
#267 = DIRECTION ( 'NONE',  ( 0.000000000000000000, 0.000000000000000000, -1.000000000000000000 ) ) ;
#268 = CARTESIAN_POINT ( 'NONE',  ( 2.303832897511365552, 1.413348332598740154, -3.288683609970902921 ) ) ;
#269 = ORIENTED_EDGE ( 'NONE', *, *, #1409, .F. ) ;
#270 = VERTEX_POINT ( 'NONE', #1230 ) ;
#271 = CARTESIAN_POINT ( 'NONE',  ( -4.000000000000001776, -2.208657440944162165, 2.071618299225592708 ) ) ;
#272 = DIRECTION ( 'NONE',  ( 8.659560562354886020E-17, 0.7071067811865513475, -0.7071067811865436870 ) ) ;
#273 = DIRECTION ( 'NONE',  ( -0.000000000000000000, 1.000000000000000000, -0.000000000000000000 ) ) ;
#274 = EDGE_CURVE ( 'NONE', #1046, #1365, #934, .T. ) ;
#275 = VERTEX_POINT ( 'NONE', #868 ) ;
#276 = CARTESIAN_POINT ( 'NONE',  ( 8.673617379884035472E-16, 2.149999999999999911, 0.000000000000000000 ) ) ;
#277 = EDGE_CURVE ( 'NONE', #594, #141, #209, .T. ) ;
#278 = FACE_OUTER_BOUND ( 'NONE', #1277, .T. ) ;
#279 = EDGE_CURVE ( 'NONE', #586, #633, #1026, .T. ) ;
#280 = DIRECTION ( 'NONE',  ( 0.000000000000000000, 0.000000000000000000, 1.000000000000000000 ) ) ;
#281 = EDGE_CURVE ( 'NONE', #768, #1613, #88, .T. ) ;
#282 = ORIENTED_EDGE ( 'NONE', *, *, #166, .F. ) ;
#283 = DIRECTION ( 'NONE',  ( 0.000000000000000000, 0.000000000000000000, 1.000000000000000000 ) ) ;
#284 = VECTOR ( 'NONE', #1314, 1000.000000000000000 ) ;
#285 = DIRECTION ( 'NONE',  ( -0.000000000000000000, 1.000000000000000000, -0.000000000000000000 ) ) ;
#286 = CONICAL_SURFACE ( 'NONE', #1235, 2.500000000000000000, 1.047197551196601850 ) ;
#287 = PLANE ( 'NONE',  #1246 ) ;
#288 = AXIS2_PLACEMENT_3D ( 'NONE', #294, #412, #165 ) ;
#289 = CARTESIAN_POINT ( 'NONE',  ( 8.673617379884035472E-16, 2.500000000000000444, 0.000000000000000000 ) ) ;
#290 = AXIS2_PLACEMENT_3D ( 'NONE', #378, #1150, #1290 ) ;
#291 = CARTESIAN_POINT ( 'NONE',  ( 3.981179771633857278, 1.092901030036085519, -2.214444960156669584 ) ) ;
#292 = CC_DESIGN_APPROVAL ( #1671, ( #1559 ) ) ;
#293 = ADVANCED_FACE ( 'NONE', ( #218 ), #286, .T. ) ;
#294 = CARTESIAN_POINT ( 'NONE',  ( -3.588148148148149197, -2.499999999999999112, 2.071618299225593152 ) ) ;
#295 = ADVANCED_FACE ( 'NONE', ( #968 ), #1642, .T. ) ;
#296 = ORIENTED_EDGE ( 'NONE', *, *, #599, .F. ) ;
#297 = FACE_OUTER_BOUND ( 'NONE', #801, .T. ) ;
#298 = CARTESIAN_POINT ( 'NONE',  ( 8.673617379884035472E-16, 2.500000000000000000, 0.000000000000000000 ) ) ;
#299 = CYLINDRICAL_SURFACE ( 'NONE', #235, 0.4118518518518524685 ) ;
#300 = DIRECTION ( 'NONE',  ( 0.000000000000000000, 0.000000000000000000, 1.000000000000000000 ) ) ;
#301 = CARTESIAN_POINT ( 'NONE',  ( 8.673617379884035472E-16, 1.013348332598737578, 0.000000000000000000 ) ) ;
#302 = CARTESIAN_POINT ( 'NONE',  ( 3.999999999999999112, 1.103184045765946308, 2.142505617728128087 ) ) ;
#303 = DIRECTION ( 'NONE',  ( 0.000000000000000000, 0.000000000000000000, 1.000000000000000000 ) ) ;
#304 = ORIENTED_EDGE ( 'NONE', *, *, #105, .T. ) ;
#305 = DIRECTION ( 'NONE',  ( 0.000000000000000000, 0.000000000000000000, 1.000000000000000000 ) ) ;
#306 = DIRECTION ( 'NONE',  ( 0.4999999999999998890, 0.000000000000000000, -0.8660254037844387076 ) ) ;
#307 = CARTESIAN_POINT ( 'NONE',  ( 3.794074074076640546, 1.122005773542120277, 2.428292465523478771 ) ) ;
#308 = AXIS2_PLACEMENT_3D ( 'NONE', #573, #1607, #167 ) ;
#309 = EDGE_CURVE ( 'NONE', #487, #1423, #1195, .T. ) ;
#310 = VECTOR ( 'NONE', #1444, 1000.000000000000000 ) ;
#311 = VERTEX_POINT ( 'NONE', #1663 ) ;
#312 = CONICAL_SURFACE ( 'NONE', #1349, 4.627777777777778212, 1.047197551196595189 ) ;
#313 = CARTESIAN_POINT ( 'NONE',  ( 3.588148148148148309, -2.499999999999999112, -2.071618299225590043 ) ) ;
#314 = ORIENTED_EDGE ( 'NONE', *, *, #1483, .F. ) ;
#315 = DIRECTION ( 'NONE',  ( 0.000000000000000000, 0.000000000000000000, 1.000000000000000000 ) ) ;
#316 = ORIENTED_EDGE ( 'NONE', *, *, #1278, .F. ) ;
#317 = PERSON_AND_ORGANIZATION ( #785, #887 ) ;
#318 = DIRECTION ( 'NONE',  ( -0.000000000000000000, 1.000000000000000000, -0.000000000000000000 ) ) ;
#319 = B_SPLINE_CURVE_WITH_KNOTS ( 'NONE', 3,
 ( #840, #1364, #1373, #1386 ),
 .UNSPECIFIED., .F., .F.,
 ( 4, 4 ),
 ( 0.0002449788594572720863, 0.002336974151641547318 ),
 .UNSPECIFIED. ) ;
#320 = ORIENTED_EDGE ( 'NONE', *, *, #1124, .F. ) ;
#321 = EDGE_CURVE ( 'NONE', #795, #229, #1620, .T. ) ;
#322 = MANIFOLD_SOLID_BREP ( 'Revolve2', #1676 ) ;
#323 = CARTESIAN_POINT ( 'NONE',  ( 3.999999999999998224, 1.122005773542907869, 2.071618299225592708 ) ) ;
#324 = EDGE_LOOP ( 'NONE', ( #1113, #1020 ) ) ;
#325 = CARTESIAN_POINT ( 'NONE',  ( -1.104904969831646197E-13, 1.092867866391718845, -4.555088450304011438 ) ) ;
#326 = DATE_AND_TIME ( #1110, #623 ) ;
#327 = DIRECTION ( 'NONE',  ( 0.000000000000000000, -1.000000000000000000, 0.000000000000000000 ) ) ;
#328 = FACE_OUTER_BOUND ( 'NONE', #99, .T. ) ;
#329 = VERTEX_POINT ( 'NONE', #1493 ) ;
#330 = B_SPLINE_CURVE_WITH_KNOTS ( 'NONE', 3,
 ( #637, #1152, #1302, #1040 ),
 .UNSPECIFIED., .F., .F.,
 ( 4, 4 ),
 ( 0.0002449788594572721947, 0.002336974151641543849 ),
 .UNSPECIFIED. ) ;
#331 = DIRECTION ( 'NONE',  ( -0.000000000000000000, 1.000000000000000000, -0.000000000000000000 ) ) ;
#332 = EDGE_CURVE ( 'NONE', #617, #654, #319, .T. ) ;
#333 = ORIENTED_EDGE ( 'NONE', *, *, #242, .T. ) ;
#334 = CARTESIAN_POINT ( 'NONE',  ( 2.000000000000000444, 1.413348332598738155, -3.464101615137754830 ) ) ;
#335 = ORIENTED_EDGE ( 'NONE', *, *, #1176, .F. ) ;
#336 = CARTESIAN_POINT ( 'NONE',  ( -4.000000000000001776, -2.499999999999998668, -0.3492417588034598119 ) ) ;
#337 = DIRECTION ( 'NONE',  ( 0.000000000000000000, 0.000000000000000000, 1.000000000000000000 ) ) ;
#338 = ORIENTED_EDGE ( 'NONE', *, *, #377, .F. ) ;
#339 = AXIS2_PLACEMENT_3D ( 'NONE', #469, #344, #732 ) ;
#340 = AXIS2_PLACEMENT_3D ( 'NONE', #1440, #393, #11 ) ;
#341 = CARTESIAN_POINT ( 'NONE',  ( -0.7936157751880702493, 1.302186567927937633, 4.160607872079042480 ) ) ;
#342 = AXIS2_PLACEMENT_3D ( 'NONE', #482, #1139, #493 ) ;
#343 = VERTEX_POINT ( 'NONE', #1119 ) ;
#344 = DIRECTION ( 'NONE',  ( -0.000000000000000000, 1.000000000000000000, -0.000000000000000000 ) ) ;
#345 = MANIFOLD_SOLID_BREP ( 'Revolve1', #700 ) ;
#346 = CARTESIAN_POINT ( 'NONE',  ( 3.794074074074071934, -2.499999999999999112, 2.428292465524961141 ) ) ;
#347 = EDGE_CURVE ( 'NONE', #763, #654, #1268, .T. ) ;
#348 = CARTESIAN_POINT ( 'NONE',  ( 3.999999999999998224, 1.122005773542907869, 2.071618299225592708 ) ) ;
#349 = ORIENTED_EDGE ( 'NONE', *, *, #1334, .T. ) ;
#350 = B_SPLINE_CURVE_WITH_KNOTS ( 'NONE', 3,
 ( #7, #902, #1433, #1688, #1137, #885 ),
 .UNSPECIFIED., .F., .F.,
 ( 4, 2, 4 ),
 ( 0.002336974151641551221, 0.003378785994338392041, 0.004420597837035232860 ),
 .UNSPECIFIED. ) ;
#351 = DIRECTION ( 'NONE',  ( -0.000000000000000000, 1.000000000000000000, -0.000000000000000000 ) ) ;
#352 = EDGE_LOOP ( 'NONE', ( #385, #834, #612, #478 ) ) ;
#353 = FACE_OUTER_BOUND ( 'NONE', #75, .T. ) ;
#354 = APPROVAL_DATE_TIME ( #848, #926 ) ;
#355 = CARTESIAN_POINT ( 'NONE',  ( -4.000000000000001776, -2.298634548990056370, -1.732742081719648164 ) ) ;
#356 = CARTESIAN_POINT ( 'NONE',  ( -4.000000000000001776, -2.499999999999999112, 0.000000000000000000 ) ) ;
#357 = EDGE_LOOP ( 'NONE', ( #660, #856, #122, #1010 ) ) ;
#358 = EDGE_LOOP ( 'NONE', ( #1449, #1419 ) ) ;
#359 = FACE_OUTER_BOUND ( 'NONE', #829, .T. ) ;
#360 = ORIENTED_EDGE ( 'NONE', *, *, #219, .F. ) ;
#361 = FACE_OUTER_BOUND ( 'NONE', #163, .T. ) ;
#362 = FACE_OUTER_BOUND ( 'NONE', #1045, .T. ) ;
#363 = DIRECTION ( 'NONE',  ( 1.000000000000000000, 0.000000000000000000, 1.224646799147353207E-16 ) ) ;
#364 = EDGE_LOOP ( 'NONE', ( #85, #1374, #1567, #1516 ) ) ;
#365 = EDGE_CURVE ( 'NONE', #1149, #831, #1111, .T. ) ;
#366 = AXIS2_PLACEMENT_3D ( 'NONE', #1036, #1556, #897 ) ;
#367 = CARTESIAN_POINT ( 'NONE',  ( 0.7946528752030385112, -2.371798815652059300, -4.160009102106221768 ) ) ;
#368 = AXIS2_PLACEMENT_3D ( 'NONE', #298, #1084, #413 ) ;
#369 = ADVANCED_FACE ( 'NONE', ( #97 ), #687, .F. ) ;
#370 = ORIENTED_EDGE ( 'NONE', *, *, #128, .T. ) ;
#371 = FACE_OUTER_BOUND ( 'NONE', #112, .T. ) ;
#372 = DESIGN_CONTEXT ( 'detailed design', #603, 'design' ) ;
#373 = FACE_OUTER_BOUND ( 'NONE', #1116, .T. ) ;
#374 = EDGE_CURVE ( 'NONE', #206, #1273, #462, .T. ) ;
#375 = CARTESIAN_POINT ( 'NONE',  ( -0.2059259259233596762, 1.122005773542118279, 4.499910764752034886 ) ) ;
#376 = ORIENTED_EDGE ( 'NONE', *, *, #1016, .T. ) ;
#377 = EDGE_CURVE ( 'NONE', #918, #1477, #418, .T. ) ;
#378 = CARTESIAN_POINT ( 'NONE',  ( -3.825000000000000178, 1.413348332598737045, 0.000000000000000000 ) ) ;
#379 = ORIENTED_EDGE ( 'NONE', *, *, #347, .T. ) ;
#380 = PLANE ( 'NONE',  #73 ) ;
#381 = CARTESIAN_POINT ( 'NONE',  ( 3.794074074076642766, -2.208657440943376571, -2.428292465523476995 ) ) ;
#382 = DIRECTION ( 'NONE',  ( -0.000000000000000000, 1.000000000000000000, -0.000000000000000000 ) ) ;
#383 = ORIENTED_EDGE ( 'NONE', *, *, #495, .F. ) ;
#384 = CARTESIAN_POINT ( 'NONE',  ( -0.7946528752030406206, -2.371798815652057968, 4.160009102106223544 ) ) ;
#385 = ORIENTED_EDGE ( 'NONE', *, *, #1345, .T. ) ;
#386 = VERTEX_POINT ( 'NONE', #1008 ) ;
#387 = DIRECTION ( 'NONE',  ( -1.000000000000000000, 0.000000000000000000, 0.000000000000000000 ) ) ;
#388 = EDGE_CURVE ( 'NONE', #1540, #487, #471, .T. ) ;
#389 = CARTESIAN_POINT ( 'NONE',  ( -0.07282429503746830346, -2.179552697437245445, -4.555025299346167067 ) ) ;
#390 = FACE_OUTER_BOUND ( 'NONE', #1087, .T. ) ;
#391 = DIRECTION ( 'NONE',  ( -0.000000000000000000, 1.000000000000000000, -0.000000000000000000 ) ) ;
#392 = EDGE_LOOP ( 'NONE', ( #1104, #1192, #222, #1484 ) ) ;
#393 = DIRECTION ( 'NONE',  ( -0.000000000000000000, 1.000000000000000000, -0.000000000000000000 ) ) ;
#394 = ORIENTED_EDGE ( 'NONE', *, *, #1122, .F. ) ;
#395 = AXIS2_PLACEMENT_3D ( 'NONE', #1144, #895, #903 ) ;
#396 = CARTESIAN_POINT ( 'NONE',  ( 8.673617379884035472E-16, 1.413348332598736823, 0.000000000000000000 ) ) ;
#397 = AXIS2_PLACEMENT_3D ( 'NONE', #1536, #1561, #1680 ) ;
#398 = PLANE ( 'NONE',  #231 ) ;
#399 = EDGE_CURVE ( 'NONE', #586, #1625, #1052, .T. ) ;
#400 = CARTESIAN_POINT ( 'NONE',  ( 0.7936157751880671407, -2.388838235329198145, 4.160607872079042480 ) ) ;
#401 = DIRECTION ( 'NONE',  ( 0.000000000000000000, -1.000000000000000000, 0.000000000000000000 ) ) ;
#402 = ADVANCED_FACE ( 'NONE', ( #1434 ), #648, .T. ) ;
#403 = APPROVAL_PERSON_ORGANIZATION ( #317, #1632, #1118 ) ;
#404 = ORIENTED_EDGE ( 'NONE', *, *, #790, .T. ) ;
#405 = B_SPLINE_CURVE_WITH_KNOTS ( 'NONE', 3,
 ( #1582, #1430, #1168, #879 ),
 .UNSPECIFIED., .F., .F.,
 ( 4, 4 ),
 ( 0.0002449788594572721947, 0.002336974151641549053 ),
 .UNSPECIFIED. ) ;
#406 = DIRECTION ( 'NONE',  ( -0.000000000000000000, 1.000000000000000000, -0.000000000000000000 ) ) ;
#407 = LINE ( 'NONE', #1452, #775 ) ;
#408 = DIRECTION ( 'NONE',  ( -0.000000000000000000, 1.000000000000000000, -0.000000000000000000 ) ) ;
#409 = ADVANCED_FACE ( 'NONE', ( #373 ), #1183, .F. ) ;
#410 = ORIENTED_EDGE ( 'NONE', *, *, #1243, .T. ) ;
#411 = DIRECTION ( 'NONE',  ( 0.000000000000000000, 0.000000000000000000, 1.000000000000000000 ) ) ;
#412 = DIRECTION ( 'NONE',  ( 0.000000000000000000, 1.000000000000000000, 0.000000000000000000 ) ) ;
#413 = DIRECTION ( 'NONE',  ( 0.000000000000000000, 0.000000000000000000, 1.000000000000000000 ) ) ;
#414 = EDGE_CURVE ( 'NONE', #94, #1448, #712, .T. ) ;
#415 = CARTESIAN_POINT ( 'NONE',  ( 8.673617379884035472E-16, 2.279373736383168314, 0.000000000000000000 ) ) ;
#416 = ADVANCED_FACE ( 'NONE', ( #362, #134 ), #398, .T. ) ;
#417 = B_SPLINE_CURVE_WITH_KNOTS ( 'NONE', 3,
 ( #197, #84, #1377, #204 ),
 .UNSPECIFIED., .F., .F.,
 ( 4, 4 ),
 ( 0.0002449788594572732789, 0.002336974151641548619 ),
 .UNSPECIFIED. ) ;
#418 = CIRCLE ( 'NONE', #158, 4.000000000000000000 ) ;
#419 = VERTEX_POINT ( 'NONE', #876 ) ;
#420 = VERTEX_POINT ( 'NONE', #381 ) ;
#421 = CARTESIAN_POINT ( 'NONE',  ( 8.673617379884035472E-16, -2.137552331008732320, 0.000000000000000000 ) ) ;
#422 = EDGE_LOOP ( 'NONE', ( #1376, #233, #1140, #441 ) ) ;
#423 = CIRCLE ( 'NONE', #798, 4.000000000000000888 ) ;
#424 = DIRECTION ( 'NONE',  ( 1.000000000000000000, 0.000000000000000000, 0.000000000000000000 ) ) ;
#425 = EDGE_CURVE ( 'NONE', #1448, #6, #1097, .T. ) ;
#426 = FACE_OUTER_BOUND ( 'NONE', #1106, .T. ) ;
#427 = AXIS2_PLACEMENT_3D ( 'NONE', #1400, #1413, #727 ) ;
#428 = ORIENTED_EDGE ( 'NONE', *, *, #1369, .F. ) ;
#429 = CARTESIAN_POINT ( 'NONE',  ( -2.168404344971008868E-15, -2.499999999999999112, 4.143236598451182751 ) ) ;
#430 = CARTESIAN_POINT ( 'NONE',  ( 8.673617379884035472E-16, 2.500000000000000000, 0.000000000000000000 ) ) ;
#431 = DIRECTION ( 'NONE',  ( 1.224646799147347291E-16, 0.000000000000000000, -1.000000000000000000 ) ) ;
#432 = CARTESIAN_POINT ( 'NONE',  ( 8.673617379884035472E-16, -2.499999999999999112, 0.000000000000000000 ) ) ;
#433 = EDGE_CURVE ( 'NONE', #1477, #763, #1597, .T. ) ;
#434 = ORIENTED_EDGE ( 'NONE', *, *, #388, .T. ) ;
#435 = FACE_OUTER_BOUND ( 'NONE', #927, .T. ) ;
#436 = ORIENTED_EDGE ( 'NONE', *, *, #438, .F. ) ;
#437 = CARTESIAN_POINT ( 'NONE',  ( 8.673617379884035472E-16, 1.413348332598737045, 3.825000000000001066 ) ) ;
#438 = EDGE_CURVE ( 'NONE', #1477, #838, #948, .T. ) ;
#439 = CARTESIAN_POINT ( 'NONE',  ( -4.000000000000001776, 1.122005773542904983, 2.071618299225593596 ) ) ;
#440 = DIRECTION ( 'NONE',  ( -0.000000000000000000, 1.000000000000000000, -0.000000000000000000 ) ) ;
#441 = ORIENTED_EDGE ( 'NONE', *, *, #245, .T. ) ;
#442 = CARTESIAN_POINT ( 'NONE',  ( -4.000000000000001776, 1.122005773542646745, -2.071618299226564819 ) ) ;
#443 = ORIENTED_EDGE ( 'NONE', *, *, #766, .F. ) ;
#444 = DIRECTION ( 'NONE',  ( -0.000000000000000000, 1.000000000000000000, -0.000000000000000000 ) ) ;
#445 = CARTESIAN_POINT ( 'NONE',  ( -3.794074074074074598, 1.122005773542904983, 2.428292465524962029 ) ) ;
#446 = DIRECTION ( 'NONE',  ( 0.000000000000000000, 0.000000000000000000, 1.000000000000000000 ) ) ;
#447 = AXIS2_PLACEMENT_3D ( 'NONE', #1684, #502, #1027 ) ;
#448 = AXIS2_PLACEMENT_3D ( 'NONE', #1397, #1171, #132 ) ;
#449 = ORIENTED_EDGE ( 'NONE', *, *, #1243, .F. ) ;
#450 = CARTESIAN_POINT ( 'NONE',  ( -4.000000000000000888, 1.211982881588797412, -1.732742081719647276 ) ) ;
#451 = ORIENTED_EDGE ( 'NONE', *, *, #1472, .T. ) ;
#452 = DIRECTION ( 'NONE',  ( 0.000000000000000000, 0.000000000000000000, 1.000000000000000000 ) ) ;
#453 = VERTEX_POINT ( 'NONE', #236 ) ;
#454 = CARTESIAN_POINT ( 'NONE',  ( -4.000000000000000888, -2.473214183077004247, -0.6964627344980823809 ) ) ;
#455 = LINE ( 'NONE', #663, #136 ) ;
#456 = ORIENTED_EDGE ( 'NONE', *, *, #1438, .F. ) ;
#457 = EDGE_CURVE ( 'NONE', #1330, #275, #638, .T. ) ;
#458 = CARTESIAN_POINT ( 'NONE',  ( -2.899999999999997247, 2.325000000000000622, 0.000000000000000000 ) ) ;
#459 = ORIENTED_EDGE ( 'NONE', *, *, #1028, .T. ) ;
#460 = ORIENTED_EDGE ( 'NONE', *, *, #388, .F. ) ;
#461 = DIRECTION ( 'NONE',  ( -0.000000000000000000, 1.000000000000000000, -0.000000000000000000 ) ) ;
#462 = LINE ( 'NONE', #726, #1622 ) ;
#463 = CARTESIAN_POINT ( 'NONE',  ( 1.325073479169726873E-15, 2.325000000000000622, -3.649999999999999911 ) ) ;
#464 = VERTEX_POINT ( 'NONE', #1023 ) ;
#465 = ORIENTED_EDGE ( 'NONE', *, *, #837, .T. ) ;
#466 = ADVANCED_FACE ( 'NONE', ( #1303 ), #526, .F. ) ;
#467 = CARTESIAN_POINT ( 'NONE',  ( 8.673617379884035472E-16, -2.500000000000000888, -2.900000000000001688 ) ) ;
#468 = ORIENTED_EDGE ( 'NONE', *, *, #1048, .F. ) ;
#469 = CARTESIAN_POINT ( 'NONE',  ( 8.673617379884035472E-16, 1.413348332598737045, 0.000000000000000000 ) ) ;
#470 = APPROVAL_DATE_TIME ( #1007, #1632 ) ;
#471 = LINE ( 'NONE', #996, #21 ) ;
#472 = CARTESIAN_POINT ( 'NONE',  ( 3.908822612746482239, -2.179486533593264941, 2.340023217003054601 ) ) ;
#473 = CIRCLE ( 'NONE', #769, 3.825000000000001066 ) ;
#474 = VERTEX_POINT ( 'NONE', #1041 ) ;
#475 = AXIS2_PLACEMENT_3D ( 'NONE', #656, #14, #765 ) ;
#476 = AXIS2_PLACEMENT_3D ( 'NONE', #781, #1311, #36 ) ;
#477 = DIRECTION ( 'NONE',  ( 0.000000000000000000, 0.000000000000000000, 1.000000000000000000 ) ) ;
#478 = ORIENTED_EDGE ( 'NONE', *, *, #491, .F. ) ;
#479 = PLANE ( 'NONE',  #232 ) ;
#480 = APPROVAL_STATUS ( 'not_yet_approved' ) ;
#481 = DIRECTION ( 'NONE',  ( 0.000000000000000000, 0.000000000000000000, 1.000000000000000000 ) ) ;
#482 = CARTESIAN_POINT ( 'NONE',  ( 0.000000000000000000, -2.499999999999999112, 0.000000000000000000 ) ) ;
#483 = EDGE_LOOP ( 'NONE', ( #1218, #304 ) ) ;
#484 = B_SPLINE_CURVE_WITH_KNOTS ( 'NONE', 3,
 ( #1453, #186, #825, #1355, #1191, #160 ),
 .UNSPECIFIED., .F., .F.,
 ( 4, 2, 4 ),
 ( 0.006457372908533233306, 0.007502526757290796725, 0.008547680606048359275 ),
 .UNSPECIFIED. ) ;
#485 = EDGE_LOOP ( 'NONE', ( #1350, #1512, #1258, #360 ) ) ;
#486 = CARTESIAN_POINT ( 'NONE',  ( -2.000000000000000444, -2.499999999999999112, 3.464101615137757939 ) ) ;
#487 = VERTEX_POINT ( 'NONE', #913 ) ;
#488 = CARTESIAN_POINT ( 'NONE',  ( 1.357220457647344929E-15, 2.500000000000000000, -4.000000000000000888 ) ) ;
#489 = APPROVAL_ROLE ( '' ) ;
#490 = CARTESIAN_POINT ( 'NONE',  ( -3.794074074076643210, -2.208657440943374795, 2.428292465523479216 ) ) ;
#491 = EDGE_CURVE ( 'NONE', #1500, #1096, #1690, .T. ) ;
#492 = B_SPLINE_CURVE_WITH_KNOTS ( 'NONE', 3,
 ( #1443, #541, #1056, #560, #1063, #271 ),
 .UNSPECIFIED., .F., .F.,
 ( 4, 2, 4 ),
 ( 2.878850765696354431E-15, 0.0002170332297797235895, 0.0004340664595565682971 ),
 .UNSPECIFIED. ) ;
#493 = DIRECTION ( 'NONE',  ( 0.000000000000000000, -0.000000000000000000, 1.000000000000000000 ) ) ;
#494 = EDGE_LOOP ( 'NONE', ( #604, #1630, #316, #728 ) ) ;
#495 = EDGE_CURVE ( 'NONE', #419, #1046, #79, .T. ) ;
#496 = ORIENTED_EDGE ( 'NONE', *, *, #1538, .F. ) ;
#497 = CARTESIAN_POINT ( 'NONE',  ( 8.673617379884035472E-16, 1.413348332598738155, 0.000000000000000000 ) ) ;
#498 = ORIENTED_EDGE ( 'NONE', *, *, #1409, .T. ) ;
#499 = DIRECTION ( 'NONE',  ( 0.000000000000000000, 1.000000000000000000, 0.000000000000000000 ) ) ;
#500 = CARTESIAN_POINT ( 'NONE',  ( 3.999999999999998224, -2.499999999999999112, 2.071618299225592263 ) ) ;
#501 = CARTESIAN_POINT ( 'NONE',  ( -1.999999999999999556, 1.413348332598738155, -3.464101615137753942 ) ) ;
#502 = DIRECTION ( 'NONE',  ( -0.000000000000000000, 1.000000000000000000, -0.000000000000000000 ) ) ;
#503 = VECTOR ( 'NONE', #1129, 1000.000000000000000 ) ;
#504 = CARTESIAN_POINT ( 'NONE',  ( -1.392312652445506060, -2.472669457721934805, 3.814950068831474805 ) ) ;
#505 = VECTOR ( 'NONE', #1203, 1000.000000000000000 ) ;
#506 = ORIENTED_EDGE ( 'NONE', *, *, #374, .T. ) ;
#507 = DIRECTION ( 'NONE',  ( 0.000000000000000000, 0.000000000000000000, 1.000000000000000000 ) ) ;
#508 = VECTOR ( 'NONE', #1558, 1000.000000000000000 ) ;
#509 = B_SPLINE_CURVE_WITH_KNOTS ( 'NONE', 3,
 ( #980, #718, #1563, #904 ),
 .UNSPECIFIED., .F., .F.,
 ( 4, 4 ),
 ( 0.0002449788594572722489, 0.002336974151641549053 ),
 .UNSPECIFIED. ) ;
#510 = CARTESIAN_POINT ( 'NONE',  ( 0.07210824499784111719, -2.179486533593405717, -4.555151290026773658 ) ) ;
#511 = CARTESIAN_POINT ( 'NONE',  ( 1.222509309741135832E-15, 2.500000000000000000, -2.899999999999998135 ) ) ;
#512 = CYLINDRICAL_SURFACE ( 'NONE', #1645, 2.899999999999998135 ) ;
#513 = CARTESIAN_POINT ( 'NONE',  ( -0.4990968777013840008, -2.298541203693817536, 4.330648436824413139 ) ) ;
#514 = EDGE_CURVE ( 'NONE', #699, #249, #721, .T. ) ;
#515 = VERTEX_POINT ( 'NONE', #1034 ) ;
#516 = PLANE ( 'NONE',  #720 ) ;
#517 = ORIENTED_EDGE ( 'NONE', *, *, #1295, .T. ) ;
#518 = CARTESIAN_POINT ( 'NONE',  ( 2.000000000000000888, 1.413348332598738155, 3.464101615137754386 ) ) ;
#519 = DIRECTION ( 'NONE',  ( -0.000000000000000000, 1.000000000000000000, -0.000000000000000000 ) ) ;
#520 = ORIENTED_EDGE ( 'NONE', *, *, #595, .F. ) ;
#521 = DIRECTION ( 'NONE',  ( 0.000000000000000000, 1.000000000000000000, 0.000000000000000000 ) ) ;
#522 = EDGE_CURVE ( 'NONE', #1425, #311, #1239, .T. ) ;
#523 = ORIENTED_EDGE ( 'NONE', *, *, #1551, .T. ) ;
#524 = FACE_OUTER_BOUND ( 'NONE', #422, .T. ) ;
#525 = EDGE_CURVE ( 'NONE', #594, #1121, #717, .T. ) ;
#526 = CYLINDRICAL_SURFACE ( 'NONE', #669, 3.825000000000001066 ) ;
#527 = DIRECTION ( 'NONE',  ( 0.000000000000000000, 0.000000000000000000, 1.000000000000000000 ) ) ;
#528 = ORIENTED_EDGE ( 'NONE', *, *, #1483, .T. ) ;
#529 = ORIENTED_EDGE ( 'NONE', *, *, #281, .T. ) ;
#530 = VECTOR ( 'NONE', #318, 1000.000000000000000 ) ;
#531 = CARTESIAN_POINT ( 'NONE',  ( 3.999999999999999112, -2.500000000000000888, 0.3491627529114576522 ) ) ;
#532 = B_SPLINE_CURVE_WITH_KNOTS ( 'NONE', 3,
 ( #1465, #1068, #291, #681, #1361, #1224 ),
 .UNSPECIFIED., .F., .F.,
 ( 4, 2, 4 ),
 ( 9.475478658078694695E-16, 0.0002170332297787644501, 0.0004340664595565813617 ),
 .UNSPECIFIED. ) ;
#533 = CIRCLE ( 'NONE', #1486, 0.3500000000000009215 ) ;
#534 = PLANE ( 'NONE',  #261 ) ;
#535 = AXIS2_PLACEMENT_3D ( 'NONE', #646, #740, #1047 ) ;
#536 = CARTESIAN_POINT ( 'NONE',  ( 1.389892718478682898, -2.500000000000002220, 3.816347218358638660 ) ) ;
#537 = DIRECTION ( 'NONE',  ( -0.000000000000000000, -1.000000000000000000, -0.000000000000000000 ) ) ;
#538 = EDGE_CURVE ( 'NONE', #487, #691, #1649, .T. ) ;
#539 = CIRCLE ( 'NONE', #588, 4.000000000000000888 ) ;
#540 = EDGE_LOOP ( 'NONE', ( #970, #1636 ) ) ;
#541 = CARTESIAN_POINT ( 'NONE',  ( -3.855444492352943620, -2.189841783788330609, 2.392860238011376595 ) ) ;
#542 = CARTESIAN_POINT ( 'NONE',  ( 0.2059259259233570949, 1.122005773542119167, -4.499910764752033110 ) ) ;
#543 = EDGE_LOOP ( 'NONE', ( #563, #1644, #243, #1142 ) ) ;
#544 = CARTESIAN_POINT ( 'NONE',  ( 1.314357819677187390E-15, 2.149999999999999911, -3.649999999999999911 ) ) ;
#545 = CC_DESIGN_PERSON_AND_ORGANIZATION_ASSIGNMENT ( #194, #1251, ( #1559 ) ) ;
#546 = DIRECTION ( 'NONE',  ( 0.000000000000000000, 0.000000000000000000, 1.000000000000000000 ) ) ;
#547 = ADVANCED_FACE ( 'NONE', ( #682 ), #1689, .T. ) ;
#548 = CARTESIAN_POINT ( 'NONE',  ( -3.794074074074074598, 1.122005773542904983, 2.428292465524962029 ) ) ;
#549 = CARTESIAN_POINT ( 'NONE',  ( 8.673617379884035472E-16, 1.013348332598737578, 0.000000000000000000 ) ) ;
#550 = DIRECTION ( 'NONE',  ( 0.000000000000000000, 0.000000000000000000, 1.000000000000000000 ) ) ;
#551 = LINE ( 'NONE', #556, #505 ) ;
#552 = DIRECTION ( 'NONE',  ( 0.000000000000000000, 0.000000000000000000, 1.000000000000000000 ) ) ;
#553 = AXIS2_PLACEMENT_3D ( 'NONE', #714, #80, #591 ) ;
#554 = CARTESIAN_POINT ( 'NONE',  ( 8.673617379884035472E-16, 1.413348332598737045, 0.000000000000000000 ) ) ;
#555 = VECTOR ( 'NONE', #1340, 1000.000000000000000 ) ;
#556 = CARTESIAN_POINT ( 'NONE',  ( -4.000000000000001776, -2.499999999999999112, 2.071618299225593152 ) ) ;
#557 = AXIS2_PLACEMENT_3D ( 'NONE', #1025, #144, #760 ) ;
#558 = VERTEX_POINT ( 'NONE', #562 ) ;
#559 = ADVANCED_FACE ( 'NONE', ( #1069 ), #1466, .T. ) ;
#560 = CARTESIAN_POINT ( 'NONE',  ( -3.980930857743564921, -2.179486533593403941, 2.215128073022945010 ) ) ;
#561 = AXIS2_PLACEMENT_3D ( 'NONE', #301, #1614, #1459 ) ;
#562 = CARTESIAN_POINT ( 'NONE',  ( 3.794074074074074598, 1.122005773542906981, -2.428292465524959809 ) ) ;
#563 = ORIENTED_EDGE ( 'NONE', *, *, #786, .F. ) ;
#564 = ADVANCED_FACE ( 'NONE', ( #1604 ), #613, .T. ) ;
#565 = DIRECTION ( 'NONE',  ( 1.000000000000000000, -0.000000000000000000, 5.633679745264344642E-16 ) ) ;
#566 = CARTESIAN_POINT ( 'NONE',  ( -1.104904969831646197E-13, -2.179519533792974695, 4.555088450304013215 ) ) ;
#567 = ORIENTED_EDGE ( 'NONE', *, *, #1199, .F. ) ;
#568 = CARTESIAN_POINT ( 'NONE',  ( 2.000000000000000444, -2.499999999999999112, -3.464101615137754830 ) ) ;
#569 = EDGE_CURVE ( 'NONE', #255, #1568, #1073, .T. ) ;
#570 = ORIENTED_EDGE ( 'NONE', *, *, #1124, .T. ) ;
#571 = DIRECTION ( 'NONE',  ( 0.000000000000000000, 0.000000000000000000, 1.000000000000000000 ) ) ;
#572 = ORIENTED_EDGE ( 'NONE', *, *, #790, .F. ) ;
#573 = CARTESIAN_POINT ( 'NONE',  ( 8.673617379884035472E-16, 2.149999999999999911, 0.000000000000000000 ) ) ;
#574 = ORIENTED_EDGE ( 'NONE', *, *, #678, .T. ) ;
#575 = CARTESIAN_POINT ( 'NONE',  ( -4.000000000000001776, 1.413348332598738155, 0.000000000000000000 ) ) ;
#576 = ORIENTED_EDGE ( 'NONE', *, *, #982, .F. ) ;
#577 = CARTESIAN_POINT ( 'NONE',  ( -3.588148148148149197, -2.499999999999999112, -2.071618299225589155 ) ) ;
#578 = VERTEX_POINT ( 'NONE', #1341 ) ;
#579 = DIRECTION ( 'NONE',  ( 0.000000000000000000, 1.000000000000000000, 0.000000000000000000 ) ) ;
#580 = ADVANCED_FACE ( 'NONE', ( #930 ), #939, .F. ) ;
#581 = CIRCLE ( 'NONE', #447, 2.900000000000001688 ) ;
#582 = DIRECTION ( 'NONE',  ( -0.000000000000000000, 1.000000000000000000, -0.000000000000000000 ) ) ;
#583 = ORIENTED_EDGE ( 'NONE', *, *, #894, .F. ) ;
#584 = TOROIDAL_SURFACE ( 'NONE', #644, 3.649999999999999467, 0.1750000000000013212 ) ;
#585 = DIRECTION ( 'NONE',  ( -0.000000000000000000, 1.000000000000000000, -0.000000000000000000 ) ) ;
#586 = VERTEX_POINT ( 'NONE', #1208 ) ;
#587 = DIRECTION ( 'NONE',  ( -1.000000000000000000, 0.000000000000000000, 0.000000000000000000 ) ) ;
#589 = ORIENTED_EDGE ( 'NONE', *, *, #1145, .F. ) ;
#588 = AXIS2_PLACEMENT_3D ( 'NONE', #1035, #119, #631 ) ;
#590 = COORDINATED_UNIVERSAL_TIME_OFFSET ( 6, 0, .BEHIND. ) ;
#591 = DIRECTION ( 'NONE',  ( 0.000000000000000000, 0.000000000000000000, 1.000000000000000000 ) ) ;
#592 = ADVANCED_FACE ( 'NONE', ( #42, #1057 ), #534, .T. ) ;
#593 = CARTESIAN_POINT ( 'NONE',  ( 8.673617379884035472E-16, 2.325000000000000622, 0.000000000000000000 ) ) ;
#594 = VERTEX_POINT ( 'NONE', #437 ) ;
#595 = EDGE_CURVE ( 'NONE', #258, #1584, #880, .T. ) ;
#596 = CARTESIAN_POINT ( 'NONE',  ( 3.999999999999999112, 1.211182326868321502, 1.735757170351482470 ) ) ;
#597 = ORIENTED_EDGE ( 'NONE', *, *, #1334, .F. ) ;
#598 = CARTESIAN_POINT ( 'NONE',  ( -4.000000000000001776, 1.211182326789726149, 1.735757170647480807 ) ) ;
#599 = EDGE_CURVE ( 'NONE', #311, #586, #820, .T. ) ;
#600 = ADVANCED_FACE ( 'NONE', ( #1179 ), #662, .F. ) ;
#601 = CARTESIAN_POINT ( 'NONE',  ( -4.000000000000001776, -2.499999999999999112, 0.000000000000000000 ) ) ;
#602 = LINE ( 'NONE', #228, #264 ) ;
#603 = APPLICATION_CONTEXT ( 'configuration controlled 3d designs of mechanical parts and assemblies' ) ;
#604 = ORIENTED_EDGE ( 'NONE', *, *, #685, .F. ) ;
#605 = CARTESIAN_POINT ( 'NONE',  ( 8.673617379884035472E-16, -2.500000000000000888, 0.000000000000000000 ) ) ;
#606 = VERTEX_POINT ( 'NONE', #1451 ) ;
#607 = CARTESIAN_POINT ( 'NONE',  ( 8.673617379884035472E-16, 1.413348332598738155, 0.000000000000000000 ) ) ;
#608 = DATE_TIME_ROLE ( 'classification_date' ) ;
#609 = CARTESIAN_POINT ( 'NONE',  ( 4.000000000000000000, 1.413348332598737045, 2.253471898105737462E-15 ) ) ;
#610 = CARTESIAN_POINT ( 'NONE',  ( 4.000000000000000888, -2.208657440943905037, -2.071618299226566151 ) ) ;
#611 = AXIS2_PLACEMENT_3D ( 'NONE', #110, #1252, #446 ) ;
#612 = ORIENTED_EDGE ( 'NONE', *, *, #1006, .F. ) ;
#613 = CONICAL_SURFACE ( 'NONE', #936, 4.627777777777778212, 1.047197551196595189 ) ;
#614 = VECTOR ( 'NONE', #1424, 1000.000000000000000 ) ;
#615 = CARTESIAN_POINT ( 'NONE',  ( -2.303832897511366440, -2.500000000000002220, -3.288683609970902921 ) ) ;
#616 = ADVANCED_FACE ( 'NONE', ( #278 ), #1329, .F. ) ;
#617 = VERTEX_POINT ( 'NONE', #542 ) ;
#618 = CARTESIAN_POINT ( 'NONE',  ( 1.198016373758189315E-15, -2.100000000000004974, 2.500000000000002220 ) ) ;
#619 = ADVANCED_FACE ( 'NONE', ( #677 ), #1064, .T. ) ;
#620 = PERSON_AND_ORGANIZATION_ROLE ( 'design_supplier' ) ;
#621 = CARTESIAN_POINT ( 'NONE',  ( 8.673617379884035472E-16, 2.500000000000000000, 3.825000000000001066 ) ) ;
#622 = CC_DESIGN_APPROVAL ( #1632, ( #1166 ) ) ;
#623 = LOCAL_TIME ( 23, 45, 15.00000000000000000, #590 ) ;
#624 = CYLINDRICAL_SURFACE ( 'NONE', #1385, 0.4118518518518524685 ) ;
#625 = VERTEX_POINT ( 'NONE', #1238 ) ;
#626 = CARTESIAN_POINT ( 'NONE',  ( -3.794074074074074598, 1.122005773542904983, 2.428292465524962029 ) ) ;
#627 = ORIENTED_EDGE ( 'NONE', *, *, #321, .T. ) ;
#628 = CARTESIAN_POINT ( 'NONE',  ( 1.357220457647344929E-15, 2.149999999999999911, -4.000000000000000888 ) ) ;
#629 = B_SPLINE_CURVE_WITH_KNOTS ( 'NONE', 3,
 ( #852, #1009, #1112, #472, #1502, #220 ),
 .UNSPECIFIED., .F., .F.,
 ( 4, 2, 4 ),
 ( 1.371419323662773916E-18, 0.0002170332297782942858, 0.0004340664595565871622 ),
 .UNSPECIFIED. ) ;
#630 = CARTESIAN_POINT ( 'NONE',  ( -2.899999999999997247, 2.500000000000000444, 0.000000000000000000 ) ) ;
#631 = DIRECTION ( 'NONE',  ( 0.000000000000000000, 0.000000000000000000, 1.000000000000000000 ) ) ;
#632 = DIRECTION ( 'NONE',  ( 0.000000000000000000, 0.000000000000000000, -1.000000000000000000 ) ) ;
#633 = VERTEX_POINT ( 'NONE', #1527 ) ;
#634 = EDGE_LOOP ( 'NONE', ( #428, #1326, #976, #1022 ) ) ;
#635 = CARTESIAN_POINT ( 'NONE',  ( -0.2059259259259280661, -2.208657440944163497, 4.499910764750551628 ) ) ;
#636 = VERTEX_POINT ( 'NONE', #857 ) ;
#637 = CARTESIAN_POINT ( 'NONE',  ( 3.794074074076640546, 1.122005773542120277, 2.428292465523478771 ) ) ;
#638 = LINE ( 'NONE', #500, #1411 ) ;
#639 = FACE_OUTER_BOUND ( 'NONE', #1228, .T. ) ;
#640 = EDGE_CURVE ( 'NONE', #833, #1503, #423, .T. ) ;
#641 = DIRECTION ( 'NONE',  ( 0.000000000000000000, 0.000000000000000000, 1.000000000000000000 ) ) ;
#642 = CIRCLE ( 'NONE', #907, 3.649999999999999911 ) ;
#643 = LINE ( 'NONE', #770, #508 ) ;
#644 = AXIS2_PLACEMENT_3D ( 'NONE', #1637, #1476, #303 ) ;
#645 = ORIENTED_EDGE ( 'NONE', *, *, #1214, .T. ) ;
#646 = CARTESIAN_POINT ( 'NONE',  ( 8.673617379884035472E-16, 2.149999999999999911, 0.000000000000000000 ) ) ;
#647 = VECTOR ( 'NONE', #1539, 1000.000000000000000 ) ;
#648 = PLANE ( 'NONE',  #177 ) ;
#649 = DIRECTION ( 'NONE',  ( -0.000000000000000000, -1.000000000000000000, -0.000000000000000000 ) ) ;
#650 = DIRECTION ( 'NONE',  ( 0.000000000000000000, -0.4999999999999963918, -0.8660254037844407060 ) ) ;
#651 = CC_DESIGN_PERSON_AND_ORGANIZATION_ASSIGNMENT ( #705, #620, ( #1166 ) ) ;
#652 = CARTESIAN_POINT ( 'NONE',  ( 8.673617379884035472E-16, -2.137552331008732320, 0.000000000000000000 ) ) ;
#653 = ADVANCED_FACE ( 'NONE', ( #353 ), #1391, .F. ) ;
#654 = VERTEX_POINT ( 'NONE', #334 ) ;
#655 = CARTESIAN_POINT ( 'NONE',  ( 4.000000000000000888, -2.208657440943905037, -2.071618299226566151 ) ) ;
#656 = CARTESIAN_POINT ( 'NONE',  ( 8.673617379884035472E-16, 1.413348332598738155, 0.000000000000000000 ) ) ;
#657 = CARTESIAN_POINT ( 'NONE',  ( 8.673617379884035472E-16, 2.500000000000000444, 0.000000000000000000 ) ) ;
#658 = DIRECTION ( 'NONE',  ( 0.000000000000000000, 0.000000000000000000, -1.000000000000000000 ) ) ;
#659 = B_SPLINE_CURVE_WITH_KNOTS ( 'NONE', 3,
 ( #1033, #1426, #252, #764, #41, #1080 ),
 .UNSPECIFIED., .F., .F.,
 ( 4, 2, 4 ),
 ( 2.878850765696354431E-15, 0.0002170332297792255884, 0.0004340664595555722947 ),
 .UNSPECIFIED. ) ;
#660 = ORIENTED_EDGE ( 'NONE', *, *, #1583, .F. ) ;
#661 = CARTESIAN_POINT ( 'NONE',  ( 3.999999999999998224, -2.297833994269580238, 1.735757170351481360 ) ) ;
#662 = CYLINDRICAL_SURFACE ( 'NONE', #159, 1.980384757729339196 ) ;
#663 = CARTESIAN_POINT ( 'NONE',  ( 1.222509309741135832E-15, 1.413348332598736823, -2.899999999999998135 ) ) ;
#664 = FACE_OUTER_BOUND ( 'NONE', #485, .T. ) ;
#665 = EDGE_LOOP ( 'NONE', ( #737, #1686, #1509, #90 ) ) ;
#666 = CIRCLE ( 'NONE', #818, 2.899999999999998135 ) ;
#667 = CARTESIAN_POINT ( 'NONE',  ( -3.980930857743304241, 1.092834866192102350, -2.215128073023568067 ) ) ;
#668 = EDGE_CURVE ( 'NONE', #617, #1089, #2, .T. ) ;
#669 = AXIS2_PLACEMENT_3D ( 'NONE', #1312, #751, #1154 ) ;
#670 = CARTESIAN_POINT ( 'NONE',  ( -3.649999999999999023, 2.325000000000000622, 0.000000000000000000 ) ) ;
#671 = AXIS2_PLACEMENT_3D ( 'NONE', #929, #1456, #283 ) ;
#672 = EDGE_CURVE ( 'NONE', #1089, #1489, #946, .T. ) ;
#673 = DIRECTION ( 'NONE',  ( -0.8660254037844387076, 0.000000000000000000, -0.4999999999999998890 ) ) ;
#674 = DIRECTION ( 'NONE',  ( -0.000000000000000000, 1.000000000000000000, -0.000000000000000000 ) ) ;
#675 = ORIENTED_EDGE ( 'NONE', *, *, #170, .T. ) ;
#676 = CARTESIAN_POINT ( 'NONE',  ( -3.999999999999994227, 1.103184045765977839, -2.142505617728012179 ) ) ;
#677 = FACE_OUTER_BOUND ( 'NONE', #251, .T. ) ;
#678 = EDGE_CURVE ( 'NONE', #696, #1423, #1463, .T. ) ;
#679 = CARTESIAN_POINT ( 'NONE',  ( 8.673617379884035472E-16, -2.100000000000004974, 0.000000000000000000 ) ) ;
#680 = CARTESIAN_POINT ( 'NONE',  ( 8.673617379884035472E-16, 2.149999999999999911, 3.825000000000001066 ) ) ;
#681 = CARTESIAN_POINT ( 'NONE',  ( 3.908822612746233105, 1.092834866192054166, -2.340023217003307288 ) ) ;
#682 = FACE_OUTER_BOUND ( 'NONE', #634, .T. ) ;
#683 = APPLICATION_PROTOCOL_DEFINITION ( 'international standard', 'config_control_design', 1994, #1368 ) ;
#684 = DIRECTION ( 'NONE',  ( 0.000000000000000000, 0.000000000000000000, 1.000000000000000000 ) ) ;
#685 = EDGE_CURVE ( 'NONE', #959, #515, #862, .T. ) ;
#686 = FACE_OUTER_BOUND ( 'NONE', #1357, .T. ) ;
#687 = CONICAL_SURFACE ( 'NONE', #1655, 2.500000000000002220, 0.7853981633974526089 ) ;
#688 = CARTESIAN_POINT ( 'NONE',  ( 1.222509309741135832E-15, 2.325000000000000622, -2.899999999999998135 ) ) ;
#689 = CIRCLE ( 'NONE', #671, 4.000000000000000888 ) ;
#690 = CARTESIAN_POINT ( 'NONE',  ( 4.000000000000000888, 1.211982882195757671, -1.732742079433689186 ) ) ;
#691 = VERTEX_POINT ( 'NONE', #183 ) ;
#692 = CONICAL_SURFACE ( 'NONE', #1662, 4.627777777777778212, 1.047197551196595189 ) ;
#693 = ADVANCED_FACE ( 'NONE', ( #993 ), #76, .T. ) ;
#694 = CARTESIAN_POINT ( 'NONE',  ( 8.673617379884035472E-16, 2.500000000000000444, 0.000000000000000000 ) ) ;
#695 = ADVANCED_FACE ( 'NONE', ( #1648 ), #715, .T. ) ;
#696 = VERTEX_POINT ( 'NONE', #830 ) ;
#697 = DIRECTION ( 'NONE',  ( -0.000000000000000000, 1.000000000000000000, -0.000000000000000000 ) ) ;
#698 = CARTESIAN_POINT ( 'NONE',  ( 1.335789138662266159E-15, 2.500000000000000000, -3.825000000000001066 ) ) ;
#699 = VERTEX_POINT ( 'NONE', #1659 ) ;
#700 = CLOSED_SHELL ( 'NONE', ( #935, #1328, #616, #409, #1, #772, #653, #1601, #1382, #1225, #919, #816, #1530, #293, #91, #22, #64, #50, #1635, #402, #1550, #707, #861, #1592, #1581, #758, #941, #1506, #564, #736, #1427, #711, #619, #883, #693, #1093, #1189, #369, #210, #1164, #125, #1090, #814, #466, #295, #547, #416 ) ) ;
#701 = CARTESIAN_POINT ( 'NONE',  ( 1.325073479169726873E-15, 2.325000000000000622, -3.649999999999999911 ) ) ;
#702 = EDGE_CURVE ( 'NONE', #1584, #258, #1379, .T. ) ;
#703 = EDGE_LOOP ( 'NONE', ( #583, #459, #1667, #1679 ) ) ;
#704 = CARTESIAN_POINT ( 'NONE',  ( -4.000000000000001776, -2.499999999999999112, -2.309401076758501592 ) ) ;
#705 = PERSON_AND_ORGANIZATION ( #785, #887 ) ;
#706 = CARTESIAN_POINT ( 'NONE',  ( 8.673617379884035472E-16, -2.100000000000004974, 0.000000000000000000 ) ) ;
#707 = ADVANCED_FACE ( 'NONE', ( #193 ), #479, .T. ) ;
#708 = ORIENTED_EDGE ( 'NONE', *, *, #640, .F. ) ;
#709 = ORIENTED_EDGE ( 'NONE', *, *, #982, .T. ) ;
#710 = CARTESIAN_POINT ( 'NONE',  ( 0.07259092995431416784, 1.092867866392214671, -4.555088450303067305 ) ) ;
#711 = ADVANCED_FACE ( 'NONE', ( #95 ), #1005, .T. ) ;
#712 = CIRCLE ( 'NONE', #961, 0.1750000000000015432 ) ;
#713 = APPROVAL_DATE_TIME ( #96, #1671 ) ;
#714 = CARTESIAN_POINT ( 'NONE',  ( 8.673617379884035472E-16, 1.413348332598738155, 0.000000000000000000 ) ) ;
#715 = TOROIDAL_SURFACE ( 'NONE', #1157, 3.649999999999999467, 0.1750000000000013212 ) ;
#716 = EDGE_CURVE ( 'NONE', #515, #270, #1184, .T. ) ;
#717 = CIRCLE ( 'NONE', #1029, 3.825000000000001066 ) ;
#718 = CARTESIAN_POINT ( 'NONE',  ( 3.206384224811932082, -2.388838235329199478, -2.767595358196468069 ) ) ;
#719 = ORIENTED_EDGE ( 'NONE', *, *, #1360, .T. ) ;
#720 = AXIS2_PLACEMENT_3D ( 'NONE', #1543, #1569, #1670 ) ;
#721 = B_SPLINE_CURVE_WITH_KNOTS ( 'NONE', 3,
 ( #1293, #253, #389, #510, #1279, #118 ),
 .UNSPECIFIED., .F., .F.,
 ( 4, 2, 4 ),
 ( 2.879240834572792840E-15, 0.0002170332297797234811, 0.0004340664595565677550 ),
 .UNSPECIFIED. ) ;
#722 = CARTESIAN_POINT ( 'NONE',  ( -2.000000000000000444, -2.499999999999999112, 3.464101615137757939 ) ) ;
#723 = ORIENTED_EDGE ( 'NONE', *, *, #154, .F. ) ;
#724 = CARTESIAN_POINT ( 'NONE',  ( -4.336808689942017736E-16, -2.499999999999999112, -4.143236598451180974 ) ) ;
#725 = AXIS2_PLACEMENT_3D ( 'NONE', #888, #1422, #247 ) ;
#726 = CARTESIAN_POINT ( 'NONE',  ( -2.168404344971008868E-15, -2.499999999999999112, 4.555088450303035330 ) ) ;
#727 = DIRECTION ( 'NONE',  ( 0.000000000000000000, 0.000000000000000000, 1.000000000000000000 ) ) ;
#728 = ORIENTED_EDGE ( 'NONE', *, *, #716, .F. ) ;
#729 = VERTEX_POINT ( 'NONE', #839 ) ;
#730 = CARTESIAN_POINT ( 'NONE',  ( 8.673617379884035472E-16, -2.100000000000004974, 0.000000000000000000 ) ) ;
#731 = ORIENTED_EDGE ( 'NONE', *, *, #266, .T. ) ;
#732 = DIRECTION ( 'NONE',  ( 0.000000000000000000, 0.000000000000000000, 1.000000000000000000 ) ) ;
#733 = DIRECTION ( 'NONE',  ( 0.000000000000000000, 0.000000000000000000, 1.000000000000000000 ) ) ;
#734 = DIRECTION ( 'NONE',  ( 1.224646799147351728E-16, 0.000000000000000000, -1.000000000000000000 ) ) ;
#735 = ORIENTED_EDGE ( 'NONE', *, *, #188, .T. ) ;
#736 = ADVANCED_FACE ( 'NONE', ( #1371 ), #45, .T. ) ;
#737 = ORIENTED_EDGE ( 'NONE', *, *, #1360, .F. ) ;
#738 = CARTESIAN_POINT ( 'NONE',  ( 8.673617379884035472E-16, 2.500000000000000444, 2.899999999999998135 ) ) ;
#739 = ORIENTED_EDGE ( 'NONE', *, *, #425, .F. ) ;
#740 = DIRECTION ( 'NONE',  ( -0.000000000000000000, 1.000000000000000000, -0.000000000000000000 ) ) ;
#741 = CARTESIAN_POINT ( 'NONE',  ( -4.000000000000002665, -2.372667120317756506, -1.387360752411221254 ) ) ;
#742 = CARTESIAN_POINT ( 'NONE',  ( 3.999999999999999112, -2.500000000000000000, -0.3492417567105810527 ) ) ;
#743 = AXIS2_PLACEMENT_3D ( 'NONE', #860, #1421, #1537 ) ;
#744 = ORIENTED_EDGE ( 'NONE', *, *, #1472, .F. ) ;
#745 = AXIS2_PLACEMENT_3D ( 'NONE', #749, #1407, #1292 ) ;
#746 = CC_DESIGN_DATE_AND_TIME_ASSIGNMENT ( #326, #608, ( #827 ) ) ;
#747 = FACE_BOUND ( 'NONE', #358, .T. ) ;
#748 = ORIENTED_EDGE ( 'NONE', *, *, #514, .F. ) ;
#749 = CARTESIAN_POINT ( 'NONE',  ( 8.673617379884035472E-16, 2.149999999999999467, 3.649999999999999467 ) ) ;
#750 = B_SPLINE_CURVE_WITH_KNOTS ( 'NONE', 3,
 ( #575, #1257, #828, #960, #450, #442 ),
 .UNSPECIFIED., .F., .F.,
 ( 4, 2, 4 ),
 ( 0.004023701058615319383, 0.005066414815568261350, 0.006109128572521203317 ),
 .UNSPECIFIED. ) ;
#751 = DIRECTION ( 'NONE',  ( -0.000000000000000000, 1.000000000000000000, -0.000000000000000000 ) ) ;
#752 = AXIS2_PLACEMENT_3D ( 'NONE', #1173, #1305, #1313 ) ;
#753 = CARTESIAN_POINT ( 'NONE',  ( 8.673617379884035472E-16, 2.279373736383168314, 0.000000000000000000 ) ) ;
#754 = CARTESIAN_POINT ( 'NONE',  ( 8.673617379884035472E-16, 2.279373736383168314, 0.000000000000000000 ) ) ;
#755 = CARTESIAN_POINT ( 'NONE',  ( -1.696167102488634892, -2.500000000000000000, 3.639519620304607628 ) ) ;
#756 = ORIENTED_EDGE ( 'NONE', *, *, #569, .F. ) ;
#757 = CARTESIAN_POINT ( 'NONE',  ( -0.2059259259233596762, 1.122005773542118279, 4.499910764752034886 ) ) ;
#758 = ADVANCED_FACE ( 'NONE', ( #1508 ), #1130, .T. ) ;
#759 = DIRECTION ( 'NONE',  ( 0.8660254037844385966, 0.000000000000000000, -0.5000000000000000000 ) ) ;
#760 = DIRECTION ( 'NONE',  ( 0.000000000000000000, 0.000000000000000000, 1.000000000000000000 ) ) ;
#761 = CARTESIAN_POINT ( 'NONE',  ( 8.673617379884035472E-16, 1.413348332598736823, 2.899999999999998135 ) ) ;
#762 = CARTESIAN_POINT ( 'NONE',  ( 8.673617379884035472E-16, 2.325000000000000622, 0.000000000000000000 ) ) ;
#763 = VERTEX_POINT ( 'NONE', #774 ) ;
#764 = CARTESIAN_POINT ( 'NONE',  ( 3.980930857743303353, -2.179486533593360420, -2.215128073023569844 ) ) ;
#765 = DIRECTION ( 'NONE',  ( 0.000000000000000000, 0.000000000000000000, 1.000000000000000000 ) ) ;
#766 = EDGE_CURVE ( 'NONE', #141, #6, #1270, .T. ) ;
#767 = CARTESIAN_POINT ( 'NONE',  ( -0.2059259259259266506, 1.122005773542906981, -4.499910764750549852 ) ) ;
#768 = VERTEX_POINT ( 'NONE', #107 ) ;
#769 = AXIS2_PLACEMENT_3D ( 'NONE', #53, #440, #684 ) ;
#770 = CARTESIAN_POINT ( 'NONE',  ( 0.2059259259259258179, -2.499999999999999112, -4.499910764750550740 ) ) ;
#771 = TOROIDAL_SURFACE ( 'NONE', #535, 3.649999999999999911, 0.1750000000000009048 ) ;
#772 = ADVANCED_FACE ( 'NONE', ( #371 ), #821, .F. ) ;
#773 = EDGE_LOOP ( 'NONE', ( #60, #570, #181, #1658 ) ) ;
#774 = CARTESIAN_POINT ( 'NONE',  ( 4.000000000000000000, 1.413348332598737045, 2.253471898105737462E-15 ) ) ;
#775 = VECTOR ( 'NONE', #649, 1000.000000000000000 ) ;
#776 = CARTESIAN_POINT ( 'NONE',  ( 0.4990968777013807256, 1.211889536292559688, 4.330648436824412251 ) ) ;
#777 = DIRECTION ( 'NONE',  ( -0.000000000000000000, 1.000000000000000000, -0.000000000000000000 ) ) ;
#778 = VERTEX_POINT ( 'NONE', #618 ) ;
#779 = CARTESIAN_POINT ( 'NONE',  ( 2.607687347554495716, 1.386017790320674958, -3.113253161444036632 ) ) ;
#780 = ORIENTED_EDGE ( 'NONE', *, *, #1285, .T. ) ;
#781 = CARTESIAN_POINT ( 'NONE',  ( 8.673617379884035472E-16, 2.500000000000000444, 0.000000000000000000 ) ) ;
#782 = DIRECTION ( 'NONE',  ( -0.000000000000000000, 1.000000000000000000, -0.000000000000000000 ) ) ;
#783 = PLANE ( 'NONE',  #752 ) ;
#784 = ORIENTED_EDGE ( 'NONE', *, *, #1169, .F. ) ;
#785 = PERSON ( 'UNSPECIFIED', 'UNSPECIFIED', 'UNSPECIFIED', ('UNSPECIFIED'), ('UNSPECIFIED'), ('UNSPECIFIED') ) ;
#786 = EDGE_CURVE ( 'NONE', #1613, #1477, #330, .T. ) ;
#787 = EDGE_LOOP ( 'NONE', ( #1038, #572, #87, #1542 ) ) ;
#788 = PRODUCT_DEFINITION_SHAPE ( 'NONE', 'NONE',  #1559 ) ;
#789 = DIRECTION ( 'NONE',  ( -0.000000000000000000, 1.000000000000000000, -0.000000000000000000 ) ) ;
#790 = EDGE_CURVE ( 'NONE', #654, #1216, #1053, .T. ) ;
#791 = CARTESIAN_POINT ( 'NONE',  ( 8.673617379884035472E-16, 2.500000000000000000, 0.000000000000000000 ) ) ;
#792 = PERSON_AND_ORGANIZATION_ROLE ( 'design_owner' ) ;
#793 = FACE_OUTER_BOUND ( 'NONE', #357, .T. ) ;
#794 = EDGE_CURVE ( 'NONE', #1503, #729, #533, .T. ) ;
#795 = VERTEX_POINT ( 'NONE', #655 ) ;
#796 = CIRCLE ( 'NONE', #1408, 3.649999999999999467 ) ;
#797 = CARTESIAN_POINT ( 'NONE',  ( 1.091894541693868612E-13, 1.092867866391717735, 4.555088450304013215 ) ) ;
#798 = AXIS2_PLACEMENT_3D ( 'NONE', #57, #697, #571 ) ;
#799 = DIRECTION ( 'NONE',  ( 0.000000000000000000, 0.000000000000000000, 1.000000000000000000 ) ) ;
#800 = VECTOR ( 'NONE', #900, 1000.000000000000000 ) ;
#801 = EDGE_LOOP ( 'NONE', ( #1432, #645, #1611, #517, #190, #842 ) ) ;
#802 = DIRECTION ( 'NONE',  ( 0.000000000000000000, -1.000000000000000000, 0.000000000000000000 ) ) ;
#803 = CARTESIAN_POINT ( 'NONE',  ( 8.673617379884035472E-16, 2.325000000000000622, 1.980384757729339196 ) ) ;
#804 = CARTESIAN_POINT ( 'NONE',  ( 8.673617379884035472E-16, 1.413348332598738155, 4.000000000000000000 ) ) ;
#805 = CARTESIAN_POINT ( 'NONE',  ( -3.981179771633857278, -2.179552697437342257, -2.214444960156667808 ) ) ;
#806 = EDGE_CURVE ( 'NONE', #578, #636, #24, .T. ) ;
#807 = DIRECTION ( 'NONE',  ( 0.000000000000000000, 0.000000000000000000, -1.000000000000000000 ) ) ;
#808 = CARTESIAN_POINT ( 'NONE',  ( 8.673617379884035472E-16, 2.325000000000000622, 0.000000000000000000 ) ) ;
#809 = EDGE_CURVE ( 'NONE', #206, #1149, #1557, .T. ) ;
#810 = ORIENTED_EDGE ( 'NONE', *, *, #702, .F. ) ;
#811 = DIRECTION ( 'NONE',  ( 0.000000000000000000, 0.000000000000000000, 1.000000000000000000 ) ) ;
#812 = DIRECTION ( 'NONE',  ( 0.000000000000000000, 0.000000000000000000, 1.000000000000000000 ) ) ;
#813 = APPROVAL_STATUS ( 'not_yet_approved' ) ;
#814 = ADVANCED_FACE ( 'NONE', ( #524 ), #771, .F. ) ;
#815 = CARTESIAN_POINT ( 'NONE',  ( 4.000000000000000888, 1.122005773542648077, -2.071618299226565707 ) ) ;
#816 = ADVANCED_FACE ( 'NONE', ( #1267, #1553 ), #516, .T. ) ;
#817 = DIRECTION ( 'NONE',  ( 0.000000000000000000, 1.000000000000000000, 0.000000000000000000 ) ) ;
#818 = AXIS2_PLACEMENT_3D ( 'NONE', #16, #273, #152 ) ;
#819 = ORIENTED_EDGE ( 'NONE', *, *, #1217, .T. ) ;
#820 = LINE ( 'NONE', #1352, #71 ) ;
#821 = CONICAL_SURFACE ( 'NONE', #104, 2.899999999999998135, 0.7853981633974428389 ) ;
#822 = ORIENTED_EDGE ( 'NONE', *, *, #672, .T. ) ;
#823 = CARTESIAN_POINT ( 'NONE',  ( 3.999999999999998224, -2.499999999999999112, 2.309401076758504701 ) ) ;
#824 = AXIS2_PLACEMENT_3D ( 'NONE', #81, #1254, #1244 ) ;
#825 = CARTESIAN_POINT ( 'NONE',  ( -4.000000000000002665, -2.472597192731543547, 0.7029683733785828670 ) ) ;
#826 = ORIENTED_EDGE ( 'NONE', *, *, #1457, .T. ) ;
#827 = SECURITY_CLASSIFICATION ( '', '', #995 ) ;
#828 = CARTESIAN_POINT ( 'NONE',  ( -4.000000000000002665, 1.386562515675743290, -0.6964627344980826029 ) ) ;
#829 = EDGE_LOOP ( 'NONE', ( #1497, #1263, #1470, #449 ) ) ;
#830 = CARTESIAN_POINT ( 'NONE',  ( -1.999999999999999556, -2.499999999999999112, -3.464101615137753942 ) ) ;
#831 = VERTEX_POINT ( 'NONE', #757 ) ;
#832 = DIRECTION ( 'NONE',  ( 0.000000000000000000, 1.000000000000000000, 0.000000000000000000 ) ) ;
#833 = VERTEX_POINT ( 'NONE', #628 ) ;
#834 = ORIENTED_EDGE ( 'NONE', *, *, #894, .T. ) ;
#835 = EDGE_CURVE ( 'NONE', #864, #768, #350, .T. ) ;
#836 = DIRECTION ( 'NONE',  ( 0.000000000000000000, -1.000000000000000000, 0.000000000000000000 ) ) ;
#837 = EDGE_CURVE ( 'NONE', #1216, #833, #260, .T. ) ;
#838 = VERTEX_POINT ( 'NONE', #244 ) ;
#839 = CARTESIAN_POINT ( 'NONE',  ( 8.673617379884035472E-16, 2.500000000000000444, 3.649999999999999467 ) ) ;
#840 = CARTESIAN_POINT ( 'NONE',  ( 0.2059259259233570949, 1.122005773542119167, -4.499910764752033110 ) ) ;
#841 = CARTESIAN_POINT ( 'NONE',  ( 4.000000000000000000, -2.372667120967709042, -1.387360748966784074 ) ) ;
#842 = ORIENTED_EDGE ( 'NONE', *, *, #1454, .T. ) ;
#843 = CARTESIAN_POINT ( 'NONE',  ( 3.999999999999999112, 1.385945526387045712, 0.7029683645108592005 ) ) ;
#844 = EDGE_LOOP ( 'NONE', ( #1255, #1108, #468, #443 ) ) ;
#845 = CARTESIAN_POINT ( 'NONE',  ( -4.000000000000001776, 1.413348332598738155, 0.000000000000000000 ) ) ;
#846 = ORIENTED_EDGE ( 'NONE', *, *, #1276, .T. ) ;
#847 = CIRCLE ( 'NONE', #70, 4.000000000000000888 ) ;
#848 = DATE_AND_TIME ( #1628, #1579 ) ;
#849 = CARTESIAN_POINT ( 'NONE',  ( 4.000000000000000888, -2.499999999999999112, -2.071618299225589599 ) ) ;
#850 = AXIS2_PLACEMENT_3D ( 'NONE', #1594, #947, #37 ) ;
#851 = CONICAL_SURFACE ( 'NONE', #108, 2.899999999999998135, 0.7853981633974428389 ) ;
#852 = CARTESIAN_POINT ( 'NONE',  ( 3.999999999999998224, -2.208657440944165273, 2.071618299225590931 ) ) ;
#853 = ORIENTED_EDGE ( 'NONE', *, *, #668, .F. ) ;
#854 = CIRCLE ( 'NONE', #1520, 2.500000000000002220 ) ;
#855 = DIRECTION ( 'NONE',  ( 0.000000000000000000, 0.000000000000000000, 1.000000000000000000 ) ) ;
#856 = ORIENTED_EDGE ( 'NONE', *, *, #78, .F. ) ;
#857 = CARTESIAN_POINT ( 'NONE',  ( 1.222509309741135832E-15, 1.413348332598736823, -2.899999999999998135 ) ) ;
#858 = CIRCLE ( 'NONE', #972, 2.899999999999998135 ) ;
#859 = CALENDAR_DATE ( 2026, 7, 1 ) ;
#860 = CARTESIAN_POINT ( 'NONE',  ( 8.673617379884035472E-16, 2.149999999999999911, 0.000000000000000000 ) ) ;
#861 = ADVANCED_FACE ( 'NONE', ( #361 ), #380, .T. ) ;
#862 = B_SPLINE_CURVE_WITH_KNOTS ( 'NONE', 3,
 ( #217, #598, #207, #1517, #1363, #845 ),
 .UNSPECIFIED., .F., .F.,
 ( 4, 2, 4 ),
 ( 0.001938745281140518166, 0.002981223169877918883, 0.004023701058615319383 ),
 .UNSPECIFIED. ) ;
#863 = CARTESIAN_POINT ( 'NONE',  ( 0.07259092995431350170, -2.179519533793470742, 4.555088450303069081 ) ) ;
#864 = VERTEX_POINT ( 'NONE', #123 ) ;
#865 = CARTESIAN_POINT ( 'NONE',  ( 1.109888923451747836E-15, 2.325000000000000622, -1.980384757729339196 ) ) ;
#866 = ORIENTED_EDGE ( 'NONE', *, *, #672, .F. ) ;
#867 = CARTESIAN_POINT ( 'NONE',  ( -0.1446368045769466648, 1.103215041346880643, -4.535296055459781428 ) ) ;
#868 = CARTESIAN_POINT ( 'NONE',  ( 3.999999999999998224, -2.208657440944165273, 2.071618299225590931 ) ) ;
#869 = EDGE_CURVE ( 'NONE', #420, #795, #659, .T. ) ;
#870 = CARTESIAN_POINT ( 'NONE',  ( 1.109888923451747836E-15, 2.500000000000000000, -1.980384757729339196 ) ) ;
#871 = ORIENTED_EDGE ( 'NONE', *, *, #977, .F. ) ;
#872 = CARTESIAN_POINT ( 'NONE',  ( -3.205347124796960490, 1.285147148250798121, 2.768194128169290558 ) ) ;
#873 = ORIENTED_EDGE ( 'NONE', *, *, #1480, .T. ) ;
#874 = CARTESIAN_POINT ( 'NONE',  ( 0.000000000000000000, -2.499999999999999112, -4.618802153517006737 ) ) ;
#875 = UNCERTAINTY_MEASURE_WITH_UNIT (LENGTH_MEASURE( 1.000000000000000082E-05 ), #957, 'distance_accuracy_value', 'NONE');
#876 = CARTESIAN_POINT ( 'NONE',  ( -3.794074074076643210, -2.208657440943374795, 2.428292465523479216 ) ) ;
#877 = CARTESIAN_POINT ( 'NONE',  ( 0.1444544429738570945, -2.189810798204483877, 4.535401341980413115 ) ) ;
#878 = AXIS2_PLACEMENT_3D ( 'NONE', #1322, #408, #1212 ) ;
#879 = CARTESIAN_POINT ( 'NONE',  ( -1.999999999999999556, 1.413348332598738155, -3.464101615137753942 ) ) ;
#880 = CIRCLE ( 'NONE', #1515, 1.980384757729338974 ) ;
#881 = CIRCLE ( 'NONE', #1185, 3.649999999999999911 ) ;
#882 = CARTESIAN_POINT ( 'NONE',  ( 8.673617379884035472E-16, 1.413348332598738155, -4.000000000000000000 ) ) ;
#883 = ADVANCED_FACE ( 'NONE', ( #1593 ), #299, .T. ) ;
#884 = EDGE_LOOP ( 'NONE', ( #748, #1634, #866, #853, #1000 ) ) ;
#885 = CARTESIAN_POINT ( 'NONE',  ( 3.794074074074071490, -2.208657440944164829, 2.428292465524961585 ) ) ;
#886 = CARTESIAN_POINT ( 'NONE',  ( -1.734723475976807094E-15, -2.499999999999999112, 4.618802153517008513 ) ) ;
#887 = ORGANIZATION ( 'UNSPECIFIED', 'UNSPECIFIED', '' ) ;
#888 = CARTESIAN_POINT ( 'NONE',  ( 8.673617379884035472E-16, -2.137552331008732320, 0.000000000000000000 ) ) ;
#889 = LINE ( 'NONE', #761, #990 ) ;
#890 = LINE ( 'NONE', #1037, #1241 ) ;
#891 = CC_DESIGN_PERSON_AND_ORGANIZATION_ASSIGNMENT ( #1229, #1661, ( #1166 ) ) ;
#892 = ORIENTED_EDGE ( 'NONE', *, *, #117, .T. ) ;
#893 = CARTESIAN_POINT ( 'NONE',  ( 8.673617379884035472E-16, 2.149999999999999911, 3.649999999999999911 ) ) ;
#894 = EDGE_CURVE ( 'NONE', #778, #474, #1609, .T. ) ;
#895 = DIRECTION ( 'NONE',  ( -0.000000000000000000, 1.000000000000000000, -0.000000000000000000 ) ) ;
#896 = CARTESIAN_POINT ( 'NONE',  ( -0.7946528752030400655, 1.285147148250799898, -4.160009102106220880 ) ) ;
#897 = DIRECTION ( 'NONE',  ( 0.000000000000000000, 0.000000000000000000, -1.000000000000000000 ) ) ;
#898 = EDGE_CURVE ( 'NONE', #1039, #633, #881, .T. ) ;
#899 = EDGE_LOOP ( 'NONE', ( #162, #187, #1353, #739 ) ) ;
#900 = DIRECTION ( 'NONE',  ( -0.000000000000000000, -1.000000000000000000, -0.000000000000000000 ) ) ;
#901 = ORIENTED_EDGE ( 'NONE', *, *, #154, .T. ) ;
#902 = CARTESIAN_POINT ( 'NONE',  ( 2.303832897511366440, -2.500000000000002220, 3.288683609970903809 ) ) ;
#903 = DIRECTION ( 'NONE',  ( 0.000000000000000000, 0.000000000000000000, 1.000000000000000000 ) ) ;
#904 = CARTESIAN_POINT ( 'NONE',  ( 2.000000000000000444, -2.499999999999999112, -3.464101615137754830 ) ) ;
#905 = B_SPLINE_CURVE_WITH_KNOTS ( 'NONE', 3,
 ( #1309, #268, #779, #146, #1044, #908 ),
 .UNSPECIFIED., .F., .F.,
 ( 4, 2, 4 ),
 ( 0.002336974151641547318, 0.003378785994338390740, 0.004420597837035233728 ),
 .UNSPECIFIED. ) ;
#906 = LINE ( 'NONE', #1437, #1337 ) ;
#907 = AXIS2_PLACEMENT_3D ( 'NONE', #808, #34, #546 ) ;
#908 = CARTESIAN_POINT ( 'NONE',  ( 3.794074074074074598, 1.122005773542906981, -2.428292465524959809 ) ) ;
#909 = AXIS2_PLACEMENT_3D ( 'NONE', #963, #1107, #1249 ) ;
#910 = B_SPLINE_CURVE_WITH_KNOTS ( 'NONE', 3,
 ( #486, #755, #504, #384, #513, #1678 ),
 .UNSPECIFIED., .F., .F.,
 ( 4, 2, 4 ),
 ( 0.002336974151641549053, 0.003378785994338390740, 0.004420597837035232860 ),
 .UNSPECIFIED. ) ;
#911 = ORIENTED_EDGE ( 'NONE', *, *, #279, .F. ) ;
#912 = CARTESIAN_POINT ( 'NONE',  ( -3.794074074076644099, 1.122005773542118945, -2.428292465523475219 ) ) ;
#913 = CARTESIAN_POINT ( 'NONE',  ( -4.000000000000001776, -2.208657440943904149, -2.071618299226564375 ) ) ;
#914 = B_SPLINE_CURVE_WITH_KNOTS ( 'NONE', 3,
 ( #149, #661, #1178, #18, #531, #1585 ),
 .UNSPECIFIED., .F., .F.,
 ( 4, 2, 4 ),
 ( 0.001938746526448574710, 0.002981224415628119795, 0.004023702304807664880 ),
 .UNSPECIFIED. ) ;
#915 = CARTESIAN_POINT ( 'NONE',  ( -4.000000000000001776, 1.122005773542646745, -2.071618299226564819 ) ) ;
#916 = VECTOR ( 'NONE', #382, 1000.000000000000000 ) ;
#917 = EDGE_CURVE ( 'NONE', #606, #1540, #1492, .T. ) ;
#918 = VERTEX_POINT ( 'NONE', #804 ) ;
#919 = ADVANCED_FACE ( 'NONE', ( #1469 ), #940, .T. ) ;
#920 = ORIENTED_EDGE ( 'NONE', *, *, #1067, .T. ) ;
#921 = ORIENTED_EDGE ( 'NONE', *, *, #1028, .F. ) ;
#922 = CARTESIAN_POINT ( 'NONE',  ( 8.673617379884035472E-16, 2.149999999999999911, 0.000000000000000000 ) ) ;
#923 = DIRECTION ( 'NONE',  ( 0.000000000000000000, 0.000000000000000000, 1.000000000000000000 ) ) ;
#924 = CARTESIAN_POINT ( 'NONE',  ( 2.000000000000000888, 1.413348332598738155, 3.464101615137754386 ) ) ;
#925 = CARTESIAN_POINT ( 'NONE',  ( 8.673617379884035472E-16, 2.500000000000000000, 0.000000000000000000 ) ) ;
#926 = APPROVAL ( #1528, 'UNSPECIFIED' ) ;
#927 = EDGE_LOOP ( 'NONE', ( #988, #1405, #1669, #1017 ) ) ;
#928 = B_SPLINE_CURVE_WITH_KNOTS ( 'NONE', 3,
 ( #1103, #742, #1387, #841, #212, #610 ),
 .UNSPECIFIED., .F., .F.,
 ( 4, 2, 4 ),
 ( 0.004023702304807664880, 0.005066416071706313431, 0.006109129838604961983 ),
 .UNSPECIFIED. ) ;
#929 = CARTESIAN_POINT ( 'NONE',  ( 8.673617379884035472E-16, -2.499999999999999112, 0.000000000000000000 ) ) ;
#930 = FACE_OUTER_BOUND ( 'NONE', #1291, .T. ) ;
#931 = EDGE_LOOP ( 'NONE', ( #1401, #1535, #451, #1085, #529, #1325 ) ) ;
#932 = CARTESIAN_POINT ( 'NONE',  ( 0.000000000000000000, 0.000000000000000000, 0.000000000000000000 ) ) ;
#933 = DIRECTION ( 'NONE',  ( 0.000000000000000000, 1.000000000000000000, 0.000000000000000000 ) ) ;
#934 = CIRCLE ( 'NONE', #611, 4.000000000000000888 ) ;
#935 = ADVANCED_FACE ( 'NONE', ( #686 ), #46, .T. ) ;
#936 = AXIS2_PLACEMENT_3D ( 'NONE', #421, #1082, #300 ) ;
#937 = CARTESIAN_POINT ( 'NONE',  ( -4.000000000000001776, 1.122005773542904983, 2.071618299225593596 ) ) ;
#938 = CIRCLE ( 'NONE', #1324, 2.500000000000002220 ) ;
#939 = CYLINDRICAL_SURFACE ( 'NONE', #1545, 1.980384757729339196 ) ;
#940 = CONICAL_SURFACE ( 'NONE', #1054, 2.500000000000000000, 1.047197551196601850 ) ;
#941 = ADVANCED_FACE ( 'NONE', ( #1206 ), #1207, .T. ) ;
#942 = DIRECTION ( 'NONE',  ( -0.000000000000000000, 1.000000000000000000, -0.000000000000000000 ) ) ;
#943 = LOCAL_TIME ( 23, 45, 15.00000000000000000, #1128 ) ;
#944 = CARTESIAN_POINT ( 'NONE',  ( 8.673617379884035472E-16, 2.325000000000000622, 0.000000000000000000 ) ) ;
#945 = PRODUCT_RELATED_PRODUCT_CATEGORY ( 'detail', '', ( #1059 ) ) ;
#946 = B_SPLINE_CURVE_WITH_KNOTS ( 'NONE', 3,
 ( #1088, #1499, #867, #1381 ),
 .UNSPECIFIED., .F., .F.,
 ( 4, 4 ),
 ( 0.0002173906396370438288, 0.0004340664595565678092 ),
 .UNSPECIFIED. ) ;
#947 = DIRECTION ( 'NONE',  ( -0.000000000000000000, 1.000000000000000000, -0.000000000000000000 ) ) ;
#948 = B_SPLINE_CURVE_WITH_KNOTS ( 'NONE', 3,
 ( #518, #262, #1681, #1428, #776, #124 ),
 .UNSPECIFIED., .F., .F.,
 ( 4, 2, 4 ),
 ( 0.002336974151641543849, 0.003378785994338388571, 0.004420597837035232860 ),
 .UNSPECIFIED. ) ;
#949 = EDGE_CURVE ( 'NONE', #419, #329, #492, .T. ) ;
#950 = PERSON_AND_ORGANIZATION ( #785, #887 ) ;
#951 = DIRECTION ( 'NONE',  ( 0.000000000000000000, 1.000000000000000000, 0.000000000000000000 ) ) ;
#952 = EDGE_CURVE ( 'NONE', #729, #386, #1660, .T. ) ;
#953 = ORIENTED_EDGE ( 'NONE', *, *, #835, .F. ) ;
#954 = CARTESIAN_POINT ( 'NONE',  ( 8.673617379884035472E-16, -2.499999999999999112, 0.000000000000000000 ) ) ;
#955 = EDGE_LOOP ( 'NONE', ( #28, #1182, #202, #574 ) ) ;
#956 = DIRECTION ( 'NONE',  ( -0.000000000000000000, 1.000000000000000000, -0.000000000000000000 ) ) ;
#957 =( LENGTH_UNIT ( ) NAMED_UNIT ( * ) SI_UNIT ( .MILLI., .METRE. ) );
#958 = DIRECTION ( 'NONE',  ( 0.000000000000000000, 0.000000000000000000, 1.000000000000000000 ) ) ;
#959 = VERTEX_POINT ( 'NONE', #937 ) ;
#960 = CARTESIAN_POINT ( 'NONE',  ( -4.000000000000002665, 1.286015452916496660, -1.387360752411221254 ) ) ;
#961 = AXIS2_PLACEMENT_3D ( 'NONE', #1049, #1570, #1554 ) ;
#962 = ORIENTED_EDGE ( 'NONE', *, *, #977, .T. ) ;
#963 = CARTESIAN_POINT ( 'NONE',  ( 8.673617379884035472E-16, -2.499999999999999112, 0.000000000000000000 ) ) ;
#964 = ORIENTED_EDGE ( 'NONE', *, *, #1404, .F. ) ;
#965 = AXIS2_PLACEMENT_3D ( 'NONE', #1626, #444, #452 ) ;
#966 =( NAMED_UNIT ( * ) PLANE_ANGLE_UNIT ( ) SI_UNIT ( $, .RADIAN. ) );
#967 = CIRCLE ( 'NONE', #263, 2.900000000000001688 ) ;
#968 = FACE_OUTER_BOUND ( 'NONE', #1098, .T. ) ;
#969 = EDGE_CURVE ( 'NONE', #275, #464, #914, .T. ) ;
#970 = ORIENTED_EDGE ( 'NONE', *, *, #1048, .T. ) ;
#971 = EDGE_CURVE ( 'NONE', #141, #94, #998, .T. ) ;
#972 = AXIS2_PLACEMENT_3D ( 'NONE', #43, #1091, #33 ) ;
#973 = FACE_BOUND ( 'NONE', #69, .T. ) ;
#974 = ORIENTED_EDGE ( 'NONE', *, *, #952, .T. ) ;
#975 = CARTESIAN_POINT ( 'NONE',  ( 8.673617379884035472E-16, 2.149999999999999467, 0.000000000000000000 ) ) ;
#976 = ORIENTED_EDGE ( 'NONE', *, *, #794, .T. ) ;
#977 = EDGE_CURVE ( 'NONE', #453, #696, #689, .T. ) ;
#978 = CALENDAR_DATE ( 2026, 7, 1 ) ;
#979 = CARTESIAN_POINT ( 'NONE',  ( -0.2059259259259283992, -2.499999999999999112, 4.499910764750551628 ) ) ;
#980 = CARTESIAN_POINT ( 'NONE',  ( 3.794074074076642766, -2.208657440943376571, -2.428292465523476995 ) ) ;
#981 = ORIENTED_EDGE ( 'NONE', *, *, #1454, .F. ) ;
#982 = EDGE_CURVE ( 'NONE', #1273, #838, #1366, .T. ) ;
#983 = CARTESIAN_POINT ( 'NONE',  ( 1.335789138662266159E-15, 1.413348332598737045, -3.825000000000001066 ) ) ;
#984 = VERTEX_POINT ( 'NONE', #548 ) ;
#985 = DIRECTION ( 'NONE',  ( 0.000000000000000000, 0.000000000000000000, 1.000000000000000000 ) ) ;
#986 = DIRECTION ( 'NONE',  ( 0.000000000000000000, 0.000000000000000000, -1.000000000000000000 ) ) ;
#987 = CARTESIAN_POINT ( 'NONE',  ( 0.2059259259233554296, -2.208657440943375683, 4.499910764752035774 ) ) ;
#988 = ORIENTED_EDGE ( 'NONE', *, *, #869, .F. ) ;
#989 = CARTESIAN_POINT ( 'NONE',  ( 1.335789138662266159E-15, 2.500000000000000000, -3.825000000000001066 ) ) ;
#990 = VECTOR ( 'NONE', #1297, 1000.000000000000000 ) ;
#991 = EDGE_CURVE ( 'NONE', #229, #558, #532, .T. ) ;
#992 = ORIENTED_EDGE ( 'NONE', *, *, #266, .F. ) ;
#993 = FACE_OUTER_BOUND ( 'NONE', #884, .T. ) ;
#994 = VECTOR ( 'NONE', #942, 1000.000000000000000 ) ;
#995 = SECURITY_CLASSIFICATION_LEVEL ( 'unclassified' ) ;
#996 = CARTESIAN_POINT ( 'NONE',  ( -4.000000000000001776, -2.499999999999999112, -2.071618299225589155 ) ) ;
#997 = AXIS2_PLACEMENT_3D ( 'NONE', #1014, #8, #143 ) ;
#998 = CIRCLE ( 'NONE', #1383, 3.825000000000001066 ) ;
#999 = CARTESIAN_POINT ( 'NONE',  ( 1.173523437775242206E-15, 2.500000000000000000, -2.500000000000002665 ) ) ;
#1000 = ORIENTED_EDGE ( 'NONE', *, *, #1214, .F. ) ;
#1001 = AXIS2_PLACEMENT_3D ( 'NONE', #657, #777, #1572 ) ;
#1002 = ORIENTED_EDGE ( 'NONE', *, *, #837, .F. ) ;
#1003 = CARTESIAN_POINT ( 'NONE',  ( -3.794074074074075931, -2.208657440944163497, -2.428292465524958033 ) ) ;
#1004 = EDGE_LOOP ( 'NONE', ( #1283, #719, #953, #873 ) ) ;
#1005 = CYLINDRICAL_SURFACE ( 'NONE', #1598, 0.4118518518518522464 ) ;
#1006 = EDGE_CURVE ( 'NONE', #1096, #474, #967, .T. ) ;
#1007 = DATE_AND_TIME ( #859, #1356 ) ;
#1008 = CARTESIAN_POINT ( 'NONE',  ( 1.335789138662266159E-15, 2.500000000000000444, -3.649999999999999467 ) ) ;
#1009 = CARTESIAN_POINT ( 'NONE',  ( 3.999999999999999112, -2.189841783789004737, 2.142482754253201449 ) ) ;
#1010 = ORIENTED_EDGE ( 'NONE', *, *, #1145, .T. ) ;
#1011 = CARTESIAN_POINT ( 'NONE',  ( -2.607687347554495716, 1.386017790320673182, 3.113253161444039741 ) ) ;
#1012 = ORIENTED_EDGE ( 'NONE', *, *, #1538, .T. ) ;
#1013 = DIRECTION ( 'NONE',  ( -0.000000000000000000, 1.000000000000000000, -0.000000000000000000 ) ) ;
#1014 = CARTESIAN_POINT ( 'NONE',  ( 8.673617379884035472E-16, 1.413348332598738155, 0.000000000000000000 ) ) ;
#1015 = CARTESIAN_POINT ( 'NONE',  ( 8.673617379884035472E-16, -2.100000000000004974, 0.000000000000000000 ) ) ;
#1016 = EDGE_CURVE ( 'NONE', #831, #270, #153, .T. ) ;
#1017 = ORIENTED_EDGE ( 'NONE', *, *, #321, .F. ) ;
#1018 = ORIENTED_EDGE ( 'NONE', *, *, #514, .T. ) ;
#1019 = CARTESIAN_POINT ( 'NONE',  ( 0.2059259259259252905, -2.208657440944163941, -4.499910764750550740 ) ) ;
#1020 = ORIENTED_EDGE ( 'NONE', *, *, #898, .F. ) ;
#1021 = CARTESIAN_POINT ( 'NONE',  ( -0.2059259259259280661, -2.208657440944163497, 4.499910764750551628 ) ) ;
#1022 = ORIENTED_EDGE ( 'NONE', *, *, #170, .F. ) ;
#1023 = CARTESIAN_POINT ( 'NONE',  ( 4.000000000000000000, -2.499999999999999112, 2.253471898105737462E-15 ) ) ;
#1024 = AXIS2_PLACEMENT_3D ( 'NONE', #1043, #401, #267 ) ;
#1025 = CARTESIAN_POINT ( 'NONE',  ( 8.673617379884035472E-16, -2.499999999999999112, 0.000000000000000000 ) ) ;
#1026 = CIRCLE ( 'NONE', #1435, 0.1750000000000010991 ) ;
#1027 = DIRECTION ( 'NONE',  ( 0.000000000000000000, 0.000000000000000000, 1.000000000000000000 ) ) ;
#1028 = EDGE_CURVE ( 'NONE', #778, #1500, #938, .T. ) ;
#1029 = AXIS2_PLACEMENT_3D ( 'NONE', #554, #1458, #812 ) ;
#1030 = AXIS2_PLACEMENT_3D ( 'NONE', #694, #1215, #54 ) ;
#1031 = FACE_OUTER_BOUND ( 'NONE', #55, .T. ) ;
#1032 = ORIENTED_EDGE ( 'NONE', *, *, #1122, .T. ) ;
#1033 = CARTESIAN_POINT ( 'NONE',  ( 3.794074074076642766, -2.208657440943376571, -2.428292465523476995 ) ) ;
#1034 = CARTESIAN_POINT ( 'NONE',  ( -4.000000000000001776, 1.413348332598738155, 0.000000000000000000 ) ) ;
#1035 = CARTESIAN_POINT ( 'NONE',  ( 8.673617379884035472E-16, -2.499999999999999112, 0.000000000000000000 ) ) ;
#1036 = CARTESIAN_POINT ( 'NONE',  ( 8.673617379884035472E-16, 2.279373736383168314, 0.000000000000000000 ) ) ;
#1037 = CARTESIAN_POINT ( 'NONE',  ( 8.673617379884035472E-16, 2.500000000000000000, 4.000000000000000888 ) ) ;
#1038 = ORIENTED_EDGE ( 'NONE', *, *, #39, .F. ) ;
#1039 = VERTEX_POINT ( 'NONE', #701 ) ;
#1040 = CARTESIAN_POINT ( 'NONE',  ( 2.000000000000000888, 1.413348332598738155, 3.464101615137754386 ) ) ;
#1041 = CARTESIAN_POINT ( 'NONE',  ( 1.222509309741136226E-15, -2.500000000000000888, 2.900000000000001688 ) ) ;
#1042 = CARTESIAN_POINT ( 'NONE',  ( 8.673617379884035472E-16, 1.013348332598737578, 2.500000000000003109 ) ) ;
#1043 = CARTESIAN_POINT ( 'NONE',  ( 8.673617379884035472E-16, 2.279373736383168314, 0.000000000000000000 ) ) ;
#1044 = CARTESIAN_POINT ( 'NONE',  ( 3.500903122298618442, 1.211889536292560576, -2.597554793451097410 ) ) ;
#1045 = EDGE_LOOP ( 'NONE', ( #974, #675 ) ) ;
#1046 = VERTEX_POINT ( 'NONE', #722 ) ;
#1047 = DIRECTION ( 'NONE',  ( 0.000000000000000000, 0.000000000000000000, 1.000000000000000000 ) ) ;
#1048 = EDGE_CURVE ( 'NONE', #6, #1448, #1624, .T. ) ;
#1049 = CARTESIAN_POINT ( 'NONE',  ( 1.314357819677187390E-15, 2.149999999999999467, -3.649999999999999467 ) ) ;
#1050 = LINE ( 'NONE', #1196, #1304 ) ;
#1051 = EDGE_LOOP ( 'NONE', ( #92, #1018, #1573, #962 ) ) ;
#1052 = CIRCLE ( 'NONE', #743, 3.825000000000001066 ) ;
#1053 = CIRCLE ( 'NONE', #1347, 4.000000000000000000 ) ;
#1054 = AXIS2_PLACEMENT_3D ( 'NONE', #415, #1603, #1187 ) ;
#1055 = EDGE_LOOP ( 'NONE', ( #1226, #1151, #12, #576 ) ) ;
#1056 = CARTESIAN_POINT ( 'NONE',  ( -3.908355476595865685, -2.179552697437244113, 2.340580339188225611 ) ) ;
#1057 = FACE_BOUND ( 'NONE', #127, .T. ) ;
#1058 = ADVANCED_FACE ( 'NONE', ( #189 ), #584, .T. ) ;
#1059 = PRODUCT ( '93625A225_NO THREADS_18-8 Stainless Steel Nylon-Insert Locknut', '93625A225_NO THREADS_18-8 Stainless Steel Nylon-Insert Locknut', '', ( #1467 ) ) ;
#1060 = DIRECTION ( 'NONE',  ( 0.000000000000000000, 0.000000000000000000, 1.000000000000000000 ) ) ;
#1061 = CARTESIAN_POINT ( 'NONE',  ( 8.673617379884035472E-16, 2.500000000000000000, 0.000000000000000000 ) ) ;
#1062 = ORIENTED_EDGE ( 'NONE', *, *, #917, .F. ) ;
#1063 = CARTESIAN_POINT ( 'NONE',  ( -4.000000000000002665, -2.189835713167199938, 2.142505617728128975 ) ) ;
#1064 = CYLINDRICAL_SURFACE ( 'NONE', #288, 0.4118518518518524685 ) ;
#1065 = PLANE ( 'NONE',  #1418 ) ;
#1066 = CARTESIAN_POINT ( 'NONE',  ( 1.173523437775242206E-15, 1.013348332598737578, -2.500000000000003109 ) ) ;
#1067 = EDGE_CURVE ( 'NONE', #515, #1540, #750, .T. ) ;
#1068 = CARTESIAN_POINT ( 'NONE',  ( 4.000000000000000888, 1.103190116387526398, -2.142482754253054456 ) ) ;
#1069 = FACE_OUTER_BOUND ( 'NONE', #115, .T. ) ;
#1070 = CARTESIAN_POINT ( 'NONE',  ( 3.908355476595863021, 1.092901030035989818, 2.340580339188224723 ) ) ;
#1071 = EDGE_CURVE ( 'NONE', #763, #1330, #1109, .T. ) ;
#1072 = AXIS2_PLACEMENT_3D ( 'NONE', #1281, #120, #632 ) ;
#1073 = CIRCLE ( 'NONE', #1205, 2.500000000000003109 ) ;
#1074 = CARTESIAN_POINT ( 'NONE',  ( -4.000000000000001776, 1.122005773542646745, -2.071618299226564819 ) ) ;
#1075 = CIRCLE ( 'NONE', #340, 3.825000000000001066 ) ;
#1076 = CARTESIAN_POINT ( 'NONE',  ( 8.673617379884035472E-16, 2.149999999999999911, 0.000000000000000000 ) ) ;
#1077 = CIRCLE ( 'NONE', #557, 4.000000000000000888 ) ;
#1078 = DIRECTION ( 'NONE',  ( -0.000000000000000000, 1.000000000000000000, -0.000000000000000000 ) ) ;
#1079 = ORIENTED_EDGE ( 'NONE', *, *, #1114, .T. ) ;
#1080 = CARTESIAN_POINT ( 'NONE',  ( 4.000000000000000888, -2.208657440943905037, -2.071618299226566151 ) ) ;
#1081 = ORIENTED_EDGE ( 'NONE', *, *, #949, .F. ) ;
#1082 = DIRECTION ( 'NONE',  ( -0.000000000000000000, 1.000000000000000000, -0.000000000000000000 ) ) ;
#1083 = CARTESIAN_POINT ( 'NONE',  ( -3.908822612746487568, 1.092834866192005538, 2.340023217003054601 ) ) ;
#1084 = DIRECTION ( 'NONE',  ( -0.000000000000000000, 1.000000000000000000, -0.000000000000000000 ) ) ;
#1085 = ORIENTED_EDGE ( 'NONE', *, *, #835, .T. ) ;
#1086 = CARTESIAN_POINT ( 'NONE',  ( 1.696167102488634226, -2.500000000000002220, -3.639519620304606740 ) ) ;
#1087 = EDGE_LOOP ( 'NONE', ( #1416, #1012, #744, #1498 ) ) ;
#1088 = CARTESIAN_POINT ( 'NONE',  ( -1.104904969831646197E-13, 1.092867866391718845, -4.555088450304011438 ) ) ;
#1089 = VERTEX_POINT ( 'NONE', #1487 ) ;
#1090 = ADVANCED_FACE ( 'NONE', ( #973, #1234 ), #93, .T. ) ;
#1091 = DIRECTION ( 'NONE',  ( -0.000000000000000000, 1.000000000000000000, -0.000000000000000000 ) ) ;
#1092 = CARTESIAN_POINT ( 'NONE',  ( 3.980930857743561813, 1.092834866192149867, 2.215128073022945010 ) ) ;
#1093 = ADVANCED_FACE ( 'NONE', ( #435 ), #1646, .T. ) ;
#1094 = EDGE_LOOP ( 'NONE', ( #920, #434, #1388, #1245, #735, #1566 ) ) ;
#1095 = CARTESIAN_POINT ( 'NONE',  ( 4.000000000000000000, 1.413348332598737045, 2.253471898105737462E-15 ) ) ;
#1096 = VERTEX_POINT ( 'NONE', #467 ) ;
#1097 = CIRCLE ( 'NONE', #1236, 3.649999999999999911 ) ;
#1098 = EDGE_LOOP ( 'NONE', ( #1002, #892, #780, #40, #370, #1133, #708 ) ) ;
#1099 = DIRECTION ( 'NONE',  ( 0.000000000000000000, 0.000000000000000000, 1.000000000000000000 ) ) ;
#1100 = AXIS2_PLACEMENT_3D ( 'NONE', #1076, #1194, #799 ) ;
#1101 = CIRCLE ( 'NONE', #1439, 1.980384757729339196 ) ;
#1102 = DIRECTION ( 'NONE',  ( 0.000000000000000000, -1.000000000000000000, 0.000000000000000000 ) ) ;
#1103 = CARTESIAN_POINT ( 'NONE',  ( 4.000000000000000000, -2.499999999999999112, 2.253471898105737462E-15 ) ) ;
#1104 = ORIENTED_EDGE ( 'NONE', *, *, #32, .F. ) ;
#1105 = CARTESIAN_POINT ( 'NONE',  ( -2.000000000000000444, 1.413348332598738155, 3.464101615137757939 ) ) ;
#1106 = EDGE_LOOP ( 'NONE', ( #964, #921, #528, #74 ) ) ;
#1107 = DIRECTION ( 'NONE',  ( 0.000000000000000000, 1.000000000000000000, 0.000000000000000000 ) ) ;
#1108 = ORIENTED_EDGE ( 'NONE', *, *, #414, .T. ) ;
#1109 = B_SPLINE_CURVE_WITH_KNOTS ( 'NONE', 3,
 ( #1095, #1123, #843, #1623, #596, #323 ),
 .UNSPECIFIED., .F., .F.,
 ( 4, 2, 4 ),
 ( 0.006457374224636495269, 0.007502528067748247612, 0.008547681910859999954 ),
 .UNSPECIFIED. ) ;
#1110 = CALENDAR_DATE ( 2026, 7, 1 ) ;
#1111 = LINE ( 'NONE', #979, #103 ) ;
#1112 = CARTESIAN_POINT ( 'NONE',  ( 3.981179771634109521, -2.179552697437389774, 2.214444960156047859 ) ) ;
#1113 = ORIENTED_EDGE ( 'NONE', *, *, #245, .F. ) ;
#1114 = EDGE_CURVE ( 'NONE', #699, #696, #417, .T. ) ;
#1115 = LINE ( 'NONE', #989, #1574 ) ;
#1116 = EDGE_LOOP ( 'NONE', ( #282, #1202, #1647, #911 ) ) ;
#1117 = DIRECTION ( 'NONE',  ( 0.000000000000000000, 1.000000000000000000, 0.000000000000000000 ) ) ;
#1118 = APPROVAL_ROLE ( '' ) ;
#1119 = CARTESIAN_POINT ( 'NONE',  ( -1.999999999999999556, 1.413348332598738155, -3.464101615137753942 ) ) ;
#1120 = CYLINDRICAL_SURFACE ( 'NONE', #427, 3.825000000000001066 ) ;
#1121 = VERTEX_POINT ( 'NONE', #983 ) ;
#1122 = EDGE_CURVE ( 'NONE', #1423, #1046, #1271, .T. ) ;
#1123 = CARTESIAN_POINT ( 'NONE',  ( 4.000000000000000000, 1.413348332598738377, 0.3491627529114574302 ) ) ;
#1124 = EDGE_CURVE ( 'NONE', #1121, #94, #1115, .T. ) ;
#1125 = EDGE_LOOP ( 'NONE', ( #981, #1523, #269, #1319 ) ) ;
#1126 = DIRECTION ( 'NONE',  ( 0.000000000000000000, 1.000000000000000000, 0.000000000000000000 ) ) ;
#1127 = VECTOR ( 'NONE', #674, 1000.000000000000000 ) ;
#1128 = COORDINATED_UNIVERSAL_TIME_OFFSET ( 6, 0, .BEHIND. ) ;
#1129 = DIRECTION ( 'NONE',  ( 0.000000000000000000, 1.000000000000000000, 0.000000000000000000 ) ) ;
#1130 = CONICAL_SURFACE ( 'NONE', #397, 4.627777777777778212, 1.047197551196595189 ) ;
#1131 = AXIS2_PLACEMENT_3D ( 'NONE', #240, #1685, #223 ) ;
#1132 = DIRECTION ( 'NONE',  ( -0.000000000000000000, 1.000000000000000000, -0.000000000000000000 ) ) ;
#1133 = ORIENTED_EDGE ( 'NONE', *, *, #1199, .T. ) ;
#1134 = CARTESIAN_POINT ( 'NONE',  ( -2.303832897511366884, 1.413348332598739265, 3.288683609970906474 ) ) ;
#1135 = LOCAL_TIME ( 23, 45, 15.00000000000000000, #51 ) ;
#1136 = ORIENTED_EDGE ( 'NONE', *, *, #1016, .F. ) ;
#1137 = CARTESIAN_POINT ( 'NONE',  ( 3.500903122298616221, -2.298541203693818868, 2.597554793451099187 ) ) ;
#1138 = CARTESIAN_POINT ( 'NONE',  ( -2.610107281521317546, -2.500000000000000444, 3.111856011916874110 ) ) ;
#1139 = DIRECTION ( 'NONE',  ( 0.000000000000000000, 1.000000000000000000, 0.000000000000000000 ) ) ;
#1140 = ORIENTED_EDGE ( 'NONE', *, *, #279, .T. ) ;
#1141 = FACE_OUTER_BOUND ( 'NONE', #1552, .T. ) ;
#1142 = ORIENTED_EDGE ( 'NONE', *, *, #433, .F. ) ;
#1143 = DIRECTION ( 'NONE',  ( 0.000000000000000000, 0.000000000000000000, 1.000000000000000000 ) ) ;
#1144 = CARTESIAN_POINT ( 'NONE',  ( 8.673617379884035472E-16, 2.149999999999999911, 0.000000000000000000 ) ) ;
#1145 = EDGE_CURVE ( 'NONE', #1266, #198, #1691, .T. ) ;
#1146 = CARTESIAN_POINT ( 'NONE',  ( 2.000000000000000888, -2.499999999999999112, 3.464101615137754386 ) ) ;
#1147 = CARTESIAN_POINT ( 'NONE',  ( 1.335789138662266159E-15, 2.149999999999999911, -3.825000000000001066 ) ) ;
#1148 = EDGE_CURVE ( 'NONE', #453, #249, #1587, .T. ) ;
#1149 = VERTEX_POINT ( 'NONE', #635 ) ;
#1150 = DIRECTION ( 'NONE',  ( 0.000000000000000000, -1.000000000000000000, 0.000000000000000000 ) ) ;
#1151 = ORIENTED_EDGE ( 'NONE', *, *, #1315, .F. ) ;
#1152 = CARTESIAN_POINT ( 'NONE',  ( 3.206384224811930750, 1.302186567927939409, 2.767595358196469846 ) ) ;
#1153 = B_SPLINE_CURVE_WITH_KNOTS ( 'NONE', 3,
 ( #1431, #615, #114, #1395, #1525, #1003 ),
 .UNSPECIFIED., .F., .F.,
 ( 4, 2, 4 ),
 ( 0.002336974151641548619, 0.003378785994338393342, 0.004420597837035238065 ),
 .UNSPECIFIED. ) ;
#1154 = DIRECTION ( 'NONE',  ( 0.000000000000000000, 0.000000000000000000, 1.000000000000000000 ) ) ;
#1155 = CIRCLE ( 'NONE', #1204, 4.000000000000000000 ) ;
#1156 = LINE ( 'NONE', #511, #916 ) ;
#1157 = AXIS2_PLACEMENT_3D ( 'NONE', #975, #1490, #315 ) ;
#1158 = ORIENTED_EDGE ( 'NONE', *, *, #188, .F. ) ;
#1159 = CIRCLE ( 'NONE', #135, 4.000000000000000000 ) ;
#1160 = AXIS2_PLACEMENT_3D ( 'NONE', #89, #363, #734 ) ;
#1161 = DIRECTION ( 'NONE',  ( -0.000000000000000000, 1.000000000000000000, -0.000000000000000000 ) ) ;
#1162 = EDGE_LOOP ( 'NONE', ( #498, #627, #731, #155, #1177, #1415 ) ) ;
#1163 = CARTESIAN_POINT ( 'NONE',  ( 8.673617379884035472E-16, 1.413348332598738155, 0.000000000000000000 ) ) ;
#1164 = ADVANCED_FACE ( 'NONE', ( #1031 ), #851, .F. ) ;
#1165 = DIRECTION ( 'NONE',  ( 0.000000000000000000, 0.000000000000000000, 1.000000000000000000 ) ) ;
#1166 = PRODUCT_DEFINITION_FORMATION_WITH_SPECIFIED_SOURCE ( 'ANY', '', #1059, .NOT_KNOWN. ) ;
#1167 = DIRECTION ( 'NONE',  ( 0.000000000000000000, -1.000000000000000000, 0.000000000000000000 ) ) ;
#1168 = CARTESIAN_POINT ( 'NONE',  ( -2.610107281521317546, 1.413348332598740154, -3.111856011916871001 ) ) ;
#1169 = EDGE_CURVE ( 'NONE', #984, #419, #121, .T. ) ;
#1170 = ORIENTED_EDGE ( 'NONE', *, *, #495, .T. ) ;
#1171 = DIRECTION ( 'NONE',  ( -0.000000000000000000, 1.000000000000000000, -0.000000000000000000 ) ) ;
#1172 = CARTESIAN_POINT ( 'NONE',  ( 8.673617379884035472E-16, -2.100000000000004974, -2.500000000000002220 ) ) ;
#1173 = CARTESIAN_POINT ( 'NONE',  ( -4.000000000000001776, -2.499999999999999112, 2.309401076758505145 ) ) ;
#1174 = LINE ( 'NONE', #1447, #284 ) ;
#1175 = ORIENTED_EDGE ( 'NONE', *, *, #569, .T. ) ;
#1176 = EDGE_CURVE ( 'NONE', #1264, #208, #1101, .T. ) ;
#1177 = ORIENTED_EDGE ( 'NONE', *, *, #457, .T. ) ;
#1178 = CARTESIAN_POINT ( 'NONE',  ( 3.999999999999999112, -2.371133775899011642, 1.395582190496567510 ) ) ;
#1179 = FACE_OUTER_BOUND ( 'NONE', #1526, .T. ) ;
#1180 = CARTESIAN_POINT ( 'NONE',  ( 8.673617379884035472E-16, 2.500000000000000000, 2.500000000000002665 ) ) ;
#1181 = FACE_OUTER_BOUND ( 'NONE', #392, .T. ) ;
#1182 = ORIENTED_EDGE ( 'NONE', *, *, #538, .T. ) ;
#1183 = TOROIDAL_SURFACE ( 'NONE', #395, 3.649999999999999911, 0.1750000000000009048 ) ;
#1184 = CIRCLE ( 'NONE', #133, 4.000000000000000000 ) ;
#1185 = AXIS2_PLACEMENT_3D ( 'NONE', #944, #1193, #552 ) ;
#1186 = ORIENTED_EDGE ( 'NONE', *, *, #347, .F. ) ;
#1187 = DIRECTION ( 'NONE',  ( 0.000000000000000000, 0.000000000000000000, -1.000000000000000000 ) ) ;
#1188 = DIRECTION ( 'NONE',  ( 0.000000000000000000, 0.000000000000000000, 1.000000000000000000 ) ) ;
#1189 = ADVANCED_FACE ( 'NONE', ( #1403 ), #3, .T. ) ;
#1190 = DIRECTION ( 'NONE',  ( 0.000000000000000000, 0.5000000000000022204, 0.8660254037844373753 ) ) ;
#1191 = CARTESIAN_POINT ( 'NONE',  ( -4.000000000000001776, -2.297833994190984885, 1.735757170647480141 ) ) ;
#1192 = ORIENTED_EDGE ( 'NONE', *, *, #917, .T. ) ;
#1193 = DIRECTION ( 'NONE',  ( -0.000000000000000000, 1.000000000000000000, -0.000000000000000000 ) ) ;
#1194 = DIRECTION ( 'NONE',  ( -0.000000000000000000, 1.000000000000000000, -0.000000000000000000 ) ) ;
#1195 = B_SPLINE_CURVE_WITH_KNOTS ( 'NONE', 3,
 ( #200, #355, #741, #454, #336, #601 ),
 .UNSPECIFIED., .F., .F.,
 ( 4, 2, 4 ),
 ( 0.004366592263676132013, 0.005411982586104683093, 0.006457372908533233306 ),
 .UNSPECIFIED. ) ;
#1196 = CARTESIAN_POINT ( 'NONE',  ( 8.673617379884035472E-16, -2.137552331008732320, 4.627777777777778212 ) ) ;
#1197 = ADVANCED_FACE ( 'NONE', ( #747, #1141 ), #129, .T. ) ;
#1198 = CARTESIAN_POINT ( 'NONE',  ( 3.999999999999998224, 1.122005773542907869, 2.071618299225592708 ) ) ;
#1199 = EDGE_CURVE ( 'NONE', #918, #1503, #890, .T. ) ;
#1200 = CARTESIAN_POINT ( 'NONE',  ( 1.173523437775242206E-15, -2.100000000000004974, 2.500000000000002220 ) ) ;
#1201 = DIRECTION ( 'NONE',  ( 0.000000000000000000, 0.000000000000000000, 1.000000000000000000 ) ) ;
#1202 = ORIENTED_EDGE ( 'NONE', *, *, #1656, .T. ) ;
#1203 = DIRECTION ( 'NONE',  ( 0.000000000000000000, 1.000000000000000000, 0.000000000000000000 ) ) ;
#1204 = AXIS2_PLACEMENT_3D ( 'NONE', #1548, #1474, #1460 ) ;
#1205 = AXIS2_PLACEMENT_3D ( 'NONE', #549, #1336, #1201 ) ;
#1206 = FACE_OUTER_BOUND ( 'NONE', #955, .T. ) ;
#1207 = CONICAL_SURFACE ( 'NONE', #1518, 4.627777777777778212, 1.047197551196595189 ) ;
#1208 = CARTESIAN_POINT ( 'NONE',  ( 8.673617379884035472E-16, 2.149999999999999911, 3.825000000000001066 ) ) ;
#1209 = VECTOR ( 'NONE', #582, 1000.000000000000000 ) ;
#1210 = ORIENTED_EDGE ( 'NONE', *, *, #191, .F. ) ;
#1211 = APPROVAL_ROLE ( '' ) ;
#1212 = DIRECTION ( 'NONE',  ( 0.000000000000000000, 0.000000000000000000, 1.000000000000000000 ) ) ;
#1213 = B_SPLINE_CURVE_WITH_KNOTS ( 'NONE', 3,
 ( #375, #1682, #1693, #1555 ),
 .UNSPECIFIED., .F., .F.,
 ( 4, 4 ),
 ( 2.879240834572792840E-15, 0.0002173906396370454822 ),
 .UNSPECIFIED. ) ;
#1214 = EDGE_CURVE ( 'NONE', #249, #617, #643, .T. ) ;
#1215 = DIRECTION ( 'NONE',  ( -0.000000000000000000, 1.000000000000000000, -0.000000000000000000 ) ) ;
#1216 = VERTEX_POINT ( 'NONE', #882 ) ;
#1217 = EDGE_CURVE ( 'NONE', #311, #1425, #203, .T. ) ;
#1218 = ORIENTED_EDGE ( 'NONE', *, *, #1006, .T. ) ;
#1219 = CARTESIAN_POINT ( 'NONE',  ( 0.2059259259233570949, 1.122005773542119167, -4.499910764752033110 ) ) ;
#1220 = ORIENTED_EDGE ( 'NONE', *, *, #1276, .F. ) ;
#1221 = ORIENTED_EDGE ( 'NONE', *, *, #19, .F. ) ;
#1222 = CARTESIAN_POINT ( 'NONE',  ( 3.855444492352940511, 1.103190116387076536, 2.392860238011376595 ) ) ;
#1223 = ORIENTED_EDGE ( 'NONE', *, *, #39, .T. ) ;
#1224 = CARTESIAN_POINT ( 'NONE',  ( 3.794074074074074598, 1.122005773542906981, -2.428292465524959809 ) ) ;
#1225 = ADVANCED_FACE ( 'NONE', ( #359 ), #312, .T. ) ;
#1226 = ORIENTED_EDGE ( 'NONE', *, *, #374, .F. ) ;
#1227 = DIRECTION ( 'NONE',  ( 0.000000000000000000, 0.000000000000000000, 1.000000000000000000 ) ) ;
#1228 = EDGE_LOOP ( 'NONE', ( #1351, #1507, #1170, #410, #1618, #376 ) ) ;
#1229 = PERSON_AND_ORGANIZATION ( #785, #887 ) ;
#1230 = CARTESIAN_POINT ( 'NONE',  ( -2.000000000000000444, 1.413348332598738155, 3.464101615137757939 ) ) ;
#1231 = PLANE ( 'NONE',  #342 ) ;
#1232 = ORIENTED_EDGE ( 'NONE', *, *, #1683, .F. ) ;
#1233 = CONICAL_SURFACE ( 'NONE', #1323, 2.500000000000000000, 1.047197551196601850 ) ;
#1234 = FACE_OUTER_BOUND ( 'NONE', #324, .T. ) ;
#1235 = AXIS2_PLACEMENT_3D ( 'NONE', #227, #1102, #986 ) ;
#1236 = AXIS2_PLACEMENT_3D ( 'NONE', #1286, #782, #1410 ) ;
#1237 = ORIENTED_EDGE ( 'NONE', *, *, #1457, .F. ) ;
#1238 = CARTESIAN_POINT ( 'NONE',  ( 8.673617379884035472E-16, 2.325000000000000622, 2.899999999999998135 ) ) ;
#1239 = CIRCLE ( 'NONE', #475, 3.825000000000001066 ) ;
#1240 = PERSON_AND_ORGANIZATION ( #785, #887 ) ;
#1241 = VECTOR ( 'NONE', #351, 1000.000000000000000 ) ;
#1242 = CARTESIAN_POINT ( 'NONE',  ( 4.000000000000000000, 1.386562515983507993, -0.6964627313616927884 ) ) ;
#1243 = EDGE_CURVE ( 'NONE', #1046, #1149, #910, .T. ) ;
#1244 = DIRECTION ( 'NONE',  ( 0.000000000000000000, 0.000000000000000000, 1.000000000000000000 ) ) ;
#1245 = ORIENTED_EDGE ( 'NONE', *, *, #215, .T. ) ;
#1246 = AXIS2_PLACEMENT_3D ( 'NONE', #175, #306, #673 ) ;
#1247 = DIRECTION ( 'NONE',  ( 0.000000000000000000, -0.000000000000000000, -1.000000000000000000 ) ) ;
#1248 = ORIENTED_EDGE ( 'NONE', *, *, #991, .T. ) ;
#1249 = DIRECTION ( 'NONE',  ( 0.000000000000000000, 0.000000000000000000, 1.000000000000000000 ) ) ;
#1250 = ORIENTED_EDGE ( 'NONE', *, *, #1586, .T. ) ;
#1251 = PERSON_AND_ORGANIZATION_ROLE ( 'creator' ) ;
#1252 = DIRECTION ( 'NONE',  ( 0.000000000000000000, 1.000000000000000000, 0.000000000000000000 ) ) ;
#1253 = CC_DESIGN_PERSON_AND_ORGANIZATION_ASSIGNMENT ( #1240, #77, ( #827 ) ) ;
#1254 = DIRECTION ( 'NONE',  ( -0.000000000000000000, 1.000000000000000000, -0.000000000000000000 ) ) ;
#1255 = ORIENTED_EDGE ( 'NONE', *, *, #971, .T. ) ;
#1256 = EDGE_CURVE ( 'NONE', #696, #691, #1153, .T. ) ;
#1257 = CARTESIAN_POINT ( 'NONE',  ( -4.000000000000002665, 1.413348332598736379, -0.3492417588034593678 ) ) ;
#1258 = ORIENTED_EDGE ( 'NONE', *, *, #1504, .T. ) ;
#1259 = DIRECTION ( 'NONE',  ( 0.000000000000000000, 0.000000000000000000, 1.000000000000000000 ) ) ;
#1260 = DIRECTION ( 'NONE',  ( -1.000000000000000000, 0.000000000000000000, 0.000000000000000000 ) ) ;
#1261 = ADVANCED_BREP_SHAPE_REPRESENTATION ( '93625A225_NO THREADS_18-8 Stainless Steel Nylon-Insert Locknut', ( #345, #322, #1524 ), #1631 ) ;
#1262 = DIRECTION ( 'NONE',  ( 0.000000000000000000, 1.000000000000000000, 0.000000000000000000 ) ) ;
#1263 = ORIENTED_EDGE ( 'NONE', *, *, #1588, .T. ) ;
#1264 = VERTEX_POINT ( 'NONE', #865 ) ;
#1265 = CARTESIAN_POINT ( 'NONE',  ( 1.091894541693868612E-13, 1.092867866391717735, 4.555088450304013215 ) ) ;
#1266 = VERTEX_POINT ( 'NONE', #738 ) ;
#1267 = FACE_OUTER_BOUND ( 'NONE', #25, .T. ) ;
#1268 = CIRCLE ( 'NONE', #553, 4.000000000000000000 ) ;
#1269 = CARTESIAN_POINT ( 'NONE',  ( 4.000000000000000888, 1.286015453566449640, -1.387360748966783630 ) ) ;
#1270 = CIRCLE ( 'NONE', #745, 0.1750000000000015432 ) ;
#1271 = CIRCLE ( 'NONE', #1412, 4.000000000000000888 ) ;
#1272 = DIRECTION ( 'NONE',  ( 0.000000000000000000, 0.000000000000000000, 1.000000000000000000 ) ) ;
#1273 = VERTEX_POINT ( 'NONE', #1265 ) ;
#1274 = DIRECTION ( 'NONE',  ( -0.000000000000000000, 1.000000000000000000, -0.000000000000000000 ) ) ;
#1275 = AXIS2_PLACEMENT_3D ( 'NONE', #753, #1167, #1280 ) ;
#1276 = EDGE_CURVE ( 'NONE', #691, #606, #1541, .T. ) ;
#1277 = EDGE_LOOP ( 'NONE', ( #819, #333, #1533, #296 ) ) ;
#1278 = EDGE_CURVE ( 'NONE', #270, #984, #83, .T. ) ;
#1279 = CARTESIAN_POINT ( 'NONE',  ( 0.1445357072965718359, -2.189835713167202602, -4.535354424001820206 ) ) ;
#1280 = DIRECTION ( 'NONE',  ( 0.000000000000000000, 0.000000000000000000, -1.000000000000000000 ) ) ;
#1281 = CARTESIAN_POINT ( 'NONE',  ( 8.673617379884035472E-16, 2.279373736383168314, 0.000000000000000000 ) ) ;
#1282 = DIRECTION ( 'NONE',  ( -0.000000000000000000, 1.000000000000000000, -0.000000000000000000 ) ) ;
#1283 = ORIENTED_EDGE ( 'NONE', *, *, #969, .F. ) ;
#1284 = DIRECTION ( 'NONE',  ( -0.8660254037844384856, 0.000000000000000000, 0.5000000000000001110 ) ) ;
#1285 = EDGE_CURVE ( 'NONE', #343, #515, #1159, .T. ) ;
#1286 = CARTESIAN_POINT ( 'NONE',  ( 8.673617379884035472E-16, 2.325000000000000622, 0.000000000000000000 ) ) ;
#1287 = CARTESIAN_POINT ( 'NONE',  ( 8.673617379884035472E-16, 2.149999999999999911, 4.000000000000000888 ) ) ;
#1288 = CARTESIAN_POINT ( 'NONE',  ( 8.673617379884035472E-16, 2.325000000000000622, 3.649999999999999911 ) ) ;
#1289 = EDGE_LOOP ( 'NONE', ( #224, #460, #1062, #1220 ) ) ;
#1290 = DIRECTION ( 'NONE',  ( 0.000000000000000000, -0.000000000000000000, -1.000000000000000000 ) ) ;
#1291 = EDGE_LOOP ( 'NONE', ( #520, #100, #221, #1532 ) ) ;
#1292 = DIRECTION ( 'NONE',  ( 0.000000000000000000, 0.000000000000000000, 1.000000000000000000 ) ) ;
#1293 = CARTESIAN_POINT ( 'NONE',  ( -0.2059259259233581218, -2.208657440943376571, -4.499910764752033110 ) ) ;
#1294 = CARTESIAN_POINT ( 'NONE',  ( -1.392312652445506282, 1.386017790320674514, -3.814950068831473029 ) ) ;
#1295 = EDGE_CURVE ( 'NONE', #654, #558, #905, .T. ) ;
#1296 = AXIS2_PLACEMENT_3D ( 'NONE', #791, #1318, #1188 ) ;
#1297 = DIRECTION ( 'NONE',  ( 0.000000000000000000, 0.7071067811865513475, 0.7071067811865436870 ) ) ;
#1298 = ORIENTED_EDGE ( 'NONE', *, *, #215, .F. ) ;
#1299 = VECTOR ( 'NONE', #23, 1000.000000000000000 ) ;
#1300 = CARTESIAN_POINT ( 'NONE',  ( 8.673617379884035472E-16, 1.413348332598736823, 0.000000000000000000 ) ) ;
#1301 = ORIENTED_EDGE ( 'NONE', *, *, #952, .F. ) ;
#1302 = CARTESIAN_POINT ( 'NONE',  ( 2.610107281521316214, 1.413348332598740154, 3.111856011916872333 ) ) ;
#1303 = FACE_OUTER_BOUND ( 'NONE', #364, .T. ) ;
#1304 = VECTOR ( 'NONE', #1190, 1000.000000000000000 ) ;
#1305 = DIRECTION ( 'NONE',  ( -0.4999999999999998890, 0.000000000000000000, 0.8660254037844387076 ) ) ;
#1306 = FACE_OUTER_BOUND ( 'NONE', #256, .T. ) ;
#1307 = EDGE_CURVE ( 'NONE', #94, #141, #1075, .T. ) ;
#1308 = EDGE_LOOP ( 'NONE', ( #404, #465, #1370, #567, #238, #1390, #379 ) ) ;
#1309 = CARTESIAN_POINT ( 'NONE',  ( 2.000000000000000444, 1.413348332598738155, -3.464101615137754830 ) ) ;
#1310 = ORIENTED_EDGE ( 'NONE', *, *, #1256, .T. ) ;
#1311 = DIRECTION ( 'NONE',  ( -0.000000000000000000, 1.000000000000000000, -0.000000000000000000 ) ) ;
#1312 = CARTESIAN_POINT ( 'NONE',  ( 8.673617379884035472E-16, 2.500000000000000000, 0.000000000000000000 ) ) ;
#1313 = DIRECTION ( 'NONE',  ( 0.8660254037844387076, 0.000000000000000000, 0.4999999999999998890 ) ) ;
#1314 = DIRECTION ( 'NONE',  ( -0.000000000000000000, 1.000000000000000000, -0.000000000000000000 ) ) ;
#1315 = EDGE_CURVE ( 'NONE', #1442, #206, #1547, .T. ) ;
#1316 = ORIENTED_EDGE ( 'NONE', *, *, #1610, .T. ) ;
#1317 = DIRECTION ( 'NONE',  ( -0.000000000000000000, 1.000000000000000000, -0.000000000000000000 ) ) ;
#1318 = DIRECTION ( 'NONE',  ( -0.000000000000000000, 1.000000000000000000, -0.000000000000000000 ) ) ;
#1319 = ORIENTED_EDGE ( 'NONE', *, *, #191, .T. ) ;
#1320 = CONICAL_SURFACE ( 'NONE', #366, 2.500000000000000000, 1.047197551196601850 ) ;
#1321 = APPLICATION_PROTOCOL_DEFINITION ( 'international standard', 'config_control_design', 1994, #603 ) ;
#1322 = CARTESIAN_POINT ( 'NONE',  ( 8.673617379884035472E-16, 1.413348332598737045, 0.000000000000000000 ) ) ;
#1323 = AXIS2_PLACEMENT_3D ( 'NONE', #754, #145, #658 ) ;
#1324 = AXIS2_PLACEMENT_3D ( 'NONE', #730, #331, #855 ) ;
#1325 = ORIENTED_EDGE ( 'NONE', *, *, #786, .T. ) ;
#1326 = ORIENTED_EDGE ( 'NONE', *, *, #640, .T. ) ;
#1327 = CARTESIAN_POINT ( 'NONE',  ( 0.07235223785680987285, 1.092867866392249532, 4.555088450303001579 ) ) ;
#1328 = ADVANCED_FACE ( 'NONE', ( #1522 ), #1643, .T. ) ;
#1329 = CYLINDRICAL_SURFACE ( 'NONE', #1296, 3.825000000000001066 ) ;
#1330 = VERTEX_POINT ( 'NONE', #348 ) ;
#1331 = ADVANCED_FACE ( 'NONE', ( #1652 ), #1120, .T. ) ;
#1332 = DIRECTION ( 'NONE',  ( 5.633679745264344642E-16, 0.000000000000000000, -1.000000000000000000 ) ) ;
#1333 = LINE ( 'NONE', #1596, #994 ) ;
#1334 = EDGE_CURVE ( 'NONE', #208, #1264, #1600, .T. ) ;
#1335 = DIRECTION ( 'NONE',  ( -0.000000000000000000, 1.000000000000000000, -0.000000000000000000 ) ) ;
#1336 = DIRECTION ( 'NONE',  ( -0.000000000000000000, 1.000000000000000000, -0.000000000000000000 ) ) ;
#1337 = VECTOR ( 'NONE', #537, 1000.000000000000000 ) ;
#1338 = CARTESIAN_POINT ( 'NONE',  ( 3.794074074076640546, 1.122005773542120277, 2.428292465523478771 ) ) ;
#1339 = CARTESIAN_POINT ( 'NONE',  ( 1.222509309741135832E-15, 2.500000000000000444, -2.899999999999998135 ) ) ;
#1340 = DIRECTION ( 'NONE',  ( 8.659560562354969836E-17, -0.7071067811865444641, 0.7071067811865505703 ) ) ;
#1341 = CARTESIAN_POINT ( 'NONE',  ( 8.673617379884035472E-16, 1.413348332598736823, 2.899999999999998135 ) ) ;
#1342 = CARTESIAN_POINT ( 'NONE',  ( -4.000000000000001776, 1.103190116387744446, 2.142482754253202781 ) ) ;
#1343 = CARTESIAN_POINT ( 'NONE',  ( 1.109888923451747836E-15, 1.413348332598737045, -1.980384757729338974 ) ) ;
#1344 = VECTOR ( 'NONE', #650, 1000.000000000000114 ) ;
#1345 = EDGE_CURVE ( 'NONE', #1500, #778, #854, .T. ) ;
#1346 = CONICAL_SURFACE ( 'NONE', #1072, 2.500000000000000000, 1.047197551196601850 ) ;
#1347 = AXIS2_PLACEMENT_3D ( 'NONE', #1163, #499, #142 ) ;
#1348 = DIRECTION ( 'NONE',  ( 0.000000000000000000, 0.000000000000000000, 1.000000000000000000 ) ) ;
#1349 = AXIS2_PLACEMENT_3D ( 'NONE', #652, #1274, #1654 ) ;
#1350 = ORIENTED_EDGE ( 'NONE', *, *, #1586, .F. ) ;
#1351 = ORIENTED_EDGE ( 'NONE', *, *, #1278, .T. ) ;
#1352 = CARTESIAN_POINT ( 'NONE',  ( 8.673617379884035472E-16, 2.500000000000000000, 3.825000000000001066 ) ) ;
#1353 = ORIENTED_EDGE ( 'NONE', *, *, #766, .T. ) ;
#1354 = FACE_OUTER_BOUND ( 'NONE', #1162, .T. ) ;
#1355 = CARTESIAN_POINT ( 'NONE',  ( -4.000000000000000888, -2.371133775386423448, 1.395582192341574990 ) ) ;
#1356 = LOCAL_TIME ( 23, 45, 15.00000000000000000, #1398 ) ;
#1357 = EDGE_LOOP ( 'NONE', ( #148, #1384, #1301, #1564 ) ) ;
#1358 = APPROVAL_PERSON_ORGANIZATION ( #226, #926, #489 ) ;
#1359 = CC_DESIGN_DATE_AND_TIME_ASSIGNMENT ( #109, #1650, ( #1559 ) ) ;
#1360 = EDGE_CURVE ( 'NONE', #275, #768, #629, .T. ) ;
#1361 = CARTESIAN_POINT ( 'NONE',  ( 3.855464292703723039, 1.103184045765855270, -2.392848806273523365 ) ) ;
#1362 = ORIENTED_EDGE ( 'NONE', *, *, #949, .T. ) ;
#1363 = CARTESIAN_POINT ( 'NONE',  ( -4.000000000000001776, 1.413348332598736379, 0.3491627581861848073 ) ) ;
#1364 = CARTESIAN_POINT ( 'NONE',  ( 0.7936157751880681399, 1.302186567927938965, -4.160607872079040703 ) ) ;
#1365 = VERTEX_POINT ( 'NONE', #111 ) ;
#1366 = B_SPLINE_CURVE_WITH_KNOTS ( 'NONE', 3,
 ( #797, #1327, #168, #164 ),
 .UNSPECIFIED., .F., .F.,
 ( 4, 4 ),
 ( 0.0002173906396370454822, 0.0004340664595565674839 ),
 .UNSPECIFIED. ) ;
#1367 = DIRECTION ( 'NONE',  ( 0.000000000000000000, 0.000000000000000000, 1.000000000000000000 ) ) ;
#1368 = APPLICATION_CONTEXT ( 'configuration controlled 3d designs of mechanical parts and assemblies' ) ;
#1369 = EDGE_CURVE ( 'NONE', #833, #386, #205, .T. ) ;
#1370 = ORIENTED_EDGE ( 'NONE', *, *, #172, .F. ) ;
#1371 = FACE_OUTER_BOUND ( 'NONE', #1004, .T. ) ;
#1372 = ORIENTED_EDGE ( 'NONE', *, *, #1307, .F. ) ;
#1373 = CARTESIAN_POINT ( 'NONE',  ( 1.389892718478682898, 1.413348332598740154, -3.816347218358637772 ) ) ;
#1374 = ORIENTED_EDGE ( 'NONE', *, *, #522, .T. ) ;
#1375 = LINE ( 'NONE', #999, #1209 ) ;
#1376 = ORIENTED_EDGE ( 'NONE', *, *, #1656, .F. ) ;
#1377 = CARTESIAN_POINT ( 'NONE',  ( -1.389892718478682898, -2.500000000000002220, -3.816347218358637328 ) ) ;
#1378 = AXIS2_PLACEMENT_3D ( 'NONE', #1615, #933, #1468 ) ;
#1379 = CIRCLE ( 'NONE', #339, 1.980384757729338974 ) ;
#1380 = ORIENTED_EDGE ( 'NONE', *, *, #1610, .F. ) ;
#1381 = CARTESIAN_POINT ( 'NONE',  ( -0.2059259259259266506, 1.122005773542906981, -4.499910764750549852 ) ) ;
#1382 = ADVANCED_FACE ( 'NONE', ( #328 ), #624, .T. ) ;
#1383 = AXIS2_PLACEMENT_3D ( 'NONE', #276, #789, #411 ) ;
#1384 = ORIENTED_EDGE ( 'NONE', *, *, #1369, .T. ) ;
#1385 = AXIS2_PLACEMENT_3D ( 'NONE', #1393, #1262, #98 ) ;
#1386 = CARTESIAN_POINT ( 'NONE',  ( 2.000000000000000444, 1.413348332598738155, -3.464101615137754830 ) ) ;
#1387 = CARTESIAN_POINT ( 'NONE',  ( 4.000000000000000000, -2.473214183384769616, -0.6964627313616933435 ) ) ;
#1388 = ORIENTED_EDGE ( 'NONE', *, *, #309, .T. ) ;
#1389 = DIRECTION ( 'NONE',  ( -0.000000000000000000, 1.000000000000000000, -0.000000000000000000 ) ) ;
#1390 = ORIENTED_EDGE ( 'NONE', *, *, #433, .T. ) ;
#1391 = CYLINDRICAL_SURFACE ( 'NONE', #965, 2.500000000000002665 ) ;
#1392 = CARTESIAN_POINT ( 'NONE',  ( 8.673617379884035472E-16, 2.149999999999999911, 3.649999999999999911 ) ) ;
#1393 = CARTESIAN_POINT ( 'NONE',  ( -2.168404344971008868E-15, -2.499999999999999112, 4.143236598451182751 ) ) ;
#1394 = ORIENTED_EDGE ( 'NONE', *, *, #522, .F. ) ;
#1395 = CARTESIAN_POINT ( 'NONE',  ( -3.205347124796962266, -2.371798815652058856, -2.768194128169286117 ) ) ;
#1396 = ORIENTED_EDGE ( 'NONE', *, *, #1602, .F. ) ;
#1397 = CARTESIAN_POINT ( 'NONE',  ( 8.673617379884035472E-16, 1.413348332598736823, 0.000000000000000000 ) ) ;
#1398 = COORDINATED_UNIVERSAL_TIME_OFFSET ( 6, 0, .BEHIND. ) ;
#1399 = DIRECTION ( 'NONE',  ( 0.000000000000000000, 0.000000000000000000, 1.000000000000000000 ) ) ;
#1400 = CARTESIAN_POINT ( 'NONE',  ( 8.673617379884035472E-16, 2.500000000000000000, 0.000000000000000000 ) ) ;
#1401 = ORIENTED_EDGE ( 'NONE', *, *, #438, .T. ) ;
#1402 = EDGE_CURVE ( 'NONE', #558, #420, #602, .T. ) ;
#1403 = FACE_OUTER_BOUND ( 'NONE', #665, .T. ) ;
#1404 = EDGE_CURVE ( 'NONE', #1500, #255, #1375, .T. ) ;
#1405 = ORIENTED_EDGE ( 'NONE', *, *, #1402, .F. ) ;
#1406 = B_SPLINE_CURVE_WITH_KNOTS ( 'NONE', 3,
 ( #439, #1342, #1473, #1083, #1595, #445 ),
 .UNSPECIFIED., .F., .F.,
 ( 4, 2, 4 ),
 ( 4.336808689942017736E-19, 0.0002170332297782936895, 0.0004340664595565869453 ),
 .UNSPECIFIED. ) ;
#1407 = DIRECTION ( 'NONE',  ( -1.000000000000000000, 0.000000000000000000, 0.000000000000000000 ) ) ;
#1408 = AXIS2_PLACEMENT_3D ( 'NONE', #289, #1078, #280 ) ;
#1409 = EDGE_CURVE ( 'NONE', #464, #795, #928, .T. ) ;
#1410 = DIRECTION ( 'NONE',  ( 0.000000000000000000, 0.000000000000000000, 1.000000000000000000 ) ) ;
#1411 = VECTOR ( 'NONE', #1544, 1000.000000000000000 ) ;
#1412 = AXIS2_PLACEMENT_3D ( 'NONE', #954, #817, #1348 ) ;
#1413 = DIRECTION ( 'NONE',  ( -0.000000000000000000, 1.000000000000000000, -0.000000000000000000 ) ) ;
#1414 = CARTESIAN_POINT ( 'NONE',  ( 8.673617379884035472E-16, 2.279373736383168314, -2.500000000000000000 ) ) ;
#1415 = ORIENTED_EDGE ( 'NONE', *, *, #969, .T. ) ;
#1416 = ORIENTED_EDGE ( 'NONE', *, *, #1588, .F. ) ;
#1417 = DIRECTION ( 'NONE',  ( 0.000000000000000000, 0.000000000000000000, 1.000000000000000000 ) ) ;
#1418 = AXIS2_PLACEMENT_3D ( 'NONE', #823, #565, #1332 ) ;
#1419 = ORIENTED_EDGE ( 'NONE', *, *, #595, .T. ) ;
#1420 = CARTESIAN_POINT ( 'NONE',  ( -1.104904969831646197E-13, -2.179519533792974695, 4.555088450304013215 ) ) ;
#1421 = DIRECTION ( 'NONE',  ( -0.000000000000000000, 1.000000000000000000, -0.000000000000000000 ) ) ;
#1422 = DIRECTION ( 'NONE',  ( -0.000000000000000000, 1.000000000000000000, -0.000000000000000000 ) ) ;
#1423 = VERTEX_POINT ( 'NONE', #356 ) ;
#1424 = DIRECTION ( 'NONE',  ( 0.000000000000000000, 1.000000000000000000, 0.000000000000000000 ) ) ;
#1425 = VERTEX_POINT ( 'NONE', #1664 ) ;
#1426 = CARTESIAN_POINT ( 'NONE',  ( 3.855444492352802399, -2.189841783788375906, -2.392860238011456087 ) ) ;
#1427 = ADVANCED_FACE ( 'NONE', ( #201, #1674 ), #1231, .F. ) ;
#1428 = CARTESIAN_POINT ( 'NONE',  ( 0.7946528752030384002, 1.285147148250799232, 4.160009102106222656 ) ) ;
#1429 = CARTESIAN_POINT ( 'NONE',  ( 8.673617379884035472E-16, 1.413348332598737045, 1.980384757729338974 ) ) ;
#1430 = CARTESIAN_POINT ( 'NONE',  ( -3.206384224811932526, 1.302186567927938521, -2.767595358196466737 ) ) ;
#1431 = CARTESIAN_POINT ( 'NONE',  ( -1.999999999999999556, -2.499999999999999112, -3.464101615137753942 ) ) ;
#1432 = ORIENTED_EDGE ( 'NONE', *, *, #1148, .T. ) ;
#1433 = CARTESIAN_POINT ( 'NONE',  ( 2.607687347554495272, -2.472669457721936137, 3.113253161444038408 ) ) ;
#1434 = FACE_OUTER_BOUND ( 'NONE', #931, .T. ) ;
#1435 = AXIS2_PLACEMENT_3D ( 'NONE', #1392, #1260, #1399 ) ;
#1436 = LINE ( 'NONE', #1180, #1299 ) ;
#1437 = CARTESIAN_POINT ( 'NONE',  ( 0.2059259259259239305, -2.499999999999999112, 4.499910764750552516 ) ) ;
#1438 = EDGE_CURVE ( 'NONE', #258, #1264, #1531, .T. ) ;
#1439 = AXIS2_PLACEMENT_3D ( 'NONE', #762, #1161, #1417 ) ;
#1440 = CARTESIAN_POINT ( 'NONE',  ( 8.673617379884035472E-16, 2.149999999999999911, 0.000000000000000000 ) ) ;
#1441 = ORIENTED_EDGE ( 'NONE', *, *, #277, .T. ) ;
#1442 = VERTEX_POINT ( 'NONE', #1633 ) ;
#1443 = CARTESIAN_POINT ( 'NONE',  ( -3.794074074076643210, -2.208657440943374795, 2.428292465523479216 ) ) ;
#1444 = DIRECTION ( 'NONE',  ( 0.000000000000000000, -0.7071067811865444641, -0.7071067811865505703 ) ) ;
#1445 = CONICAL_SURFACE ( 'NONE', #1606, 2.500000000000002220, 0.7853981633974526089 ) ;
#1446 = FACE_OUTER_BOUND ( 'NONE', #1051, .T. ) ;
#1447 = CARTESIAN_POINT ( 'NONE',  ( 8.673617379884035472E-16, 2.500000000000000000, 1.980384757729339196 ) ) ;
#1448 = VERTEX_POINT ( 'NONE', #463 ) ;
#1449 = ORIENTED_EDGE ( 'NONE', *, *, #702, .T. ) ;
#1450 = DIRECTION ( 'NONE',  ( 0.000000000000000000, 0.000000000000000000, 1.000000000000000000 ) ) ;
#1451 = CARTESIAN_POINT ( 'NONE',  ( -3.794074074076644099, 1.122005773542118945, -2.428292465523475219 ) ) ;
#1452 = CARTESIAN_POINT ( 'NONE',  ( -0.2059259259259266228, -2.499999999999999112, -4.499910764750549852 ) ) ;
#1453 = CARTESIAN_POINT ( 'NONE',  ( -4.000000000000001776, -2.499999999999999112, 0.000000000000000000 ) ) ;
#1454 = EDGE_CURVE ( 'NONE', #420, #453, #509, .T. ) ;
#1455 = ORIENTED_EDGE ( 'NONE', *, *, #1480, .F. ) ;
#1456 = DIRECTION ( 'NONE',  ( 0.000000000000000000, 1.000000000000000000, 0.000000000000000000 ) ) ;
#1457 = EDGE_CURVE ( 'NONE', #831, #1273, #1213, .T. ) ;
#1458 = DIRECTION ( 'NONE',  ( -0.000000000000000000, 1.000000000000000000, -0.000000000000000000 ) ) ;
#1459 = DIRECTION ( 'NONE',  ( 0.000000000000000000, 0.000000000000000000, 1.000000000000000000 ) ) ;
#1460 = DIRECTION ( 'NONE',  ( 0.000000000000000000, 0.000000000000000000, 1.000000000000000000 ) ) ;
#1461 = VECTOR ( 'NONE', #832, 1000.000000000000000 ) ;
#1462 = AXIS2_PLACEMENT_3D ( 'NONE', #724, #1117, #1227 ) ;
#1463 = CIRCLE ( 'NONE', #909, 4.000000000000000888 ) ;
#1464 = AXIS2_PLACEMENT_3D ( 'NONE', #61, #1389, #214 ) ;
#1465 = CARTESIAN_POINT ( 'NONE',  ( 4.000000000000000888, 1.122005773542648077, -2.071618299226565707 ) ) ;
#1466 = CYLINDRICAL_SURFACE ( 'NONE', #850, 3.825000000000001066 ) ;
#1467 = MECHANICAL_CONTEXT ( 'NONE', #1368, 'mechanical' ) ;
#1468 = DIRECTION ( 'NONE',  ( 0.000000000000000000, 0.000000000000000000, 1.000000000000000000 ) ) ;
#1469 = FACE_OUTER_BOUND ( 'NONE', #196, .T. ) ;
#1470 = ORIENTED_EDGE ( 'NONE', *, *, #809, .T. ) ;
#1471 = DIRECTION ( 'NONE',  ( -0.000000000000000000, 1.000000000000000000, 0.000000000000000000 ) ) ;
#1472 = EDGE_CURVE ( 'NONE', #1442, #864, #130, .T. ) ;
#1473 = CARTESIAN_POINT ( 'NONE',  ( -3.981179771634113962, 1.092901030036131038, 2.214444960156047415 ) ) ;
#1474 = DIRECTION ( 'NONE',  ( 0.000000000000000000, 1.000000000000000000, 0.000000000000000000 ) ) ;
#1475 = EDGE_CURVE ( 'NONE', #255, #636, #455, .T. ) ;
#1476 = DIRECTION ( 'NONE',  ( -0.000000000000000000, 1.000000000000000000, -0.000000000000000000 ) ) ;
#1477 = VERTEX_POINT ( 'NONE', #924 ) ;
#1478 = CARTESIAN_POINT ( 'NONE',  ( -4.000000000000001776, -2.208657440943904149, -2.071618299226564375 ) ) ;
#1479 = FACE_OUTER_BOUND ( 'NONE', #352, .T. ) ;
#1480 = EDGE_CURVE ( 'NONE', #864, #464, #1077, .T. ) ;
#1481 = DIRECTION ( 'NONE',  ( -0.000000000000000000, 1.000000000000000000, -0.000000000000000000 ) ) ;
#1482 = B_SPLINE_CURVE_WITH_KNOTS ( 'NONE', 3,
 ( #176, #690, #1269, #1242, #1510, #609 ),
 .UNSPECIFIED., .F., .F.,
 ( 4, 2, 4 ),
 ( 0.004366593572017860372, 0.005411983898327177821, 0.006457374224636495269 ),
 .UNSPECIFIED. ) ;
#1483 = EDGE_CURVE ( 'NONE', #778, #1568, #1436, .T. ) ;
#1484 = ORIENTED_EDGE ( 'NONE', *, *, #1285, .F. ) ;
#1485 = AXIS2_PLACEMENT_3D ( 'NONE', #925, #1481, #59 ) ;
#1486 = AXIS2_PLACEMENT_3D ( 'NONE', #893, #387, #507 ) ;
#1487 = CARTESIAN_POINT ( 'NONE',  ( -1.104904969831646197E-13, 1.092867866391718845, -4.555088450304011438 ) ) ;
#1488 = VECTOR ( 'NONE', #1013, 1000.000000000000000 ) ;
#1489 = VERTEX_POINT ( 'NONE', #767 ) ;
#1490 = DIRECTION ( 'NONE',  ( -0.000000000000000000, 1.000000000000000000, -0.000000000000000000 ) ) ;
#1491 = ORIENTED_EDGE ( 'NONE', *, *, #1551, .F. ) ;
#1492 = B_SPLINE_CURVE_WITH_KNOTS ( 'NONE', 3,
 ( #912, #156, #173, #667, #676, #1074 ),
 .UNSPECIFIED., .F., .F.,
 ( 4, 2, 4 ),
 ( 2.879116945819474911E-15, 0.0002170332297792253444, 0.0004340664595555715358 ),
 .UNSPECIFIED. ) ;
#1493 = CARTESIAN_POINT ( 'NONE',  ( -4.000000000000001776, -2.208657440944162165, 2.071618299225592708 ) ) ;
#1494 = ORIENTED_EDGE ( 'NONE', *, *, #1295, .F. ) ;
#1495 = EDGE_CURVE ( 'NONE', #1489, #699, #407, .T. ) ;
#1496 = DIRECTION ( 'NONE',  ( 0.000000000000000000, 1.000000000000000000, 0.000000000000000000 ) ) ;
#1497 = ORIENTED_EDGE ( 'NONE', *, *, #274, .T. ) ;
#1498 = ORIENTED_EDGE ( 'NONE', *, *, #1315, .T. ) ;
#1499 = CARTESIAN_POINT ( 'NONE',  ( -0.07235223785681173247, 1.092867866392250198, -4.555088450302999803 ) ) ;
#1500 = VERTEX_POINT ( 'NONE', #265 ) ;
#1501 = DIRECTION ( 'NONE',  ( 0.000000000000000000, 0.000000000000000000, -1.000000000000000000 ) ) ;
#1502 = CARTESIAN_POINT ( 'NONE',  ( 3.855464292703863816, -2.189835713167069375, 2.392848806273442541 ) ) ;
#1503 = VERTEX_POINT ( 'NONE', #1287 ) ;
#1504 = EDGE_CURVE ( 'NONE', #198, #1266, #47, .T. ) ;
#1505 = CARTESIAN_POINT ( 'NONE',  ( -1.389892718478684230, 1.413348332598738821, 3.816347218358639548 ) ) ;
#1506 = ADVANCED_FACE ( 'NONE', ( #1446 ), #692, .T. ) ;
#1507 = ORIENTED_EDGE ( 'NONE', *, *, #1169, .T. ) ;
#1508 = FACE_OUTER_BOUND ( 'NONE', #248, .T. ) ;
#1509 = ORIENTED_EDGE ( 'NONE', *, *, #147, .F. ) ;
#1510 = CARTESIAN_POINT ( 'NONE',  ( 4.000000000000000000, 1.413348332598738599, -0.3492417567105815523 ) ) ;
#1511 = DIRECTION ( 'NONE',  ( -0.000000000000000000, 1.000000000000000000, -0.000000000000000000 ) ) ;
#1512 = ORIENTED_EDGE ( 'NONE', *, *, #1583, .T. ) ;
#1513 = DIRECTION ( 'NONE',  ( 0.000000000000000000, 0.000000000000000000, 1.000000000000000000 ) ) ;
#1514 = CIRCLE ( 'NONE', #1378, 4.000000000000000000 ) ;
#1515 = AXIS2_PLACEMENT_3D ( 'NONE', #157, #956, #305 ) ;
#1516 = ORIENTED_EDGE ( 'NONE', *, *, #399, .T. ) ;
#1517 = CARTESIAN_POINT ( 'NONE',  ( -4.000000000000000888, 1.385945525330282369, 0.7029683733785820898 ) ) ;
#1518 = AXIS2_PLACEMENT_3D ( 'NONE', #48, #1317, #1450 ) ;
#1519 = SHAPE_DEFINITION_REPRESENTATION ( #788, #1261 ) ;
#1520 = AXIS2_PLACEMENT_3D ( 'NONE', #1015, #1511, #337 ) ;
#1521 = DIRECTION ( 'NONE',  ( -0.000000000000000000, -1.000000000000000000, -0.000000000000000000 ) ) ;
#1522 = FACE_OUTER_BOUND ( 'NONE', #1308, .T. ) ;
#1523 = ORIENTED_EDGE ( 'NONE', *, *, #869, .T. ) ;
#1524 = AXIS2_PLACEMENT_3D ( 'NONE', #932, #550, #424 ) ;
#1525 = CARTESIAN_POINT ( 'NONE',  ( -3.500903122298620218, -2.298541203693817980, -2.597554793451095634 ) ) ;
#1526 = EDGE_LOOP ( 'NONE', ( #456, #810, #1621, #349 ) ) ;
#1527 = CARTESIAN_POINT ( 'NONE',  ( 8.673617379884035472E-16, 2.325000000000000622, 3.649999999999999911 ) ) ;
#1528 = APPROVAL_STATUS ( 'not_yet_approved' ) ;
#1529 = DIRECTION ( 'NONE',  ( -0.000000000000000000, 1.000000000000000000, -0.000000000000000000 ) ) ;
#1530 = ADVANCED_FACE ( 'NONE', ( #1580 ), #52, .T. ) ;
#1531 = LINE ( 'NONE', #870, #647 ) ;
#1532 = ORIENTED_EDGE ( 'NONE', *, *, #66, .F. ) ;
#1533 = ORIENTED_EDGE ( 'NONE', *, *, #166, .T. ) ;
#1534 = DIRECTION ( 'NONE',  ( 0.000000000000000000, 1.000000000000000000, 0.000000000000000000 ) ) ;
#1535 = ORIENTED_EDGE ( 'NONE', *, *, #4, .T. ) ;
#1536 = CARTESIAN_POINT ( 'NONE',  ( 8.673617379884035472E-16, -2.137552331008732320, 0.000000000000000000 ) ) ;
#1537 = DIRECTION ( 'NONE',  ( 0.000000000000000000, 0.000000000000000000, 1.000000000000000000 ) ) ;
#1538 = EDGE_CURVE ( 'NONE', #1365, #864, #539, .T. ) ;
#1539 = DIRECTION ( 'NONE',  ( -0.000000000000000000, 1.000000000000000000, -0.000000000000000000 ) ) ;
#1540 = VERTEX_POINT ( 'NONE', #915 ) ;
#1541 = LINE ( 'NONE', #102, #614 ) ;
#1542 = ORIENTED_EDGE ( 'NONE', *, *, #668, .T. ) ;
#1543 = CARTESIAN_POINT ( 'NONE',  ( 0.000000000000000000, 1.413348332598738155, 0.000000000000000000 ) ) ;
#1544 = DIRECTION ( 'NONE',  ( -0.000000000000000000, -1.000000000000000000, -0.000000000000000000 ) ) ;
#1545 = AXIS2_PLACEMENT_3D ( 'NONE', #430, #285, #1612 ) ;
#1546 = CARTESIAN_POINT ( 'NONE',  ( -0.2059259259259266506, 1.122005773542906981, -4.499910764750549852 ) ) ;
#1547 = B_SPLINE_CURVE_WITH_KNOTS ( 'NONE', 3,
 ( #987, #877, #863, #67 ),
 .UNSPECIFIED., .F., .F.,
 ( 4, 4 ),
 ( 2.879265631612057714E-15, 0.0002173906396370423651 ),
 .UNSPECIFIED. ) ;
#1548 = CARTESIAN_POINT ( 'NONE',  ( 8.673617379884035472E-16, 1.413348332598738155, 0.000000000000000000 ) ) ;
#1549 = CARTESIAN_POINT ( 'NONE',  ( -3.794074074074075043, -2.499999999999999112, 2.428292465524961585 ) ) ;
#1550 = ADVANCED_FACE ( 'NONE', ( #639 ), #783, .T. ) ;
#1551 = EDGE_CURVE ( 'NONE', #343, #1489, #27, .T. ) ;
#1552 = EDGE_LOOP ( 'NONE', ( #1575, #723 ) ) ;
#1553 = FACE_BOUND ( 'NONE', #56, .T. ) ;
#1554 = DIRECTION ( 'NONE',  ( 1.224646799147355179E-16, 0.000000000000000000, -1.000000000000000000 ) ) ;
#1555 = CARTESIAN_POINT ( 'NONE',  ( 1.091894541693868612E-13, 1.092867866391717735, 4.555088450304013215 ) ) ;
#1556 = DIRECTION ( 'NONE',  ( 0.000000000000000000, -1.000000000000000000, 0.000000000000000000 ) ) ;
#1557 = B_SPLINE_CURVE_WITH_KNOTS ( 'NONE', 3,
 ( #1420, #13, #225, #1021 ),
 .UNSPECIFIED., .F., .F.,
 ( 4, 4 ),
 ( 0.0002173906396370423651, 0.0004340664595565679718 ),
 .UNSPECIFIED. ) ;
#1558 = DIRECTION ( 'NONE',  ( 0.000000000000000000, 1.000000000000000000, 0.000000000000000000 ) ) ;
#1559 = PRODUCT_DEFINITION ( 'UNKNOWN', '', #1166, #372 ) ;
#1560 = ORIENTED_EDGE ( 'NONE', *, *, #1404, .T. ) ;
#1561 = DIRECTION ( 'NONE',  ( -0.000000000000000000, 1.000000000000000000, -0.000000000000000000 ) ) ;
#1562 = DIRECTION ( 'NONE',  ( -0.000000000000000000, 1.000000000000000000, 0.000000000000000000 ) ) ;
#1563 = CARTESIAN_POINT ( 'NONE',  ( 2.610107281521316658, -2.500000000000002665, -3.111856011916871889 ) ) ;
#1564 = ORIENTED_EDGE ( 'NONE', *, *, #794, .F. ) ;
#1565 = DIRECTION ( 'NONE',  ( 0.000000000000000000, 0.000000000000000000, 1.000000000000000000 ) ) ;
#1566 = ORIENTED_EDGE ( 'NONE', *, *, #685, .T. ) ;
#1567 = ORIENTED_EDGE ( 'NONE', *, *, #599, .T. ) ;
#1568 = VERTEX_POINT ( 'NONE', #1042 ) ;
#1569 = DIRECTION ( 'NONE',  ( 0.000000000000000000, 1.000000000000000000, 0.000000000000000000 ) ) ;
#1570 = DIRECTION ( 'NONE',  ( 1.000000000000000000, 0.000000000000000000, 1.224646799147353207E-16 ) ) ;
#1571 = AXIS2_PLACEMENT_3D ( 'NONE', #1629, #1529, #733 ) ;
#1572 = DIRECTION ( 'NONE',  ( 0.000000000000000000, 0.000000000000000000, 1.000000000000000000 ) ) ;
#1573 = ORIENTED_EDGE ( 'NONE', *, *, #1148, .F. ) ;
#1574 = VECTOR ( 'NONE', #180, 1000.000000000000000 ) ;
#1575 = ORIENTED_EDGE ( 'NONE', *, *, #525, .F. ) ;
#1576 = DIRECTION ( 'NONE',  ( 0.000000000000000000, 1.000000000000000000, 0.000000000000000000 ) ) ;
#1577 = APPROVAL_PERSON_ORGANIZATION ( #950, #1671, #1211 ) ;
#1578 = DIRECTION ( 'NONE',  ( -0.000000000000000000, 1.000000000000000000, -0.000000000000000000 ) ) ;
#1579 = LOCAL_TIME ( 23, 45, 15.00000000000000000, #1641 ) ;
#1580 = FACE_OUTER_BOUND ( 'NONE', #192, .T. ) ;
#1581 = ADVANCED_FACE ( 'NONE', ( #390 ), #1666, .T. ) ;
#1582 = CARTESIAN_POINT ( 'NONE',  ( -3.794074074076644099, 1.122005773542118945, -2.428292465523475219 ) ) ;
#1583 = EDGE_CURVE ( 'NONE', #1653, #198, #1156, .T. ) ;
#1584 = VERTEX_POINT ( 'NONE', #1429 ) ;
#1585 = CARTESIAN_POINT ( 'NONE',  ( 4.000000000000000000, -2.499999999999999112, 2.253471898105737462E-15 ) ) ;
#1586 = EDGE_CURVE ( 'NONE', #1653, #625, #239, .T. ) ;
#1587 = B_SPLINE_CURVE_WITH_KNOTS ( 'NONE', 3,
 ( #568, #1086, #1617, #367, #250, #1019 ),
 .UNSPECIFIED., .F., .F.,
 ( 4, 2, 4 ),
 ( 0.002336974151641549053, 0.003378785994338391607, 0.004420597837035234595 ),
 .UNSPECIFIED. ) ;
#1588 = EDGE_CURVE ( 'NONE', #1365, #206, #1050, .T. ) ;
#1589 = CARTESIAN_POINT ( 'NONE',  ( -3.855464292703724816, -2.189835713167112008, -2.392848806273522033 ) ) ;
#1590 =( NAMED_UNIT ( * ) SI_UNIT ( $, .STERADIAN. ) SOLID_ANGLE_UNIT ( ) );
#1591 = LINE ( 'NONE', #698, #1127 ) ;
#1592 = ADVANCED_FACE ( 'NONE', ( #297 ), #287, .T. ) ;
#1593 = FACE_OUTER_BOUND ( 'NONE', #1055, .T. ) ;
#1594 = CARTESIAN_POINT ( 'NONE',  ( 8.673617379884035472E-16, 2.500000000000000000, 0.000000000000000000 ) ) ;
#1595 = CARTESIAN_POINT ( 'NONE',  ( -3.855464292703867368, 1.103184045765809307, 2.392848806273443873 ) ) ;
#1596 = CARTESIAN_POINT ( 'NONE',  ( 8.673617379884035472E-16, 2.500000000000000000, 2.899999999999998135 ) ) ;
#1597 = CIRCLE ( 'NONE', #997, 4.000000000000000000 ) ;
#1598 = AXIS2_PLACEMENT_3D ( 'NONE', #577, #63, #199 ) ;
#1599 = AXIS2_PLACEMENT_3D ( 'NONE', #313, #1496, #1367 ) ;
#1600 = CIRCLE ( 'NONE', #178, 1.980384757729339196 ) ;
#1601 = ADVANCED_FACE ( 'NONE', ( #1479 ), #1445, .F. ) ;
#1602 = EDGE_CURVE ( 'NONE', #1568, #255, #211, .T. ) ;
#1603 = DIRECTION ( 'NONE',  ( 0.000000000000000000, -1.000000000000000000, 0.000000000000000000 ) ) ;
#1604 = FACE_OUTER_BOUND ( 'NONE', #1125, .T. ) ;
#1605 = PERSON_AND_ORGANIZATION ( #785, #887 ) ;
#1606 = AXIS2_PLACEMENT_3D ( 'NONE', #679, #802, #807 ) ;
#1607 = DIRECTION ( 'NONE',  ( -0.000000000000000000, 1.000000000000000000, -0.000000000000000000 ) ) ;
#1608 = EDGE_LOOP ( 'NONE', ( #589, #1616 ) ) ;
#1609 = LINE ( 'NONE', #1200, #555 ) ;
#1610 = EDGE_CURVE ( 'NONE', #636, #578, #858, .T. ) ;
#1611 = ORIENTED_EDGE ( 'NONE', *, *, #332, .T. ) ;
#1612 = DIRECTION ( 'NONE',  ( 0.000000000000000000, 0.000000000000000000, 1.000000000000000000 ) ) ;
#1613 = VERTEX_POINT ( 'NONE', #1338 ) ;
#1614 = DIRECTION ( 'NONE',  ( -0.000000000000000000, 1.000000000000000000, -0.000000000000000000 ) ) ;
#1615 = CARTESIAN_POINT ( 'NONE',  ( 8.673617379884035472E-16, 1.413348332598738155, 0.000000000000000000 ) ) ;
#1616 = ORIENTED_EDGE ( 'NONE', *, *, #1504, .F. ) ;
#1617 = CARTESIAN_POINT ( 'NONE',  ( 1.392312652445504284, -2.472669457721936581, -3.814950068831473473 ) ) ;
#1618 = ORIENTED_EDGE ( 'NONE', *, *, #365, .T. ) ;
#1619 = CARTESIAN_POINT ( 'NONE',  ( 1.335789138662266159E-15, 2.149999999999999911, -3.825000000000001066 ) ) ;
#1620 = LINE ( 'NONE', #849, #1461 ) ;
#1621 = ORIENTED_EDGE ( 'NONE', *, *, #66, .T. ) ;
#1622 = VECTOR ( 'NONE', #1651, 1000.000000000000000 ) ;
#1623 = CARTESIAN_POINT ( 'NONE',  ( 4.000000000000000000, 1.284482108497751796, 1.395582190496567732 ) ) ;
#1624 = CIRCLE ( 'NONE', #1464, 3.649999999999999911 ) ;
#1625 = VERTEX_POINT ( 'NONE', #1619 ) ;
#1626 = CARTESIAN_POINT ( 'NONE',  ( 8.673617379884035472E-16, 2.500000000000000000, 0.000000000000000000 ) ) ;
#1627 = ORIENTED_EDGE ( 'NONE', *, *, #117, .F. ) ;
#1628 = CALENDAR_DATE ( 2026, 7, 1 ) ;
#1629 = CARTESIAN_POINT ( 'NONE',  ( 8.673617379884035472E-16, 2.500000000000000000, 0.000000000000000000 ) ) ;
#1630 = ORIENTED_EDGE ( 'NONE', *, *, #1683, .T. ) ;
#1631 =( GEOMETRIC_REPRESENTATION_CONTEXT ( 3 ) GLOBAL_UNCERTAINTY_ASSIGNED_CONTEXT ( ( #875 ) ) GLOBAL_UNIT_ASSIGNED_CONTEXT ( ( #957, #966, #1590 ) ) REPRESENTATION_CONTEXT ( 'NONE', 'WORKASPACE' ) );
#1632 = APPROVAL ( #480, 'UNSPECIFIED' ) ;
#1633 = CARTESIAN_POINT ( 'NONE',  ( 0.2059259259233554296, -2.208657440943375683, 4.499910764752035774 ) ) ;
#1634 = ORIENTED_EDGE ( 'NONE', *, *, #1495, .F. ) ;
#1635 = ADVANCED_FACE ( 'NONE', ( #1354 ), #1065, .T. ) ;
#1636 = ORIENTED_EDGE ( 'NONE', *, *, #425, .T. ) ;
#1637 = CARTESIAN_POINT ( 'NONE',  ( 8.673617379884035472E-16, 2.149999999999999467, 0.000000000000000000 ) ) ;
#1638 = ORIENTED_EDGE ( 'NONE', *, *, #806, .F. ) ;
#1639 = ORIENTED_EDGE ( 'NONE', *, *, #1475, .T. ) ;
#1640 = CARTESIAN_POINT ( 'NONE',  ( 8.673617379884035472E-16, -2.137552331008732320, 0.000000000000000000 ) ) ;
#1641 = COORDINATED_UNIVERSAL_TIME_OFFSET ( 6, 0, .BEHIND. ) ;
#1642 = CYLINDRICAL_SURFACE ( 'NONE', #1571, 4.000000000000000888 ) ;
#1643 = CYLINDRICAL_SURFACE ( 'NONE', #824, 4.000000000000000888 ) ;
#1644 = ORIENTED_EDGE ( 'NONE', *, *, #147, .T. ) ;
#1645 = AXIS2_PLACEMENT_3D ( 'NONE', #1061, #391, #641 ) ;
#1646 = CYLINDRICAL_SURFACE ( 'NONE', #1599, 0.4118518518518522464 ) ;
#1647 = ORIENTED_EDGE ( 'NONE', *, *, #898, .T. ) ;
#1648 = FACE_OUTER_BOUND ( 'NONE', #899, .T. ) ;
#1649 = B_SPLINE_CURVE_WITH_KNOTS ( 'NONE', 3,
 ( #1478, #169, #805, #20, #1589, #174 ),
 .UNSPECIFIED., .F., .F.,
 ( 4, 2, 4 ),
 ( 9.466649415999688534E-16, 0.0002170332297787633930, 0.0004340664595565801149 ),
 .UNSPECIFIED. ) ;
#1650 = DATE_TIME_ROLE ( 'creation_date' ) ;
#1651 = DIRECTION ( 'NONE',  ( 0.000000000000000000, 1.000000000000000000, 0.000000000000000000 ) ) ;
#1652 = FACE_OUTER_BOUND ( 'NONE', #773, .T. ) ;
#1653 = VERTEX_POINT ( 'NONE', #688 ) ;
#1654 = DIRECTION ( 'NONE',  ( 0.000000000000000000, 0.000000000000000000, 1.000000000000000000 ) ) ;
#1655 = AXIS2_PLACEMENT_3D ( 'NONE', #706, #327, #1501 ) ;
#1656 = EDGE_CURVE ( 'NONE', #1625, #1039, #140, .T. ) ;
#1657 = AXIS2_PLACEMENT_3D ( 'NONE', #1640, #461, #985 ) ;
#1658 = ORIENTED_EDGE ( 'NONE', *, *, #277, .F. ) ;
#1659 = CARTESIAN_POINT ( 'NONE',  ( -0.2059259259233581218, -2.208657440943376571, -4.499910764752033110 ) ) ;
#1660 = CIRCLE ( 'NONE', #476, 3.649999999999999467 ) ;
#1661 = PERSON_AND_ORGANIZATION_ROLE ( 'creator' ) ;
#1662 = AXIS2_PLACEMENT_3D ( 'NONE', #9, #519, #1060 ) ;
#1663 = CARTESIAN_POINT ( 'NONE',  ( 8.673617379884035472E-16, 1.413348332598738155, 3.825000000000001066 ) ) ;
#1664 = CARTESIAN_POINT ( 'NONE',  ( 1.335789138662266159E-15, 1.413348332598738155, -3.825000000000001066 ) ) ;
#1665 = ORIENTED_EDGE ( 'NONE', *, *, #365, .F. ) ;
#1666 = CONICAL_SURFACE ( 'NONE', #725, 4.627777777777778212, 1.047197551196595189 ) ;
#1667 = ORIENTED_EDGE ( 'NONE', *, *, #491, .T. ) ;
#1668 = CARTESIAN_POINT ( 'NONE',  ( -2.000000000000000444, 1.413348332598738155, 3.464101615137757939 ) ) ;
#1669 = ORIENTED_EDGE ( 'NONE', *, *, #991, .F. ) ;
#1670 = DIRECTION ( 'NONE',  ( 0.000000000000000000, -0.000000000000000000, 1.000000000000000000 ) ) ;
#1671 = APPROVAL ( #813, 'UNSPECIFIED' ) ;
#1672 = CALENDAR_DATE ( 2026, 7, 1 ) ;
#1673 = CARTESIAN_POINT ( 'NONE',  ( -2.000000000000000444, -2.499999999999999112, 3.464101615137757939 ) ) ;
#1674 = FACE_OUTER_BOUND ( 'NONE', #1675, .T. ) ;
#1675 = EDGE_LOOP ( 'NONE', ( #1455, #496, #106, #394, #58, #871, #1210 ) ) ;
#1676 = CLOSED_SHELL ( 'NONE', ( #1331, #1058, #580, #600, #592, #695, #559, #1197 ) ) ;
#1677 = ORIENTED_EDGE ( 'NONE', *, *, #32, .T. ) ;
#1678 = CARTESIAN_POINT ( 'NONE',  ( -0.2059259259259280661, -2.208657440944163497, 4.499910764750551628 ) ) ;
#1679 = ORIENTED_EDGE ( 'NONE', *, *, #105, .F. ) ;
#1680 = DIRECTION ( 'NONE',  ( 0.000000000000000000, 0.000000000000000000, 1.000000000000000000 ) ) ;
#1681 = CARTESIAN_POINT ( 'NONE',  ( 1.392312652445505172, 1.386017790320674736, 3.814950068831473029 ) ) ;
#1682 = CARTESIAN_POINT ( 'NONE',  ( -0.1444544429738604252, 1.103159130803226251, 4.535401341980413115 ) ) ;
#1683 = EDGE_CURVE ( 'NONE', #959, #984, #1406, .T. ) ;
#1684 = CARTESIAN_POINT ( 'NONE',  ( 8.673617379884035472E-16, -2.500000000000000888, 0.000000000000000000 ) ) ;
#1685 = DIRECTION ( 'NONE',  ( -0.000000000000000000, -1.000000000000000000, -0.000000000000000000 ) ) ;
#1686 = ORIENTED_EDGE ( 'NONE', *, *, #457, .F. ) ;
#1687 = CIRCLE ( 'NONE', #878, 3.825000000000001066 ) ;
#1688 = CARTESIAN_POINT ( 'NONE',  ( 3.205347124796960046, -2.371798815652059300, 2.768194128169289225 ) ) ;
#1689 = TOROIDAL_SURFACE ( 'NONE', #1100, 3.649999999999999911, 0.3500000000000006994 ) ;
#1690 = LINE ( 'NONE', #1172, #310 ) ;
#1691 = CIRCLE ( 'NONE', #1030, 2.899999999999998135 ) ;
#1692 = AXIS2_PLACEMENT_3D ( 'NONE', #922, #1335, #811 ) ;
#1693 = CARTESIAN_POINT ( 'NONE',  ( -0.07259092995431594419, 1.092867866392213561, 4.555088450303069081 ) ) ;
#1694 = FACE_OUTER_BOUND ( 'NONE', #787, .T. ) ;
ENDSEC;
END-ISO-10303-21;
