ISO-10303-21;
HEADER;
FILE_DESCRIPTION (( 'STEP AP214' ),
    '1' );
FILE_NAME ('0634-E0W.STEP',
    '2008-07-28T17:24:40',
    ( '' ),
    ( '' ),
    'SwSTEP 2.0',
    'SolidWorks 2007',
    '' );
FILE_SCHEMA (( 'AUTOMOTIVE_DESIGN' ));
ENDSEC;

DATA;
#1 = PRODUCT_DEFINITION_CONTEXT ( 'detailed design', #9, 'design' ) ;
#2 = PRODUCT_RELATED_PRODUCT_CATEGORY ( 'part', '', ( #4 ) ) ;
#3 = PRODUCT_DEFINITION_FORMATION_WITH_SPECIFIED_SOURCE ( 'ANY', '', #4, .NOT_KNOWN. ) ;
#4 = PRODUCT ( '0634-E0W', '0634-E0W', '', ( #11 ) ) ;
#5 = APPLICATION_CONTEXT ( 'automotive_design' ) ;
#6 = PRODUCT_DEFINITION ( 'UNKNOWN', '', #3, #1 ) ;
#7 = SHAPE_DEFINITION_REPRESENTATION ( #10, #1522 ) ;
#8 = APPLICATION_PROTOCOL_DEFINITION ( 'draft international standard', 'automotive_design', 1998, #9 ) ;
#9 = APPLICATION_CONTEXT ( 'automotive_design' ) ;
#10 = PRODUCT_DEFINITION_SHAPE ( 'NONE', 'NONE',  #6 ) ;
#11 = PRODUCT_CONTEXT ( 'NONE', #5, 'mechanical' ) ;
#12 = APPLICATION_PROTOCOL_DEFINITION ( 'draft international standard', 'automotive_design', 1998, #5 ) ;
#13 = EDGE_LOOP ( 'NONE', ( #22, #17, #18, #205 ) ) ;
#14 = ADVANCED_FACE ( 'NONE', ( #422 ), #389, .F. ) ;
#15 = ORIENTED_EDGE ( 'NONE', *, *, #25, .T. ) ;
#16 = ADVANCED_FACE ( 'NONE', ( #385 ), #364, .T. ) ;
#17 = ORIENTED_EDGE ( 'NONE', *, *, #20, .F. ) ;
#18 = ORIENTED_EDGE ( 'NONE', *, *, #197, .T. ) ;
#19 = ORIENTED_EDGE ( 'NONE', *, *, #176, .F. ) ;
#20 = EDGE_CURVE ( 'NONE', #244, #124, #360, .T. ) ;
#21 = EDGE_LOOP ( 'NONE', ( #19, #15, #77, #75 ) ) ;
#22 = ORIENTED_EDGE ( 'NONE', *, *, #43, .F. ) ;
#23 = ORIENTED_EDGE ( 'NONE', *, *, #163, .F. ) ;
#24 = EDGE_CURVE ( 'NONE', #51, #45, #356, .T. ) ;
#25 = EDGE_CURVE ( 'NONE', #267, #266, #308, .T. ) ;
#26 = ORIENTED_EDGE ( 'NONE', *, *, #36, .T. ) ;
#27 = ORIENTED_EDGE ( 'NONE', *, *, #25, .F. ) ;
#28 = ORIENTED_EDGE ( 'NONE', *, *, #33, .T. ) ;
#29 = ORIENTED_EDGE ( 'NONE', *, *, #40, .F. ) ;
#30 = EDGE_LOOP ( 'NONE', ( #29, #28, #26, #27 ) ) ;
#31 = ORIENTED_EDGE ( 'NONE', *, *, #272, .F. ) ;
#32 = ORIENTED_EDGE ( 'NONE', *, *, #49, .F. ) ;
#33 = EDGE_CURVE ( 'NONE', #44, #35, #303, .T. ) ;
#34 = EDGE_LOOP ( 'NONE', ( #262, #122, #271 ) ) ;
#35 = VERTEX_POINT ( 'NONE', #298 ) ;
#36 = EDGE_CURVE ( 'NONE', #35, #266, #296, .T. ) ;
#37 = ADVANCED_FACE ( 'NONE', ( #292 ), #472, .T. ) ;
#38 = MANIFOLD_SOLID_BREP ( 'NONE', #241 ) ;
#39 = ORIENTED_EDGE ( 'NONE', *, *, #40, .T. ) ;
#40 = EDGE_CURVE ( 'NONE', #44, #267, #403, .T. ) ;
#41 = ORIENTED_EDGE ( 'NONE', *, *, #33, .F. ) ;
#42 = ORIENTED_EDGE ( 'NONE', *, *, #191, .F. ) ;
#43 = EDGE_CURVE ( 'NONE', #124, #45, #399, .T. ) ;
#44 = VERTEX_POINT ( 'NONE', #340 ) ;
#45 = VERTEX_POINT ( 'NONE', #339 ) ;
#46 = EDGE_LOOP ( 'NONE', ( #32, #41 ) ) ;
#47 = ORIENTED_EDGE ( 'NONE', *, *, #36, .F. ) ;
#48 = ORIENTED_EDGE ( 'NONE', *, *, #49, .T. ) ;
#49 = EDGE_CURVE ( 'NONE', #35, #44, #337, .T. ) ;
#50 = ORIENTED_EDGE ( 'NONE', *, *, #43, .T. ) ;
#51 = VERTEX_POINT ( 'NONE', #332 ) ;
#52 = ADVANCED_FACE ( 'NONE', ( #331 ), #646, .T. ) ;
#53 = VERTEX_POINT ( 'NONE', #631 ) ;
#54 = ADVANCED_FACE ( 'NONE', ( #587 ), #637, .F. ) ;
#55 = EDGE_LOOP ( 'NONE', ( #190, #175, #86, #87 ) ) ;
#56 = EDGE_CURVE ( 'NONE', #60, #57, #633, .T. ) ;
#57 = VERTEX_POINT ( 'NONE', #609 ) ;
#58 = ORIENTED_EDGE ( 'NONE', *, *, #59, .F. ) ;
#59 = EDGE_CURVE ( 'NONE', #78, #57, #624, .T. ) ;
#60 = VERTEX_POINT ( 'NONE', #595 ) ;
#61 = ORIENTED_EDGE ( 'NONE', *, *, #56, .T. ) ;
#62 = ORIENTED_EDGE ( 'NONE', *, *, #24, .F. ) ;
#63 = ORIENTED_EDGE ( 'NONE', *, *, #76, .T. ) ;
#64 = ORIENTED_EDGE ( 'NONE', *, *, #106, .T. ) ;
#65 = EDGE_LOOP ( 'NONE', ( #62, #23 ) ) ;
#66 = ORIENTED_EDGE ( 'NONE', *, *, #74, .T. ) ;
#67 = ORIENTED_EDGE ( 'NONE', *, *, #59, .T. ) ;
#68 = EDGE_LOOP ( 'NONE', ( #63, #64 ) ) ;
#69 = ADVANCED_FACE ( 'NONE', ( #594, #593 ), #607, .T. ) ;
#70 = ORIENTED_EDGE ( 'NONE', *, *, #76, .F. ) ;
#71 = ORIENTED_EDGE ( 'NONE', *, *, #195, .F. ) ;
#72 = ADVANCED_FACE ( 'NONE', ( #533 ), #603, .T. ) ;
#73 = EDGE_LOOP ( 'NONE', ( #71, #70, #67, #66 ) ) ;
#74 = EDGE_CURVE ( 'NONE', #57, #60, #599, .T. ) ;
#75 = ORIENTED_EDGE ( 'NONE', *, *, #74, .F. ) ;
#76 = EDGE_CURVE ( 'NONE', #78, #119, #572, .T. ) ;
#77 = ORIENTED_EDGE ( 'NONE', *, *, #194, .T. ) ;
#78 = VERTEX_POINT ( 'NONE', #567 ) ;
#79 = ORIENTED_EDGE ( 'NONE', *, *, #121, .F. ) ;
#80 = VERTEX_POINT ( 'NONE', #566 ) ;
#81 = VERTEX_POINT ( 'NONE', #565 ) ;
#82 = EDGE_LOOP ( 'NONE', ( #83, #242, #240 ) ) ;
#83 = ORIENTED_EDGE ( 'NONE', *, *, #123, .F. ) ;
#84 = ORIENTED_EDGE ( 'NONE', *, *, #85, .T. ) ;
#85 = EDGE_CURVE ( 'NONE', #243, #81, #564, .T. ) ;
#86 = ORIENTED_EDGE ( 'NONE', *, *, #56, .F. ) ;
#87 = ORIENTED_EDGE ( 'NONE', *, *, #194, .F. ) ;
#88 = ORIENTED_EDGE ( 'NONE', *, *, #89, .T. ) ;
#89 = EDGE_CURVE ( 'NONE', #155, #100, #559, .T. ) ;
#90 = ADVANCED_FACE ( 'NONE', ( #554, #553 ), #528, .T. ) ;
#91 = EDGE_LOOP ( 'NONE', ( #92, #94 ) ) ;
#92 = ORIENTED_EDGE ( 'NONE', *, *, #93, .T. ) ;
#93 = EDGE_CURVE ( 'NONE', #104, #103, #523, .T. ) ;
#94 = ORIENTED_EDGE ( 'NONE', *, *, #270, .T. ) ;
#95 = EDGE_LOOP ( 'NONE', ( #112, #114 ) ) ;
#96 = ORIENTED_EDGE ( 'NONE', *, *, #173, .F. ) ;
#97 = ORIENTED_EDGE ( 'NONE', *, *, #253, .T. ) ;
#98 = ORIENTED_EDGE ( 'NONE', *, *, #126, .T. ) ;
#99 = EDGE_LOOP ( 'NONE', ( #162, #199, #201, #181 ) ) ;
#100 = VERTEX_POINT ( 'NONE', #518 ) ;
#101 = ORIENTED_EDGE ( 'NONE', *, *, #102, .F. ) ;
#102 = EDGE_CURVE ( 'NONE', #100, #155, #517, .T. ) ;
#103 = VERTEX_POINT ( 'NONE', #512 ) ;
#104 = VERTEX_POINT ( 'NONE', #511 ) ;
#105 = ORIENTED_EDGE ( 'NONE', *, *, #154, .T. ) ;
#106 = EDGE_CURVE ( 'NONE', #119, #78, #509, .T. ) ;
#107 = ADVANCED_FACE ( 'NONE', ( #510 ), #582, .F. ) ;
#108 = EDGE_LOOP ( 'NONE', ( #109, #110 ) ) ;
#109 = ORIENTED_EDGE ( 'NONE', *, *, #151, .T. ) ;
#110 = ORIENTED_EDGE ( 'NONE', *, *, #111, .T. ) ;
#111 = EDGE_CURVE ( 'NONE', #165, #132, #713, .T. ) ;
#112 = ORIENTED_EDGE ( 'NONE', *, *, #113, .F. ) ;
#113 = EDGE_CURVE ( 'NONE', #143, #130, #688, .T. ) ;
#114 = ORIENTED_EDGE ( 'NONE', *, *, #142, .F. ) ;
#115 = ADVANCED_FACE ( 'NONE', ( #689, #665 ), #761, .T. ) ;
#116 = EDGE_LOOP ( 'NONE', ( #117, #98 ) ) ;
#117 = ORIENTED_EDGE ( 'NONE', *, *, #118, .T. ) ;
#118 = EDGE_CURVE ( 'NONE', #127, #224, #735, .T. ) ;
#119 = VERTEX_POINT ( 'NONE', #730 ) ;
#120 = EDGE_LOOP ( 'NONE', ( #264, #84, #79, #156 ) ) ;
#121 = EDGE_CURVE ( 'NONE', #239, #81, #766, .T. ) ;
#122 = ORIENTED_EDGE ( 'NONE', *, *, #123, .T. ) ;
#123 = EDGE_CURVE ( 'NONE', #53, #124, #767, .T. ) ;
#124 = VERTEX_POINT ( 'NONE', #852 ) ;
#125 = ORIENTED_EDGE ( 'NONE', *, *, #225, .F. ) ;
#126 = EDGE_CURVE ( 'NONE', #224, #127, #851, .T. ) ;
#127 = VERTEX_POINT ( 'NONE', #822 ) ;
#128 = ORIENTED_EDGE ( 'NONE', *, *, #129, .T. ) ;
#129 = EDGE_CURVE ( 'NONE', #224, #130, #821, .T. ) ;
#130 = VERTEX_POINT ( 'NONE', #817 ) ;
#131 = ORIENTED_EDGE ( 'NONE', *, *, #151, .F. ) ;
#132 = VERTEX_POINT ( 'NONE', #816 ) ;
#133 = ORIENTED_EDGE ( 'NONE', *, *, #134, .T. ) ;
#134 = EDGE_CURVE ( 'NONE', #166, #165, #815, .T. ) ;
#135 = ORIENTED_EDGE ( 'NONE', *, *, #136, .T. ) ;
#136 = EDGE_CURVE ( 'NONE', #81, #239, #810, .T. ) ;
#137 = ADVANCED_FACE ( 'NONE', ( #805, #804 ), #788, .T. ) ;
#138 = EDGE_LOOP ( 'NONE', ( #139, #249 ) ) ;
#139 = ORIENTED_EDGE ( 'NONE', *, *, #140, .T. ) ;
#140 = EDGE_CURVE ( 'NONE', #80, #243, #783, .T. ) ;
#141 = ORIENTED_EDGE ( 'NONE', *, *, #142, .T. ) ;
#142 = EDGE_CURVE ( 'NONE', #130, #143, #778, .T. ) ;
#143 = VERTEX_POINT ( 'NONE', #773 ) ;
#144 = ORIENTED_EDGE ( 'NONE', *, *, #145, .F. ) ;
#145 = EDGE_CURVE ( 'NONE', #127, #143, #771, .T. ) ;
#146 = ADVANCED_FACE ( 'NONE', ( #729 ), #709, .T. ) ;
#147 = EDGE_LOOP ( 'NONE', ( #168, #172, #174, #157 ) ) ;
#148 = ORIENTED_EDGE ( 'NONE', *, *, #149, .F. ) ;
#149 = EDGE_CURVE ( 'NONE', #167, #132, #710, .T. ) ;
#150 = VERTEX_POINT ( 'NONE', #702 ) ;
#151 = EDGE_CURVE ( 'NONE', #132, #165, #701, .T. ) ;
#152 = VERTEX_POINT ( 'NONE', #696 ) ;
#153 = EDGE_CURVE ( 'NONE', #150, #152, #695, .T. ) ;
#154 = EDGE_CURVE ( 'NONE', #103, #155, #690, .T. ) ;
#155 = VERTEX_POINT ( 'NONE', #881 ) ;
#156 = ORIENTED_EDGE ( 'NONE', *, *, #178, .F. ) ;
#157 = ORIENTED_EDGE ( 'NONE', *, *, #158, .F. ) ;
#158 = EDGE_CURVE ( 'NONE', #170, #155, #880, .T. ) ;
#159 = EDGE_LOOP ( 'NONE', ( #212, #213, #226, #227 ) ) ;
#160 = EDGE_CURVE ( 'NONE', #258, #152, #875, .T. ) ;
#161 = ADVANCED_FACE ( 'NONE', ( #871 ), #849, .T. ) ;
#162 = ORIENTED_EDGE ( 'NONE', *, *, #198, .F. ) ;
#163 = EDGE_CURVE ( 'NONE', #45, #51, #845, .T. ) ;
#164 = ORIENTED_EDGE ( 'NONE', *, *, #197, .F. ) ;
#165 = VERTEX_POINT ( 'NONE', #841 ) ;
#166 = VERTEX_POINT ( 'NONE', #840 ) ;
#167 = VERTEX_POINT ( 'NONE', #839 ) ;
#168 = ORIENTED_EDGE ( 'NONE', *, *, #169, .T. ) ;
#169 = EDGE_CURVE ( 'NONE', #170, #171, #838, .T. ) ;
#170 = VERTEX_POINT ( 'NONE', #833 ) ;
#171 = VERTEX_POINT ( 'NONE', #832 ) ;
#172 = ORIENTED_EDGE ( 'NONE', *, *, #173, .T. ) ;
#173 = EDGE_CURVE ( 'NONE', #171, #100, #831, .T. ) ;
#174 = ORIENTED_EDGE ( 'NONE', *, *, #102, .T. ) ;
#175 = ORIENTED_EDGE ( 'NONE', *, *, #176, .T. ) ;
#176 = EDGE_CURVE ( 'NONE', #267, #57, #827, .T. ) ;
#177 = ORIENTED_EDGE ( 'NONE', *, *, #163, .T. ) ;
#178 = EDGE_CURVE ( 'NONE', #80, #239, #753, .T. ) ;
#179 = ADVANCED_FACE ( 'NONE', ( #748 ), #584, .T. ) ;
#180 = ADVANCED_FACE ( 'NONE', ( #952 ), #942, .T. ) ;
#181 = ORIENTED_EDGE ( 'NONE', *, *, #182, .F. ) ;
#182 = EDGE_CURVE ( 'NONE', #186, #203, #1026, .T. ) ;
#183 = ADVANCED_FACE ( 'NONE', ( #898 ), #1002, .F. ) ;
#184 = EDGE_LOOP ( 'NONE', ( #189, #260, #247, #125 ) ) ;
#185 = VERTEX_POINT ( 'NONE', #998 ) ;
#186 = VERTEX_POINT ( 'NONE', #1003 ) ;
#187 = VERTEX_POINT ( 'NONE', #951 ) ;
#188 = EDGE_CURVE ( 'NONE', #104, #100, #950, .T. ) ;
#189 = ORIENTED_EDGE ( 'NONE', *, *, #257, .F. ) ;
#190 = ORIENTED_EDGE ( 'NONE', *, *, #191, .T. ) ;
#191 = EDGE_CURVE ( 'NONE', #266, #267, #913, .T. ) ;
#192 = EDGE_LOOP ( 'NONE', ( #31, #50, #177, #164 ) ) ;
#193 = ADVANCED_FACE ( 'NONE', ( #966 ), #1032, .T. ) ;
#194 = EDGE_CURVE ( 'NONE', #266, #60, #1028, .T. ) ;
#195 = EDGE_CURVE ( 'NONE', #119, #60, #1021, .T. ) ;
#196 = EDGE_LOOP ( 'NONE', ( #48, #39, #42, #47 ) ) ;
#197 = EDGE_CURVE ( 'NONE', #244, #51, #1017, .T. ) ;
#198 = EDGE_CURVE ( 'NONE', #185, #186, #1013, .T. ) ;
#199 = ORIENTED_EDGE ( 'NONE', *, *, #200, .T. ) ;
#200 = EDGE_CURVE ( 'NONE', #185, #187, #1008, .T. ) ;
#201 = ORIENTED_EDGE ( 'NONE', *, *, #202, .F. ) ;
#202 = EDGE_CURVE ( 'NONE', #203, #187, #988, .T. ) ;
#203 = VERTEX_POINT ( 'NONE', #983 ) ;
#204 = ADVANCED_FACE ( 'NONE', ( #982 ), #937, .F. ) ;
#205 = ORIENTED_EDGE ( 'NONE', *, *, #24, .T. ) ;
#206 = MANIFOLD_SOLID_BREP ( 'NONE', #315 ) ;
#207 = ADVANCED_FACE ( 'NONE', ( #1036 ), #670, .T. ) ;
#208 = ORIENTED_EDGE ( 'NONE', *, *, #233, .F. ) ;
#209 = ADVANCED_FACE ( 'NONE', ( #1062 ), #1054, .T. ) ;
#210 = EDGE_LOOP ( 'NONE', ( #234, #235, #246, #135 ) ) ;
#211 = ADVANCED_FACE ( 'NONE', ( #1102 ), #1127, .T. ) ;
#212 = ORIENTED_EDGE ( 'NONE', *, *, #202, .T. ) ;
#213 = ORIENTED_EDGE ( 'NONE', *, *, #214, .T. ) ;
#214 = EDGE_CURVE ( 'NONE', #187, #239, #1223, .T. ) ;
#215 = EDGE_LOOP ( 'NONE', ( #216, #218 ) ) ;
#216 = ORIENTED_EDGE ( 'NONE', *, *, #217, .T. ) ;
#217 = EDGE_CURVE ( 'NONE', #186, #185, #1105, .T. ) ;
#218 = ORIENTED_EDGE ( 'NONE', *, *, #198, .T. ) ;
#219 = EDGE_LOOP ( 'NONE', ( #220, #208 ) ) ;
#220 = ORIENTED_EDGE ( 'NONE', *, *, #153, .F. ) ;
#221 = ADVANCED_FACE ( 'NONE', ( #1097 ), #1216, .F. ) ;
#222 = EDGE_LOOP ( 'NONE', ( #223, #128, #141, #144 ) ) ;
#223 = ORIENTED_EDGE ( 'NONE', *, *, #126, .F. ) ;
#224 = VERTEX_POINT ( 'NONE', #1212 ) ;
#225 = EDGE_CURVE ( 'NONE', #259, #150, #1211, .T. ) ;
#226 = ORIENTED_EDGE ( 'NONE', *, *, #121, .T. ) ;
#227 = ORIENTED_EDGE ( 'NONE', *, *, #228, .F. ) ;
#228 = EDGE_CURVE ( 'NONE', #203, #81, #1271, .T. ) ;
#229 = ADVANCED_FACE ( 'NONE', ( #1267, #1266 ), #1246, .T. ) ;
#230 = ORIENTED_EDGE ( 'NONE', *, *, #231, .F. ) ;
#231 = EDGE_CURVE ( 'NONE', #166, #167, #1240, .T. ) ;
#232 = ADVANCED_FACE ( 'NONE', ( #1235 ), #1185, .F. ) ;
#233 = EDGE_CURVE ( 'NONE', #152, #150, #1186, .T. ) ;
#234 = ORIENTED_EDGE ( 'NONE', *, *, #214, .F. ) ;
#235 = ORIENTED_EDGE ( 'NONE', *, *, #236, .T. ) ;
#236 = EDGE_CURVE ( 'NONE', #187, #203, #1162, .T. ) ;
#237 = EDGE_LOOP ( 'NONE', ( #245, #238, #61, #58 ) ) ;
#238 = ORIENTED_EDGE ( 'NONE', *, *, #195, .T. ) ;
#239 = VERTEX_POINT ( 'NONE', #1157 ) ;
#240 = ORIENTED_EDGE ( 'NONE', *, *, #20, .T. ) ;
#241 = CLOSED_SHELL ( 'NONE', ( #54, #107, #180, #193, #256, #37, #52, #16, #72, #69, #14, #204 ) ) ;
#242 = ORIENTED_EDGE ( 'NONE', *, *, #263, .T. ) ;
#243 = VERTEX_POINT ( 'NONE', #1156 ) ;
#244 = VERTEX_POINT ( 'NONE', #1154 ) ;
#245 = ORIENTED_EDGE ( 'NONE', *, *, #106, .F. ) ;
#246 = ORIENTED_EDGE ( 'NONE', *, *, #228, .T. ) ;
#247 = ORIENTED_EDGE ( 'NONE', *, *, #233, .T. ) ;
#248 = EDGE_LOOP ( 'NONE', ( #230, #133, #131, #148 ) ) ;
#249 = ORIENTED_EDGE ( 'NONE', *, *, #265, .T. ) ;
#250 = EDGE_LOOP ( 'NONE', ( #251, #252 ) ) ;
#251 = ORIENTED_EDGE ( 'NONE', *, *, #169, .F. ) ;
#252 = ORIENTED_EDGE ( 'NONE', *, *, #253, .F. ) ;
#253 = EDGE_CURVE ( 'NONE', #171, #170, #1152, .T. ) ;
#254 = ADVANCED_FACE ( 'NONE', ( #1153 ), #1085, .T. ) ;
#255 = EDGE_LOOP ( 'NONE', ( #96, #97, #311, #88 ) ) ;
#256 = ADVANCED_FACE ( 'NONE', ( #1081 ), #1249, .T. ) ;
#257 = EDGE_CURVE ( 'NONE', #258, #259, #1208, .T. ) ;
#258 = VERTEX_POINT ( 'NONE', #1204 ) ;
#259 = VERTEX_POINT ( 'NONE', #1203 ) ;
#260 = ORIENTED_EDGE ( 'NONE', *, *, #160, .T. ) ;
#261 = ORIENTED_EDGE ( 'NONE', *, *, #188, .F. ) ;
#262 = ORIENTED_EDGE ( 'NONE', *, *, #263, .F. ) ;
#263 = EDGE_CURVE ( 'NONE', #53, #244, #1202, .T. ) ;
#264 = ORIENTED_EDGE ( 'NONE', *, *, #265, .F. ) ;
#265 = EDGE_CURVE ( 'NONE', #243, #80, #1175, .T. ) ;
#266 = VERTEX_POINT ( 'NONE', #1170 ) ;
#267 = VERTEX_POINT ( 'NONE', #1169 ) ;
#268 = EDGE_LOOP ( 'NONE', ( #269, #105, #101, #261 ) ) ;
#269 = ORIENTED_EDGE ( 'NONE', *, *, #270, .F. ) ;
#270 = EDGE_CURVE ( 'NONE', #103, #104, #1126, .T. ) ;
#271 = ORIENTED_EDGE ( 'NONE', *, *, #272, .T. ) ;
#272 = EDGE_CURVE ( 'NONE', #124, #244, #1121, .T. ) ;
#273 = ORIENTED_EDGE ( 'NONE', *, *, #182, .T. ) ;
#274 = ORIENTED_EDGE ( 'NONE', *, *, #236, .F. ) ;
#275 = EDGE_LOOP ( 'NONE', ( #276, #449, #450, #314 ) ) ;
#276 = ORIENTED_EDGE ( 'NONE', *, *, #85, .F. ) ;
#277 = ORIENTED_EDGE ( 'NONE', *, *, #395, .T. ) ;
#278 = ORIENTED_EDGE ( 'NONE', *, *, #257, .T. ) ;
#279 = EDGE_LOOP ( 'NONE', ( #432, #455, #273, #274 ) ) ;
#280 = ORIENTED_EDGE ( 'NONE', *, *, #188, .T. ) ;
#281 =( NAMED_UNIT ( * ) PLANE_ANGLE_UNIT ( ) SI_UNIT ( $, .RADIAN. ) );
#282 =( LENGTH_UNIT ( ) NAMED_UNIT ( * ) SI_UNIT ( .MILLI., .METRE. ) );
#283 = MECHANICAL_DESIGN_GEOMETRIC_PRESENTATION_REPRESENTATION (  '', ( #285 ), #473 ) ;
#284 = PRESENTATION_LAYER_ASSIGNMENT (  '', '', ( #285 ) ) ;
#285 = STYLED_ITEM ( 'NONE', ( #286 ), #37 ) ;
#286 = PRESENTATION_STYLE_ASSIGNMENT (( #287 ) ) ;
#287 = SURFACE_STYLE_USAGE ( .BOTH. , #288 ) ;
#288 = SURFACE_SIDE_STYLE ('',( #289 ) ) ;
#289 = SURFACE_STYLE_FILL_AREA ( #290 ) ;
#290 = FILL_AREA_STYLE ('',( #297 ) ) ;
#291 = COLOUR_RGB ( '',0.7529411764705882200, 0.7529411764705882200, 0.7529411764705882200 ) ;
#292 = FACE_OUTER_BOUND ( 'NONE', #46, .T. ) ;
#293 = DIRECTION ( 'NONE',  ( 0.7071067811865436900, 0.7071067811865513500, 0.0000000000000000000 ) ) ;
#294 = VECTOR ( 'NONE', #293, 1000.000000000000000 ) ;
#295 = CARTESIAN_POINT ( 'NONE',  ( -15.83342006328601700, 4.758202867493585200, -2.102788366300956100 ) ) ;
#296 = LINE ( 'NONE', #295, #294 ) ;
#297 = FILL_AREA_STYLE_COLOUR ( '', #291 ) ;
#298 = CARTESIAN_POINT ( 'NONE',  ( -16.08742006328601400, 4.504202867493584800, -2.102788366300956100 ) ) ;
#299 = DIRECTION ( 'NONE',  ( 0.0000000000000000000, 1.000000000000000000, 0.0000000000000000000 ) ) ;
#300 = DIRECTION ( 'NONE',  ( 1.000000000000000000, 2.426456890233709200E-016, 0.0000000000000000000 ) ) ;
#301 = CARTESIAN_POINT ( 'NONE',  ( -16.08742006328601400, 1.583202867493581000, -2.102788366300956100 ) ) ;
#302 = AXIS2_PLACEMENT_3D ( 'NONE', #301, #300, #299 ) ;
#303 = CIRCLE ( 'NONE', #302, 2.921000000000003400 ) ;
#304 = DIRECTION ( 'NONE',  ( 0.0000000000000000000, 1.000000000000000000, 0.0000000000000000000 ) ) ;
#305 = DIRECTION ( 'NONE',  ( 1.000000000000000000, 2.426456890233709200E-016, 0.0000000000000000000 ) ) ;
#306 = CARTESIAN_POINT ( 'NONE',  ( -15.83342006328601700, 1.583202867493581000, -2.102788366300956100 ) ) ;
#307 = AXIS2_PLACEMENT_3D ( 'NONE', #306, #305, #304 ) ;
#308 = CIRCLE ( 'NONE', #307, 3.175000000000004300 ) ;
#309 = EDGE_LOOP ( 'NONE', ( #428, #468, #459, #460 ) ) ;
#310 = ADVANCED_FACE ( 'NONE', ( #1116 ), #1318, .T. ) ;
#311 = ORIENTED_EDGE ( 'NONE', *, *, #158, .T. ) ;
#312 = ADVANCED_FACE ( 'NONE', ( #1414 ), #1354, .F. ) ;
#313 = EDGE_LOOP ( 'NONE', ( #412, #394, #430, #350 ) ) ;
#314 = ORIENTED_EDGE ( 'NONE', *, *, #136, .F. ) ;
#315 = CLOSED_SHELL ( 'NONE', ( #207, #179, #161, #183, #232, #221, #146, #211, #229, #209, #137, #254, #90, #115, #441, #458, #451, #312, #310, #344, #469, #453 ) ) ;
#316 = MANIFOLD_SOLID_BREP ( 'NONE', #434 ) ;
#317 = ADVANCED_FACE ( 'NONE', ( #1462 ), #1444, .T. ) ;
#318 = UNCERTAINTY_MEASURE_WITH_UNIT (LENGTH_MEASURE( 1.000000000000000100E-005 ), #321, 'distance_accuracy_value', 'NONE');
#319 =( NAMED_UNIT ( * ) SI_UNIT ( $, .STERADIAN. ) SOLID_ANGLE_UNIT ( ) );
#320 =( NAMED_UNIT ( * ) PLANE_ANGLE_UNIT ( ) SI_UNIT ( $, .RADIAN. ) );
#321 =( LENGTH_UNIT ( ) NAMED_UNIT ( * ) SI_UNIT ( .MILLI., .METRE. ) );
#322 = MECHANICAL_DESIGN_GEOMETRIC_PRESENTATION_REPRESENTATION (  '', ( #324 ), #625 ) ;
#323 = PRESENTATION_LAYER_ASSIGNMENT (  '', '', ( #324 ) ) ;
#324 = STYLED_ITEM ( 'NONE', ( #325 ), #52 ) ;
#325 = PRESENTATION_STYLE_ASSIGNMENT (( #326 ) ) ;
#326 = SURFACE_STYLE_USAGE ( .BOTH. , #327 ) ;
#327 = SURFACE_SIDE_STYLE ('',( #328 ) ) ;
#328 = SURFACE_STYLE_FILL_AREA ( #329 ) ;
#329 = FILL_AREA_STYLE ('',( #338 ) ) ;
#330 = COLOUR_RGB ( '',0.7529411764705882200, 0.7529411764705882200, 0.7529411764705882200 ) ;
#331 = FACE_OUTER_BOUND ( 'NONE', #30, .T. ) ;
#332 = CARTESIAN_POINT ( 'NONE',  ( 19.98057993671398000, 3.970802867493591600, -2.102788366300956100 ) ) ;
#333 = DIRECTION ( 'NONE',  ( 0.0000000000000000000, 1.000000000000000000, 0.0000000000000000000 ) ) ;
#334 = DIRECTION ( 'NONE',  ( 1.000000000000000000, 2.426456890233709200E-016, 0.0000000000000000000 ) ) ;
#335 = CARTESIAN_POINT ( 'NONE',  ( -16.08742006328601400, 1.583202867493581000, -2.102788366300956100 ) ) ;
#336 = AXIS2_PLACEMENT_3D ( 'NONE', #335, #334, #333 ) ;
#337 = CIRCLE ( 'NONE', #336, 2.921000000000003400 ) ;
#338 = FILL_AREA_STYLE_COLOUR ( '', #330 ) ;
#339 = CARTESIAN_POINT ( 'NONE',  ( 19.98057993671398000, -0.8043971325064117600, -2.102788366300955700 ) ) ;
#340 = CARTESIAN_POINT ( 'NONE',  ( -16.08742006328601400, -1.337797132506422800, -2.102788366300955700 ) ) ;
#341 = ORIENTED_EDGE ( 'NONE', *, *, #445, .F. ) ;
#342 = CLOSED_SHELL ( 'NONE', ( #436, #456, #371, #446 ) ) ;
#343 = ORIENTED_EDGE ( 'NONE', *, *, #129, .F. ) ;
#344 = ADVANCED_FACE ( 'NONE', ( #1410 ), #1370, .T. ) ;
#345 = ORIENTED_EDGE ( 'NONE', *, *, #346, .T. ) ;
#346 = EDGE_CURVE ( 'NONE', #438, #347, #1360, .T. ) ;
#347 = VERTEX_POINT ( 'NONE', #1362 ) ;
#348 = ORIENTED_EDGE ( 'NONE', *, *, #349, .T. ) ;
#349 = EDGE_CURVE ( 'NONE', #347, #438, #1317, .T. ) ;
#350 = ORIENTED_EDGE ( 'NONE', *, *, #153, .T. ) ;
#351 = ORIENTED_EDGE ( 'NONE', *, *, #145, .T. ) ;
#352 = DIRECTION ( 'NONE',  ( 0.0000000000000000000, 1.000000000000000000, 0.0000000000000000000 ) ) ;
#353 = DIRECTION ( 'NONE',  ( 1.000000000000000000, 2.426456890233709200E-016, 0.0000000000000000000 ) ) ;
#354 = CARTESIAN_POINT ( 'NONE',  ( 19.98057993671398000, 1.583202867493589600, -2.102788366300956100 ) ) ;
#355 = AXIS2_PLACEMENT_3D ( 'NONE', #354, #353, #352 ) ;
#356 = CIRCLE ( 'NONE', #355, 2.387600000000001700 ) ;
#357 = DIRECTION ( 'NONE',  ( 0.0000000000000000000, 1.000000000000000000, 0.0000000000000000000 ) ) ;
#358 = DIRECTION ( 'NONE',  ( 1.000000000000000000, 2.426456890233709200E-016, 0.0000000000000000000 ) ) ;
#359 = AXIS2_PLACEMENT_3D ( 'NONE', #365, #358, #357 ) ;
#360 = CIRCLE ( 'NONE', #359, 2.387600000000001700 ) ;
#361 = DIRECTION ( 'NONE',  ( 0.0000000000000000000, 1.000000000000000000, 0.0000000000000000000 ) ) ;
#362 = DIRECTION ( 'NONE',  ( 1.000000000000000000, 2.426456890233709200E-016, 0.0000000000000000000 ) ) ;
#363 = AXIS2_PLACEMENT_3D ( 'NONE', #366, #362, #361 ) ;
#364 = CYLINDRICAL_SURFACE ( 'NONE', #363, 3.174999999999999800 ) ;
#365 = CARTESIAN_POINT ( 'NONE',  ( 18.65133389131304800, 1.583202867493589400, -2.102788366300956100 ) ) ;
#366 = CARTESIAN_POINT ( 'NONE',  ( 16.26373389131305200, 1.583202867493588700, -2.102788366300956100 ) ) ;
#367 =( GEOMETRIC_REPRESENTATION_CONTEXT ( 3 ) GLOBAL_UNCERTAINTY_ASSIGNED_CONTEXT ( ( #373 ) ) GLOBAL_UNIT_ASSIGNED_CONTEXT ( ( #376, #375, #374 ) ) REPRESENTATION_CONTEXT ( 'NONE', 'WORKASPACE' ) );
#368 = ORIENTED_EDGE ( 'NONE', *, *, #346, .F. ) ;
#369 = ORIENTED_EDGE ( 'NONE', *, *, #370, .T. ) ;
#370 = EDGE_CURVE ( 'NONE', #438, #347, #1311, .T. ) ;
#371 = ADVANCED_FACE ( 'NONE', ( #1306 ), #1441, .T. ) ;
#372 = EDGE_LOOP ( 'NONE', ( #467, #444 ) ) ;
#373 = UNCERTAINTY_MEASURE_WITH_UNIT (LENGTH_MEASURE( 1.000000000000000100E-005 ), #376, 'distance_accuracy_value', 'NONE');
#374 =( NAMED_UNIT ( * ) SI_UNIT ( $, .STERADIAN. ) SOLID_ANGLE_UNIT ( ) );
#375 =( NAMED_UNIT ( * ) PLANE_ANGLE_UNIT ( ) SI_UNIT ( $, .RADIAN. ) );
#376 =( LENGTH_UNIT ( ) NAMED_UNIT ( * ) SI_UNIT ( .MILLI., .METRE. ) );
#377 = MECHANICAL_DESIGN_GEOMETRIC_PRESENTATION_REPRESENTATION (  '', ( #379 ), #367 ) ;
#378 = PRESENTATION_LAYER_ASSIGNMENT (  '', '', ( #379 ) ) ;
#379 = STYLED_ITEM ( 'NONE', ( #380 ), #16 ) ;
#380 = PRESENTATION_STYLE_ASSIGNMENT (( #381 ) ) ;
#381 = SURFACE_STYLE_USAGE ( .BOTH. , #382 ) ;
#382 = SURFACE_SIDE_STYLE ('',( #383 ) ) ;
#383 = SURFACE_STYLE_FILL_AREA ( #390 ) ;
#384 = COLOUR_RGB ( '',0.7529411764705882200, 0.7529411764705882200, 0.7529411764705882200 ) ;
#385 = FACE_OUTER_BOUND ( 'NONE', #21, .T. ) ;
#386 = DIRECTION ( 'NONE',  ( 0.0000000000000000000, 1.000000000000000000, 0.0000000000000000000 ) ) ;
#387 = DIRECTION ( 'NONE',  ( 1.000000000000000000, 2.426456890233709200E-016, 0.0000000000000000000 ) ) ;
#388 = AXIS2_PLACEMENT_3D ( 'NONE', #392, #387, #386 ) ;
#389 = CYLINDRICAL_SURFACE ( 'NONE', #388, 2.387600000000001700 ) ;
#390 = FILL_AREA_STYLE ('',( #391 ) ) ;
#391 = FILL_AREA_STYLE_COLOUR ( '', #384 ) ;
#392 = CARTESIAN_POINT ( 'NONE',  ( 16.26373389131305200, 1.583202867493588700, -2.102788366300956100 ) ) ;
#393 =( GEOMETRIC_REPRESENTATION_CONTEXT ( 3 ) GLOBAL_UNCERTAINTY_ASSIGNED_CONTEXT ( ( #404 ) ) GLOBAL_UNIT_ASSIGNED_CONTEXT ( ( #407, #406, #405 ) ) REPRESENTATION_CONTEXT ( 'NONE', 'WORKASPACE' ) );
#394 = ORIENTED_EDGE ( 'NONE', *, *, #395, .F. ) ;
#395 = EDGE_CURVE ( 'NONE', #259, #258, #1437, .T. ) ;
#396 = DIRECTION ( 'NONE',  ( 1.000000000000000000, 2.426456890233709200E-016, 0.0000000000000000000 ) ) ;
#397 = VECTOR ( 'NONE', #396, 1000.000000000000000 ) ;
#398 = CARTESIAN_POINT ( 'NONE',  ( 16.26373389131305200, -0.8043971325064130900, -2.102788366300955700 ) ) ;
#399 = LINE ( 'NONE', #398, #397 ) ;
#400 = DIRECTION ( 'NONE',  ( 0.7071067811865441300, -0.7071067811865507900, 8.659560562354977200E-017 ) ) ;
#401 = VECTOR ( 'NONE', #400, 1000.000000000000000 ) ;
#402 = CARTESIAN_POINT ( 'NONE',  ( -15.83342006328601700, -1.591797132506422900, -2.102788366300955700 ) ) ;
#403 = LINE ( 'NONE', #402, #401 ) ;
#404 = UNCERTAINTY_MEASURE_WITH_UNIT (LENGTH_MEASURE( 1.000000000000000100E-005 ), #407, 'distance_accuracy_value', 'NONE');
#405 =( NAMED_UNIT ( * ) SI_UNIT ( $, .STERADIAN. ) SOLID_ANGLE_UNIT ( ) );
#406 =( NAMED_UNIT ( * ) PLANE_ANGLE_UNIT ( ) SI_UNIT ( $, .RADIAN. ) );
#407 =( LENGTH_UNIT ( ) NAMED_UNIT ( * ) SI_UNIT ( .MILLI., .METRE. ) );
#408 = MECHANICAL_DESIGN_GEOMETRIC_PRESENTATION_REPRESENTATION (  '', ( #414 ), #393 ) ;
#409 =( GEOMETRIC_REPRESENTATION_CONTEXT ( 3 ) GLOBAL_UNCERTAINTY_ASSIGNED_CONTEXT ( ( #410 ) ) GLOBAL_UNIT_ASSIGNED_CONTEXT ( ( #478, #477, #411 ) ) REPRESENTATION_CONTEXT ( 'NONE', 'WORKASPACE' ) );
#410 = UNCERTAINTY_MEASURE_WITH_UNIT (LENGTH_MEASURE( 1.000000000000000100E-005 ), #478, 'distance_accuracy_value', 'NONE');
#411 =( NAMED_UNIT ( * ) SI_UNIT ( $, .STERADIAN. ) SOLID_ANGLE_UNIT ( ) );
#412 = ORIENTED_EDGE ( 'NONE', *, *, #160, .F. ) ;
#413 = PRESENTATION_LAYER_ASSIGNMENT (  '', '', ( #414 ) ) ;
#414 = STYLED_ITEM ( 'NONE', ( #415 ), #14 ) ;
#415 = PRESENTATION_STYLE_ASSIGNMENT (( #416 ) ) ;
#416 = SURFACE_STYLE_USAGE ( .BOTH. , #417 ) ;
#417 = SURFACE_SIDE_STYLE ('',( #418 ) ) ;
#418 = SURFACE_STYLE_FILL_AREA ( #419 ) ;
#419 = FILL_AREA_STYLE ('',( #420 ) ) ;
#420 = FILL_AREA_STYLE_COLOUR ( '', #421 ) ;
#421 = COLOUR_RGB ( '',0.7529411764705882200, 0.7529411764705882200, 0.7529411764705882200 ) ;
#422 = FACE_OUTER_BOUND ( 'NONE', #13, .T. ) ;
#423 = ORIENTED_EDGE ( 'NONE', *, *, #118, .F. ) ;
#424 = ORIENTED_EDGE ( 'NONE', *, *, #425, .T. ) ;
#425 = EDGE_CURVE ( 'NONE', #464, #465, #1431, .T. ) ;
#426 = ADVANCED_FACE ( 'NONE', ( #1426 ), #1392, .T. ) ;
#427 = ORIENTED_EDGE ( 'NONE', *, *, #425, .F. ) ;
#428 = ORIENTED_EDGE ( 'NONE', *, *, #134, .F. ) ;
#429 = EDGE_LOOP ( 'NONE', ( #343, #423, #351, #439 ) ) ;
#430 = ORIENTED_EDGE ( 'NONE', *, *, #225, .T. ) ;
#431 = ORIENTED_EDGE ( 'NONE', *, *, #231, .T. ) ;
#432 = ORIENTED_EDGE ( 'NONE', *, *, #200, .F. ) ;
#433 = ORIENTED_EDGE ( 'NONE', *, *, #463, .T. ) ;
#434 = CLOSED_SHELL ( 'NONE', ( #317, #426 ) ) ;
#435 = MANIFOLD_SOLID_BREP ( 'NONE', #342 ) ;
#436 = ADVANCED_FACE ( 'NONE', ( #1333 ), #1285, .T. ) ;
#437 = EDGE_LOOP ( 'NONE', ( #345, #348 ) ) ;
#438 = VERTEX_POINT ( 'NONE', #1613 ) ;
#439 = ORIENTED_EDGE ( 'NONE', *, *, #113, .T. ) ;
#440 = EDGE_LOOP ( 'NONE', ( #442, #431 ) ) ;
#441 = ADVANCED_FACE ( 'NONE', ( #1612 ), #1502, .F. ) ;
#442 = ORIENTED_EDGE ( 'NONE', *, *, #443, .T. ) ;
#443 = EDGE_CURVE ( 'NONE', #167, #166, #1538, .T. ) ;
#444 = ORIENTED_EDGE ( 'NONE', *, *, #445, .T. ) ;
#445 = EDGE_CURVE ( 'NONE', #347, #438, #1533, .T. ) ;
#446 = ADVANCED_FACE ( 'NONE', ( #1497 ), #1588, .T. ) ;
#447 = EDGE_LOOP ( 'NONE', ( #448, #341 ) ) ;
#448 = ORIENTED_EDGE ( 'NONE', *, *, #370, .F. ) ;
#449 = ORIENTED_EDGE ( 'NONE', *, *, #140, .F. ) ;
#450 = ORIENTED_EDGE ( 'NONE', *, *, #178, .T. ) ;
#451 = ADVANCED_FACE ( 'NONE', ( #1584 ), #1552, .F. ) ;
#452 = ORIENTED_EDGE ( 'NONE', *, *, #89, .F. ) ;
#453 = ADVANCED_FACE ( 'NONE', ( #1548 ), #1483, .T. ) ;
#454 = ORIENTED_EDGE ( 'NONE', *, *, #93, .F. ) ;
#455 = ORIENTED_EDGE ( 'NONE', *, *, #217, .F. ) ;
#456 = ADVANCED_FACE ( 'NONE', ( #1479 ), #1571, .T. ) ;
#457 = EDGE_LOOP ( 'NONE', ( #368, #369 ) ) ;
#458 = ADVANCED_FACE ( 'NONE', ( #1567 ), #1529, .T. ) ;
#459 = ORIENTED_EDGE ( 'NONE', *, *, #149, .T. ) ;
#460 = ORIENTED_EDGE ( 'NONE', *, *, #111, .F. ) ;
#461 = EDGE_LOOP ( 'NONE', ( #462, #424 ) ) ;
#462 = ORIENTED_EDGE ( 'NONE', *, *, #463, .F. ) ;
#463 = EDGE_CURVE ( 'NONE', #464, #465, #1631, .T. ) ;
#464 = VERTEX_POINT ( 'NONE', #1626 ) ;
#465 = VERTEX_POINT ( 'NONE', #1625 ) ;
#466 = EDGE_LOOP ( 'NONE', ( #427, #433 ) ) ;
#467 = ORIENTED_EDGE ( 'NONE', *, *, #349, .F. ) ;
#468 = ORIENTED_EDGE ( 'NONE', *, *, #443, .F. ) ;
#469 = ADVANCED_FACE ( 'NONE', ( #1624 ), #1594, .T. ) ;
#470 = EDGE_LOOP ( 'NONE', ( #471, #454, #280, #452 ) ) ;
#471 = ORIENTED_EDGE ( 'NONE', *, *, #154, .F. ) ;
#472 = PLANE ( 'NONE',  #491 ) ;
#473 =( GEOMETRIC_REPRESENTATION_CONTEXT ( 3 ) GLOBAL_UNCERTAINTY_ASSIGNED_CONTEXT ( ( #474 ) ) GLOBAL_UNIT_ASSIGNED_CONTEXT ( ( #282, #281, #475 ) ) REPRESENTATION_CONTEXT ( 'NONE', 'WORKASPACE' ) );
#474 = UNCERTAINTY_MEASURE_WITH_UNIT (LENGTH_MEASURE( 1.000000000000000100E-005 ), #282, 'distance_accuracy_value', 'NONE');
#475 =( NAMED_UNIT ( * ) SI_UNIT ( $, .STERADIAN. ) SOLID_ANGLE_UNIT ( ) );
#476 = EDGE_LOOP ( 'NONE', ( #277, #278 ) ) ;
#477 =( NAMED_UNIT ( * ) PLANE_ANGLE_UNIT ( ) SI_UNIT ( $, .RADIAN. ) );
#478 =( LENGTH_UNIT ( ) NAMED_UNIT ( * ) SI_UNIT ( .MILLI., .METRE. ) );
#479 = MECHANICAL_DESIGN_GEOMETRIC_PRESENTATION_REPRESENTATION (  '', ( #481 ), #409 ) ;
#480 = PRESENTATION_LAYER_ASSIGNMENT (  '', '', ( #481 ) ) ;
#481 = STYLED_ITEM ( 'NONE', ( #482 ), #38 ) ;
#482 = PRESENTATION_STYLE_ASSIGNMENT (( #483 ) ) ;
#483 = SURFACE_STYLE_USAGE ( .BOTH. , #484 ) ;
#484 = SURFACE_SIDE_STYLE ('',( #485 ) ) ;
#485 = SURFACE_STYLE_FILL_AREA ( #486 ) ;
#486 = FILL_AREA_STYLE ('',( #492 ) ) ;
#487 = COLOUR_RGB ( '',0.7529411764705882200, 0.7529411764705882200, 0.7529411764705882200 ) ;
#488 = DIRECTION ( 'NONE',  ( 2.426456890233709200E-016, -1.000000000000000000, 0.0000000000000000000 ) ) ;
#489 = DIRECTION ( 'NONE',  ( -1.000000000000000000, -2.426456890233709200E-016, 0.0000000000000000000 ) ) ;
#490 = CARTESIAN_POINT ( 'NONE',  ( -16.08742006328601400, 1.583202867493581000, -2.102788366300956100 ) ) ;
#491 = AXIS2_PLACEMENT_3D ( 'NONE', #490, #489, #488 ) ;
#492 = FILL_AREA_STYLE_COLOUR ( '', #487 ) ;
#493 = CARTESIAN_POINT ( 'NONE',  ( -15.83342006328601700, 1.583202867493581000, -2.102788366300956100 ) ) ;
#494 = AXIS2_PLACEMENT_3D ( 'NONE', #493, #589, #588 ) ;
#495 = MECHANICAL_DESIGN_GEOMETRIC_PRESENTATION_REPRESENTATION (  '', ( #497 ), #586 ) ;
#496 = PRESENTATION_LAYER_ASSIGNMENT (  '', '', ( #497 ) ) ;
#497 = STYLED_ITEM ( 'NONE', ( #498 ), #107 ) ;
#498 = PRESENTATION_STYLE_ASSIGNMENT (( #499 ) ) ;
#499 = SURFACE_STYLE_USAGE ( .BOTH. , #500 ) ;
#500 = SURFACE_SIDE_STYLE ('',( #501 ) ) ;
#501 = SURFACE_STYLE_FILL_AREA ( #502 ) ;
#502 = FILL_AREA_STYLE ('',( #503 ) ) ;
#503 = FILL_AREA_STYLE_COLOUR ( '', #504 ) ;
#504 = COLOUR_RGB ( '',0.7529411764705882200, 0.7529411764705882200, 0.7529411764705882200 ) ;
#505 = DIRECTION ( 'NONE',  ( 0.0000000000000000000, 1.000000000000000000, 0.0000000000000000000 ) ) ;
#506 = DIRECTION ( 'NONE',  ( 1.000000000000000000, 2.426456890233709200E-016, 0.0000000000000000000 ) ) ;
#507 = CARTESIAN_POINT ( 'NONE',  ( 19.98057993671397600, 1.583202867493589600, -2.102788366300956100 ) ) ;
#508 = AXIS2_PLACEMENT_3D ( 'NONE', #507, #506, #505 ) ;
#509 = CIRCLE ( 'NONE', #508, 2.920999999999994900 ) ;
#510 = FACE_OUTER_BOUND ( 'NONE', #192, .T. ) ;
#511 = CARTESIAN_POINT ( 'NONE',  ( -3.387420063286013900, 2.086430662708001400, 3.462506395535445100 ) ) ;
#512 = CARTESIAN_POINT ( 'NONE',  ( -3.387420063286013900, 1.079975072279184500, -7.668083128137357800 ) ) ;
#513 = DIRECTION ( 'NONE',  ( 0.0000000000000000000, -0.09005508146285051700, -0.9959367862985679700 ) ) ;
#514 = DIRECTION ( 'NONE',  ( -1.000000000000000000, 1.334490415013590400E-016, 1.725633230170963300E-031 ) ) ;
#515 = CARTESIAN_POINT ( 'NONE',  ( -3.641420063286014800, 1.583202867493592700, -2.102788366300956100 ) ) ;
#516 = AXIS2_PLACEMENT_3D ( 'NONE', #515, #514, #513 ) ;
#517 = CIRCLE ( 'NONE', #516, 5.842000000000002300 ) ;
#518 = CARTESIAN_POINT ( 'NONE',  ( -3.641420063286014800, 2.109304653399566300, 3.715474339255278900 ) ) ;
#519 = DIRECTION ( 'NONE',  ( 0.0000000000000000000, -0.09005508146285046100, -0.9959367862985678600 ) ) ;
#520 = DIRECTION ( 'NONE',  ( 1.000000000000000000, -1.334490415013590400E-016, -1.725633230170963300E-031 ) ) ;
#521 = CARTESIAN_POINT ( 'NONE',  ( -3.387420063286013900, 1.583202867493592700, -2.102788366300956100 ) ) ;
#522 = AXIS2_PLACEMENT_3D ( 'NONE', #521, #520, #519 ) ;
#523 = CIRCLE ( 'NONE', #522, 5.588000000000005400 ) ;
#524 = DIRECTION ( 'NONE',  ( -1.201776430354439000E-017, -0.09005508146285048900, -0.9959367862985678600 ) ) ;
#525 = DIRECTION ( 'NONE',  ( 1.000000000000000000, -1.334490415013590400E-016, -1.879707625721942400E-031 ) ) ;
#526 = CARTESIAN_POINT ( 'NONE',  ( -3.387420063286013900, 1.057101081587619800, -7.921051071857192500 ) ) ;
#527 = AXIS2_PLACEMENT_3D ( 'NONE', #526, #525, #524 ) ;
#528 = PLANE ( 'NONE',  #527 ) ;
#529 =( GEOMETRIC_REPRESENTATION_CONTEXT ( 3 ) GLOBAL_UNCERTAINTY_ASSIGNED_CONTEXT ( ( #540 ) ) GLOBAL_UNIT_ASSIGNED_CONTEXT ( ( #543, #542, #541 ) ) REPRESENTATION_CONTEXT ( 'NONE', 'WORKASPACE' ) );
#530 =( LENGTH_UNIT ( ) NAMED_UNIT ( * ) SI_UNIT ( .MILLI., .METRE. ) );
#531 = MECHANICAL_DESIGN_GEOMETRIC_PRESENTATION_REPRESENTATION (  '', ( #654 ), #608 ) ;
#532 = FILL_AREA_STYLE_COLOUR ( '', #645 ) ;
#533 = FACE_OUTER_BOUND ( 'NONE', #73, .T. ) ;
#534 = DIRECTION ( 'NONE',  ( -2.426456890233709200E-016, 1.000000000000000000, 0.0000000000000000000 ) ) ;
#535 = DIRECTION ( 'NONE',  ( 1.000000000000000000, 2.426456890233709200E-016, 0.0000000000000000000 ) ) ;
#536 = CARTESIAN_POINT ( 'NONE',  ( 19.98057993671397600, 4.504202867493584800, -2.102788366300956100 ) ) ;
#537 = AXIS2_PLACEMENT_3D ( 'NONE', #536, #535, #534 ) ;
#538 = FILL_AREA_STYLE ('',( #532 ) ) ;
#539 = UNCERTAINTY_MEASURE_WITH_UNIT (LENGTH_MEASURE( 1.000000000000000100E-005 ), #530, 'distance_accuracy_value', 'NONE');
#540 = UNCERTAINTY_MEASURE_WITH_UNIT (LENGTH_MEASURE( 1.000000000000000100E-005 ), #543, 'distance_accuracy_value', 'NONE');
#541 =( NAMED_UNIT ( * ) SI_UNIT ( $, .STERADIAN. ) SOLID_ANGLE_UNIT ( ) );
#542 =( NAMED_UNIT ( * ) PLANE_ANGLE_UNIT ( ) SI_UNIT ( $, .RADIAN. ) );
#543 =( LENGTH_UNIT ( ) NAMED_UNIT ( * ) SI_UNIT ( .MILLI., .METRE. ) );
#544 = MECHANICAL_DESIGN_GEOMETRIC_PRESENTATION_REPRESENTATION (  '', ( #546 ), #529 ) ;
#545 = PRESENTATION_LAYER_ASSIGNMENT (  '', '', ( #546 ) ) ;
#546 = STYLED_ITEM ( 'NONE', ( #547 ), #90 ) ;
#547 = PRESENTATION_STYLE_ASSIGNMENT (( #548 ) ) ;
#548 = SURFACE_STYLE_USAGE ( .BOTH. , #549 ) ;
#549 = SURFACE_SIDE_STYLE ('',( #550 ) ) ;
#550 = SURFACE_STYLE_FILL_AREA ( #551 ) ;
#551 = FILL_AREA_STYLE ('',( #560 ) ) ;
#552 = COLOUR_RGB ( '',0.2509803921568627400, 0.2509803921568627400, 0.2509803921568627400 ) ;
#553 = FACE_BOUND ( 'NONE', #95, .T. ) ;
#554 = FACE_OUTER_BOUND ( 'NONE', #91, .T. ) ;
#555 = DIRECTION ( 'NONE',  ( 0.0000000000000000000, -0.09005508146285051700, -0.9959367862985679700 ) ) ;
#556 = DIRECTION ( 'NONE',  ( -1.000000000000000000, 1.334490415013590400E-016, 1.725633230170963300E-031 ) ) ;
#557 = CARTESIAN_POINT ( 'NONE',  ( -3.641420063286014800, 1.583202867493592700, -2.102788366300956100 ) ) ;
#558 = AXIS2_PLACEMENT_3D ( 'NONE', #557, #556, #555 ) ;
#559 = CIRCLE ( 'NONE', #558, 5.842000000000002300 ) ;
#560 = FILL_AREA_STYLE_COLOUR ( '', #552 ) ;
#561 = DIRECTION ( 'NONE',  ( -0.7071067811865486800, -0.06367855878268823000, -0.7042336552248535900 ) ) ;
#562 = VECTOR ( 'NONE', #561, 1000.000000000000100 ) ;
#563 = CARTESIAN_POINT ( 'NONE',  ( -9.737420063286014800, 1.045664086241840000, -8.047535043717104500 ) ) ;
#564 = LINE ( 'NONE', #563, #562 ) ;
#565 = CARTESIAN_POINT ( 'NONE',  ( -9.991420063286016200, 1.022790095550275300, -8.300502987436940900 ) ) ;
#566 = CARTESIAN_POINT ( 'NONE',  ( -9.737420063286014800, 2.120741648745347900, 3.841958311115192300 ) ) ;
#567 = CARTESIAN_POINT ( 'NONE',  ( 19.98057993671397600, -1.337797132506405500, -2.102788366300956100 ) ) ;
#568 = DIRECTION ( 'NONE',  ( 0.0000000000000000000, 1.000000000000000000, 0.0000000000000000000 ) ) ;
#569 = DIRECTION ( 'NONE',  ( 1.000000000000000000, 2.426456890233709200E-016, 0.0000000000000000000 ) ) ;
#570 = CARTESIAN_POINT ( 'NONE',  ( 19.98057993671397600, 1.583202867493589600, -2.102788366300956100 ) ) ;
#571 = AXIS2_PLACEMENT_3D ( 'NONE', #570, #569, #568 ) ;
#572 = CIRCLE ( 'NONE', #571, 2.920999999999994900 ) ;
#573 = DIRECTION ( 'NONE',  ( 0.0000000000000000000, 1.000000000000000000, 0.0000000000000000000 ) ) ;
#574 = MECHANICAL_DESIGN_GEOMETRIC_PRESENTATION_REPRESENTATION (  '', ( #576 ), #591 ) ;
#575 = PRESENTATION_LAYER_ASSIGNMENT (  '', '', ( #576 ) ) ;
#576 = STYLED_ITEM ( 'NONE', ( #615 ), #54 ) ;
#577 = DIRECTION ( 'NONE',  ( -1.000000000000000000, 1.334490415013590400E-016, 1.725633230170963300E-031 ) ) ;
#578 = CARTESIAN_POINT ( 'NONE',  ( -3.387420063286013900, 1.583202867493592700, -2.102788366300956100 ) ) ;
#579 = DIRECTION ( 'NONE',  ( 0.0000000000000000000, 1.000000000000000000, 0.0000000000000000000 ) ) ;
#580 = DIRECTION ( 'NONE',  ( 1.000000000000000000, 2.426456890233709200E-016, 0.0000000000000000000 ) ) ;
#581 = AXIS2_PLACEMENT_3D ( 'NONE', #585, #580, #579 ) ;
#582 = CYLINDRICAL_SURFACE ( 'NONE', #581, 2.387600000000001700 ) ;
#583 = AXIS2_PLACEMENT_3D ( 'NONE', #578, #577, #671 ) ;
#584 = CONICAL_SURFACE ( 'NONE', #583, 5.588000000000003600, 0.7853981633974431700 ) ;
#585 = CARTESIAN_POINT ( 'NONE',  ( 16.26373389131305200, 1.583202867493588700, -2.102788366300956100 ) ) ;
#586 =( GEOMETRIC_REPRESENTATION_CONTEXT ( 3 ) GLOBAL_UNCERTAINTY_ASSIGNED_CONTEXT ( ( #626 ) ) GLOBAL_UNIT_ASSIGNED_CONTEXT ( ( #629, #628, #627 ) ) REPRESENTATION_CONTEXT ( 'NONE', 'WORKASPACE' ) );
#587 = FACE_OUTER_BOUND ( 'NONE', #34, .T. ) ;
#588 = DIRECTION ( 'NONE',  ( 0.0000000000000000000, 1.000000000000000000, 0.0000000000000000000 ) ) ;
#589 = DIRECTION ( 'NONE',  ( 1.000000000000000000, 2.426456890233709200E-016, 0.0000000000000000000 ) ) ;
#590 = CARTESIAN_POINT ( 'NONE',  ( 1016.263733891313000, 1.583202867493831400, -2.102788366300956100 ) ) ;
#591 =( GEOMETRIC_REPRESENTATION_CONTEXT ( 3 ) GLOBAL_UNCERTAINTY_ASSIGNED_CONTEXT ( ( #621 ) ) GLOBAL_UNIT_ASSIGNED_CONTEXT ( ( #619, #620, #630 ) ) REPRESENTATION_CONTEXT ( 'NONE', 'WORKASPACE' ) );
#592 = COLOUR_RGB ( '',0.7529411764705882200, 0.7529411764705882200, 0.7529411764705882200 ) ;
#593 = FACE_BOUND ( 'NONE', #65, .T. ) ;
#594 = FACE_OUTER_BOUND ( 'NONE', #68, .T. ) ;
#595 = CARTESIAN_POINT ( 'NONE',  ( 18.54007435453108200, 4.758202867493585200, -2.102788366300956100 ) ) ;
#596 = VECTOR ( 'NONE', #622, 1000.000000000000000 ) ;
#597 = DIRECTION ( 'NONE',  ( 1.000000000000000000, 2.426456890233709200E-016, 0.0000000000000000000 ) ) ;
#598 = AXIS2_PLACEMENT_3D ( 'NONE', #604, #597, #573 ) ;
#599 = CIRCLE ( 'NONE', #598, 3.174999999999995400 ) ;
#600 = DIRECTION ( 'NONE',  ( 0.0000000000000000000, -1.000000000000000000, 0.0000000000000000000 ) ) ;
#601 = DIRECTION ( 'NONE',  ( -1.000000000000000000, -2.426456890233709200E-016, 0.0000000000000000000 ) ) ;
#602 = AXIS2_PLACEMENT_3D ( 'NONE', #605, #601, #600 ) ;
#603 = CONICAL_SURFACE ( 'NONE', #602, 2.920999999999995400, 0.1745329251994337000 ) ;
#604 = CARTESIAN_POINT ( 'NONE',  ( 18.54007435453108200, 1.583202867493589400, -2.102788366300956100 ) ) ;
#605 = CARTESIAN_POINT ( 'NONE',  ( 19.98057993671397600, 1.583202867493589600, -2.102788366300956100 ) ) ;
#606 =( GEOMETRIC_REPRESENTATION_CONTEXT ( 3 ) GLOBAL_UNCERTAINTY_ASSIGNED_CONTEXT ( ( #649 ) ) GLOBAL_UNIT_ASSIGNED_CONTEXT ( ( #652, #651, #650 ) ) REPRESENTATION_CONTEXT ( 'NONE', 'WORKASPACE' ) );
#607 = PLANE ( 'NONE',  #537 ) ;
#608 =( GEOMETRIC_REPRESENTATION_CONTEXT ( 3 ) GLOBAL_UNCERTAINTY_ASSIGNED_CONTEXT ( ( #539 ) ) GLOBAL_UNIT_ASSIGNED_CONTEXT ( ( #530, #648, #647 ) ) REPRESENTATION_CONTEXT ( 'NONE', 'WORKASPACE' ) );
#609 = CARTESIAN_POINT ( 'NONE',  ( 18.54007435453108200, -1.591797132506406000, -2.102788366300955700 ) ) ;
#610 = DIRECTION ( 'NONE',  ( 0.0000000000000000000, 1.000000000000000000, 0.0000000000000000000 ) ) ;
#611 = DIRECTION ( 'NONE',  ( 1.000000000000000000, 2.426456890233709200E-016, 0.0000000000000000000 ) ) ;
#612 = FILL_AREA_STYLE ('',( #613 ) ) ;
#613 = FILL_AREA_STYLE_COLOUR ( '', #614 ) ;
#614 = COLOUR_RGB ( '',0.7529411764705882200, 0.7529411764705882200, 0.7529411764705882200 ) ;
#615 = PRESENTATION_STYLE_ASSIGNMENT (( #616 ) ) ;
#616 = SURFACE_STYLE_USAGE ( .BOTH. , #617 ) ;
#617 = SURFACE_SIDE_STYLE ('',( #618 ) ) ;
#618 = SURFACE_STYLE_FILL_AREA ( #612 ) ;
#619 =( LENGTH_UNIT ( ) NAMED_UNIT ( * ) SI_UNIT ( .MILLI., .METRE. ) );
#620 =( NAMED_UNIT ( * ) PLANE_ANGLE_UNIT ( ) SI_UNIT ( $, .RADIAN. ) );
#621 = UNCERTAINTY_MEASURE_WITH_UNIT (LENGTH_MEASURE( 1.000000000000000100E-005 ), #619, 'distance_accuracy_value', 'NONE');
#622 = DIRECTION ( 'NONE',  ( -0.9848077530122079100, -0.1736481776669313300, 0.0000000000000000000 ) ) ;
#623 = CARTESIAN_POINT ( 'NONE',  ( 19.98057993671397600, -1.337797132506405500, -2.102788366300956100 ) ) ;
#624 = LINE ( 'NONE', #623, #596 ) ;
#625 =( GEOMETRIC_REPRESENTATION_CONTEXT ( 3 ) GLOBAL_UNCERTAINTY_ASSIGNED_CONTEXT ( ( #318 ) ) GLOBAL_UNIT_ASSIGNED_CONTEXT ( ( #321, #320, #319 ) ) REPRESENTATION_CONTEXT ( 'NONE', 'WORKASPACE' ) );
#626 = UNCERTAINTY_MEASURE_WITH_UNIT (LENGTH_MEASURE( 1.000000000000000100E-005 ), #629, 'distance_accuracy_value', 'NONE');
#627 =( NAMED_UNIT ( * ) SI_UNIT ( $, .STERADIAN. ) SOLID_ANGLE_UNIT ( ) );
#628 =( NAMED_UNIT ( * ) PLANE_ANGLE_UNIT ( ) SI_UNIT ( $, .RADIAN. ) );
#629 =( LENGTH_UNIT ( ) NAMED_UNIT ( * ) SI_UNIT ( .MILLI., .METRE. ) );
#630 =( NAMED_UNIT ( * ) SI_UNIT ( $, .STERADIAN. ) SOLID_ANGLE_UNIT ( ) );
#631 = CARTESIAN_POINT ( 'NONE',  ( 16.26373389131305200, 1.583202867493588700, -2.102788366300956100 ) ) ;
#632 = AXIS2_PLACEMENT_3D ( 'NONE', #661, #611, #610 ) ;
#633 = CIRCLE ( 'NONE', #632, 3.174999999999995400 ) ;
#634 = DIRECTION ( 'NONE',  ( -2.220446049250303200E-016, 1.000000000000000000, 0.0000000000000000000 ) ) ;
#635 = DIRECTION ( 'NONE',  ( 1.000000000000000000, 2.426456890233709200E-016, 0.0000000000000000000 ) ) ;
#636 = AXIS2_PLACEMENT_3D ( 'NONE', #590, #635, #634 ) ;
#637 = CONICAL_SURFACE ( 'NONE', #636, 1000.000000000004400, 0.7853981633974505000 ) ;
#638 = MECHANICAL_DESIGN_GEOMETRIC_PRESENTATION_REPRESENTATION (  '', ( #640 ), #606 ) ;
#639 = PRESENTATION_LAYER_ASSIGNMENT (  '', '', ( #640 ) ) ;
#640 = STYLED_ITEM ( 'NONE', ( #641 ), #72 ) ;
#641 = PRESENTATION_STYLE_ASSIGNMENT (( #642 ) ) ;
#642 = SURFACE_STYLE_USAGE ( .BOTH. , #643 ) ;
#643 = SURFACE_SIDE_STYLE ('',( #644 ) ) ;
#644 = SURFACE_STYLE_FILL_AREA ( #538 ) ;
#645 = COLOUR_RGB ( '',0.7529411764705882200, 0.7529411764705882200, 0.7529411764705882200 ) ;
#646 = CONICAL_SURFACE ( 'NONE', #494, 3.175000000000004300, 0.7853981633974533900 ) ;
#647 =( NAMED_UNIT ( * ) SI_UNIT ( $, .STERADIAN. ) SOLID_ANGLE_UNIT ( ) );
#648 =( NAMED_UNIT ( * ) PLANE_ANGLE_UNIT ( ) SI_UNIT ( $, .RADIAN. ) );
#649 = UNCERTAINTY_MEASURE_WITH_UNIT (LENGTH_MEASURE( 1.000000000000000100E-005 ), #652, 'distance_accuracy_value', 'NONE');
#650 =( NAMED_UNIT ( * ) SI_UNIT ( $, .STERADIAN. ) SOLID_ANGLE_UNIT ( ) );
#651 =( NAMED_UNIT ( * ) PLANE_ANGLE_UNIT ( ) SI_UNIT ( $, .RADIAN. ) );
#652 =( LENGTH_UNIT ( ) NAMED_UNIT ( * ) SI_UNIT ( .MILLI., .METRE. ) );
#653 = PRESENTATION_LAYER_ASSIGNMENT (  '', '', ( #654 ) ) ;
#654 = STYLED_ITEM ( 'NONE', ( #655 ), #69 ) ;
#655 = PRESENTATION_STYLE_ASSIGNMENT (( #656 ) ) ;
#656 = SURFACE_STYLE_USAGE ( .BOTH. , #657 ) ;
#657 = SURFACE_SIDE_STYLE ('',( #658 ) ) ;
#658 = SURFACE_STYLE_FILL_AREA ( #659 ) ;
#659 = FILL_AREA_STYLE ('',( #660 ) ) ;
#660 = FILL_AREA_STYLE_COLOUR ( '', #592 ) ;
#661 = CARTESIAN_POINT ( 'NONE',  ( 18.54007435453108200, 1.583202867493589400, -2.102788366300956100 ) ) ;
#662 = FILL_AREA_STYLE ('',( #663 ) ) ;
#663 = FILL_AREA_STYLE_COLOUR ( '', #664 ) ;
#664 = COLOUR_RGB ( '',0.2509803921568627400, 0.2509803921568627400, 0.2509803921568627400 ) ;
#665 = FACE_BOUND ( 'NONE', #108, .T. ) ;
#666 = DIRECTION ( 'NONE',  ( 0.0000000000000000000, -0.09005508146285048900, -0.9959367862985679700 ) ) ;
#667 = DIRECTION ( 'NONE',  ( 1.000000000000000000, -1.334490415013590400E-016, -1.725633230170963300E-031 ) ) ;
#668 = AXIS2_PLACEMENT_3D ( 'NONE', #687, #667, #666 ) ;
#669 = AXIS2_PLACEMENT_3D ( 'NONE', #890, #1056, #1060 ) ;
#670 = CONICAL_SURFACE ( 'NONE', #669, 5.968999999999995900, 0.7853981633974466100 ) ;
#671 = DIRECTION ( 'NONE',  ( 0.0000000000000000000, 0.09005508146285048900, 0.9959367862985679700 ) ) ;
#672 =( GEOMETRIC_REPRESENTATION_CONTEXT ( 3 ) GLOBAL_UNCERTAINTY_ASSIGNED_CONTEXT ( ( #673 ) ) GLOBAL_UNIT_ASSIGNED_CONTEXT ( ( #676, #675, #674 ) ) REPRESENTATION_CONTEXT ( 'NONE', 'WORKASPACE' ) );
#673 = UNCERTAINTY_MEASURE_WITH_UNIT (LENGTH_MEASURE( 1.000000000000000100E-005 ), #676, 'distance_accuracy_value', 'NONE');
#674 =( NAMED_UNIT ( * ) SI_UNIT ( $, .STERADIAN. ) SOLID_ANGLE_UNIT ( ) );
#675 =( NAMED_UNIT ( * ) PLANE_ANGLE_UNIT ( ) SI_UNIT ( $, .RADIAN. ) );
#676 =( LENGTH_UNIT ( ) NAMED_UNIT ( * ) SI_UNIT ( .MILLI., .METRE. ) );
#677 = MECHANICAL_DESIGN_GEOMETRIC_PRESENTATION_REPRESENTATION (  '', ( #679 ), #672 ) ;
#678 = PRESENTATION_LAYER_ASSIGNMENT (  '', '', ( #679 ) ) ;
#679 = STYLED_ITEM ( 'NONE', ( #680 ), #179 ) ;
#680 = PRESENTATION_STYLE_ASSIGNMENT (( #681 ) ) ;
#681 = SURFACE_STYLE_USAGE ( .BOTH. , #682 ) ;
#682 = SURFACE_SIDE_STYLE ('',( #745 ) ) ;
#683 = DIRECTION ( 'NONE',  ( 0.0000000000000000000, -0.09005508146285046100, -0.9959367862985678600 ) ) ;
#684 = DIRECTION ( 'NONE',  ( -1.000000000000000000, 1.334490415013590400E-016, 1.725633230170963300E-031 ) ) ;
#685 = CARTESIAN_POINT ( 'NONE',  ( -9.483420063286015300, 1.583202867493593600, -2.102788366300956100 ) ) ;
#686 = AXIS2_PLACEMENT_3D ( 'NONE', #685, #684, #683 ) ;
#687 = CARTESIAN_POINT ( 'NONE',  ( -3.387420063286013900, 1.583202867493592700, -2.102788366300956100 ) ) ;
#688 = CIRCLE ( 'NONE', #668, 3.149600000000000000 ) ;
#689 = FACE_OUTER_BOUND ( 'NONE', #116, .T. ) ;
#690 = LINE ( 'NONE', #884, #883 ) ;
#691 = DIRECTION ( 'NONE',  ( 0.0000000000000000000, 0.09005508146285047500, 0.9959367862985680800 ) ) ;
#692 = DIRECTION ( 'NONE',  ( -1.000000000000000000, 1.334490415013590400E-016, 1.725633230170963300E-031 ) ) ;
#693 = CARTESIAN_POINT ( 'NONE',  ( -22.43742006328601600, 1.217219016428571000, -6.150275465818336500 ) ) ;
#694 = AXIS2_PLACEMENT_3D ( 'NONE', #693, #692, #691 ) ;
#695 = CIRCLE ( 'NONE', #694, 1.142999999999999800 ) ;
#696 = CARTESIAN_POINT ( 'NONE',  ( -22.43742006328601600, 1.114286058316533000, -7.288631212557599600 ) ) ;
#697 = DIRECTION ( 'NONE',  ( 0.0000000000000000000, -0.09005508146285046100, -0.9959367862985678600 ) ) ;
#698 = DIRECTION ( 'NONE',  ( -1.000000000000000000, 1.334490415013590400E-016, 1.725633230170963300E-031 ) ) ;
#699 = CARTESIAN_POINT ( 'NONE',  ( -9.483420063286015300, 1.583202867493593600, -2.102788366300956100 ) ) ;
#700 = AXIS2_PLACEMENT_3D ( 'NONE', #699, #698, #697 ) ;
#701 = CIRCLE ( 'NONE', #700, 2.971800000000000900 ) ;
#702 = CARTESIAN_POINT ( 'NONE',  ( -22.43742006328601600, 1.320151974540609200, -5.011919719079073400 ) ) ;
#703 = DIRECTION ( 'NONE',  ( 1.000000000000000000, -1.334490415013590400E-016, -1.725633230170963300E-031 ) ) ;
#704 = VECTOR ( 'NONE', #703, 1000.000000000000000 ) ;
#705 = CARTESIAN_POINT ( 'NONE',  ( -16.08742006328601400, 1.315577176402295400, -5.062513307823040900 ) ) ;
#706 = DIRECTION ( 'NONE',  ( 0.0000000000000000000, -0.09005508146285051700, -0.9959367862985679700 ) ) ;
#707 = DIRECTION ( 'NONE',  ( 1.000000000000000000, -1.334490415013590400E-016, -1.725633230170963300E-031 ) ) ;
#708 = AXIS2_PLACEMENT_3D ( 'NONE', #711, #707, #706 ) ;
#709 = CYLINDRICAL_SURFACE ( 'NONE', #708, 5.842000000000002300 ) ;
#710 = LINE ( 'NONE', #705, #704 ) ;
#711 = CARTESIAN_POINT ( 'NONE',  ( -3.387420063286013900, 1.583202867493592700, -2.102788366300956100 ) ) ;
#712 =( GEOMETRIC_REPRESENTATION_CONTEXT ( 3 ) GLOBAL_UNCERTAINTY_ASSIGNED_CONTEXT ( ( #716 ) ) GLOBAL_UNIT_ASSIGNED_CONTEXT ( ( #719, #718, #717 ) ) REPRESENTATION_CONTEXT ( 'NONE', 'WORKASPACE' ) );
#713 = CIRCLE ( 'NONE', #686, 2.971800000000000900 ) ;
#714 =( LENGTH_UNIT ( ) NAMED_UNIT ( * ) SI_UNIT ( .MILLI., .METRE. ) );
#715 = MECHANICAL_DESIGN_GEOMETRIC_PRESENTATION_REPRESENTATION (  '', ( #737 ), #793 ) ;
#716 = UNCERTAINTY_MEASURE_WITH_UNIT (LENGTH_MEASURE( 1.000000000000000100E-005 ), #719, 'distance_accuracy_value', 'NONE');
#717 =( NAMED_UNIT ( * ) SI_UNIT ( $, .STERADIAN. ) SOLID_ANGLE_UNIT ( ) );
#718 =( NAMED_UNIT ( * ) PLANE_ANGLE_UNIT ( ) SI_UNIT ( $, .RADIAN. ) );
#719 =( LENGTH_UNIT ( ) NAMED_UNIT ( * ) SI_UNIT ( .MILLI., .METRE. ) );
#720 = MECHANICAL_DESIGN_GEOMETRIC_PRESENTATION_REPRESENTATION (  '', ( #722 ), #712 ) ;
#721 = PRESENTATION_LAYER_ASSIGNMENT (  '', '', ( #722 ) ) ;
#722 = STYLED_ITEM ( 'NONE', ( #723 ), #146 ) ;
#723 = PRESENTATION_STYLE_ASSIGNMENT (( #724 ) ) ;
#724 = SURFACE_STYLE_USAGE ( .BOTH. , #725 ) ;
#725 = SURFACE_SIDE_STYLE ('',( #726 ) ) ;
#726 = SURFACE_STYLE_FILL_AREA ( #727 ) ;
#727 = FILL_AREA_STYLE ('',( #772 ) ) ;
#728 = COLOUR_RGB ( '',0.2509803921568627400, 0.2509803921568627400, 0.2509803921568627400 ) ;
#729 = FACE_OUTER_BOUND ( 'NONE', #147, .T. ) ;
#730 = CARTESIAN_POINT ( 'NONE',  ( 19.98057993671397600, 4.504202867493584800, -2.102788366300955700 ) ) ;
#731 = DIRECTION ( 'NONE',  ( 0.0000000000000000000, -0.09005508146285048900, -0.9959367862985679700 ) ) ;
#732 = DIRECTION ( 'NONE',  ( 1.000000000000000000, -1.334490415013590400E-016, -1.725633230170963300E-031 ) ) ;
#733 = CARTESIAN_POINT ( 'NONE',  ( -9.483420063286015300, 1.583202867493593600, -2.102788366300956100 ) ) ;
#734 = AXIS2_PLACEMENT_3D ( 'NONE', #733, #732, #731 ) ;
#735 = CIRCLE ( 'NONE', #734, 3.149600000000000000 ) ;
#736 = PRESENTATION_LAYER_ASSIGNMENT (  '', '', ( #737 ) ) ;
#737 = STYLED_ITEM ( 'NONE', ( #738 ), #115 ) ;
#738 = PRESENTATION_STYLE_ASSIGNMENT (( #739 ) ) ;
#739 = SURFACE_STYLE_USAGE ( .BOTH. , #740 ) ;
#740 = SURFACE_SIDE_STYLE ('',( #741 ) ) ;
#741 = SURFACE_STYLE_FILL_AREA ( #662 ) ;
#742 = UNCERTAINTY_MEASURE_WITH_UNIT (LENGTH_MEASURE( 1.000000000000000100E-005 ), #714, 'distance_accuracy_value', 'NONE');
#743 =( NAMED_UNIT ( * ) SI_UNIT ( $, .STERADIAN. ) SOLID_ANGLE_UNIT ( ) );
#744 =( NAMED_UNIT ( * ) PLANE_ANGLE_UNIT ( ) SI_UNIT ( $, .RADIAN. ) );
#745 = SURFACE_STYLE_FILL_AREA ( #746 ) ;
#746 = FILL_AREA_STYLE ('',( #752 ) ) ;
#747 = COLOUR_RGB ( '',0.2509803921568627400, 0.2509803921568627400, 0.2509803921568627400 ) ;
#748 = FACE_OUTER_BOUND ( 'NONE', #268, .T. ) ;
#749 = DIRECTION ( 'NONE',  ( -0.7071067811865486800, 0.06367855878268850700, 0.7042336552248535900 ) ) ;
#750 = VECTOR ( 'NONE', #749, 1000.000000000000100 ) ;
#751 = CARTESIAN_POINT ( 'NONE',  ( -9.737420063286014800, 2.120741648745347900, 3.841958311115192300 ) ) ;
#752 = FILL_AREA_STYLE_COLOUR ( '', #747 ) ;
#753 = LINE ( 'NONE', #751, #750 ) ;
#754 = DIRECTION ( 'NONE',  ( 1.000000000000000000, 2.426456890233709200E-016, 0.0000000000000000000 ) ) ;
#755 = VECTOR ( 'NONE', #754, 1000.000000000000000 ) ;
#756 = CARTESIAN_POINT ( 'NONE',  ( 16.26373389131305200, -1.591797132506411100, -2.102788366300955700 ) ) ;
#757 = DIRECTION ( 'NONE',  ( -1.201776430354439000E-017, -0.09005508146285048900, -0.9959367862985678600 ) ) ;
#758 = DIRECTION ( 'NONE',  ( 1.000000000000000000, -1.334490415013590400E-016, -1.879707625721942400E-031 ) ) ;
#759 = CARTESIAN_POINT ( 'NONE',  ( -9.483420063286015300, 1.583202867493593600, -2.102788366300956100 ) ) ;
#760 = AXIS2_PLACEMENT_3D ( 'NONE', #759, #758, #757 ) ;
#761 = PLANE ( 'NONE',  #760 ) ;
#762 = DIRECTION ( 'NONE',  ( 0.0000000000000000000, -0.09005508146285047500, -0.9959367862985679700 ) ) ;
#763 = DIRECTION ( 'NONE',  ( -1.000000000000000000, 1.334490415013591200E-016, 9.367723249499515200E-031 ) ) ;
#764 = CARTESIAN_POINT ( 'NONE',  ( -9.991420063286016200, 1.583202867493593600, -2.102788366300956100 ) ) ;
#765 = AXIS2_PLACEMENT_3D ( 'NONE', #764, #763, #762 ) ;
#766 = CIRCLE ( 'NONE', #765, 6.222999999999996300 ) ;
#767 = LINE ( 'NONE', #855, #854 ) ;
#768 = DIRECTION ( 'NONE',  ( 1.000000000000000000, -1.334490415013590400E-016, -1.479114197289397600E-031 ) ) ;
#769 = VECTOR ( 'NONE', #768, 1000.000000000000000 ) ;
#770 = CARTESIAN_POINT ( 'NONE',  ( -9.483420063286015300, 1.299565382918199700, -5.239590868426925700 ) ) ;
#771 = LINE ( 'NONE', #770, #769 ) ;
#772 = FILL_AREA_STYLE_COLOUR ( '', #728 ) ;
#773 = CARTESIAN_POINT ( 'NONE',  ( -3.387420063286013900, 1.299565382918198800, -5.239590868426925700 ) ) ;
#774 = DIRECTION ( 'NONE',  ( 0.0000000000000000000, -0.09005508146285048900, -0.9959367862985679700 ) ) ;
#775 = DIRECTION ( 'NONE',  ( 1.000000000000000000, -1.334490415013590400E-016, -1.725633230170963300E-031 ) ) ;
#776 = CARTESIAN_POINT ( 'NONE',  ( -3.387420063286013900, 1.583202867493592700, -2.102788366300956100 ) ) ;
#777 = AXIS2_PLACEMENT_3D ( 'NONE', #776, #775, #774 ) ;
#778 = CIRCLE ( 'NONE', #777, 3.149600000000000000 ) ;
#779 = DIRECTION ( 'NONE',  ( 0.0000000000000000000, -0.09005508146285053100, -0.9959367862985679700 ) ) ;
#780 = DIRECTION ( 'NONE',  ( 1.000000000000000000, -1.334490415013590400E-016, -1.725633230170963300E-031 ) ) ;
#781 = CARTESIAN_POINT ( 'NONE',  ( -9.737420063286014800, 1.583202867493593600, -2.102788366300956100 ) ) ;
#782 = AXIS2_PLACEMENT_3D ( 'NONE', #781, #780, #779 ) ;
#783 = CIRCLE ( 'NONE', #782, 5.968999999999995900 ) ;
#784 = DIRECTION ( 'NONE',  ( -1.201776430354439000E-017, -0.09005508146285048900, -0.9959367862985678600 ) ) ;
#785 = DIRECTION ( 'NONE',  ( 1.000000000000000000, -1.334490415013590400E-016, -1.879707625721942400E-031 ) ) ;
#786 = CARTESIAN_POINT ( 'NONE',  ( -9.737420063286016600, 1.022790095550275300, -8.300502987436940900 ) ) ;
#787 = AXIS2_PLACEMENT_3D ( 'NONE', #786, #785, #784 ) ;
#788 = PLANE ( 'NONE',  #787 ) ;
#789 =( GEOMETRIC_REPRESENTATION_CONTEXT ( 3 ) GLOBAL_UNCERTAINTY_ASSIGNED_CONTEXT ( ( #790 ) ) GLOBAL_UNIT_ASSIGNED_CONTEXT ( ( #794, #792, #791 ) ) REPRESENTATION_CONTEXT ( 'NONE', 'WORKASPACE' ) );
#790 = UNCERTAINTY_MEASURE_WITH_UNIT (LENGTH_MEASURE( 1.000000000000000100E-005 ), #794, 'distance_accuracy_value', 'NONE');
#791 =( NAMED_UNIT ( * ) SI_UNIT ( $, .STERADIAN. ) SOLID_ANGLE_UNIT ( ) );
#792 =( NAMED_UNIT ( * ) PLANE_ANGLE_UNIT ( ) SI_UNIT ( $, .RADIAN. ) );
#793 =( GEOMETRIC_REPRESENTATION_CONTEXT ( 3 ) GLOBAL_UNCERTAINTY_ASSIGNED_CONTEXT ( ( #742 ) ) GLOBAL_UNIT_ASSIGNED_CONTEXT ( ( #714, #744, #743 ) ) REPRESENTATION_CONTEXT ( 'NONE', 'WORKASPACE' ) );
#794 =( LENGTH_UNIT ( ) NAMED_UNIT ( * ) SI_UNIT ( .MILLI., .METRE. ) );
#795 = MECHANICAL_DESIGN_GEOMETRIC_PRESENTATION_REPRESENTATION (  '', ( #797 ), #789 ) ;
#796 = PRESENTATION_LAYER_ASSIGNMENT (  '', '', ( #797 ) ) ;
#797 = STYLED_ITEM ( 'NONE', ( #798 ), #137 ) ;
#798 = PRESENTATION_STYLE_ASSIGNMENT (( #799 ) ) ;
#799 = SURFACE_STYLE_USAGE ( .BOTH. , #800 ) ;
#800 = SURFACE_SIDE_STYLE ('',( #801 ) ) ;
#801 = SURFACE_STYLE_FILL_AREA ( #802 ) ;
#802 = FILL_AREA_STYLE ('',( #811 ) ) ;
#803 = COLOUR_RGB ( '',0.2509803921568627400, 0.2509803921568627400, 0.2509803921568627400 ) ;
#804 = FACE_BOUND ( 'NONE', #250, .T. ) ;
#805 = FACE_OUTER_BOUND ( 'NONE', #138, .T. ) ;
#806 = DIRECTION ( 'NONE',  ( 0.0000000000000000000, -0.09005508146285047500, -0.9959367862985679700 ) ) ;
#807 = DIRECTION ( 'NONE',  ( -1.000000000000000000, 1.334490415013591200E-016, 9.367723249499515200E-031 ) ) ;
#808 = CARTESIAN_POINT ( 'NONE',  ( -9.991420063286016200, 1.583202867493593600, -2.102788366300956100 ) ) ;
#809 = AXIS2_PLACEMENT_3D ( 'NONE', #808, #807, #806 ) ;
#810 = CIRCLE ( 'NONE', #809, 6.222999999999996300 ) ;
#811 = FILL_AREA_STYLE_COLOUR ( '', #803 ) ;
#812 = DIRECTION ( 'NONE',  ( 1.000000000000000000, -1.334490415013590400E-016, -1.725633230170963300E-031 ) ) ;
#813 = VECTOR ( 'NONE', #812, 1000.000000000000000 ) ;
#814 = CARTESIAN_POINT ( 'NONE',  ( -16.08742006328601400, 1.850828558584894000, 0.8569365752211280900 ) ) ;
#815 = LINE ( 'NONE', #814, #813 ) ;
#816 = CARTESIAN_POINT ( 'NONE',  ( -9.483420063286015300, 1.315577176402294500, -5.062513307823040900 ) ) ;
#817 = CARTESIAN_POINT ( 'NONE',  ( -3.387420063286013900, 1.866840352068987600, 1.034014135825013000 ) ) ;
#818 = DIRECTION ( 'NONE',  ( 1.000000000000000000, -1.334490415013590400E-016, -1.479114197289397600E-031 ) ) ;
#819 = VECTOR ( 'NONE', #818, 1000.000000000000000 ) ;
#820 = CARTESIAN_POINT ( 'NONE',  ( -9.483420063286015300, 1.866840352068988000, 1.034014135825013200 ) ) ;
#821 = LINE ( 'NONE', #820, #819 ) ;
#822 = CARTESIAN_POINT ( 'NONE',  ( -9.483420063286015300, 1.299565382918199700, -5.239590868426925700 ) ) ;
#823 = DIRECTION ( 'NONE',  ( 0.0000000000000000000, -0.09005508146285048900, -0.9959367862985679700 ) ) ;
#824 = DIRECTION ( 'NONE',  ( 1.000000000000000000, -1.334490415013590400E-016, -1.725633230170963300E-031 ) ) ;
#825 = CARTESIAN_POINT ( 'NONE',  ( -9.483420063286015300, 1.583202867493593600, -2.102788366300956100 ) ) ;
#826 = AXIS2_PLACEMENT_3D ( 'NONE', #825, #824, #823 ) ;
#827 = LINE ( 'NONE', #756, #755 ) ;
#828 = DIRECTION ( 'NONE',  ( 1.000000000000000000, -1.334490415013590400E-016, -1.725633230170963300E-031 ) ) ;
#829 = VECTOR ( 'NONE', #828, 1000.000000000000000 ) ;
#830 = CARTESIAN_POINT ( 'NONE',  ( -3.387420063286013900, 2.109304653399565900, 3.715474339255279800 ) ) ;
#831 = LINE ( 'NONE', #830, #829 ) ;
#832 = CARTESIAN_POINT ( 'NONE',  ( -9.737420063286014800, 2.109304653399566300, 3.715474339255278000 ) ) ;
#833 = CARTESIAN_POINT ( 'NONE',  ( -9.737420063286014800, 1.057101081587620900, -7.921051071857192500 ) ) ;
#834 = DIRECTION ( 'NONE',  ( 0.0000000000000000000, -0.09005508146285047500, -0.9959367862985679700 ) ) ;
#835 = DIRECTION ( 'NONE',  ( 1.000000000000000000, -1.334490415013590400E-016, -1.725633230170963300E-031 ) ) ;
#836 = CARTESIAN_POINT ( 'NONE',  ( -9.737420063286014800, 1.583202867493593600, -2.102788366300956100 ) ) ;
#837 = AXIS2_PLACEMENT_3D ( 'NONE', #836, #835, #834 ) ;
#838 = CIRCLE ( 'NONE', #837, 5.842000000000002300 ) ;
#839 = CARTESIAN_POINT ( 'NONE',  ( -16.08742006328601400, 1.315577176402295400, -5.062513307823040900 ) ) ;
#840 = CARTESIAN_POINT ( 'NONE',  ( -16.08742006328601400, 1.850828558584893600, 0.8569365752211280900 ) ) ;
#841 = CARTESIAN_POINT ( 'NONE',  ( -9.483420063286015300, 1.850828558584893600, 0.8569365752211280900 ) ) ;
#842 = DIRECTION ( 'NONE',  ( 0.0000000000000000000, 1.000000000000000000, 0.0000000000000000000 ) ) ;
#843 = DIRECTION ( 'NONE',  ( 1.000000000000000000, 2.426456890233709200E-016, 0.0000000000000000000 ) ) ;
#844 = AXIS2_PLACEMENT_3D ( 'NONE', #850, #843, #842 ) ;
#845 = CIRCLE ( 'NONE', #844, 2.387600000000001700 ) ;
#846 = DIRECTION ( 'NONE',  ( 0.0000000000000000000, -0.09005508146285047500, -0.9959367862985679700 ) ) ;
#847 = DIRECTION ( 'NONE',  ( 1.000000000000000000, -1.334490415013590400E-016, -1.725633230170963300E-031 ) ) ;
#848 = AXIS2_PLACEMENT_3D ( 'NONE', #856, #847, #846 ) ;
#849 = CONICAL_SURFACE ( 'NONE', #848, 6.222999999999996300, 0.7853981633974501700 ) ;
#850 = CARTESIAN_POINT ( 'NONE',  ( 19.98057993671398000, 1.583202867493589600, -2.102788366300956100 ) ) ;
#851 = CIRCLE ( 'NONE', #826, 3.149600000000000000 ) ;
#852 = CARTESIAN_POINT ( 'NONE',  ( 18.65133389131304800, -0.8043971325064124300, -2.102788366300955700 ) ) ;
#853 = DIRECTION ( 'NONE',  ( 0.7071067811865462400, -0.7071067811865489100, 8.659560562354952600E-017 ) ) ;
#854 = VECTOR ( 'NONE', #853, 1000.000000000000000 ) ;
#855 = CARTESIAN_POINT ( 'NONE',  ( 16.26373389131305200, 1.583202867493588700, -2.102788366300956100 ) ) ;
#856 = CARTESIAN_POINT ( 'NONE',  ( -22.18342006328601500, 1.583202867493595400, -2.102788366300956100 ) ) ;
#857 =( GEOMETRIC_REPRESENTATION_CONTEXT ( 3 ) GLOBAL_UNCERTAINTY_ASSIGNED_CONTEXT ( ( #858 ) ) GLOBAL_UNIT_ASSIGNED_CONTEXT ( ( #861, #860, #859 ) ) REPRESENTATION_CONTEXT ( 'NONE', 'WORKASPACE' ) );
#858 = UNCERTAINTY_MEASURE_WITH_UNIT (LENGTH_MEASURE( 1.000000000000000100E-005 ), #861, 'distance_accuracy_value', 'NONE');
#859 =( NAMED_UNIT ( * ) SI_UNIT ( $, .STERADIAN. ) SOLID_ANGLE_UNIT ( ) );
#860 =( NAMED_UNIT ( * ) PLANE_ANGLE_UNIT ( ) SI_UNIT ( $, .RADIAN. ) );
#861 =( LENGTH_UNIT ( ) NAMED_UNIT ( * ) SI_UNIT ( .MILLI., .METRE. ) );
#862 = MECHANICAL_DESIGN_GEOMETRIC_PRESENTATION_REPRESENTATION (  '', ( #864 ), #857 ) ;
#863 = PRESENTATION_LAYER_ASSIGNMENT (  '', '', ( #864 ) ) ;
#864 = STYLED_ITEM ( 'NONE', ( #865 ), #161 ) ;
#865 = PRESENTATION_STYLE_ASSIGNMENT (( #866 ) ) ;
#866 = SURFACE_STYLE_USAGE ( .BOTH. , #867 ) ;
#867 = SURFACE_SIDE_STYLE ('',( #868 ) ) ;
#868 = SURFACE_STYLE_FILL_AREA ( #869 ) ;
#869 = FILL_AREA_STYLE ('',( #876 ) ) ;
#870 = COLOUR_RGB ( '',0.2509803921568627400, 0.2509803921568627400, 0.2509803921568627400 ) ;
#871 = FACE_OUTER_BOUND ( 'NONE', #99, .T. ) ;
#872 = DIRECTION ( 'NONE',  ( -1.000000000000000000, 1.334490415013590400E-016, 1.972152263052529500E-031 ) ) ;
#873 = VECTOR ( 'NONE', #872, 1000.000000000000000 ) ;
#874 = CARTESIAN_POINT ( 'NONE',  ( -20.15142006328601500, 1.114286058316532800, -7.288631212557599600 ) ) ;
#875 = LINE ( 'NONE', #874, #873 ) ;
#876 = FILL_AREA_STYLE_COLOUR ( '', #870 ) ;
#877 = DIRECTION ( 'NONE',  ( 1.000000000000000000, -1.334490415013590400E-016, -1.725633230170963300E-031 ) ) ;
#878 = VECTOR ( 'NONE', #877, 1000.000000000000000 ) ;
#879 = CARTESIAN_POINT ( 'NONE',  ( -3.387420063286013900, 1.057101081587619800, -7.921051071857192500 ) ) ;
#880 = LINE ( 'NONE', #879, #878 ) ;
#881 = CARTESIAN_POINT ( 'NONE',  ( -3.641420063286014800, 1.057101081587619800, -7.921051071857192500 ) ) ;
#882 = DIRECTION ( 'NONE',  ( -0.7071067811865511300, -0.06367855878268800800, -0.7042336552248512600 ) ) ;
#883 = VECTOR ( 'NONE', #882, 1000.000000000000100 ) ;
#884 = CARTESIAN_POINT ( 'NONE',  ( -3.387420063286013900, 1.079975072279184500, -7.668083128137357800 ) ) ;
#885 = MECHANICAL_DESIGN_GEOMETRIC_PRESENTATION_REPRESENTATION (  '', ( #956 ), #916 ) ;
#886 = PRESENTATION_LAYER_ASSIGNMENT (  '', '', ( #956 ) ) ;
#887 =( LENGTH_UNIT ( ) NAMED_UNIT ( * ) SI_UNIT ( .MILLI., .METRE. ) );
#888 = SURFACE_STYLE_FILL_AREA ( #917 ) ;
#889 =( LENGTH_UNIT ( ) NAMED_UNIT ( * ) SI_UNIT ( .MILLI., .METRE. ) );
#890 = CARTESIAN_POINT ( 'NONE',  ( -9.737420063286014800, 1.583202867493593600, -2.102788366300956100 ) ) ;
#891 =( GEOMETRIC_REPRESENTATION_CONTEXT ( 3 ) GLOBAL_UNCERTAINTY_ASSIGNED_CONTEXT ( ( #892 ) ) GLOBAL_UNIT_ASSIGNED_CONTEXT ( ( #901, #894, #893 ) ) REPRESENTATION_CONTEXT ( 'NONE', 'WORKASPACE' ) );
#892 = UNCERTAINTY_MEASURE_WITH_UNIT (LENGTH_MEASURE( 1.000000000000000100E-005 ), #901, 'distance_accuracy_value', 'NONE');
#893 =( NAMED_UNIT ( * ) SI_UNIT ( $, .STERADIAN. ) SOLID_ANGLE_UNIT ( ) );
#894 =( NAMED_UNIT ( * ) PLANE_ANGLE_UNIT ( ) SI_UNIT ( $, .RADIAN. ) );
#895 = SURFACE_STYLE_FILL_AREA ( #896 ) ;
#896 = FILL_AREA_STYLE ('',( #1027 ) ) ;
#897 = COLOUR_RGB ( '',0.2509803921568627400, 0.2509803921568627400, 0.2509803921568627400 ) ;
#898 = FACE_OUTER_BOUND ( 'NONE', #184, .T. ) ;
#899 = DIRECTION ( 'NONE',  ( 0.7071067811865462400, -0.06367855878268874300, -0.7042336552248561500 ) ) ;
#900 = VECTOR ( 'NONE', #899, 1000.000000000000100 ) ;
#901 =( LENGTH_UNIT ( ) NAMED_UNIT ( * ) SI_UNIT ( .MILLI., .METRE. ) );
#902 = MECHANICAL_DESIGN_GEOMETRIC_PRESENTATION_REPRESENTATION (  '', ( #904 ), #891 ) ;
#903 = PRESENTATION_LAYER_ASSIGNMENT (  '', '', ( #904 ) ) ;
#904 = STYLED_ITEM ( 'NONE', ( #905 ), #207 ) ;
#905 = PRESENTATION_STYLE_ASSIGNMENT (( #906 ) ) ;
#906 = SURFACE_STYLE_USAGE ( .BOTH. , #907 ) ;
#907 = SURFACE_SIDE_STYLE ('',( #908 ) ) ;
#908 = SURFACE_STYLE_FILL_AREA ( #909 ) ;
#909 = FILL_AREA_STYLE ('',( #1034 ) ) ;
#910 = DIRECTION ( 'NONE',  ( 1.000000000000000000, 2.426456890233709200E-016, 0.0000000000000000000 ) ) ;
#911 = CARTESIAN_POINT ( 'NONE',  ( -15.83342006328601700, 1.583202867493581000, -2.102788366300956100 ) ) ;
#912 = AXIS2_PLACEMENT_3D ( 'NONE', #911, #910, #967 ) ;
#913 = CIRCLE ( 'NONE', #912, 3.175000000000004300 ) ;
#914 = FILL_AREA_STYLE_COLOUR ( '', #965 ) ;
#915 = DIRECTION ( 'NONE',  ( -0.7071067811865511300, 0.06367855878268828500, 0.7042336552248512600 ) ) ;
#916 =( GEOMETRIC_REPRESENTATION_CONTEXT ( 3 ) GLOBAL_UNCERTAINTY_ASSIGNED_CONTEXT ( ( #953 ) ) GLOBAL_UNIT_ASSIGNED_CONTEXT ( ( #887, #997, #954 ) ) REPRESENTATION_CONTEXT ( 'NONE', 'WORKASPACE' ) );
#917 = FILL_AREA_STYLE ('',( #947 ) ) ;
#918 = DIRECTION ( 'NONE',  ( 0.0000000000000000000, -1.000000000000000000, 0.0000000000000000000 ) ) ;
#919 = DIRECTION ( 'NONE',  ( -1.000000000000000000, -2.426456890233709200E-016, 0.0000000000000000000 ) ) ;
#920 = AXIS2_PLACEMENT_3D ( 'NONE', #943, #919, #918 ) ;
#921 = SURFACE_STYLE_USAGE ( .BOTH. , #922 ) ;
#922 = SURFACE_SIDE_STYLE ('',( #888 ) ) ;
#923 =( NAMED_UNIT ( * ) SI_UNIT ( $, .STERADIAN. ) SOLID_ANGLE_UNIT ( ) );
#924 =( NAMED_UNIT ( * ) PLANE_ANGLE_UNIT ( ) SI_UNIT ( $, .RADIAN. ) );
#925 = CARTESIAN_POINT ( 'NONE',  ( -20.15142006328601500, 1.217219016428570600, -6.150275465818336500 ) ) ;
#926 =( GEOMETRIC_REPRESENTATION_CONTEXT ( 3 ) GLOBAL_UNCERTAINTY_ASSIGNED_CONTEXT ( ( #1044 ) ) GLOBAL_UNIT_ASSIGNED_CONTEXT ( ( #955, #924, #923 ) ) REPRESENTATION_CONTEXT ( 'NONE', 'WORKASPACE' ) );
#927 = COLOUR_RGB ( '',0.7529411764705882200, 0.7529411764705882200, 0.7529411764705882200 ) ;
#928 = STYLED_ITEM ( 'NONE', ( #929 ), #206 ) ;
#929 = PRESENTATION_STYLE_ASSIGNMENT (( #930 ) ) ;
#930 = SURFACE_STYLE_USAGE ( .BOTH. , #931 ) ;
#931 = SURFACE_SIDE_STYLE ('',( #932 ) ) ;
#932 = SURFACE_STYLE_FILL_AREA ( #938 ) ;
#933 = COLOUR_RGB ( '',0.7529411764705882200, 0.7529411764705882200, 0.7529411764705882200 ) ;
#934 = DIRECTION ( 'NONE',  ( -2.220446049250303200E-016, 1.000000000000000000, 0.0000000000000000000 ) ) ;
#935 = DIRECTION ( 'NONE',  ( 1.000000000000000000, 2.426456890233709200E-016, 0.0000000000000000000 ) ) ;
#936 = AXIS2_PLACEMENT_3D ( 'NONE', #940, #935, #934 ) ;
#937 = CONICAL_SURFACE ( 'NONE', #936, 1000.000000000004400, 0.7853981633974505000 ) ;
#938 = FILL_AREA_STYLE ('',( #939 ) ) ;
#939 = FILL_AREA_STYLE_COLOUR ( '', #933 ) ;
#940 = CARTESIAN_POINT ( 'NONE',  ( 1016.263733891313000, 1.583202867493831400, -2.102788366300956100 ) ) ;
#941 =( GEOMETRIC_REPRESENTATION_CONTEXT ( 3 ) GLOBAL_UNCERTAINTY_ASSIGNED_CONTEXT ( ( #968 ) ) GLOBAL_UNIT_ASSIGNED_CONTEXT ( ( #971, #970, #969 ) ) REPRESENTATION_CONTEXT ( 'NONE', 'WORKASPACE' ) );
#942 = CONICAL_SURFACE ( 'NONE', #920, 2.920999999999995400, 0.1745329251994337000 ) ;
#943 = CARTESIAN_POINT ( 'NONE',  ( 19.98057993671397600, 1.583202867493589600, -2.102788366300956100 ) ) ;
#944 =( GEOMETRIC_REPRESENTATION_CONTEXT ( 3 ) GLOBAL_UNCERTAINTY_ASSIGNED_CONTEXT ( ( #945 ) ) GLOBAL_UNIT_ASSIGNED_CONTEXT ( ( #1005, #1004, #946 ) ) REPRESENTATION_CONTEXT ( 'NONE', 'WORKASPACE' ) );
#945 = UNCERTAINTY_MEASURE_WITH_UNIT (LENGTH_MEASURE( 1.000000000000000100E-005 ), #1005, 'distance_accuracy_value', 'NONE');
#946 =( NAMED_UNIT ( * ) SI_UNIT ( $, .STERADIAN. ) SOLID_ANGLE_UNIT ( ) );
#947 = FILL_AREA_STYLE_COLOUR ( '', #927 ) ;
#948 = VECTOR ( 'NONE', #915, 1000.000000000000100 ) ;
#949 = CARTESIAN_POINT ( 'NONE',  ( -3.387420063286013900, 2.086430662708001400, 3.462506395535445100 ) ) ;
#950 = LINE ( 'NONE', #949, #948 ) ;
#951 = CARTESIAN_POINT ( 'NONE',  ( -22.18342006328601500, 2.143615639436913200, 4.094926254835028700 ) ) ;
#952 = FACE_OUTER_BOUND ( 'NONE', #237, .T. ) ;
#953 = UNCERTAINTY_MEASURE_WITH_UNIT (LENGTH_MEASURE( 1.000000000000000100E-005 ), #887, 'distance_accuracy_value', 'NONE');
#954 =( NAMED_UNIT ( * ) SI_UNIT ( $, .STERADIAN. ) SOLID_ANGLE_UNIT ( ) );
#955 =( LENGTH_UNIT ( ) NAMED_UNIT ( * ) SI_UNIT ( .MILLI., .METRE. ) );
#956 = STYLED_ITEM ( 'NONE', ( #957 ), #180 ) ;
#957 = PRESENTATION_STYLE_ASSIGNMENT (( #921 ) ) ;
#958 = PRESENTATION_LAYER_ASSIGNMENT (  '', '', ( #959 ) ) ;
#959 = STYLED_ITEM ( 'NONE', ( #960 ), #193 ) ;
#960 = PRESENTATION_STYLE_ASSIGNMENT (( #961 ) ) ;
#961 = SURFACE_STYLE_USAGE ( .BOTH. , #962 ) ;
#962 = SURFACE_SIDE_STYLE ('',( #963 ) ) ;
#963 = SURFACE_STYLE_FILL_AREA ( #964 ) ;
#964 = FILL_AREA_STYLE ('',( #914 ) ) ;
#965 = COLOUR_RGB ( '',0.7529411764705882200, 0.7529411764705882200, 0.7529411764705882200 ) ;
#966 = FACE_OUTER_BOUND ( 'NONE', #55, .T. ) ;
#967 = DIRECTION ( 'NONE',  ( 0.0000000000000000000, 1.000000000000000000, 0.0000000000000000000 ) ) ;
#968 = UNCERTAINTY_MEASURE_WITH_UNIT (LENGTH_MEASURE( 1.000000000000000100E-005 ), #971, 'distance_accuracy_value', 'NONE');
#969 =( NAMED_UNIT ( * ) SI_UNIT ( $, .STERADIAN. ) SOLID_ANGLE_UNIT ( ) );
#970 =( NAMED_UNIT ( * ) PLANE_ANGLE_UNIT ( ) SI_UNIT ( $, .RADIAN. ) );
#971 =( LENGTH_UNIT ( ) NAMED_UNIT ( * ) SI_UNIT ( .MILLI., .METRE. ) );
#972 = MECHANICAL_DESIGN_GEOMETRIC_PRESENTATION_REPRESENTATION (  '', ( #974 ), #941 ) ;
#973 = PRESENTATION_LAYER_ASSIGNMENT (  '', '', ( #974 ) ) ;
#974 = STYLED_ITEM ( 'NONE', ( #975 ), #204 ) ;
#975 = PRESENTATION_STYLE_ASSIGNMENT (( #976 ) ) ;
#976 = SURFACE_STYLE_USAGE ( .BOTH. , #977 ) ;
#977 = SURFACE_SIDE_STYLE ('',( #978 ) ) ;
#978 = SURFACE_STYLE_FILL_AREA ( #979 ) ;
#979 = FILL_AREA_STYLE ('',( #980 ) ) ;
#980 = FILL_AREA_STYLE_COLOUR ( '', #981 ) ;
#981 = COLOUR_RGB ( '',0.7529411764705882200, 0.7529411764705882200, 0.7529411764705882200 ) ;
#982 = FACE_OUTER_BOUND ( 'NONE', #82, .T. ) ;
#983 = CARTESIAN_POINT ( 'NONE',  ( -22.18342006328601500, 1.022790095550276200, -8.300502987436940900 ) ) ;
#984 = DIRECTION ( 'NONE',  ( 0.0000000000000000000, 0.09005508146285051700, 0.9959367862985679700 ) ) ;
#985 = DIRECTION ( 'NONE',  ( 1.000000000000000000, -1.334490415013590400E-016, -1.725633230170963300E-031 ) ) ;
#986 = CARTESIAN_POINT ( 'NONE',  ( -22.18342006328601500, 1.583202867493595400, -2.102788366300956100 ) ) ;
#987 = AXIS2_PLACEMENT_3D ( 'NONE', #986, #985, #984 ) ;
#988 = CIRCLE ( 'NONE', #987, 6.222999999999996300 ) ;
#989 = DIRECTION ( 'NONE',  ( 0.7071067811865462400, 0.06367855878268863200, 0.7042336552248561500 ) ) ;
#990 = VECTOR ( 'NONE', #989, 1000.000000000000100 ) ;
#991 = MECHANICAL_DESIGN_GEOMETRIC_PRESENTATION_REPRESENTATION (  '', ( #993 ), #926 ) ;
#992 = PRESENTATION_LAYER_ASSIGNMENT (  '', '', ( #993 ) ) ;
#993 = STYLED_ITEM ( 'NONE', ( #994 ), #183 ) ;
#994 = PRESENTATION_STYLE_ASSIGNMENT (( #995 ) ) ;
#995 = SURFACE_STYLE_USAGE ( .BOTH. , #996 ) ;
#996 = SURFACE_SIDE_STYLE ('',( #895 ) ) ;
#997 =( NAMED_UNIT ( * ) PLANE_ANGLE_UNIT ( ) SI_UNIT ( $, .RADIAN. ) );
#998 = CARTESIAN_POINT ( 'NONE',  ( -22.43742006328601600, 2.120741648745350100, 3.841958311115190500 ) ) ;
#999 = DIRECTION ( 'NONE',  ( 0.0000000000000000000, 0.09005508146285047500, 0.9959367862985680800 ) ) ;
#1000 = DIRECTION ( 'NONE',  ( -1.000000000000000000, 1.334490415013590400E-016, 1.972152263052529500E-031 ) ) ;
#1001 = AXIS2_PLACEMENT_3D ( 'NONE', #925, #1000, #999 ) ;
#1002 = CYLINDRICAL_SURFACE ( 'NONE', #1001, 1.142999999999999800 ) ;
#1003 = CARTESIAN_POINT ( 'NONE',  ( -22.43742006328601600, 1.045664086241841400, -8.047535043717102700 ) ) ;
#1004 =( NAMED_UNIT ( * ) PLANE_ANGLE_UNIT ( ) SI_UNIT ( $, .RADIAN. ) );
#1005 =( LENGTH_UNIT ( ) NAMED_UNIT ( * ) SI_UNIT ( .MILLI., .METRE. ) );
#1006 = MECHANICAL_DESIGN_GEOMETRIC_PRESENTATION_REPRESENTATION (  '', ( #959 ), #944 ) ;
#1007 = CARTESIAN_POINT ( 'NONE',  ( -22.18342006328601500, 2.143615639436914100, 4.094926254835028700 ) ) ;
#1008 = LINE ( 'NONE', #1007, #990 ) ;
#1009 = DIRECTION ( 'NONE',  ( 0.0000000000000000000, 0.09005508146285048900, 0.9959367862985679700 ) ) ;
#1010 = DIRECTION ( 'NONE',  ( -1.000000000000000000, 1.334490415013590400E-016, 1.725633230170963300E-031 ) ) ;
#1011 = CARTESIAN_POINT ( 'NONE',  ( -22.43742006328601600, 1.583202867493595400, -2.102788366300956100 ) ) ;
#1012 = AXIS2_PLACEMENT_3D ( 'NONE', #1011, #1010, #1009 ) ;
#1013 = CIRCLE ( 'NONE', #1012, 5.968999999999994100 ) ;
#1014 = DIRECTION ( 'NONE',  ( 1.000000000000000000, 2.426456890233709200E-016, 0.0000000000000000000 ) ) ;
#1015 = VECTOR ( 'NONE', #1014, 1000.000000000000000 ) ;
#1016 = CARTESIAN_POINT ( 'NONE',  ( 16.26373389131305200, 3.970802867493590700, -2.102788366300956100 ) ) ;
#1017 = LINE ( 'NONE', #1016, #1015 ) ;
#1018 = DIRECTION ( 'NONE',  ( -0.9848077530122080200, 0.1736481776669308300, 2.126576849575780900E-017 ) ) ;
#1019 = VECTOR ( 'NONE', #1018, 1000.000000000000100 ) ;
#1020 = CARTESIAN_POINT ( 'NONE',  ( 19.98057993671397600, 4.504202867493584800, -2.102788366300955700 ) ) ;
#1021 = LINE ( 'NONE', #1020, #1019 ) ;
#1022 = DIRECTION ( 'NONE',  ( 1.000000000000000000, 2.426456890233709200E-016, 0.0000000000000000000 ) ) ;
#1023 = VECTOR ( 'NONE', #1022, 1000.000000000000000 ) ;
#1024 = CARTESIAN_POINT ( 'NONE',  ( 16.26373389131305200, 4.758202867493588800, -2.102788366300956100 ) ) ;
#1025 = CARTESIAN_POINT ( 'NONE',  ( -22.18342006328601500, 1.022790095550277100, -8.300502987436940900 ) ) ;
#1026 = LINE ( 'NONE', #1025, #900 ) ;
#1027 = FILL_AREA_STYLE_COLOUR ( '', #897 ) ;
#1028 = LINE ( 'NONE', #1024, #1023 ) ;
#1029 = DIRECTION ( 'NONE',  ( 0.0000000000000000000, 1.000000000000000000, 0.0000000000000000000 ) ) ;
#1030 = DIRECTION ( 'NONE',  ( 1.000000000000000000, 2.426456890233709200E-016, 0.0000000000000000000 ) ) ;
#1031 = AXIS2_PLACEMENT_3D ( 'NONE', #1033, #1030, #1029 ) ;
#1032 = CYLINDRICAL_SURFACE ( 'NONE', #1031, 3.174999999999999800 ) ;
#1033 = CARTESIAN_POINT ( 'NONE',  ( 16.26373389131305200, 1.583202867493588700, -2.102788366300956100 ) ) ;
#1034 = FILL_AREA_STYLE_COLOUR ( '', #1035 ) ;
#1035 = COLOUR_RGB ( '',0.2509803921568627400, 0.2509803921568627400, 0.2509803921568627400 ) ;
#1036 = FACE_OUTER_BOUND ( 'NONE', #120, .T. ) ;
#1037 =( GEOMETRIC_REPRESENTATION_CONTEXT ( 3 ) GLOBAL_UNCERTAINTY_ASSIGNED_CONTEXT ( ( #1038 ) ) GLOBAL_UNIT_ASSIGNED_CONTEXT ( ( #1041, #1040, #1039 ) ) REPRESENTATION_CONTEXT ( 'NONE', 'WORKASPACE' ) );
#1038 = UNCERTAINTY_MEASURE_WITH_UNIT (LENGTH_MEASURE( 1.000000000000000100E-005 ), #1041, 'distance_accuracy_value', 'NONE');
#1039 =( NAMED_UNIT ( * ) SI_UNIT ( $, .STERADIAN. ) SOLID_ANGLE_UNIT ( ) );
#1040 =( NAMED_UNIT ( * ) PLANE_ANGLE_UNIT ( ) SI_UNIT ( $, .RADIAN. ) );
#1041 =( LENGTH_UNIT ( ) NAMED_UNIT ( * ) SI_UNIT ( .MILLI., .METRE. ) );
#1042 = MECHANICAL_DESIGN_GEOMETRIC_PRESENTATION_REPRESENTATION (  '', ( #928 ), #1037 ) ;
#1043 = PRESENTATION_LAYER_ASSIGNMENT (  '', '', ( #928 ) ) ;
#1044 = UNCERTAINTY_MEASURE_WITH_UNIT (LENGTH_MEASURE( 1.000000000000000100E-005 ), #955, 'distance_accuracy_value', 'NONE');
#1045 = PRESENTATION_LAYER_ASSIGNMENT (  '', '', ( #1046 ) ) ;
#1046 = STYLED_ITEM ( 'NONE', ( #1047 ), #209 ) ;
#1047 = PRESENTATION_STYLE_ASSIGNMENT (( #1048 ) ) ;
#1048 = SURFACE_STYLE_USAGE ( .BOTH. , #1050 ) ;
#1049 = FILL_AREA_STYLE_COLOUR ( '', #1063 ) ;
#1050 = SURFACE_SIDE_STYLE ('',( #1051 ) ) ;
#1051 = SURFACE_STYLE_FILL_AREA ( #1053 ) ;
#1052 =( LENGTH_UNIT ( ) NAMED_UNIT ( * ) SI_UNIT ( .MILLI., .METRE. ) );
#1053 = FILL_AREA_STYLE ('',( #1049 ) ) ;
#1054 = CYLINDRICAL_SURFACE ( 'NONE', #1068, 6.222999999999996300 ) ;
#1055 =( NAMED_UNIT ( * ) PLANE_ANGLE_UNIT ( ) SI_UNIT ( $, .RADIAN. ) );
#1056 = DIRECTION ( 'NONE',  ( -1.000000000000000000, 1.334490415013591200E-016, 9.367723249499515200E-031 ) ) ;
#1057 = MECHANICAL_DESIGN_GEOMETRIC_PRESENTATION_REPRESENTATION (  '', ( #1046 ), #1061 ) ;
#1058 = UNCERTAINTY_MEASURE_WITH_UNIT (LENGTH_MEASURE( 1.000000000000000100E-005 ), #1052, 'distance_accuracy_value', 'NONE');
#1059 =( NAMED_UNIT ( * ) SI_UNIT ( $, .STERADIAN. ) SOLID_ANGLE_UNIT ( ) );
#1060 = DIRECTION ( 'NONE',  ( 0.0000000000000000000, 0.09005508146285053100, 0.9959367862985679700 ) ) ;
#1061 =( GEOMETRIC_REPRESENTATION_CONTEXT ( 3 ) GLOBAL_UNCERTAINTY_ASSIGNED_CONTEXT ( ( #1058 ) ) GLOBAL_UNIT_ASSIGNED_CONTEXT ( ( #1052, #1055, #1059 ) ) REPRESENTATION_CONTEXT ( 'NONE', 'WORKASPACE' ) );
#1062 = FACE_OUTER_BOUND ( 'NONE', #210, .T. ) ;
#1063 = COLOUR_RGB ( '',0.2509803921568627400, 0.2509803921568627400, 0.2509803921568627400 ) ;
#1064 =( NAMED_UNIT ( * ) PLANE_ANGLE_UNIT ( ) SI_UNIT ( $, .RADIAN. ) );
#1065 = DIRECTION ( 'NONE',  ( 0.0000000000000000000, -0.09005508146285047500, -0.9959367862985679700 ) ) ;
#1066 = DIRECTION ( 'NONE',  ( 1.000000000000000000, -1.334490415013590400E-016, -1.725633230170963300E-031 ) ) ;
#1067 = CARTESIAN_POINT ( 'NONE',  ( -3.387420063286013900, 1.583202867493592700, -2.102788366300956100 ) ) ;
#1068 = AXIS2_PLACEMENT_3D ( 'NONE', #1067, #1066, #1065 ) ;
#1069 = UNCERTAINTY_MEASURE_WITH_UNIT (LENGTH_MEASURE( 1.000000000000000100E-005 ), #1072, 'distance_accuracy_value', 'NONE');
#1070 =( NAMED_UNIT ( * ) SI_UNIT ( $, .STERADIAN. ) SOLID_ANGLE_UNIT ( ) );
#1071 =( NAMED_UNIT ( * ) PLANE_ANGLE_UNIT ( ) SI_UNIT ( $, .RADIAN. ) );
#1072 =( LENGTH_UNIT ( ) NAMED_UNIT ( * ) SI_UNIT ( .MILLI., .METRE. ) );
#1073 = MECHANICAL_DESIGN_GEOMETRIC_PRESENTATION_REPRESENTATION (  '', ( #1075 ), #1252 ) ;
#1074 = PRESENTATION_LAYER_ASSIGNMENT (  '', '', ( #1075 ) ) ;
#1075 = STYLED_ITEM ( 'NONE', ( #1076 ), #256 ) ;
#1076 = PRESENTATION_STYLE_ASSIGNMENT (( #1077 ) ) ;
#1077 = SURFACE_STYLE_USAGE ( .BOTH. , #1078 ) ;
#1078 = SURFACE_SIDE_STYLE ('',( #1079 ) ) ;
#1079 = SURFACE_STYLE_FILL_AREA ( #1086 ) ;
#1080 = COLOUR_RGB ( '',0.7529411764705882200, 0.7529411764705882200, 0.7529411764705882200 ) ;
#1081 = FACE_OUTER_BOUND ( 'NONE', #196, .T. ) ;
#1082 = DIRECTION ( 'NONE',  ( 0.0000000000000000000, -0.09005508146285051700, -0.9959367862985679700 ) ) ;
#1083 = DIRECTION ( 'NONE',  ( 1.000000000000000000, -1.334490415013590400E-016, -1.725633230170963300E-031 ) ) ;
#1084 = AXIS2_PLACEMENT_3D ( 'NONE', #1088, #1083, #1082 ) ;
#1085 = CYLINDRICAL_SURFACE ( 'NONE', #1084, 5.842000000000002300 ) ;
#1086 = FILL_AREA_STYLE ('',( #1087 ) ) ;
#1087 = FILL_AREA_STYLE_COLOUR ( '', #1080 ) ;
#1088 = CARTESIAN_POINT ( 'NONE',  ( -3.387420063286013900, 1.583202867493592700, -2.102788366300956100 ) ) ;
#1089 =( GEOMETRIC_REPRESENTATION_CONTEXT ( 3 ) GLOBAL_UNCERTAINTY_ASSIGNED_CONTEXT ( ( #1090 ) ) GLOBAL_UNIT_ASSIGNED_CONTEXT ( ( #1133, #1132, #1131 ) ) REPRESENTATION_CONTEXT ( 'NONE', 'WORKASPACE' ) );
#1090 = UNCERTAINTY_MEASURE_WITH_UNIT (LENGTH_MEASURE( 1.000000000000000100E-005 ), #1133, 'distance_accuracy_value', 'NONE');
#1091 = PRESENTATION_STYLE_ASSIGNMENT (( #1092 ) ) ;
#1092 = SURFACE_STYLE_USAGE ( .BOTH. , #1093 ) ;
#1093 = SURFACE_SIDE_STYLE ('',( #1094 ) ) ;
#1094 = SURFACE_STYLE_FILL_AREA ( #1095 ) ;
#1095 = FILL_AREA_STYLE ('',( #1106 ) ) ;
#1096 = COLOUR_RGB ( '',0.2509803921568627400, 0.2509803921568627400, 0.2509803921568627400 ) ;
#1097 = FACE_OUTER_BOUND ( 'NONE', #222, .T. ) ;
#1098 = DIRECTION ( 'NONE',  ( 0.0000000000000000000, 0.09005508146285048900, 0.9959367862985679700 ) ) ;
#1099 = DIRECTION ( 'NONE',  ( -1.000000000000000000, 1.334490415013590400E-016, 1.725633230170963300E-031 ) ) ;
#1100 =( NAMED_UNIT ( * ) PLANE_ANGLE_UNIT ( ) SI_UNIT ( $, .RADIAN. ) );
#1101 =( LENGTH_UNIT ( ) NAMED_UNIT ( * ) SI_UNIT ( .MILLI., .METRE. ) );
#1102 = FACE_OUTER_BOUND ( 'NONE', #159, .T. ) ;
#1103 = CARTESIAN_POINT ( 'NONE',  ( -22.43742006328601600, 1.583202867493595400, -2.102788366300956100 ) ) ;
#1104 = AXIS2_PLACEMENT_3D ( 'NONE', #1103, #1099, #1098 ) ;
#1105 = CIRCLE ( 'NONE', #1104, 5.968999999999994100 ) ;
#1106 = FILL_AREA_STYLE_COLOUR ( '', #1096 ) ;
#1107 = MECHANICAL_DESIGN_GEOMETRIC_PRESENTATION_REPRESENTATION (  '', ( #1109 ), #1291 ) ;
#1108 = PRESENTATION_LAYER_ASSIGNMENT (  '', '', ( #1109 ) ) ;
#1109 = STYLED_ITEM ( 'NONE', ( #1110 ), #310 ) ;
#1110 = PRESENTATION_STYLE_ASSIGNMENT (( #1111 ) ) ;
#1111 = SURFACE_STYLE_USAGE ( .BOTH. , #1112 ) ;
#1112 = SURFACE_SIDE_STYLE ('',( #1113 ) ) ;
#1113 = SURFACE_STYLE_FILL_AREA ( #1114 ) ;
#1114 = FILL_AREA_STYLE ('',( #1122 ) ) ;
#1115 = COLOUR_RGB ( '',0.2509803921568627400, 0.2509803921568627400, 0.2509803921568627400 ) ;
#1116 = FACE_OUTER_BOUND ( 'NONE', #476, .T. ) ;
#1117 = DIRECTION ( 'NONE',  ( 0.0000000000000000000, 1.000000000000000000, 0.0000000000000000000 ) ) ;
#1118 = DIRECTION ( 'NONE',  ( 1.000000000000000000, 2.426456890233709200E-016, 0.0000000000000000000 ) ) ;
#1119 = CARTESIAN_POINT ( 'NONE',  ( 18.65133389131304800, 1.583202867493589400, -2.102788366300956100 ) ) ;
#1120 = AXIS2_PLACEMENT_3D ( 'NONE', #1119, #1118, #1117 ) ;
#1121 = CIRCLE ( 'NONE', #1120, 2.387600000000001700 ) ;
#1122 = FILL_AREA_STYLE_COLOUR ( '', #1115 ) ;
#1123 = DIRECTION ( 'NONE',  ( 0.0000000000000000000, -0.09005508146285046100, -0.9959367862985678600 ) ) ;
#1124 = DIRECTION ( 'NONE',  ( 1.000000000000000000, -1.334490415013590400E-016, -1.725633230170963300E-031 ) ) ;
#1125 = AXIS2_PLACEMENT_3D ( 'NONE', #1168, #1124, #1123 ) ;
#1126 = CIRCLE ( 'NONE', #1125, 5.588000000000005400 ) ;
#1127 = CYLINDRICAL_SURFACE ( 'NONE', #1142, 6.222999999999996300 ) ;
#1128 = CARTESIAN_POINT ( 'NONE',  ( -3.387420063286013900, 1.583202867493592700, -2.102788366300956100 ) ) ;
#1129 = SURFACE_STYLE_USAGE ( .BOTH. , #1130 ) ;
#1130 = SURFACE_SIDE_STYLE ('',( #1193 ) ) ;
#1131 =( NAMED_UNIT ( * ) SI_UNIT ( $, .STERADIAN. ) SOLID_ANGLE_UNIT ( ) );
#1132 =( NAMED_UNIT ( * ) PLANE_ANGLE_UNIT ( ) SI_UNIT ( $, .RADIAN. ) );
#1133 =( LENGTH_UNIT ( ) NAMED_UNIT ( * ) SI_UNIT ( .MILLI., .METRE. ) );
#1134 = MECHANICAL_DESIGN_GEOMETRIC_PRESENTATION_REPRESENTATION (  '', ( #1136 ), #1089 ) ;
#1135 = PRESENTATION_LAYER_ASSIGNMENT (  '', '', ( #1136 ) ) ;
#1136 = STYLED_ITEM ( 'NONE', ( #1137 ), #254 ) ;
#1137 = PRESENTATION_STYLE_ASSIGNMENT (( #1138 ) ) ;
#1138 = SURFACE_STYLE_USAGE ( .BOTH. , #1143 ) ;
#1139 = UNCERTAINTY_MEASURE_WITH_UNIT (LENGTH_MEASURE( 1.000000000000000100E-005 ), #1101, 'distance_accuracy_value', 'NONE');
#1140 = DIRECTION ( 'NONE',  ( 0.0000000000000000000, -0.09005508146285047500, -0.9959367862985679700 ) ) ;
#1141 = DIRECTION ( 'NONE',  ( 1.000000000000000000, -1.334490415013590400E-016, -1.725633230170963300E-031 ) ) ;
#1142 = AXIS2_PLACEMENT_3D ( 'NONE', #1128, #1141, #1140 ) ;
#1143 = SURFACE_SIDE_STYLE ('',( #1144 ) ) ;
#1144 = SURFACE_STYLE_FILL_AREA ( #1145 ) ;
#1145 = FILL_AREA_STYLE ('',( #1146 ) ) ;
#1146 = FILL_AREA_STYLE_COLOUR ( '', #1147 ) ;
#1147 = COLOUR_RGB ( '',0.2509803921568627400, 0.2509803921568627400, 0.2509803921568627400 ) ;
#1148 = DIRECTION ( 'NONE',  ( 0.0000000000000000000, -0.09005508146285047500, -0.9959367862985679700 ) ) ;
#1149 = DIRECTION ( 'NONE',  ( 1.000000000000000000, -1.334490415013590400E-016, -1.725633230170963300E-031 ) ) ;
#1150 = CARTESIAN_POINT ( 'NONE',  ( -9.737420063286014800, 1.583202867493593600, -2.102788366300956100 ) ) ;
#1151 = AXIS2_PLACEMENT_3D ( 'NONE', #1150, #1149, #1148 ) ;
#1152 = CIRCLE ( 'NONE', #1151, 5.842000000000002300 ) ;
#1153 = FACE_OUTER_BOUND ( 'NONE', #255, .T. ) ;
#1154 = CARTESIAN_POINT ( 'NONE',  ( 18.65133389131304800, 3.970802867493591600, -2.102788366300956100 ) ) ;
#1155 =( NAMED_UNIT ( * ) SI_UNIT ( $, .STERADIAN. ) SOLID_ANGLE_UNIT ( ) );
#1156 = CARTESIAN_POINT ( 'NONE',  ( -9.737420063286014800, 1.045664086241840000, -8.047535043717104500 ) ) ;
#1157 = CARTESIAN_POINT ( 'NONE',  ( -9.991420063286016200, 2.143615639436913200, 4.094926254835027800 ) ) ;
#1158 = DIRECTION ( 'NONE',  ( 0.0000000000000000000, 0.09005508146285051700, 0.9959367862985679700 ) ) ;
#1159 = DIRECTION ( 'NONE',  ( 1.000000000000000000, -1.334490415013590400E-016, -1.725633230170963300E-031 ) ) ;
#1160 = CARTESIAN_POINT ( 'NONE',  ( -22.18342006328601500, 1.583202867493595400, -2.102788366300956100 ) ) ;
#1161 = AXIS2_PLACEMENT_3D ( 'NONE', #1160, #1159, #1158 ) ;
#1162 = CIRCLE ( 'NONE', #1161, 6.222999999999996300 ) ;
#1163 = DIRECTION ( 'NONE',  ( 0.0000000000000000000, 0.09005508146285047500, 0.9959367862985680800 ) ) ;
#1164 = DIRECTION ( 'NONE',  ( -1.000000000000000000, 1.334490415013590400E-016, 1.725633230170963300E-031 ) ) ;
#1165 = CARTESIAN_POINT ( 'NONE',  ( -22.43742006328601600, 1.217219016428571000, -6.150275465818336500 ) ) ;
#1166 = AXIS2_PLACEMENT_3D ( 'NONE', #1165, #1164, #1163 ) ;
#1167 = COLOUR_RGB ( '',0.2509803921568627400, 0.2509803921568627400, 0.2509803921568627400 ) ;
#1168 = CARTESIAN_POINT ( 'NONE',  ( -3.387420063286013900, 1.583202867493592700, -2.102788366300956100 ) ) ;
#1169 = CARTESIAN_POINT ( 'NONE',  ( -15.83342006328601700, -1.591797132506423700, -2.102788366300955700 ) ) ;
#1170 = CARTESIAN_POINT ( 'NONE',  ( -15.83342006328601700, 4.758202867493584300, -2.102788366300956100 ) ) ;
#1171 = DIRECTION ( 'NONE',  ( 0.0000000000000000000, -0.09005508146285053100, -0.9959367862985679700 ) ) ;
#1172 = DIRECTION ( 'NONE',  ( 1.000000000000000000, -1.334490415013590400E-016, -1.725633230170963300E-031 ) ) ;
#1173 = CARTESIAN_POINT ( 'NONE',  ( -9.737420063286014800, 1.583202867493593600, -2.102788366300956100 ) ) ;
#1174 = AXIS2_PLACEMENT_3D ( 'NONE', #1173, #1172, #1171 ) ;
#1175 = CIRCLE ( 'NONE', #1174, 5.968999999999995900 ) ;
#1176 = UNCERTAINTY_MEASURE_WITH_UNIT (LENGTH_MEASURE( 1.000000000000000100E-005 ), #1195, 'distance_accuracy_value', 'NONE');
#1177 =( NAMED_UNIT ( * ) SI_UNIT ( $, .STERADIAN. ) SOLID_ANGLE_UNIT ( ) );
#1178 =( NAMED_UNIT ( * ) PLANE_ANGLE_UNIT ( ) SI_UNIT ( $, .RADIAN. ) );
#1179 = MECHANICAL_DESIGN_GEOMETRIC_PRESENTATION_REPRESENTATION (  '', ( #1191 ), #1219 ) ;
#1180 = PRESENTATION_LAYER_ASSIGNMENT (  '', '', ( #1191 ) ) ;
#1181 = FILL_AREA_STYLE_COLOUR ( '', #1167 ) ;
#1182 = DIRECTION ( 'NONE',  ( 0.0000000000000000000, -0.09005508146285046100, -0.9959367862985678600 ) ) ;
#1183 = DIRECTION ( 'NONE',  ( 1.000000000000000000, -1.334490415013590400E-016, -1.725633230170963300E-031 ) ) ;
#1184 = AXIS2_PLACEMENT_3D ( 'NONE', #1187, #1183, #1182 ) ;
#1185 = CYLINDRICAL_SURFACE ( 'NONE', #1184, 2.971800000000000900 ) ;
#1186 = CIRCLE ( 'NONE', #1166, 1.142999999999999800 ) ;
#1187 = CARTESIAN_POINT ( 'NONE',  ( -16.08742006328601400, 1.583202867493594500, -2.102788366300956100 ) ) ;
#1188 =( GEOMETRIC_REPRESENTATION_CONTEXT ( 3 ) GLOBAL_UNCERTAINTY_ASSIGNED_CONTEXT ( ( #1189 ) ) GLOBAL_UNIT_ASSIGNED_CONTEXT ( ( #1225, #1224, #1190 ) ) REPRESENTATION_CONTEXT ( 'NONE', 'WORKASPACE' ) );
#1189 = UNCERTAINTY_MEASURE_WITH_UNIT (LENGTH_MEASURE( 1.000000000000000100E-005 ), #1225, 'distance_accuracy_value', 'NONE');
#1190 =( NAMED_UNIT ( * ) SI_UNIT ( $, .STERADIAN. ) SOLID_ANGLE_UNIT ( ) );
#1191 = STYLED_ITEM ( 'NONE', ( #1192 ), #211 ) ;
#1192 = PRESENTATION_STYLE_ASSIGNMENT (( #1129 ) ) ;
#1193 = SURFACE_STYLE_FILL_AREA ( #1194 ) ;
#1194 = FILL_AREA_STYLE ('',( #1181 ) ) ;
#1195 =( LENGTH_UNIT ( ) NAMED_UNIT ( * ) SI_UNIT ( .MILLI., .METRE. ) );
#1196 = MECHANICAL_DESIGN_GEOMETRIC_PRESENTATION_REPRESENTATION (  '', ( #1198 ), #1218 ) ;
#1197 = PRESENTATION_LAYER_ASSIGNMENT (  '', '', ( #1198 ) ) ;
#1198 = STYLED_ITEM ( 'NONE', ( #1091 ), #221 ) ;
#1199 = DIRECTION ( 'NONE',  ( 0.7071067811865458000, 0.7071067811865492400, 0.0000000000000000000 ) ) ;
#1200 = VECTOR ( 'NONE', #1199, 1000.000000000000100 ) ;
#1201 = CARTESIAN_POINT ( 'NONE',  ( 16.26373389131305200, 1.583202867493588700, -2.102788366300956100 ) ) ;
#1202 = LINE ( 'NONE', #1201, #1200 ) ;
#1203 = CARTESIAN_POINT ( 'NONE',  ( -20.15142006328601500, 1.320151974540608700, -5.011919719079073400 ) ) ;
#1204 = CARTESIAN_POINT ( 'NONE',  ( -20.15142006328601500, 1.114286058316533000, -7.288631212557599600 ) ) ;
#1205 = DIRECTION ( 'NONE',  ( 0.0000000000000000000, 0.09005508146285047500, 0.9959367862985680800 ) ) ;
#1206 = DIRECTION ( 'NONE',  ( -1.000000000000000000, 1.334490415013590400E-016, 1.725633230170963300E-031 ) ) ;
#1207 = AXIS2_PLACEMENT_3D ( 'NONE', #1250, #1206, #1205 ) ;
#1208 = CIRCLE ( 'NONE', #1207, 1.142999999999999800 ) ;
#1209 = DIRECTION ( 'NONE',  ( 0.0000000000000000000, 1.000000000000000000, 0.0000000000000000000 ) ) ;
#1210 = DIRECTION ( 'NONE',  ( 1.000000000000000000, 2.426456890233709200E-016, 0.0000000000000000000 ) ) ;
#1211 = LINE ( 'NONE', #1275, #1274 ) ;
#1212 = CARTESIAN_POINT ( 'NONE',  ( -9.483420063286015300, 1.866840352068987600, 1.034014135825013200 ) ) ;
#1213 = DIRECTION ( 'NONE',  ( 0.0000000000000000000, -0.09005508146285048900, -0.9959367862985679700 ) ) ;
#1214 = DIRECTION ( 'NONE',  ( 1.000000000000000000, -1.334490415013590400E-016, -1.479114197289397600E-031 ) ) ;
#1215 = AXIS2_PLACEMENT_3D ( 'NONE', #1217, #1214, #1213 ) ;
#1216 = CYLINDRICAL_SURFACE ( 'NONE', #1215, 3.149600000000000000 ) ;
#1217 = CARTESIAN_POINT ( 'NONE',  ( -9.483420063286015300, 1.583202867493593600, -2.102788366300956100 ) ) ;
#1218 =( GEOMETRIC_REPRESENTATION_CONTEXT ( 3 ) GLOBAL_UNCERTAINTY_ASSIGNED_CONTEXT ( ( #1176 ) ) GLOBAL_UNIT_ASSIGNED_CONTEXT ( ( #1195, #1178, #1177 ) ) REPRESENTATION_CONTEXT ( 'NONE', 'WORKASPACE' ) );
#1219 =( GEOMETRIC_REPRESENTATION_CONTEXT ( 3 ) GLOBAL_UNCERTAINTY_ASSIGNED_CONTEXT ( ( #1139 ) ) GLOBAL_UNIT_ASSIGNED_CONTEXT ( ( #1101, #1100, #1155 ) ) REPRESENTATION_CONTEXT ( 'NONE', 'WORKASPACE' ) );
#1220 = DIRECTION ( 'NONE',  ( 1.000000000000000000, -1.334490415013590400E-016, -1.725633230170963300E-031 ) ) ;
#1221 = VECTOR ( 'NONE', #1220, 1000.000000000000000 ) ;
#1222 = CARTESIAN_POINT ( 'NONE',  ( -3.387420063286013900, 2.143615639436911500, 4.094926254835028700 ) ) ;
#1223 = LINE ( 'NONE', #1222, #1221 ) ;
#1224 =( NAMED_UNIT ( * ) PLANE_ANGLE_UNIT ( ) SI_UNIT ( $, .RADIAN. ) );
#1225 =( LENGTH_UNIT ( ) NAMED_UNIT ( * ) SI_UNIT ( .MILLI., .METRE. ) );
#1226 = MECHANICAL_DESIGN_GEOMETRIC_PRESENTATION_REPRESENTATION (  '', ( #1228 ), #1188 ) ;
#1227 = PRESENTATION_LAYER_ASSIGNMENT (  '', '', ( #1228 ) ) ;
#1228 = STYLED_ITEM ( 'NONE', ( #1229 ), #232 ) ;
#1229 = PRESENTATION_STYLE_ASSIGNMENT (( #1230 ) ) ;
#1230 = SURFACE_STYLE_USAGE ( .BOTH. , #1231 ) ;
#1231 = SURFACE_SIDE_STYLE ('',( #1232 ) ) ;
#1232 = SURFACE_STYLE_FILL_AREA ( #1233 ) ;
#1233 = FILL_AREA_STYLE ('',( #1241 ) ) ;
#1234 = COLOUR_RGB ( '',0.2509803921568627400, 0.2509803921568627400, 0.2509803921568627400 ) ;
#1235 = FACE_OUTER_BOUND ( 'NONE', #248, .T. ) ;
#1236 = DIRECTION ( 'NONE',  ( 0.0000000000000000000, -0.09005508146285046100, -0.9959367862985678600 ) ) ;
#1237 = DIRECTION ( 'NONE',  ( 1.000000000000000000, -1.334490415013590400E-016, -1.725633230170963300E-031 ) ) ;
#1238 = CARTESIAN_POINT ( 'NONE',  ( -16.08742006328601400, 1.583202867493594500, -2.102788366300956100 ) ) ;
#1239 = AXIS2_PLACEMENT_3D ( 'NONE', #1238, #1237, #1236 ) ;
#1240 = CIRCLE ( 'NONE', #1239, 2.971800000000000900 ) ;
#1241 = FILL_AREA_STYLE_COLOUR ( '', #1234 ) ;
#1242 = DIRECTION ( 'NONE',  ( 1.201776430354439000E-017, 0.09005508146285048900, 0.9959367862985678600 ) ) ;
#1243 = DIRECTION ( 'NONE',  ( -1.000000000000000000, 1.334490415013590400E-016, 1.879707625721942400E-031 ) ) ;
#1244 = CARTESIAN_POINT ( 'NONE',  ( -22.43742006328601600, 1.583202867493595400, -2.102788366300956100 ) ) ;
#1245 = AXIS2_PLACEMENT_3D ( 'NONE', #1244, #1243, #1242 ) ;
#1246 = PLANE ( 'NONE',  #1245 ) ;
#1247 =( GEOMETRIC_REPRESENTATION_CONTEXT ( 3 ) GLOBAL_UNCERTAINTY_ASSIGNED_CONTEXT ( ( #1253 ) ) GLOBAL_UNIT_ASSIGNED_CONTEXT ( ( #1256, #1255, #1254 ) ) REPRESENTATION_CONTEXT ( 'NONE', 'WORKASPACE' ) );
#1248 = AXIS2_PLACEMENT_3D ( 'NONE', #1251, #1210, #1209 ) ;
#1249 = CONICAL_SURFACE ( 'NONE', #1248, 3.175000000000004300, 0.7853981633974533900 ) ;
#1250 = CARTESIAN_POINT ( 'NONE',  ( -20.15142006328601500, 1.217219016428570600, -6.150275465818336500 ) ) ;
#1251 = CARTESIAN_POINT ( 'NONE',  ( -15.83342006328601700, 1.583202867493581000, -2.102788366300956100 ) ) ;
#1252 =( GEOMETRIC_REPRESENTATION_CONTEXT ( 3 ) GLOBAL_UNCERTAINTY_ASSIGNED_CONTEXT ( ( #1069 ) ) GLOBAL_UNIT_ASSIGNED_CONTEXT ( ( #1072, #1071, #1070 ) ) REPRESENTATION_CONTEXT ( 'NONE', 'WORKASPACE' ) );
#1253 = UNCERTAINTY_MEASURE_WITH_UNIT (LENGTH_MEASURE( 1.000000000000000100E-005 ), #1256, 'distance_accuracy_value', 'NONE');
#1254 =( NAMED_UNIT ( * ) SI_UNIT ( $, .STERADIAN. ) SOLID_ANGLE_UNIT ( ) );
#1255 =( NAMED_UNIT ( * ) PLANE_ANGLE_UNIT ( ) SI_UNIT ( $, .RADIAN. ) );
#1256 =( LENGTH_UNIT ( ) NAMED_UNIT ( * ) SI_UNIT ( .MILLI., .METRE. ) );
#1257 = MECHANICAL_DESIGN_GEOMETRIC_PRESENTATION_REPRESENTATION (  '', ( #1259 ), #1247 ) ;
#1258 = PRESENTATION_LAYER_ASSIGNMENT (  '', '', ( #1259 ) ) ;
#1259 = STYLED_ITEM ( 'NONE', ( #1260 ), #229 ) ;
#1260 = PRESENTATION_STYLE_ASSIGNMENT (( #1261 ) ) ;
#1261 = SURFACE_STYLE_USAGE ( .BOTH. , #1262 ) ;
#1262 = SURFACE_SIDE_STYLE ('',( #1263 ) ) ;
#1263 = SURFACE_STYLE_FILL_AREA ( #1264 ) ;
#1264 = FILL_AREA_STYLE ('',( #1272 ) ) ;
#1265 = COLOUR_RGB ( '',0.2509803921568627400, 0.2509803921568627400, 0.2509803921568627400 ) ;
#1266 = FACE_BOUND ( 'NONE', #219, .T. ) ;
#1267 = FACE_OUTER_BOUND ( 'NONE', #215, .T. ) ;
#1268 = DIRECTION ( 'NONE',  ( 1.000000000000000000, -1.334490415013590400E-016, -1.725633230170963300E-031 ) ) ;
#1269 = VECTOR ( 'NONE', #1268, 1000.000000000000000 ) ;
#1270 = CARTESIAN_POINT ( 'NONE',  ( -3.387420063286013900, 1.022790095550274400, -8.300502987436940900 ) ) ;
#1271 = LINE ( 'NONE', #1270, #1269 ) ;
#1272 = FILL_AREA_STYLE_COLOUR ( '', #1265 ) ;
#1273 = DIRECTION ( 'NONE',  ( -1.000000000000000000, 1.334490415013590400E-016, 1.972152263052529500E-031 ) ) ;
#1274 = VECTOR ( 'NONE', #1273, 1000.000000000000000 ) ;
#1275 = CARTESIAN_POINT ( 'NONE',  ( -20.15142006328601500, 1.320151974540608700, -5.011919719079073400 ) ) ;
#1276 = UNCERTAINTY_MEASURE_WITH_UNIT (LENGTH_MEASURE( 1.000000000000000100E-005 ), #1279, 'distance_accuracy_value', 'NONE');
#1277 =( NAMED_UNIT ( * ) SI_UNIT ( $, .STERADIAN. ) SOLID_ANGLE_UNIT ( ) );
#1278 =( NAMED_UNIT ( * ) PLANE_ANGLE_UNIT ( ) SI_UNIT ( $, .RADIAN. ) );
#1279 =( LENGTH_UNIT ( ) NAMED_UNIT ( * ) SI_UNIT ( .MILLI., .METRE. ) );
#1280 = MECHANICAL_DESIGN_GEOMETRIC_PRESENTATION_REPRESENTATION (  '', ( #1419 ), #1395 ) ;
#1281 = PRESENTATION_LAYER_ASSIGNMENT (  '', '', ( #1419 ) ) ;
#1282 = DIRECTION ( 'NONE',  ( 0.0000000000000000000, 1.000000000000000000, 0.0000000000000000000 ) ) ;
#1283 = DIRECTION ( 'NONE',  ( 0.0000000000000000000, 0.0000000000000000000, -1.000000000000000000 ) ) ;
#1284 = AXIS2_PLACEMENT_3D ( 'NONE', #1286, #1283, #1282 ) ;
#1285 = SPHERICAL_SURFACE ( 'NONE', #1284, 2.381250000000000100 ) ;
#1286 = CARTESIAN_POINT ( 'NONE',  ( 19.63132993671398600, 1.583202867493589800, -2.102788366300956100 ) ) ;
#1287 =( GEOMETRIC_REPRESENTATION_CONTEXT ( 3 ) GLOBAL_UNCERTAINTY_ASSIGNED_CONTEXT ( ( #1288 ) ) GLOBAL_UNIT_ASSIGNED_CONTEXT ( ( #1322, #1321, #1320 ) ) REPRESENTATION_CONTEXT ( 'NONE', 'WORKASPACE' ) );
#1288 = UNCERTAINTY_MEASURE_WITH_UNIT (LENGTH_MEASURE( 1.000000000000000100E-005 ), #1322, 'distance_accuracy_value', 'NONE');
#1289 = UNCERTAINTY_MEASURE_WITH_UNIT (LENGTH_MEASURE( 1.000000000000000100E-005 ), #1358, 'distance_accuracy_value', 'NONE');
#1290 =( NAMED_UNIT ( * ) SI_UNIT ( $, .STERADIAN. ) SOLID_ANGLE_UNIT ( ) );
#1291 =( GEOMETRIC_REPRESENTATION_CONTEXT ( 3 ) GLOBAL_UNCERTAINTY_ASSIGNED_CONTEXT ( ( #1396 ) ) GLOBAL_UNIT_ASSIGNED_CONTEXT ( ( #889, #1064, #1377 ) ) REPRESENTATION_CONTEXT ( 'NONE', 'WORKASPACE' ) );
#1292 =( GEOMETRIC_REPRESENTATION_CONTEXT ( 3 ) GLOBAL_UNCERTAINTY_ASSIGNED_CONTEXT ( ( #1293 ) ) GLOBAL_UNIT_ASSIGNED_CONTEXT ( ( #1296, #1295, #1294 ) ) REPRESENTATION_CONTEXT ( 'NONE', 'WORKASPACE' ) );
#1293 = UNCERTAINTY_MEASURE_WITH_UNIT (LENGTH_MEASURE( 1.000000000000000100E-005 ), #1296, 'distance_accuracy_value', 'NONE');
#1294 =( NAMED_UNIT ( * ) SI_UNIT ( $, .STERADIAN. ) SOLID_ANGLE_UNIT ( ) );
#1295 =( NAMED_UNIT ( * ) PLANE_ANGLE_UNIT ( ) SI_UNIT ( $, .RADIAN. ) );
#1296 =( LENGTH_UNIT ( ) NAMED_UNIT ( * ) SI_UNIT ( .MILLI., .METRE. ) );
#1297 = MECHANICAL_DESIGN_GEOMETRIC_PRESENTATION_REPRESENTATION (  '', ( #1299 ), #1292 ) ;
#1298 = PRESENTATION_LAYER_ASSIGNMENT (  '', '', ( #1299 ) ) ;
#1299 = STYLED_ITEM ( 'NONE', ( #1300 ), #371 ) ;
#1300 = PRESENTATION_STYLE_ASSIGNMENT (( #1301 ) ) ;
#1301 = SURFACE_STYLE_USAGE ( .BOTH. , #1302 ) ;
#1302 = SURFACE_SIDE_STYLE ('',( #1303 ) ) ;
#1303 = SURFACE_STYLE_FILL_AREA ( #1304 ) ;
#1304 = FILL_AREA_STYLE ('',( #1312 ) ) ;
#1305 = COLOUR_RGB ( '',0.7529411764705882200, 0.7529411764705882200, 0.7529411764705882200 ) ;
#1306 = FACE_OUTER_BOUND ( 'NONE', #372, .T. ) ;
#1307 = DIRECTION ( 'NONE',  ( 0.0000000000000000000, 0.0000000000000000000, 1.000000000000000000 ) ) ;
#1308 = DIRECTION ( 'NONE',  ( -1.000000000000000000, -1.109502907173617800E-016, 0.0000000000000000000 ) ) ;
#1309 = CARTESIAN_POINT ( 'NONE',  ( 19.63132993671398600, 1.583202867493589800, -2.102788366300956100 ) ) ;
#1310 = AXIS2_PLACEMENT_3D ( 'NONE', #1309, #1308, #1307 ) ;
#1311 = CIRCLE ( 'NONE', #1310, 2.381250000000000100 ) ;
#1312 = FILL_AREA_STYLE_COLOUR ( '', #1305 ) ;
#1313 = DIRECTION ( 'NONE',  ( 0.0000000000000000000, 0.0000000000000000000, 1.000000000000000000 ) ) ;
#1314 = DIRECTION ( 'NONE',  ( -1.000000000000000000, -1.109502907173617800E-016, 0.0000000000000000000 ) ) ;
#1315 = CARTESIAN_POINT ( 'NONE',  ( 19.63132993671398600, 1.583202867493589800, -2.102788366300956100 ) ) ;
#1316 = AXIS2_PLACEMENT_3D ( 'NONE', #1315, #1314, #1313 ) ;
#1317 = CIRCLE ( 'NONE', #1316, 2.381250000000000100 ) ;
#1318 = PLANE ( 'NONE',  #1417 ) ;
#1319 = CARTESIAN_POINT ( 'NONE',  ( -20.15142006328601500, 1.217219016428570600, -6.150275465818336500 ) ) ;
#1320 =( NAMED_UNIT ( * ) SI_UNIT ( $, .STERADIAN. ) SOLID_ANGLE_UNIT ( ) );
#1321 =( NAMED_UNIT ( * ) PLANE_ANGLE_UNIT ( ) SI_UNIT ( $, .RADIAN. ) );
#1322 =( LENGTH_UNIT ( ) NAMED_UNIT ( * ) SI_UNIT ( .MILLI., .METRE. ) );
#1323 = MECHANICAL_DESIGN_GEOMETRIC_PRESENTATION_REPRESENTATION (  '', ( #1325 ), #1287 ) ;
#1324 = PRESENTATION_LAYER_ASSIGNMENT (  '', '', ( #1325 ) ) ;
#1325 = STYLED_ITEM ( 'NONE', ( #1326 ), #436 ) ;
#1326 = PRESENTATION_STYLE_ASSIGNMENT (( #1327 ) ) ;
#1327 = SURFACE_STYLE_USAGE ( .BOTH. , #1328 ) ;
#1328 = SURFACE_SIDE_STYLE ('',( #1329 ) ) ;
#1329 = SURFACE_STYLE_FILL_AREA ( #1330 ) ;
#1330 = FILL_AREA_STYLE ('',( #1331 ) ) ;
#1331 = FILL_AREA_STYLE_COLOUR ( '', #1332 ) ;
#1332 = COLOUR_RGB ( '',0.7529411764705882200, 0.7529411764705882200, 0.7529411764705882200 ) ;
#1333 = FACE_OUTER_BOUND ( 'NONE', #437, .T. ) ;
#1334 =( GEOMETRIC_REPRESENTATION_CONTEXT ( 3 ) GLOBAL_UNCERTAINTY_ASSIGNED_CONTEXT ( ( #1335 ) ) GLOBAL_UNIT_ASSIGNED_CONTEXT ( ( #1379, #1378, #1336 ) ) REPRESENTATION_CONTEXT ( 'NONE', 'WORKASPACE' ) );
#1335 = UNCERTAINTY_MEASURE_WITH_UNIT (LENGTH_MEASURE( 1.000000000000000100E-005 ), #1379, 'distance_accuracy_value', 'NONE');
#1336 =( NAMED_UNIT ( * ) SI_UNIT ( $, .STERADIAN. ) SOLID_ANGLE_UNIT ( ) );
#1337 = MECHANICAL_DESIGN_GEOMETRIC_PRESENTATION_REPRESENTATION (  '', ( #1339 ), #1356 ) ;
#1338 = PRESENTATION_LAYER_ASSIGNMENT (  '', '', ( #1339 ) ) ;
#1339 = STYLED_ITEM ( 'NONE', ( #1340 ), #312 ) ;
#1340 = PRESENTATION_STYLE_ASSIGNMENT (( #1341 ) ) ;
#1341 = SURFACE_STYLE_USAGE ( .BOTH. , #1342 ) ;
#1342 = SURFACE_SIDE_STYLE ('',( #1343 ) ) ;
#1343 = SURFACE_STYLE_FILL_AREA ( #1344 ) ;
#1344 = FILL_AREA_STYLE ('',( #1418 ) ) ;
#1345 = SURFACE_STYLE_USAGE ( .BOTH. , #1346 ) ;
#1346 = SURFACE_SIDE_STYLE ('',( #1347 ) ) ;
#1347 = SURFACE_STYLE_FILL_AREA ( #1348 ) ;
#1348 = FILL_AREA_STYLE ('',( #1353 ) ) ;
#1349 = COLOUR_RGB ( '',0.7529411764705882200, 0.7529411764705882200, 0.7529411764705882200 ) ;
#1350 = DIRECTION ( 'NONE',  ( 0.0000000000000000000, 0.09005508146285047500, 0.9959367862985680800 ) ) ;
#1351 = DIRECTION ( 'NONE',  ( -1.000000000000000000, 1.334490415013590400E-016, 1.972152263052529500E-031 ) ) ;
#1352 = AXIS2_PLACEMENT_3D ( 'NONE', #1355, #1351, #1350 ) ;
#1353 = FILL_AREA_STYLE_COLOUR ( '', #1349 ) ;
#1354 = CYLINDRICAL_SURFACE ( 'NONE', #1352, 1.142999999999999800 ) ;
#1355 = CARTESIAN_POINT ( 'NONE',  ( -20.15142006328601500, 1.217219016428570600, -6.150275465818336500 ) ) ;
#1356 =( GEOMETRIC_REPRESENTATION_CONTEXT ( 3 ) GLOBAL_UNCERTAINTY_ASSIGNED_CONTEXT ( ( #1289 ) ) GLOBAL_UNIT_ASSIGNED_CONTEXT ( ( #1358, #1357, #1290 ) ) REPRESENTATION_CONTEXT ( 'NONE', 'WORKASPACE' ) );
#1357 =( NAMED_UNIT ( * ) PLANE_ANGLE_UNIT ( ) SI_UNIT ( $, .RADIAN. ) );
#1358 =( LENGTH_UNIT ( ) NAMED_UNIT ( * ) SI_UNIT ( .MILLI., .METRE. ) );
#1359 = CARTESIAN_POINT ( 'NONE',  ( -22.18342006328601500, 1.583202867493595400, -2.102788366300956100 ) ) ;
#1360 = CIRCLE ( 'NONE', #1366, 2.381250000000000500 ) ;
#1361 =( GEOMETRIC_REPRESENTATION_CONTEXT ( 3 ) GLOBAL_UNCERTAINTY_ASSIGNED_CONTEXT ( ( #1397 ) ) GLOBAL_UNIT_ASSIGNED_CONTEXT ( ( #1400, #1399, #1398 ) ) REPRESENTATION_CONTEXT ( 'NONE', 'WORKASPACE' ) );
#1362 = CARTESIAN_POINT ( 'NONE',  ( 19.63132993671398600, -0.7980471325064102400, -2.102788366300956100 ) ) ;
#1363 = DIRECTION ( 'NONE',  ( 0.0000000000000000000, 1.000000000000000000, 0.0000000000000000000 ) ) ;
#1364 = DIRECTION ( 'NONE',  ( 0.0000000000000000000, 0.0000000000000000000, 1.000000000000000000 ) ) ;
#1365 = CARTESIAN_POINT ( 'NONE',  ( 19.63132993671398600, 1.583202867493589800, -2.102788366300956100 ) ) ;
#1366 = AXIS2_PLACEMENT_3D ( 'NONE', #1365, #1364, #1363 ) ;
#1367 = DIRECTION ( 'NONE',  ( 0.0000000000000000000, -0.09005508146285047500, -0.9959367862985679700 ) ) ;
#1368 = DIRECTION ( 'NONE',  ( 1.000000000000000000, -1.334490415013590400E-016, -1.725633230170963300E-031 ) ) ;
#1369 = AXIS2_PLACEMENT_3D ( 'NONE', #1359, #1368, #1367 ) ;
#1370 = CONICAL_SURFACE ( 'NONE', #1369, 6.222999999999996300, 0.7853981633974501700 ) ;
#1371 =( NAMED_UNIT ( * ) PLANE_ANGLE_UNIT ( ) SI_UNIT ( $, .RADIAN. ) );
#1372 =( LENGTH_UNIT ( ) NAMED_UNIT ( * ) SI_UNIT ( .MILLI., .METRE. ) );
#1373 = MECHANICAL_DESIGN_GEOMETRIC_PRESENTATION_REPRESENTATION (  '', ( #1375 ), #1463 ) ;
#1374 = PRESENTATION_LAYER_ASSIGNMENT (  '', '', ( #1375 ) ) ;
#1375 = STYLED_ITEM ( 'NONE', ( #1376 ), #316 ) ;
#1376 = PRESENTATION_STYLE_ASSIGNMENT (( #1345 ) ) ;
#1377 =( NAMED_UNIT ( * ) SI_UNIT ( $, .STERADIAN. ) SOLID_ANGLE_UNIT ( ) );
#1378 =( NAMED_UNIT ( * ) PLANE_ANGLE_UNIT ( ) SI_UNIT ( $, .RADIAN. ) );
#1379 =( LENGTH_UNIT ( ) NAMED_UNIT ( * ) SI_UNIT ( .MILLI., .METRE. ) );
#1380 = MECHANICAL_DESIGN_GEOMETRIC_PRESENTATION_REPRESENTATION (  '', ( #1382 ), #1334 ) ;
#1381 = PRESENTATION_LAYER_ASSIGNMENT (  '', '', ( #1382 ) ) ;
#1382 = STYLED_ITEM ( 'NONE', ( #1383 ), #435 ) ;
#1383 = PRESENTATION_STYLE_ASSIGNMENT (( #1384 ) ) ;
#1384 = SURFACE_STYLE_USAGE ( .BOTH. , #1385 ) ;
#1385 = SURFACE_SIDE_STYLE ('',( #1386 ) ) ;
#1386 = SURFACE_STYLE_FILL_AREA ( #1387 ) ;
#1387 = FILL_AREA_STYLE ('',( #1393 ) ) ;
#1388 = COLOUR_RGB ( '',0.7529411764705882200, 0.7529411764705882200, 0.7529411764705882200 ) ;
#1389 = DIRECTION ( 'NONE',  ( -0.1869785834812690800, -0.7413255091649331200, 0.6445738893103653000 ) ) ;
#1390 = DIRECTION ( 'NONE',  ( 0.3970349127807998900, 0.5431404486481293800, 0.7398389899670410100 ) ) ;
#1391 = AXIS2_PLACEMENT_3D ( 'NONE', #1394, #1390, #1389 ) ;
#1392 = SPHERICAL_SURFACE ( 'NONE', #1391, 1.190625000000000000 ) ;
#1393 = FILL_AREA_STYLE_COLOUR ( '', #1388 ) ;
#1394 = CARTESIAN_POINT ( 'NONE',  ( -21.24679506328601500, 1.192371329490411500, -6.190904680416003300 ) ) ;
#1395 =( GEOMETRIC_REPRESENTATION_CONTEXT ( 3 ) GLOBAL_UNCERTAINTY_ASSIGNED_CONTEXT ( ( #1276 ) ) GLOBAL_UNIT_ASSIGNED_CONTEXT ( ( #1279, #1278, #1277 ) ) REPRESENTATION_CONTEXT ( 'NONE', 'WORKASPACE' ) );
#1396 = UNCERTAINTY_MEASURE_WITH_UNIT (LENGTH_MEASURE( 1.000000000000000100E-005 ), #889, 'distance_accuracy_value', 'NONE');
#1397 = UNCERTAINTY_MEASURE_WITH_UNIT (LENGTH_MEASURE( 1.000000000000000100E-005 ), #1400, 'distance_accuracy_value', 'NONE');
#1398 =( NAMED_UNIT ( * ) SI_UNIT ( $, .STERADIAN. ) SOLID_ANGLE_UNIT ( ) );
#1399 =( NAMED_UNIT ( * ) PLANE_ANGLE_UNIT ( ) SI_UNIT ( $, .RADIAN. ) );
#1400 =( LENGTH_UNIT ( ) NAMED_UNIT ( * ) SI_UNIT ( .MILLI., .METRE. ) );
#1401 = MECHANICAL_DESIGN_GEOMETRIC_PRESENTATION_REPRESENTATION (  '', ( #1403 ), #1361 ) ;
#1402 = PRESENTATION_LAYER_ASSIGNMENT (  '', '', ( #1403 ) ) ;
#1403 = STYLED_ITEM ( 'NONE', ( #1404 ), #344 ) ;
#1404 = PRESENTATION_STYLE_ASSIGNMENT (( #1405 ) ) ;
#1405 = SURFACE_STYLE_USAGE ( .BOTH. , #1406 ) ;
#1406 = SURFACE_SIDE_STYLE ('',( #1407 ) ) ;
#1407 = SURFACE_STYLE_FILL_AREA ( #1408 ) ;
#1408 = FILL_AREA_STYLE ('',( #1445 ) ) ;
#1409 = COLOUR_RGB ( '',0.2509803921568627400, 0.2509803921568627400, 0.2509803921568627400 ) ;
#1410 = FACE_OUTER_BOUND ( 'NONE', #279, .T. ) ;
#1411 = DIRECTION ( 'NONE',  ( -0.1869785834812690800, -0.7413255091649331200, 0.6445738893103653000 ) ) ;
#1412 = DIRECTION ( 'NONE',  ( 0.3970349127807998900, 0.5431404486481293800, 0.7398389899670410100 ) ) ;
#1413 = COLOUR_RGB ( '',0.2509803921568627400, 0.2509803921568627400, 0.2509803921568627400 ) ;
#1414 = FACE_OUTER_BOUND ( 'NONE', #313, .T. ) ;
#1415 = DIRECTION ( 'NONE',  ( 1.201776430354439000E-017, 0.09005508146285048900, 0.9959367862985678600 ) ) ;
#1416 = DIRECTION ( 'NONE',  ( -1.000000000000000000, 1.334490415013590400E-016, 1.879707625721942400E-031 ) ) ;
#1417 = AXIS2_PLACEMENT_3D ( 'NONE', #1319, #1416, #1415 ) ;
#1418 = FILL_AREA_STYLE_COLOUR ( '', #1413 ) ;
#1419 = STYLED_ITEM ( 'NONE', ( #1420 ), #426 ) ;
#1420 = PRESENTATION_STYLE_ASSIGNMENT (( #1421 ) ) ;
#1421 = SURFACE_STYLE_USAGE ( .BOTH. , #1422 ) ;
#1422 = SURFACE_SIDE_STYLE ('',( #1423 ) ) ;
#1423 = SURFACE_STYLE_FILL_AREA ( #1424 ) ;
#1424 = FILL_AREA_STYLE ('',( #1432 ) ) ;
#1425 = COLOUR_RGB ( '',1.000000000000000000, 1.000000000000000000, 1.000000000000000000 ) ;
#1426 = FACE_OUTER_BOUND ( 'NONE', #466, .T. ) ;
#1427 = DIRECTION ( 'NONE',  ( 0.0000000000000000000, -0.8060973662372448200, 0.5917829299205725800 ) ) ;
#1428 = DIRECTION ( 'NONE',  ( 0.3970349127807998900, 0.5431404486481293800, 0.7398389899670411200 ) ) ;
#1429 = CARTESIAN_POINT ( 'NONE',  ( -21.24679506328601500, 1.192371329490411500, -6.190904680416003300 ) ) ;
#1430 = AXIS2_PLACEMENT_3D ( 'NONE', #1429, #1428, #1427 ) ;
#1431 = CIRCLE ( 'NONE', #1430, 1.190625000000000000 ) ;
#1432 = FILL_AREA_STYLE_COLOUR ( '', #1425 ) ;
#1433 = DIRECTION ( 'NONE',  ( 0.0000000000000000000, 0.09005508146285047500, 0.9959367862985680800 ) ) ;
#1434 = DIRECTION ( 'NONE',  ( -1.000000000000000000, 1.334490415013590400E-016, 1.725633230170963300E-031 ) ) ;
#1435 = CARTESIAN_POINT ( 'NONE',  ( -20.15142006328601500, 1.217219016428570600, -6.150275465818336500 ) ) ;
#1436 = AXIS2_PLACEMENT_3D ( 'NONE', #1435, #1434, #1433 ) ;
#1437 = CIRCLE ( 'NONE', #1436, 1.142999999999999800 ) ;
#1438 = DIRECTION ( 'NONE',  ( 0.0000000000000000000, 1.000000000000000000, 0.0000000000000000000 ) ) ;
#1439 = DIRECTION ( 'NONE',  ( 0.0000000000000000000, 0.0000000000000000000, -1.000000000000000000 ) ) ;
#1440 = AXIS2_PLACEMENT_3D ( 'NONE', #1442, #1439, #1438 ) ;
#1441 = SPHERICAL_SURFACE ( 'NONE', #1440, 2.381250000000000100 ) ;
#1442 = CARTESIAN_POINT ( 'NONE',  ( 19.63132993671398600, 1.583202867493589800, -2.102788366300956100 ) ) ;
#1443 = AXIS2_PLACEMENT_3D ( 'NONE', #1446, #1412, #1411 ) ;
#1444 = SPHERICAL_SURFACE ( 'NONE', #1443, 1.190625000000000000 ) ;
#1445 = FILL_AREA_STYLE_COLOUR ( '', #1409 ) ;
#1446 = CARTESIAN_POINT ( 'NONE',  ( -21.24679506328601500, 1.192371329490411500, -6.190904680416003300 ) ) ;
#1447 =( GEOMETRIC_REPRESENTATION_CONTEXT ( 3 ) GLOBAL_UNCERTAINTY_ASSIGNED_CONTEXT ( ( #1448 ) ) GLOBAL_UNIT_ASSIGNED_CONTEXT ( ( #1451, #1450, #1449 ) ) REPRESENTATION_CONTEXT ( 'NONE', 'WORKASPACE' ) );
#1448 = UNCERTAINTY_MEASURE_WITH_UNIT (LENGTH_MEASURE( 1.000000000000000100E-005 ), #1451, 'distance_accuracy_value', 'NONE');
#1449 =( NAMED_UNIT ( * ) SI_UNIT ( $, .STERADIAN. ) SOLID_ANGLE_UNIT ( ) );
#1450 =( NAMED_UNIT ( * ) PLANE_ANGLE_UNIT ( ) SI_UNIT ( $, .RADIAN. ) );
#1451 =( LENGTH_UNIT ( ) NAMED_UNIT ( * ) SI_UNIT ( .MILLI., .METRE. ) );
#1452 = MECHANICAL_DESIGN_GEOMETRIC_PRESENTATION_REPRESENTATION (  '', ( #1454 ), #1447 ) ;
#1453 = PRESENTATION_LAYER_ASSIGNMENT (  '', '', ( #1454 ) ) ;
#1454 = STYLED_ITEM ( 'NONE', ( #1455 ), #317 ) ;
#1455 = PRESENTATION_STYLE_ASSIGNMENT (( #1456 ) ) ;
#1456 = SURFACE_STYLE_USAGE ( .BOTH. , #1457 ) ;
#1457 = SURFACE_SIDE_STYLE ('',( #1458 ) ) ;
#1458 = SURFACE_STYLE_FILL_AREA ( #1459 ) ;
#1459 = FILL_AREA_STYLE ('',( #1460 ) ) ;
#1460 = FILL_AREA_STYLE_COLOUR ( '', #1461 ) ;
#1461 = COLOUR_RGB ( '',1.000000000000000000, 1.000000000000000000, 1.000000000000000000 ) ;
#1462 = FACE_OUTER_BOUND ( 'NONE', #461, .T. ) ;
#1463 =( GEOMETRIC_REPRESENTATION_CONTEXT ( 3 ) GLOBAL_UNCERTAINTY_ASSIGNED_CONTEXT ( ( #1464 ) ) GLOBAL_UNIT_ASSIGNED_CONTEXT ( ( #1372, #1371, #1465 ) ) REPRESENTATION_CONTEXT ( 'NONE', 'WORKASPACE' ) );
#1464 = UNCERTAINTY_MEASURE_WITH_UNIT (LENGTH_MEASURE( 1.000000000000000100E-005 ), #1372, 'distance_accuracy_value', 'NONE');
#1465 =( NAMED_UNIT ( * ) SI_UNIT ( $, .STERADIAN. ) SOLID_ANGLE_UNIT ( ) );
#1466 =( GEOMETRIC_REPRESENTATION_CONTEXT ( 3 ) GLOBAL_UNCERTAINTY_ASSIGNED_CONTEXT ( ( #1467 ) ) GLOBAL_UNIT_ASSIGNED_CONTEXT ( ( #1470, #1469, #1468 ) ) REPRESENTATION_CONTEXT ( 'NONE', 'WORKASPACE' ) );
#1467 = UNCERTAINTY_MEASURE_WITH_UNIT (LENGTH_MEASURE( 1.000000000000000100E-005 ), #1470, 'distance_accuracy_value', 'NONE');
#1468 =( NAMED_UNIT ( * ) SI_UNIT ( $, .STERADIAN. ) SOLID_ANGLE_UNIT ( ) );
#1469 =( NAMED_UNIT ( * ) PLANE_ANGLE_UNIT ( ) SI_UNIT ( $, .RADIAN. ) );
#1470 =( LENGTH_UNIT ( ) NAMED_UNIT ( * ) SI_UNIT ( .MILLI., .METRE. ) );
#1471 = MECHANICAL_DESIGN_GEOMETRIC_PRESENTATION_REPRESENTATION (  '', ( #1473 ), #1466 ) ;
#1472 = PRESENTATION_LAYER_ASSIGNMENT (  '', '', ( #1473 ) ) ;
#1473 = STYLED_ITEM ( 'NONE', ( #1474 ), #456 ) ;
#1474 = PRESENTATION_STYLE_ASSIGNMENT (( #1475 ) ) ;
#1475 = SURFACE_STYLE_USAGE ( .BOTH. , #1476 ) ;
#1476 = SURFACE_SIDE_STYLE ('',( #1477 ) ) ;
#1477 = SURFACE_STYLE_FILL_AREA ( #1484 ) ;
#1478 = COLOUR_RGB ( '',0.7529411764705882200, 0.7529411764705882200, 0.7529411764705882200 ) ;
#1479 = FACE_OUTER_BOUND ( 'NONE', #457, .T. ) ;
#1480 = DIRECTION ( 'NONE',  ( 0.0000000000000000000, 0.09005508146285053100, 0.9959367862985679700 ) ) ;
#1481 = DIRECTION ( 'NONE',  ( -1.000000000000000000, 1.334490415013591200E-016, 9.367723249499515200E-031 ) ) ;
#1482 = AXIS2_PLACEMENT_3D ( 'NONE', #1486, #1481, #1480 ) ;
#1483 = CONICAL_SURFACE ( 'NONE', #1482, 5.968999999999995900, 0.7853981633974466100 ) ;
#1484 = FILL_AREA_STYLE ('',( #1485 ) ) ;
#1485 = FILL_AREA_STYLE_COLOUR ( '', #1478 ) ;
#1486 = CARTESIAN_POINT ( 'NONE',  ( -9.737420063286014800, 1.583202867493593600, -2.102788366300956100 ) ) ;
#1487 =( GEOMETRIC_REPRESENTATION_CONTEXT ( 3 ) GLOBAL_UNCERTAINTY_ASSIGNED_CONTEXT ( ( #1488 ) ) GLOBAL_UNIT_ASSIGNED_CONTEXT ( ( #1511, #1510, #1509 ) ) REPRESENTATION_CONTEXT ( 'NONE', 'WORKASPACE' ) );
#1488 = UNCERTAINTY_MEASURE_WITH_UNIT (LENGTH_MEASURE( 1.000000000000000100E-005 ), #1511, 'distance_accuracy_value', 'NONE');
#1489 = PRESENTATION_LAYER_ASSIGNMENT (  '', '', ( #1490 ) ) ;
#1490 = STYLED_ITEM ( 'NONE', ( #1491 ), #446 ) ;
#1491 = PRESENTATION_STYLE_ASSIGNMENT (( #1492 ) ) ;
#1492 = SURFACE_STYLE_USAGE ( .BOTH. , #1493 ) ;
#1493 = SURFACE_SIDE_STYLE ('',( #1494 ) ) ;
#1494 = SURFACE_STYLE_FILL_AREA ( #1495 ) ;
#1495 = FILL_AREA_STYLE ('',( #1534 ) ) ;
#1496 = COLOUR_RGB ( '',0.7529411764705882200, 0.7529411764705882200, 0.7529411764705882200 ) ;
#1497 = FACE_OUTER_BOUND ( 'NONE', #447, .T. ) ;
#1498 = DIRECTION ( 'NONE',  ( 0.0000000000000000000, 1.000000000000000000, 0.0000000000000000000 ) ) ;
#1499 = DIRECTION ( 'NONE',  ( 0.0000000000000000000, 0.0000000000000000000, 1.000000000000000000 ) ) ;
#1500 = CARTESIAN_POINT ( 'NONE',  ( 19.63132993671398600, 1.583202867493589800, -2.102788366300956100 ) ) ;
#1501 = AXIS2_PLACEMENT_3D ( 'NONE', #1500, #1499, #1498 ) ;
#1502 = CYLINDRICAL_SURFACE ( 'NONE', #1507, 3.149600000000000000 ) ;
#1503 =( GEOMETRIC_REPRESENTATION_CONTEXT ( 3 ) GLOBAL_UNCERTAINTY_ASSIGNED_CONTEXT ( ( #1527 ) ) GLOBAL_UNIT_ASSIGNED_CONTEXT ( ( #1602, #1636, #1528 ) ) REPRESENTATION_CONTEXT ( 'NONE', 'WORKASPACE' ) );
#1504 = DIRECTION ( 'NONE',  ( 0.0000000000000000000, -0.09005508146285048900, -0.9959367862985679700 ) ) ;
#1505 = DIRECTION ( 'NONE',  ( 1.000000000000000000, -1.334490415013590400E-016, -1.479114197289397600E-031 ) ) ;
#1506 = CARTESIAN_POINT ( 'NONE',  ( -9.483420063286015300, 1.583202867493593600, -2.102788366300956100 ) ) ;
#1507 = AXIS2_PLACEMENT_3D ( 'NONE', #1506, #1505, #1504 ) ;
#1508 = CARTESIAN_POINT ( 'NONE',  ( -16.08742006328601400, 1.583202867493594500, -2.102788366300956100 ) ) ;
#1509 =( NAMED_UNIT ( * ) SI_UNIT ( $, .STERADIAN. ) SOLID_ANGLE_UNIT ( ) );
#1510 =( NAMED_UNIT ( * ) PLANE_ANGLE_UNIT ( ) SI_UNIT ( $, .RADIAN. ) );
#1511 =( LENGTH_UNIT ( ) NAMED_UNIT ( * ) SI_UNIT ( .MILLI., .METRE. ) );
#1512 = MECHANICAL_DESIGN_GEOMETRIC_PRESENTATION_REPRESENTATION (  '', ( #1514 ), #1487 ) ;
#1513 = PRESENTATION_LAYER_ASSIGNMENT (  '', '', ( #1514 ) ) ;
#1514 = STYLED_ITEM ( 'NONE', ( #1543 ), #453 ) ;
#1515 = STYLED_ITEM ( 'NONE', ( #1516 ), #441 ) ;
#1516 = PRESENTATION_STYLE_ASSIGNMENT (( #1517 ) ) ;
#1517 = SURFACE_STYLE_USAGE ( .BOTH. , #1518 ) ;
#1518 = SURFACE_SIDE_STYLE ('',( #1608 ) ) ;
#1519 = DIRECTION ( 'NONE',  ( 1.000000000000000000, 0.0000000000000000000, 0.0000000000000000000 ) ) ;
#1520 = CARTESIAN_POINT ( 'NONE',  ( 0.0000000000000000000, 0.0000000000000000000, 0.0000000000000000000 ) ) ;
#1521 = AXIS2_PLACEMENT_3D ( 'NONE', #1520, #1595, #1519 ) ;
#1522 = ADVANCED_BREP_SHAPE_REPRESENTATION ( '0634-E0W', ( #38, #206, #316, #435, #1521 ), #1523 ) ;
#1523 =( GEOMETRIC_REPRESENTATION_CONTEXT ( 3 ) GLOBAL_UNCERTAINTY_ASSIGNED_CONTEXT ( ( #1539 ) ) GLOBAL_UNIT_ASSIGNED_CONTEXT ( ( #1542, #1541, #1540 ) ) REPRESENTATION_CONTEXT ( 'NONE', 'WORKASPACE' ) );
#1524 =( GEOMETRIC_REPRESENTATION_CONTEXT ( 3 ) GLOBAL_UNCERTAINTY_ASSIGNED_CONTEXT ( ( #1525 ) ) GLOBAL_UNIT_ASSIGNED_CONTEXT ( ( #1606, #1605, #1526 ) ) REPRESENTATION_CONTEXT ( 'NONE', 'WORKASPACE' ) );
#1525 = UNCERTAINTY_MEASURE_WITH_UNIT (LENGTH_MEASURE( 1.000000000000000100E-005 ), #1606, 'distance_accuracy_value', 'NONE');
#1526 =( NAMED_UNIT ( * ) SI_UNIT ( $, .STERADIAN. ) SOLID_ANGLE_UNIT ( ) );
#1527 = UNCERTAINTY_MEASURE_WITH_UNIT (LENGTH_MEASURE( 1.000000000000000100E-005 ), #1602, 'distance_accuracy_value', 'NONE');
#1528 =( NAMED_UNIT ( * ) SI_UNIT ( $, .STERADIAN. ) SOLID_ANGLE_UNIT ( ) );
#1529 = PLANE ( 'NONE',  #1635 ) ;
#1530 =( GEOMETRIC_REPRESENTATION_CONTEXT ( 3 ) GLOBAL_UNCERTAINTY_ASSIGNED_CONTEXT ( ( #1531 ) ) GLOBAL_UNIT_ASSIGNED_CONTEXT ( ( #1557, #1556, #1532 ) ) REPRESENTATION_CONTEXT ( 'NONE', 'WORKASPACE' ) );
#1531 = UNCERTAINTY_MEASURE_WITH_UNIT (LENGTH_MEASURE( 1.000000000000000100E-005 ), #1557, 'distance_accuracy_value', 'NONE');
#1532 =( NAMED_UNIT ( * ) SI_UNIT ( $, .STERADIAN. ) SOLID_ANGLE_UNIT ( ) );
#1533 = CIRCLE ( 'NONE', #1501, 2.381250000000000500 ) ;
#1534 = FILL_AREA_STYLE_COLOUR ( '', #1496 ) ;
#1535 = DIRECTION ( 'NONE',  ( 0.0000000000000000000, -0.09005508146285046100, -0.9959367862985678600 ) ) ;
#1536 = DIRECTION ( 'NONE',  ( 1.000000000000000000, -1.334490415013590400E-016, -1.725633230170963300E-031 ) ) ;
#1537 = AXIS2_PLACEMENT_3D ( 'NONE', #1508, #1536, #1535 ) ;
#1538 = CIRCLE ( 'NONE', #1537, 2.971800000000000900 ) ;
#1539 = UNCERTAINTY_MEASURE_WITH_UNIT (LENGTH_MEASURE( 1.000000000000000100E-005 ), #1542, 'distance_accuracy_value', 'NONE');
#1540 =( NAMED_UNIT ( * ) SI_UNIT ( $, .STERADIAN. ) SOLID_ANGLE_UNIT ( ) );
#1541 =( NAMED_UNIT ( * ) PLANE_ANGLE_UNIT ( ) SI_UNIT ( $, .RADIAN. ) );
#1542 =( LENGTH_UNIT ( ) NAMED_UNIT ( * ) SI_UNIT ( .MILLI., .METRE. ) );
#1543 = PRESENTATION_STYLE_ASSIGNMENT (( #1544 ) ) ;
#1544 = SURFACE_STYLE_USAGE ( .BOTH. , #1545 ) ;
#1545 = SURFACE_SIDE_STYLE ('',( #1546 ) ) ;
#1546 = SURFACE_STYLE_FILL_AREA ( #1553 ) ;
#1547 = COLOUR_RGB ( '',0.2509803921568627400, 0.2509803921568627400, 0.2509803921568627400 ) ;
#1548 = FACE_OUTER_BOUND ( 'NONE', #275, .T. ) ;
#1549 = DIRECTION ( 'NONE',  ( 0.0000000000000000000, -0.09005508146285046100, -0.9959367862985678600 ) ) ;
#1550 = DIRECTION ( 'NONE',  ( 1.000000000000000000, -1.334490415013590400E-016, -1.725633230170963300E-031 ) ) ;
#1551 = AXIS2_PLACEMENT_3D ( 'NONE', #1555, #1550, #1549 ) ;
#1552 = CYLINDRICAL_SURFACE ( 'NONE', #1551, 2.971800000000000900 ) ;
#1553 = FILL_AREA_STYLE ('',( #1554 ) ) ;
#1554 = FILL_AREA_STYLE_COLOUR ( '', #1547 ) ;
#1555 = CARTESIAN_POINT ( 'NONE',  ( -16.08742006328601400, 1.583202867493594500, -2.102788366300956100 ) ) ;
#1556 =( NAMED_UNIT ( * ) PLANE_ANGLE_UNIT ( ) SI_UNIT ( $, .RADIAN. ) );
#1557 =( LENGTH_UNIT ( ) NAMED_UNIT ( * ) SI_UNIT ( .MILLI., .METRE. ) );
#1558 = MECHANICAL_DESIGN_GEOMETRIC_PRESENTATION_REPRESENTATION (  '', ( #1560 ), #1530 ) ;
#1559 = PRESENTATION_LAYER_ASSIGNMENT (  '', '', ( #1560 ) ) ;
#1560 = STYLED_ITEM ( 'NONE', ( #1561 ), #458 ) ;
#1561 = PRESENTATION_STYLE_ASSIGNMENT (( #1562 ) ) ;
#1562 = SURFACE_STYLE_USAGE ( .BOTH. , #1563 ) ;
#1563 = SURFACE_SIDE_STYLE ('',( #1564 ) ) ;
#1564 = SURFACE_STYLE_FILL_AREA ( #1565 ) ;
#1565 = FILL_AREA_STYLE ('',( #1572 ) ) ;
#1566 = COLOUR_RGB ( '',0.2509803921568627400, 0.2509803921568627400, 0.2509803921568627400 ) ;
#1567 = FACE_OUTER_BOUND ( 'NONE', #440, .T. ) ;
#1568 = DIRECTION ( 'NONE',  ( 0.0000000000000000000, 1.000000000000000000, 0.0000000000000000000 ) ) ;
#1569 = DIRECTION ( 'NONE',  ( 0.0000000000000000000, 0.0000000000000000000, -1.000000000000000000 ) ) ;
#1570 = AXIS2_PLACEMENT_3D ( 'NONE', #1573, #1569, #1568 ) ;
#1571 = SPHERICAL_SURFACE ( 'NONE', #1570, 2.381250000000000100 ) ;
#1572 = FILL_AREA_STYLE_COLOUR ( '', #1566 ) ;
#1573 = CARTESIAN_POINT ( 'NONE',  ( 19.63132993671398600, 1.583202867493589800, -2.102788366300956100 ) ) ;
#1574 =( LENGTH_UNIT ( ) NAMED_UNIT ( * ) SI_UNIT ( .MILLI., .METRE. ) );
#1575 = MECHANICAL_DESIGN_GEOMETRIC_PRESENTATION_REPRESENTATION (  '', ( #1577 ), #1637 ) ;
#1576 = PRESENTATION_LAYER_ASSIGNMENT (  '', '', ( #1577 ) ) ;
#1577 = STYLED_ITEM ( 'NONE', ( #1578 ), #451 ) ;
#1578 = PRESENTATION_STYLE_ASSIGNMENT (( #1579 ) ) ;
#1579 = SURFACE_STYLE_USAGE ( .BOTH. , #1580 ) ;
#1580 = SURFACE_SIDE_STYLE ('',( #1581 ) ) ;
#1581 = SURFACE_STYLE_FILL_AREA ( #1582 ) ;
#1582 = FILL_AREA_STYLE ('',( #1589 ) ) ;
#1583 = COLOUR_RGB ( '',0.2509803921568627400, 0.2509803921568627400, 0.2509803921568627400 ) ;
#1584 = FACE_OUTER_BOUND ( 'NONE', #309, .T. ) ;
#1585 = DIRECTION ( 'NONE',  ( 0.0000000000000000000, 1.000000000000000000, 0.0000000000000000000 ) ) ;
#1586 = DIRECTION ( 'NONE',  ( 0.0000000000000000000, 0.0000000000000000000, -1.000000000000000000 ) ) ;
#1587 = AXIS2_PLACEMENT_3D ( 'NONE', #1590, #1586, #1585 ) ;
#1588 = SPHERICAL_SURFACE ( 'NONE', #1587, 2.381250000000000100 ) ;
#1589 = FILL_AREA_STYLE_COLOUR ( '', #1583 ) ;
#1590 = CARTESIAN_POINT ( 'NONE',  ( 19.63132993671398600, 1.583202867493589800, -2.102788366300956100 ) ) ;
#1591 = DIRECTION ( 'NONE',  ( 0.0000000000000000000, 0.09005508146285048900, 0.9959367862985679700 ) ) ;
#1592 = DIRECTION ( 'NONE',  ( -1.000000000000000000, 1.334490415013590400E-016, 1.725633230170963300E-031 ) ) ;
#1593 = AXIS2_PLACEMENT_3D ( 'NONE', #1596, #1592, #1591 ) ;
#1594 = CONICAL_SURFACE ( 'NONE', #1593, 5.588000000000003600, 0.7853981633974431700 ) ;
#1595 = DIRECTION ( 'NONE',  ( 0.0000000000000000000, 0.0000000000000000000, 1.000000000000000000 ) ) ;
#1596 = CARTESIAN_POINT ( 'NONE',  ( -3.387420063286013900, 1.583202867493592700, -2.102788366300956100 ) ) ;
#1597 =( GEOMETRIC_REPRESENTATION_CONTEXT ( 3 ) GLOBAL_UNCERTAINTY_ASSIGNED_CONTEXT ( ( #1598 ) ) GLOBAL_UNIT_ASSIGNED_CONTEXT ( ( #1601, #1600, #1599 ) ) REPRESENTATION_CONTEXT ( 'NONE', 'WORKASPACE' ) );
#1598 = UNCERTAINTY_MEASURE_WITH_UNIT (LENGTH_MEASURE( 1.000000000000000100E-005 ), #1601, 'distance_accuracy_value', 'NONE');
#1599 =( NAMED_UNIT ( * ) SI_UNIT ( $, .STERADIAN. ) SOLID_ANGLE_UNIT ( ) );
#1600 =( NAMED_UNIT ( * ) PLANE_ANGLE_UNIT ( ) SI_UNIT ( $, .RADIAN. ) );
#1601 =( LENGTH_UNIT ( ) NAMED_UNIT ( * ) SI_UNIT ( .MILLI., .METRE. ) );
#1602 =( LENGTH_UNIT ( ) NAMED_UNIT ( * ) SI_UNIT ( .MILLI., .METRE. ) );
#1603 = MECHANICAL_DESIGN_GEOMETRIC_PRESENTATION_REPRESENTATION (  '', ( #1515 ), #1503 ) ;
#1604 = PRESENTATION_LAYER_ASSIGNMENT (  '', '', ( #1515 ) ) ;
#1605 =( NAMED_UNIT ( * ) PLANE_ANGLE_UNIT ( ) SI_UNIT ( $, .RADIAN. ) );
#1606 =( LENGTH_UNIT ( ) NAMED_UNIT ( * ) SI_UNIT ( .MILLI., .METRE. ) );
#1607 = MECHANICAL_DESIGN_GEOMETRIC_PRESENTATION_REPRESENTATION (  '', ( #1490 ), #1524 ) ;
#1608 = SURFACE_STYLE_FILL_AREA ( #1609 ) ;
#1609 = FILL_AREA_STYLE ('',( #1610 ) ) ;
#1610 = FILL_AREA_STYLE_COLOUR ( '', #1611 ) ;
#1611 = COLOUR_RGB ( '',0.2509803921568627400, 0.2509803921568627400, 0.2509803921568627400 ) ;
#1612 = FACE_OUTER_BOUND ( 'NONE', #429, .T. ) ;
#1613 = CARTESIAN_POINT ( 'NONE',  ( 19.63132993671398600, 3.964452867493590400, -2.102788366300956100 ) ) ;
#1614 = MECHANICAL_DESIGN_GEOMETRIC_PRESENTATION_REPRESENTATION (  '', ( #1616 ), #1597 ) ;
#1615 = PRESENTATION_LAYER_ASSIGNMENT (  '', '', ( #1616 ) ) ;
#1616 = STYLED_ITEM ( 'NONE', ( #1617 ), #469 ) ;
#1617 = PRESENTATION_STYLE_ASSIGNMENT (( #1618 ) ) ;
#1618 = SURFACE_STYLE_USAGE ( .BOTH. , #1619 ) ;
#1619 = SURFACE_SIDE_STYLE ('',( #1620 ) ) ;
#1620 = SURFACE_STYLE_FILL_AREA ( #1621 ) ;
#1621 = FILL_AREA_STYLE ('',( #1622 ) ) ;
#1622 = FILL_AREA_STYLE_COLOUR ( '', #1623 ) ;
#1623 = COLOUR_RGB ( '',0.2509803921568627400, 0.2509803921568627400, 0.2509803921568627400 ) ;
#1624 = FACE_OUTER_BOUND ( 'NONE', #470, .T. ) ;
#1625 = CARTESIAN_POINT ( 'NONE',  ( -22.31663790474161900, 1.661778074513513300, -5.961380187304673200 ) ) ;
#1626 = CARTESIAN_POINT ( 'NONE',  ( -20.17695222183040800, 0.7229645844673097100, -6.420429173527334200 ) ) ;
#1627 = DIRECTION ( 'NONE',  ( 0.0000000000000000000, 0.8060973662372447100, -0.5917829299205724600 ) ) ;
#1628 = DIRECTION ( 'NONE',  ( -0.3970349127807999400, -0.5431404486481294900, -0.7398389899670410100 ) ) ;
#1629 = CARTESIAN_POINT ( 'NONE',  ( -21.24679506328601500, 1.192371329490411500, -6.190904680416003300 ) ) ;
#1630 = AXIS2_PLACEMENT_3D ( 'NONE', #1629, #1628, #1627 ) ;
#1631 = CIRCLE ( 'NONE', #1630, 1.190625000000000300 ) ;
#1632 = DIRECTION ( 'NONE',  ( -1.201776430354439000E-017, -0.09005508146285048900, -0.9959367862985678600 ) ) ;
#1633 = DIRECTION ( 'NONE',  ( 1.000000000000000000, -1.334490415013590400E-016, -1.879707625721942400E-031 ) ) ;
#1634 = CARTESIAN_POINT ( 'NONE',  ( -16.08742006328601400, 1.583202867493594500, -2.102788366300956100 ) ) ;
#1635 = AXIS2_PLACEMENT_3D ( 'NONE', #1634, #1633, #1632 ) ;
#1636 =( NAMED_UNIT ( * ) PLANE_ANGLE_UNIT ( ) SI_UNIT ( $, .RADIAN. ) );
#1637 =( GEOMETRIC_REPRESENTATION_CONTEXT ( 3 ) GLOBAL_UNCERTAINTY_ASSIGNED_CONTEXT ( ( #1638 ) ) GLOBAL_UNIT_ASSIGNED_CONTEXT ( ( #1574, #1640, #1639 ) ) REPRESENTATION_CONTEXT ( 'NONE', 'WORKASPACE' ) );
#1638 = UNCERTAINTY_MEASURE_WITH_UNIT (LENGTH_MEASURE( 1.000000000000000100E-005 ), #1574, 'distance_accuracy_value', 'NONE');
#1639 =( NAMED_UNIT ( * ) SI_UNIT ( $, .STERADIAN. ) SOLID_ANGLE_UNIT ( ) );
#1640 =( NAMED_UNIT ( * ) PLANE_ANGLE_UNIT ( ) SI_UNIT ( $, .RADIAN. ) );
ENDSEC;
END-ISO-10303-21;
